scene,speaker,text,label,sentiment,label_filled
Ses01F_impro01,Ses01F_impro01_F,Excuse me.,neu,neutral,neu
Ses01F_impro01,Ses01F_impro01_M,Do you have your forms?,fru,negative,fru
Ses01F_impro01,Ses01F_impro01_F,Yeah.,neu,neutral,neu
Ses01F_impro01,Ses01F_impro01_M,Let me see them.,fru,negative,fru
Ses01F_impro01,Ses01F_impro01_F,Is there a problem?,neu,neutral,neu
Ses01F_impro01,Ses01F_impro01_M,Who told you to get in this line?,fru,negative,fru
Ses01F_impro01,Ses01F_impro01_F,You did.,,neutral,fru
Ses01F_impro01,Ses01F_impro01_F,You were standing at the beginning and you directed me.,,neutral,fru
Ses01F_impro01,Ses01F_impro01_M,Okay. But I didn't tell you to get in this line if you are filling out this particular form.,fru,negative,fru
Ses01F_impro01,Ses01F_impro01_F,Well what's the problem? Let me change it.,neu,neutral,neu
Ses01F_impro01,Ses01F_impro01_M,This form is a Z.X.four.,fru,negative,fru
Ses01F_impro01,Ses01F_impro01_M,"You can't-- This is not the line for Z.X.four. If you're going to fill out the Z.X.four, you need to have a different form of ID.",fru,negative,fru
Ses01F_impro01,Ses01F_impro01_F,What? I'm getting an ID. This is why I'm here. My wallet was stolen.,fru,negative,fru
Ses01F_impro01,Ses01F_impro01_M,No. I need another set of ID to prove this is actually you.,fru,negative,fru
Ses01F_impro01,Ses01F_impro01_F,How am I supposed to get an ID without an ID? How does a person get an ID in the first place?,fru,negative,fru
Ses01F_impro01,Ses01F_impro01_M,I don't know. But I need an ID to pass this form along. I can't just send it along without an ID.,fru,negative,fru
Ses01F_impro01,Ses01F_impro01_F,I'm here to get an ID.,fru,negative,fru
Ses01F_impro01,Ses01F_impro01_M,"No. I need another ID, a separate one.",fru,negative,fru
Ses01F_impro01,Ses01F_impro01_F,Like what? Like a birth certificate?,fru,negative,fru
Ses01F_impro01,Ses01F_impro01_M,"A birth certificate, a passport...a student ID; didn't you go to school? Anything?",fru,negative,fru
Ses01F_impro01,Ses01F_impro01_F,Who the hell has a birth certificate?,,neutral,fru
Ses01F_impro01,Ses01F_impro01_F,"Yes but my wallet was stolen, I don't have anything. I don't have any credit cards, I don't have my ID. Don't you have things on file here?",fru,negative,fru
Ses01F_impro01,Ses01F_impro01_M,"Yeah. We keep it on file, but we need an ID to access that file.",fru,negative,fru
Ses01F_impro01,Ses01F_impro01_F,That's out of control.,ang,negative,ang
Ses01F_impro01,Ses01F_impro01_M,I don't understand why this is so complicated for people when they get here. It's just a simple form. I just need an ID.,ang,negative,ang
Ses01F_impro01,Ses01F_impro01_F,How long have you been working here?,fru,negative,fru
Ses01F_impro01,Ses01F_impro01_M,Actually too long.,,neutral,ang
Ses01F_impro01,Ses01F_impro01_F,"Clearly. You know, do you have like a supervisor or something?",neu,neutral,neu
Ses01F_impro01,Ses01F_impro01_M,Yeah. Do you want to see my supervisor? Huh? Yeah. Do you want to see my supervisor? Fine. I'll be right back.,ang,negative,ang
Ses01F_impro01,Ses01F_impro01_F,That would - I would appreciate that. Yeah.,fru,negative,fru
Ses01F_impro02,Ses01F_impro02_F,Did you get the mail? So you saw my letter?,sad,negative,sad
Ses01F_impro02,Ses01F_impro02_M,It's not fair.,,neutral,sad
Ses01F_impro02,Ses01F_impro02_F,Yeah. I know.,sad,negative,sad
Ses01F_impro02,Ses01F_impro02_M,"I don't understand. You've already done so much, I don't know why do you have to go back.",sad,negative,sad
Ses01F_impro02,Ses01F_impro02_F,I don't know. I put in that. request too. They didn't...,sad,negative,sad
Ses01F_impro02,Ses01F_impro02_F,"I guess, you know, everybody has to make sacrifices.",neu,neutral,neu
Ses01F_impro02,Ses01F_impro02_M,"I don't know, it's just not fair. I think you've already made your sacrifice.",,neutral,sad
Ses01F_impro02,Ses01F_impro02_F,"There's people that have given more though, you know?",sad,negative,sad
Ses01F_impro02,Ses01F_impro02_M,I just don't see how they can make you leave when you have a new baby - we have a new kid.,fru,negative,fru
Ses01F_impro02,Ses01F_impro02_F,I know.,sad,negative,sad
Ses01F_impro02,Ses01F_impro02_M,Then why is that fair? Why--,,neutral,sad
Ses01F_impro02,Ses01F_impro02_F,"There's babies over there, though, that need mothers.",neu,neutral,neu
Ses01F_impro02,Ses01F_impro02_M,I don't know how you can be okay with this? I don't know why you're not-- you're fine with it.,sad,negative,sad
Ses01F_impro02,Ses01F_impro02_F,"I'm not okay with it, but I don't-- it's not like I have a choice. I don't see what crying about it is going to fix.",,neutral,sad
Ses01F_impro02,Ses01F_impro02_M,I'm just trying to think of another way. I'm just trying to...,,neutral,sad
Ses01F_impro02,Ses01F_impro02_F,"Just, you know, kicking myself.",sad,negative,sad
Ses01F_impro02,Ses01F_impro02_F,like you sign up because you need money and,,neutral,sad
Ses01F_impro02,Ses01F_impro02_F,things just aren't what they seem.,sad,negative,sad
Ses01F_impro02,Ses01F_impro02_M,This is a stupid war.,,neutral,sad
Ses01F_impro02,Ses01F_impro02_F,"We're doing the right thing, though.",,neutral,sad
Ses01F_impro02,Ses01F_impro02_M,I know.,fru,negative,fru
Ses01F_impro02,Ses01F_impro02_M,I just don't see why it has to be you.,sad,negative,sad
Ses01F_impro02,Ses01F_impro02_F,"If not me then, who?",sad,negative,sad
Ses01F_impro02,Ses01F_impro02_M,What am I going to do? Huh?,sad,negative,sad
Ses01F_impro02,Ses01F_impro02_F,"You'll videotape everything, yeah?",sad,negative,sad
Ses01F_impro02,Ses01F_impro02_M,Yeah.,sad,negative,sad
Ses01F_impro02,Ses01F_impro02_F,"Maybe you can send it to me, like stream it, yeah?",sad,negative,sad
Ses01F_impro02,Ses01F_impro02_M,Don't you guys have access to computers over there.,neu,neutral,neu
Ses01F_impro02,Ses01F_impro02_F,Last month-- Yeah.,sad,negative,sad
Ses01F_impro02,Ses01F_impro02_M,I just don't know how I'm going to do it without you.,sad,negative,sad
Ses01F_impro02,Ses01F_impro02_F,I have to find sitters.,neu,neutral,neu
Ses01F_impro02,Ses01F_impro02_M,I can't raise a baby by myself. How?,sad,negative,sad
Ses01F_impro02,Ses01F_impro02_F,"We've got friends, that's why we moved here, huh? Because there is a day care down the street.",sad,negative,sad
Ses01F_impro02,Ses01F_impro02_M,I know.,neu,neutral,neu
Ses01F_impro02,Ses01F_impro02_F,And your mother is close by.,neu,neutral,neu
Ses01F_impro02,Ses01F_impro02_F,I'll send you lots of letters.,sad,negative,sad
Ses01F_impro02,Ses01F_impro02_F,And I want lots and lots and lots of pictures.,sad,negative,sad
Ses01F_impro02,Ses01F_impro02_M,It's just not fair.,fru,negative,fru
Ses01F_impro03,Ses01F_impro03_M,So what's up? What's new?,neu,neutral,neu
Ses01F_impro03,Ses01F_impro03_F,Well Vegas was awesome.,hap,positive,hap
Ses01F_impro03,Ses01F_impro03_M,Yeah. I heard.,neu,neutral,neu
Ses01F_impro03,Ses01F_impro03_F,"And, um, I got married.",hap,positive,hap
Ses01F_impro03,Ses01F_impro03_M,Shut up. No- in Vegas?,,neutral,hap
Ses01F_impro03,Ses01F_impro03_F,Yeah. In the old town part.,hap,positive,hap
Ses01F_impro03,Ses01F_impro03_M,Who did you marry?,exc,positive,exc
Ses01F_impro03,Ses01F_impro03_F,Chuck. [LAUGHTER],,neutral,hap
Ses01F_impro03,Ses01F_impro03_M,Did you propose to you?,,neutral,hap
Ses01F_impro03,Ses01F_impro03_F,Um- Yes. It was very romantic.,hap,positive,hap
Ses01F_impro03,Ses01F_impro03_F,It was at the slot machines.,hap,positive,hap
Ses01F_impro03,Ses01F_impro03_M,Oh. The Wheel of Fortune slots?,,neutral,hap
Ses01F_impro03,Ses01F_impro03_F,"Uhuh, uhuh. He won big and he-and he realized that the only thing that would make it better was me as his bride.",hap,positive,hap
Ses01F_impro03,Ses01F_impro03_M,He turned to you and was like...,neu,neutral,neu
Ses01F_impro03,Ses01F_impro03_F,Hey. Let's get married and I said okay.,,neutral,hap
Ses01F_impro03,Ses01F_impro03_M,[LAUGHTER] That's really romantic.,hap,positive,hap
Ses01F_impro03,Ses01F_impro03_F,"Yeah. Well. You know, because he's leaving the next day.",hap,positive,hap
Ses01F_impro03,Ses01F_impro03_M,Yeah.,neu,neutral,neu
Ses01F_impro03,Ses01F_impro03_F,But we're going to have a honeymoon cruise.,hap,positive,hap
Ses01F_impro03,Ses01F_impro03_M,"Does that mean that you're going to get citizenship, too, in- in England or whatever?",neu,neutral,neu
Ses01F_impro03,Ses01F_impro03_F,Oh. I hadn't even thought about that.,hap,positive,hap
Ses01F_impro03,Ses01F_impro03_M,Yeah. Think about that.,,neutral,hap
Ses01F_impro03,Ses01F_impro03_F,"He's not going to be a citizen, though.",,neutral,hap
Ses01F_impro03,Ses01F_impro03_M,Yeah. But he'll have like a long visa. Can you go visit then for a long time?,neu,neutral,neu
Ses01F_impro03,Ses01F_impro03_F,Oh. Totally.,hap,positive,hap
Ses01F_impro03,Ses01F_impro03_M,"Oh, how are you going to do the long distance thing? So wait, are you going to move there?",,neutral,hap
Ses01F_impro03,Ses01F_impro03_F,I guess I'll- I guess I'll have an internet husband.[LAUGHTER],hap,positive,hap
Ses01F_impro03,Ses01F_impro03_M,Like you need another one of those.[LAUGHTER],hap,positive,hap
Ses01F_impro03,Ses01F_impro03_F,I have an internet boyfriend. I guess I'll have to juggle the two. Is that cheating? I don't know. Hmm.,,neutral,hap
Ses01F_impro03,Ses01F_impro03_M,Is that your phone?,hap,positive,hap
Ses01F_impro03,Ses01F_impro03_F,"Yeah, so [LAUGHTER] He's calling me now",exc,positive,exc
Ses01F_impro03,Ses01F_impro03_M,He loves you.,hap,positive,hap
Ses01F_impro03,Ses01F_impro03_F,"He likes to keep tabs, you know.",hap,positive,hap
Ses01F_impro03,Ses01F_impro03_M,How much did he win at the slot?,neu,neutral,neu
Ses01F_impro03,Ses01F_impro03_F,"Uh, I think seven hundred and fifty dollars.",neu,neutral,neu
Ses01F_impro03,Ses01F_impro03_M,Really? Penny slots?,,neutral,neu
Ses01F_impro03,Ses01F_impro03_F,Penny slots. That's what he plays.,neu,neutral,neu
Ses01F_impro03,Ses01F_impro03_M,Wow.,,neutral,neu
Ses01F_impro03,Ses01F_impro03_F,Yeah.,neu,neutral,neu
Ses01F_impro03,Ses01F_impro03_M,I'm a big fan of the Wheel of Fortune quarters. But it just costs so much. I don't know.,neu,neutral,neu
Ses01F_impro03,Ses01F_impro03_F,Oh.,,neutral,neu
Ses01F_impro03,Ses01F_impro03_F,Yeah. We played Wheel of Fortune pennies. It's like a giant thing with like-,hap,positive,hap
Ses01F_impro03,Ses01F_impro03_M,"But the pennies always get you because you end up spending like, you know, fifty bucks.",neu,neutral,neu
Ses01F_impro03,Ses01F_impro03_F,Fifty bucks. Mmhmm.,neu,neutral,neu
Ses01F_impro03,Ses01F_impro03_M,"like, wait, but it's just pennies. You're like, wait a minute I'm on to you.",neu,neutral,neu
Ses01F_impro03,Ses01F_impro03_F,Yeah.,neu,neutral,neu
Ses01F_impro03,Ses01F_impro03_F,Well so now we're married. We have cat children.,hap,positive,hap
Ses01F_impro03,Ses01F_impro03_M,Awesome.,exc,positive,exc
Ses01F_impro03,Ses01F_impro03_M,[LAUGHTER] Cat babies.,hap,positive,hap
Ses01F_impro03,Ses01F_impro03_F,"We renamed Brenda, Lumber Janet.",hap,positive,hap
Ses01F_impro03,Ses01F_impro03_M,That's fair enough.,neu,neutral,neu
Ses01F_impro03,Ses01F_impro03_F,She needs a new name each state that we go into. [LAUGHTER],hap,positive,hap
Ses01F_impro04,Ses01F_impro04_M,"Have you tried, uh, Craig's List?",neu,neutral,neu
Ses01F_impro04,Ses01F_impro04_F,"Uh, what? Craig's List? Oh the internet thing?",neu,neutral,neu
Ses01F_impro04,Ses01F_impro04_M,Yeah.,neu,neutral,neu
Ses01F_impro04,Ses01F_impro04_F,I don't know. Isn't that-- that's all like escort services and things like that.,neu,neutral,neu
Ses01F_impro04,Ses01F_impro04_M,No. There's regular jobs on there.,neu,neutral,neu
Ses01F_impro04,Ses01F_impro04_F,"I don't know. I mean I've been looking for so long that I just figured that-- I mean, I think things like Monster are a lot more reliable than just some random free board.",fru,negative,fru
Ses01F_impro04,Ses01F_impro04_M,Uh huh.,neu,neutral,neu
Ses01F_impro04,Ses01F_impro04_M,I'm just saying I have a friend that got a good job on it so I was just recommending it.,neu,neutral,neu
Ses01F_impro04,Ses01F_impro04_F,What kind of a job?,,neutral,neu
Ses01F_impro04,Ses01F_impro04_M,He's like a manager for a theatre.,neu,neutral,neu
Ses01F_impro04,Ses01F_impro04_F,Really?,,neutral,neu
Ses01F_impro04,Ses01F_impro04_M,He's like a house manager. Yeah. It's a good job.,neu,neutral,neu
Ses01F_impro04,Ses01F_impro04_F,He just...,neu,neutral,neu
Ses01F_impro04,Ses01F_impro04_F,you know what? I heard about that job. I applied for that.,neu,neutral,neu
Ses01F_impro04,Ses01F_impro04_M,You did?,neu,neutral,neu
Ses01F_impro04,Ses01F_impro04_F,Yeah. I saw a posting at the theatre.,fru,negative,fru
Ses01F_impro04,Ses01F_impro04_M,Yeah.,neu,neutral,neu
Ses01F_impro04,Ses01F_impro04_F,He got it?,,neutral,neu
Ses01F_impro04,Ses01F_impro04_M,You've been looking for a job for a long time; that was a long time ago. Right?,neu,neutral,neu
Ses01F_impro04,Ses01F_impro04_F,Yeah.,neu,neutral,neu
Ses01F_impro04,Ses01F_impro04_M,Hmm.,neu,neutral,neu
Ses01F_impro04,Ses01F_impro04_F,What did he do? What was so great? I don't understand why they would pick him over me.,,positive,neu
Ses01F_impro04,Ses01F_impro04_M,I don't know. He had a really good resume I guess and--,neu,neutral,neu
Ses01F_impro04,Ses01F_impro04_F,A resume?,,neutral,neu
Ses01F_impro04,Ses01F_impro04_M,Yeah. Do you have a resume?,neu,neutral,neu
Ses01F_impro04,Ses01F_impro04_F,No.,,neutral,neu
Ses01F_impro04,Ses01F_impro04_M,It's kind of helpful when getting a job.,neu,neutral,neu
Ses01F_impro04,Ses01F_impro04_F,I just- I mean I call people up and I tell them what I'm good at.,neu,neutral,neu
Ses01F_impro04,Ses01F_impro04_M,Well maybe we should sit down some time and you can just tell me all the stuff that you have done and I'll write it out.,neu,neutral,neu
Ses01F_impro04,Ses01F_impro04_F,Yeah.,neu,neutral,neu
Ses01F_impro04,Ses01F_impro04_F,I don't like- I don't like sending things in the mail. I don't want my information out there.,,neutral,neu
Ses01F_impro04,Ses01F_impro04_M,"No. You can- or you can just bring it in person. But they need, generally, something to see, you know, what kind of what that you've done, what kind of--",neu,neutral,neu
Ses01F_impro04,Ses01F_impro04_F,I'm there in front of them. I'm telling them what I'm good at.,fru,negative,fru
Ses01F_impro04,Ses01F_impro04_M,"Yeah. But the piece of paper helps, too.",neu,neutral,neu
Ses01F_impro04,Ses01F_impro04_F,Why? It's a piece of paper.,fru,negative,fru
Ses01F_impro04,Ses01F_impro04_M,"No. But it has an outline, you know.",neu,neutral,neu
Ses01F_impro04,Ses01F_impro04_F,"I just don't want this paper trail, you know. I just don't want things following me around, like-.",fru,negative,fru
Ses01F_impro04,Ses01F_impro04_M,"I know. Okay. Well, um. Maybe--",neu,neutral,neu
Ses01F_impro04,Ses01F_impro04_F,"It's just-- You know, I've had this problem before. You're not the first person to tell me that I need a resume but...",fru,negative,fru
Ses01F_impro04,Ses01F_impro04_M,Yeah.,neu,neutral,neu
Ses01F_impro04,Ses01F_impro04_M,"Okay, yeah. I would imagine.",neu,neutral,neu
Ses01F_impro04,Ses01F_impro04_F,..I just-..I just think it's kind of prejudiced and they are really discriminating against people who just aren't that way.,,neutral,fru
Ses01F_impro04,Ses01F_impro04_M,"Well, sometimes you have to do things that you don't necessarily like to do to have a job. But the job affords you money, you won't have to be taking the bus right now.",neu,neutral,neu
Ses01F_impro04,Ses01F_impro04_F,"That's baloney, that's baloney.",fru,negative,fru
Ses01F_impro04,Ses01F_impro04_F,Please.,fru,negative,fru
Ses01F_impro04,Ses01F_impro04_M,maybe get a car.,neu,neutral,neu
Ses01F_impro04,Ses01F_impro04_M,"I just, you know, think you should try a little harder maybe.",neu,neutral,neu
Ses01F_impro04,Ses01F_impro04_F,you think that you're better than me because I don't have a car?,fru,negative,fru
Ses01F_impro04,Ses01F_impro04_M,I didn't say that.,neu,neutral,neu
Ses01F_impro04,Ses01F_impro04_F,"You know, you're riding the bus, too.",fru,negative,fru
Ses01F_impro04,Ses01F_impro04_M,"I am riding the bus, but by choice.",neu,neutral,neu
Ses01F_impro04,Ses01F_impro04_F,Why? What choice?,fru,negative,fru
Ses01F_impro04,Ses01F_impro04_M,"To save the environment, carpool.",neu,neutral,neu
Ses01F_impro04,Ses01F_impro04_F,You're saving the environment. mmhmm,fru,negative,fru
Ses01F_impro04,Ses01F_impro04_M,Yes. One less car at a time.,neu,neutral,neu
Ses01F_impro04,Ses01F_impro04_F,Interesting. That's fantastic.,fru,negative,fru
Ses01F_impro04,Ses01F_impro04_M,Mmhmm.,neu,neutral,neu
Ses01F_impro04,Ses01F_impro04_M,"You know, you don't have to take out your frustration on me, you know, just because...",fru,negative,fru
Ses01F_impro04,Ses01F_impro04_F,I'm not frustrated.,ang,negative,ang
Ses01F_impro04,Ses01F_impro04_M,...you can't get a job and refuse to have a resume.,fru,negative,fru
Ses01F_impro04,Ses01F_impro04_F,Who do you think you are?,ang,negative,ang
Ses01F_impro04,Ses01F_impro04_M,I don't think I'm anyone.,neu,neutral,neu
Ses01F_impro04,Ses01F_impro04_F,You are so high and mighty. I just--,ang,negative,ang
Ses01F_impro04,Ses01F_impro04_M,I- I-I didn't-- okay.,neu,neutral,neu
Ses01F_impro04,Ses01F_impro04_F,Oh. I'm saving the environment. I'm riding this car because I- I want to.,ang,negative,ang
Ses01F_impro04,Ses01F_impro04_M,What? No.,,neutral,ang
Ses01F_impro04,Ses01F_impro04_M,What? Oh. So now you're...,fru,negative,fru
Ses01F_impro04,Ses01F_impro04_F,"The bus, I'm riding the bus because I want to.",ang,negative,ang
Ses01F_impro04,Ses01F_impro04_M,you know what? You don't have to take your anger and your hurt out on me.,fru,negative,fru
Ses01F_impro04,Ses01F_impro04_F,I can not-- you are not here by choice. Nobody would ride this bus by choice.,ang,negative,ang
Ses01F_impro04,Ses01F_impro04_M,Why not?,,neutral,ang
Ses01F_impro05,Ses01F_impro05_F,Hi.,fru,negative,fru
Ses01F_impro05,Ses01F_impro05_M,Hi. Thanks for waiting.,neu,neutral,neu
Ses01F_impro05,Ses01F_impro05_F,Yeah. This is the fourth line that I have been in.,fru,negative,fru
Ses01F_impro05,Ses01F_impro05_M,Can I help you?,hap,positive,hap
Ses01F_impro05,Ses01F_impro05_M,Uh huh.,hap,positive,hap
Ses01F_impro05,Ses01F_impro05_F,I need my bag.,fru,negative,fru
Ses01F_impro05,Ses01F_impro05_M,Okay.,neu,neutral,neu
Ses01F_impro05,Ses01F_impro05_F,"I flew in over three hours ago, I've been in four different lines.",fru,negative,fru
Ses01F_impro05,Ses01F_impro05_M,Okay.,neu,neutral,neu
Ses01F_impro05,Ses01F_impro05_F,I waited the entire baggage- I waited for the whole baggage carousel four times. They told me to go to the next one. I waited through that for three planes and now I'm here.,fru,negative,fru
Ses01F_impro05,Ses01F_impro05_M,Okay. Great. I'm really sorry that you had to do that. What's your last name? Let's start there.,neu,neutral,neu
Ses01F_impro05,Ses01F_impro05_F,Nash.,fru,negative,fru
Ses01F_impro05,Ses01F_impro05_M,Okay.,neu,neutral,neu
Ses01F_impro05,Ses01F_impro05_F,No G.,,neutral,neu
Ses01F_impro05,Ses01F_impro05_M,all right- okay. And you lost your bag? Is that- that the issue?,neu,neutral,neu
Ses01F_impro05,Ses01F_impro05_F,Yes.,fru,negative,fru
Ses01F_impro05,Ses01F_impro05_F,Flight seven fourteen.,ang,negative,ang
Ses01F_impro05,Ses01F_impro05_M,Uh-huh.,neu,neutral,neu
Ses01F_impro05,Ses01F_impro05_F,"Am I going to be getting, like, free tickets, free mileage. When can I expect my bag here?",ang,negative,ang
Ses01F_impro05,Ses01F_impro05_M,"Yeah. Yeah, I don't see- I don't see any--",neu,neutral,neu
Ses01F_impro05,Ses01F_impro05_M,"I don't see any record of it, and I-usually when I don't see a record of it, that means um-",neu,neutral,neu
Ses01F_impro05,Ses01F_impro05_M,"we've mistakenly lost your baggage. We're very sorry. On behalf of Jet Blue I would like to apologize for any inconvenience. I am allowed to issue you a fifty dollar gift card which you can use any future flights you want to take with us. I'm very sorry, once again...",neu,neutral,neu
Ses01F_impro05,Ses01F_impro05_F,"Oh, Are you kidding me?",,neutral,neu
Ses01F_impro05,Ses01F_impro05_M,"for such an inconvenience and your bag, but",neu,neutral,neu
Ses01F_impro05,Ses01F_impro05_F,Is this a joke?,ang,negative,ang
Ses01F_impro05,Ses01F_impro05_M,Yeah.,neu,neutral,neu
Ses01F_impro05,Ses01F_impro05_M,"No, no.",neu,neutral,neu
Ses01F_impro05,Ses01F_impro05_F,"Are there candid cameras? Is this that movie? There's that show, right? Airplane, airline.",ang,negative,ang
Ses01F_impro05,Ses01F_impro05_M,"No, no. This is real.",neu,neutral,neu
Ses01F_impro05,Ses01F_impro05_F,So you'll give me money and then I'll get my bag?,,neutral,neu
Ses01F_impro05,Ses01F_impro05_M,"No. I'm just giving you money, the bag is gone. If it's not here, I'm really sorry there is nothing I can do because...",neu,neutral,neu
Ses01F_impro05,Ses01F_impro05_M,this is the only track record that we have and if it's not listed here then it's probably not anywhere.,neu,neutral,neu
Ses01F_impro05,Ses01F_impro05_F,"You're kidding me, this is a joke.",ang,negative,ang
Ses01F_impro05,Ses01F_impro05_M,"Once again, I'm really- I'm really sorry.",,neutral,neu
Ses01F_impro05,Ses01F_impro05_F,Do you have any idea-- fifty dollars? That's supposed to replace everything that I have? Do you understand how much I have packed in there? Not only does it have sentimental value; it can't be replaced like that. It was incredibly expensive.,ang,negative,ang
Ses01F_impro05,Ses01F_impro05_M,Yes.,neu,neutral,neu
Ses01F_impro05,Ses01F_impro05_M,I know.,neu,neutral,neu
Ses01F_impro05,Ses01F_impro05_F,We flew in from Paris. I've been shopping for three weeks.,ang,negative,ang
Ses01F_impro05,Ses01F_impro05_M,"I'm very sorry. But if you see the sign that's right behind me here, it spells it out really clearly that we are not held liable--",,neutral,neu
Ses01F_impro05,Ses01F_impro05_F,I don't care what you're freaking sign says. Somebody- Somebody needs to replace everything I've got there and give me money for my inconvenience.,ang,negative,ang
Ses01F_impro05,Ses01F_impro05_M,Okay. Calm-,neu,neutral,neu
Ses01F_impro05,Ses01F_impro05_M,"Actually, we are not necessarily liable to give you- to even give you this fifty dollars so... it's actually- it's actually really",neu,neutral,neu
Ses01F_impro05,Ses01F_impro05_F,Do you understand who my husband is?,ang,negative,ang
Ses01F_impro05,Ses01F_impro05_F,"If you're- if you're- if you're looking for a lawsuit, baby, you've found it.",ang,negative,ang
Ses01F_impro05,Ses01F_impro05_M,"We are actually not even allowed-- you know, like we don't have to give you this fifty dollars. We don't have to do that.",neu,neutral,neu
Ses01F_impro05,Ses01F_impro05_F,Oh-Oh. It's a gift. You're-You're helping me out here?,ang,negative,ang
Ses01F_impro05,Ses01F_impro05_M,It's a gift.,neu,neutral,neu
Ses01F_impro05,Ses01F_impro05_M,"You know, the airlines can not be held responsible for every bag of luggage that comes through here.",neu,neutral,neu
Ses01F_impro05,Ses01F_impro05_F,You are cruising for a bruising. You are in so much trouble.,ang,negative,ang
Ses01F_impro05,Ses01F_impro05_M,With the amount of--,neu,neutral,neu
Ses01F_impro05,Ses01F_impro05_F,Who's in charge? Who is the president of Jet Blue?,ang,negative,ang
Ses01F_impro05,Ses01F_impro05_M,"Um, actually, I don't know. I don't know. Oh really?",neu,neutral,neu
Ses01F_impro05,Ses01F_impro05_F,Because I probably know him.,ang,negative,ang
Ses01F_impro05,Ses01F_impro05_F,Yeah.,ang,negative,ang
Ses01F_impro05,Ses01F_impro05_M,Well then maybe you can just call him and he can give you more money. But right now all I can do--,neu,neutral,neu
Ses01F_impro05,Ses01F_impro05_F,"I don't want money, I want my clothes.",ang,negative,ang
Ses01F_impro05,Ses01F_impro05_M,"Right now all I can do is just give you this fifty dollars, I'm really sorry.",neu,neutral,neu
Ses01F_impro05,Ses01F_impro05_F,What's your name?,ang,negative,ang
Ses01F_impro05,Ses01F_impro05_M,Oh. My name is Sean. Hi.,neu,neutral,neu
Ses01F_impro05,Ses01F_impro05_F,Sean. Great. Do you have a badge number or something?,,positive,neu
Ses01F_impro05,Ses01F_impro05_M,"Badge number? Uh, no. You can just take my employee number I guess.",,negative,ang
Ses01F_impro05,Ses01F_impro05_F,Okay. I'll do that.,ang,negative,ang
Ses01F_impro05,Ses01F_impro05_M,Why? Have I done something wrong? Have I given you bad service? I feel like I have done the best I could.,,negative,ang
Ses01F_impro05,Ses01F_impro05_F,I don't think you have done everything you could do because I don't have my bag here yet.,ang,negative,ang
Ses01F_impro05,Ses01F_impro05_M,"If you want, you can write a letter. I can give you the address. Yes. An angry--",neu,neutral,neu
Ses01F_impro05,Ses01F_impro05_F,A letter? I'll make a personal phone call.,ang,negative,ang
Ses01F_impro05,Ses01F_impro05_M,"Or you can make a phone call. But I think a letter might be a little more-- in my impression, letters have more...",neu,neutral,neu
Ses01F_impro06,Ses01F_impro06_M,"I'm sorry, Joy.",sad,negative,sad
Ses01F_impro06,Ses01F_impro06_F,It's okay.,,neutral,neu
Ses01F_impro06,Ses01F_impro06_M,Is there anything I can get you? Do you want me to take care of anything for you or...?,neu,neutral,neu
Ses01F_impro06,Ses01F_impro06_F,"No, no, no.",,neutral,sad
Ses01F_impro06,Ses01F_impro06_M,...pick up anything?,neu,neutral,neu
Ses01F_impro06,Ses01F_impro06_F,No.,sad,negative,sad
Ses01F_impro06,Ses01F_impro06_M,You know you are welcome to stay at my house if you want to just check out for a couple days and hang out.,sad,negative,sad
Ses01F_impro06,Ses01F_impro06_F,That's sweet.,neu,neutral,neu
Ses01F_impro06,Ses01F_impro06_F,Thank you.,neu,neutral,neu
Ses01F_impro06,Ses01F_impro06_F,I went to see her headstone a week or two ago.,sad,negative,sad
Ses01F_impro06,Ses01F_impro06_F,"I used to go to cemeteries a lot before she died. I just, you know, I felt like they were urban oasis, you know, there is always this green in the city.",sad,negative,sad
Ses01F_impro06,Ses01F_impro06_M,Hmm.,neu,neutral,neu
Ses01F_impro06,Ses01F_impro06_F,So I was like wandering around before. It takes forever to find her headstone; I always lose it. You know.,sad,negative,sad
Ses01F_impro06,Ses01F_impro06_F,So I was looking at this other one and there was like a piece of candy there and I thought that I would take the candy and put it on her headstone. And-,sad,negative,sad
Ses01F_impro06,Ses01F_impro06_F,"this woman came up and, you know, it was hers. It was her person that was there.",neu,neutral,neu
Ses01F_impro06,Ses01F_impro06_M,Oh. She was there?,neu,neutral,neu
Ses01F_impro06,Ses01F_impro06_F,"Yeah. And she was like, that's pathetic, I hope you enjoy it.",sad,negative,sad
Ses01F_impro06,Ses01F_impro06_F,"And I, you know, I mean, I said I was sorry and I brought it back to her kind of and I like put it on the ground and she was like, no, it's fine. She was like, I would rather have her back, honestly.",sad,negative,sad
Ses01F_impro06,Ses01F_impro06_M,Mmhmm.,neu,neutral,neu
Ses01F_impro06,Ses01F_impro06_F,"I don't know. It just, like, I felt so bad because I shouldn't have done it. I don't know. Whatever.",sad,negative,sad
Ses01F_impro06,Ses01F_impro06_M,Yeah.,sad,negative,sad
Ses01F_impro06,Ses01F_impro06_F,I don't know.,sad,negative,sad
Ses01F_impro06,Ses01F_impro06_M,How long were you there for?,neu,neutral,neu
Ses01F_impro06,Ses01F_impro06_F,At the cemetery?,sad,negative,sad
Ses01F_impro06,Ses01F_impro06_M,Mmhmm.,neu,neutral,neu
Ses01F_impro06,Ses01F_impro06_F,couple hours.,sad,negative,sad
Ses01F_impro06,Ses01F_impro06_F,"I brought- I brought Chuck with me. He went to Redlands, yeah, for the day. We ran through the sprinklers.",neu,neutral,neu
Ses01F_impro06,Ses01F_impro06_M,Oh really?,neu,neutral,neu
Ses01F_impro06,Ses01F_impro06_M,You ran through the sprinklers in the cemetery?,neu,neutral,neu
Ses01F_impro06,Ses01F_impro06_F,It was hot.[LIPSMACK],,neutral,neu
Ses01F_impro06,Ses01F_impro06_M,Is it a big cemetery?,neu,neutral,neu
Ses01F_impro06,Ses01F_impro06_F,Yeah. It's huge. Redlands is an old city so they have lots and lots of stones.,neu,neutral,neu
Ses01F_impro06,Ses01F_impro06_M,"Oh, so they're like really old too, really old ones?",neu,neutral,neu
Ses01F_impro06,Ses01F_impro06_F,Yeah.,neu,neutral,neu
Ses01F_impro06,Ses01F_impro06_F,"It's weird. Whenever I go back to town, I think of her. I mean, it's like ... I mean we grew up together and she died when we were twenty one. And yeah. She had cancer, she had two brain tumors.",sad,negative,sad
Ses01F_impro06,Ses01F_impro06_F,"My best friend Heather. She's got a- we have a- we built this like little-- There's a park, Prospect Park. And there is like a garden section of it that we set up for her.",sad,negative,sad
Ses01F_impro06,Ses01F_impro06_F,She used to have these poetry parties on Memorial Day.,sad,negative,sad
Ses01F_impro06,Ses01F_impro06_M,Mmhmm.,neu,neutral,neu
Ses01F_impro06,Ses01F_impro06_F,Umm. Yeah.,sad,negative,sad
Ses01F_impro06,Ses01F_impro06_F,"And the last time before she died, I remember she couldn't really stand, umm...",sad,negative,sad
Ses01F_impro06,Ses01F_impro06_F,"But I mean she could, but it was- so it was kind of sitting at her feet holding her up and she had these poems she had memorized. And I remember looking up, she had curly red hair and there was this palm tree right behind her and it was like a crown growing right out of her head. It was cool.",sad,negative,sad
Ses01F_impro06,Ses01F_impro06_M,Mmhmm.,neu,neutral,neu
Ses01F_impro06,Ses01F_impro06_F,"Some, I guess. She memorized this one, John Dunn, it's called, Death Be Not Proud. and-",sad,negative,sad
Ses01F_impro06,Ses01F_impro06_M,So she wrote a lot of poetry?,neu,neutral,neu
Ses01F_impro06,Ses01F_impro06_F,"There's another one, I can't remember.",neu,neutral,neu
Ses01F_impro06,Ses01F_impro06_F,"I remember, too, when we were-- she died at U.C.L.A. She had brain surgery and there was not much hope to begin with, but I gave blood for her surgery, her mom and I before, so we dropped her off in the waiting room and then we were giving blood and came back. And she, in her wheelchair, like can hardly do anything, reciting her poetry for these people like in the waiting room. All she needs is a God damn audience. You know?",sad,negative,sad
Ses01F_impro06,Ses01F_impro06_M,Mmhmm.Mmhmm.Mmhmm.,,neutral,neu
Ses01F_impro07,Ses01F_impro07_M,Did you get the letter?,exc,positive,exc
Ses01F_impro07,Ses01F_impro07_F,"Yes. There's a big envelope it says, you're in. I know.",exc,positive,exc
Ses01F_impro07,Ses01F_impro07_M,Yeah. That is so awesome.,exc,positive,exc
Ses01F_impro07,Ses01F_impro07_M,Oh my God. What are you going to do? [LAUGHTER],exc,positive,exc
Ses01F_impro07,Ses01F_impro07_F,So I have to move back to the ghetto but...I know.,,neutral,exc
Ses01F_impro07,Ses01F_impro07_M,"Oh-Yeah, I bet you're really excited. Oh. That's what loans are for? Right? Exactly.",exc,positive,exc
Ses01F_impro07,Ses01F_impro07_F,"I'm really excited. Yeah. I don't know how I'm going to pay for anything, but... I also- Yeah. Loans, too, yeah. I applied, though, for a bunch of grants and scholarships so I'm still waiting to hear on that.",exc,positive,exc
Ses01F_impro07,Ses01F_impro07_M,"Oh. Good, good. That's awesome. Are you going to stay around here? Or are you going to like get a different neighborhood- you going to move to a different neighborhood?",exc,positive,exc
Ses01F_impro07,Ses01F_impro07_F,"Oh- I know, I know, I know, I know.",exc,positive,exc
Ses01F_impro07,Ses01F_impro07_F,"I don't know. I spend so much time commuting as it is, I'd rather.",exc,positive,exc
Ses01F_impro07,Ses01F_impro07_M,This is so- I am so happy that you're going to stay. You're not going to...We should totally throw a party.,exc,positive,exc
Ses01F_impro07,Ses01F_impro07_F,I know. We should throw a party.,exc,positive,exc
Ses01F_impro07,Ses01F_impro07_F,"At Arapaho we could afford that. [GARBAGE]. Yeah. So what are you doing this summer, though? You're staying around, too, yeah?",,neutral,exc
Ses01F_impro07,Ses01F_impro07_M,A rapper party ho. Yeah. Okay.,exc,positive,exc
Ses01F_impro07,Ses01F_impro07_M,"I am just- Yeah. I'm sticking around, I'm just doing my thing. I'm living here. I'm so glad you're going to stay, I'm so glad you're going to be here. Yeah. Woo.",exc,positive,exc
Ses01F_impro07,Ses01F_impro07_F,It's a relief too. I mean I was thinking I was going to have to pack up all of my stuff but yeah. Hooray for U.S.C.,,neutral,exc
Ses01F_impro07,Ses01F_impro07_M,Yeah. Big time.,exc,positive,exc
Ses01F_impro07,Ses01F_impro07_M,Mmhmm. Mmhmm. Yay. So what major? What are you doing?,exc,positive,exc
Ses01F_impro07,Ses01F_impro07_F,"Umm. It's...It's uhh...It's Critical Studies. It's a really prestigious program, so they say.",,neutral,exc
Ses01F_impro07,Ses01F_impro07_M,"Oh, okay.",,neutral,exc
Ses01F_impro07,Ses01F_impro07_M,Ooh. Fancy.,,neutral,exc
Ses01F_impro07,Ses01F_impro07_F,Yeah. I'm not sure.,exc,positive,exc
Ses01F_impro07,Ses01F_impro07_M,Is this a Masters or a P.h.D.? Or can you...? Nice,neu,neutral,neu
Ses01F_impro07,Ses01F_impro07_F,Umm...P.h.D. [LAUGHTER],exc,positive,exc
Ses01F_impro07,Ses01F_impro07_M,"That's good. Don't you have to like teach a class, too, when you do that?",neu,neutral,neu
Ses01F_impro07,Ses01F_impro07_F,"Um, yeah, yeah. I'm a TA for two sessions. Mmhmm.",,neutral,exc
Ses01F_impro07,Ses01F_impro07_M,"Teacher. Mrs. Nash, I have a question.",exc,positive,exc
Ses01F_impro07,Ses01F_impro07_F,So I get to mold young minds. Mrs.? That's my mother.,exc,positive,exc
Ses01F_impro07,Ses01F_impro07_M,You have to get married. Well you are married to Chuck. You're Mrs. Nash. Not to be confused with Mrs. Dash which is the popular seasoning.,exc,positive,exc
Ses01F_impro07,Ses01F_impro07_F,"I would be like- Oh. Right, right, right.",exc,positive,exc
Ses01F_impro07,Ses01F_impro07_M,"Mrs. Nash. That's so awesome, though.",,positive,exc
Ses01F_impro07,Ses01F_impro07_F,"Yeah. Yeah I'm excited. Hooray. And then I'll be a millionaire once I graduate, you understand? Because that's the way it works.",,positive,exc
Ses01F_impro07,Ses01F_impro07_M,Yay...School's fun.,exc,positive,exc
Ses01F_impro07,Ses01F_impro07_M,"Of course, right. That's where the real money is, being a student.",neu,neutral,neu
Ses01F_impro07,Ses01F_impro07_F,Yeah. Totally. [LAUGHTER],,neutral,exc
Ses01F_impro07,Ses01F_impro07_M,That's how you get the big bucks. Are you messing with the chair? Don't ruin it.,hap,positive,hap
Ses01F_impro07,Ses01F_impro07_F,"I know. I made such a mess of it, the entire time. The last three things I've done, I've ruined everything, I think. Mm-hmm. Yeah.",exc,positive,exc
Ses01F_script01_1,Ses01F_script01_1_F,What's he going to say?,fru,negative,fru
Ses01F_script01_1,Ses01F_script01_1_F,Maybe we should tell him before he sees it.,,neutral,neu
Ses01F_script01_1,Ses01F_script01_1_M,He saw it.,neu,neutral,neu
Ses01F_script01_1,Ses01F_script01_1_F,How could he see it? I was the first one up; he was still in bed.,,neutral,neu
Ses01F_script01_1,Ses01F_script01_1_M,He was out here when it broke.,neu,neutral,neu
Ses01F_script01_1,Ses01F_script01_1_F,When?,,neutral,neu
Ses01F_script01_1,Ses01F_script01_1_M,Four o clock this morning. I heard a crack and I woke up and looked out. He was standing right over there when it cracked.,neu,neutral,neu
Ses01F_script01_1,Ses01F_script01_1_F,What was he doing out here at four o clock in the morning?,,neutral,neu
Ses01F_script01_1,Ses01F_script01_1_M,I don't know.,neu,neutral,neu
Ses01F_script01_1,Ses01F_script01_1_F,"He's dreaming of him again, walking around.",neu,neutral,neu
Ses01F_script01_1,Ses01F_script01_1_M,I guess he is.,neu,neutral,neu
Ses01F_script01_1,Ses01F_script01_1_F,It's getting to be just like after he died. What's the meaning of that?,,neutral,neu
Ses01F_script01_1,Ses01F_script01_1_M,"I don't know the meaning of it. But I know one thing, Mom, you've made a terrible mistake with father.",fru,negative,fru
Ses01F_script01_1,Ses01F_script01_1_F,What?,,neutral,neu
Ses01F_script01_1,Ses01F_script01_1_M,"Being dishonest with him, you know. This kind of thing always pays off and it's paying off.",,neutral,neu
Ses01F_script01_1,Ses01F_script01_1_F,What do you mean dishonest?,,neutral,fru
Ses01F_script01_1,Ses01F_script01_1_M,You know Larry is not coming back and I know it. Why do we allow him to go on thinking that we believe with him?,neu,neutral,neu
Ses01F_script01_1,Ses01F_script01_1_F,What do you want to do? Argue with him?,fru,negative,fru
Ses01F_script01_1,Ses01F_script01_1_M,I don't want to argue but it's time he realized that nobody believes Larry is alive.,fru,negative,fru
Ses01F_script01_1,Ses01F_script01_1_M,"You know? Why shouldn't he walk the nights thinking of him, dreaming of him? Do we contradict him? Do we say, we don't have any hope anymore? That we haven't had any hope for years now?",fru,negative,fru
Ses01F_script01_1,Ses01F_script01_1_F,You can't say that to him.,fru,negative,fru
Ses01F_script01_1,Ses01F_script01_1_M,We've got to say it to him.,neu,neutral,neu
Ses01F_script01_1,Ses01F_script01_1_F,Where's the proof? Do you have any proof?,fru,negative,fru
Ses01F_script01_1,Ses01F_script01_1_M,"For God's sake, three years? Nobody comes back after three years; that's insane.",fru,negative,fru
Ses01F_script01_1,Ses01F_script01_1_F,"To you it is, to me it is, but to your father, you can talk yourself until you are blue in the face. But there is no grave and there is no body, so where are you?",fru,negative,fru
Ses01F_script01_1,Ses01F_script01_1_M,"Sit down, Mom. I want to talk to you.",neu,neutral,neu
Ses01F_script01_1,Ses01F_script01_1_F,"It's that the trouble is those God damn newspapers. Every month some new boy comes back and so the next one is going to be Larry, they just--",,neutral,fru
Ses01F_script01_1,Ses01F_script01_1_M,"All right, all right, all right. You know why I asked Annie here, right?",fru,negative,fru
Ses01F_script01_1,Ses01F_script01_1_F,Why?,fru,negative,fru
Ses01F_script01_1,Ses01F_script01_1_M,You know.,neu,neutral,neu
Ses01F_script01_1,Ses01F_script01_1_F,"Well I got an idea, but what's your story?",neu,neutral,neu
Ses01F_script01_1,Ses01F_script01_1_M,I'm going to ask her to marry me.,neu,neutral,neu
Ses01F_script01_1,Ses01F_script01_1_F,"Well that's only your business, Chris.",,neutral,neu
Ses01F_script01_1,Ses01F_script01_1_M,You know it's not just my business.,neu,neutral,neu
Ses01F_script01_1,Ses01F_script01_1_F,Well what do you want me to do? You're old enough to know your own mind.,,neutral,neu
Ses01F_script01_1,Ses01F_script01_1_M,"So all right then, I'll just go ahead with it?",neu,neutral,neu
Ses01F_script01_1,Ses01F_script01_1_F,Well you want to make sure that your father is not going to --,,neutral,neu
Ses01F_script01_1,Ses01F_script01_1_M,Then it's not just my business.,fru,negative,fru
Ses01F_script01_1,Ses01F_script01_1_F,I'm just saying.,,neutral,neu
Ses01F_script01_1,Ses01F_script01_1_M,"You know sometimes you infuriate me. you know that? Isn't it your business if I tell father and he throws a fit about it? God, you have such a talent for ignoring things.",ang,negative,ang
Ses01F_script01_1,Ses01F_script01_1_F,Oh. I ignore what I got to ignore. That girl is Larry's girl.,,neutral,fru
Ses01F_script01_1,Ses01F_script01_1_M,She's not Larry's girl.,fru,negative,fru
Ses01F_script01_1,Ses01F_script01_1_F,"From your father's point of view, he is not dead and- Chris he still thinks he's still alive. The girl is Larry's girl.",fru,negative,fru
Ses01F_script01_1,Ses01F_script01_1_F,"Now you can go on from there if you know where to go, but I'm telling you, I don't know where to go.",fru,negative,fru
Ses01F_script01_1,Ses01F_script01_1_M,"I don't know why it is, but every time I reach out for something I have to pull back because I am afraid other people will suffer. My whole bloody life, time after time.",fru,negative,fru
Ses01F_script01_1,Ses01F_script01_1_F,"You're a considerate fellow, there's nothing wrong in that.",fru,negative,fru
Ses01F_script01_1,Ses01F_script01_1_M,To hell with that.,fru,negative,fru
Ses01F_script01_1,Ses01F_script01_1_F,I just don't see why. Have you asked Annie yet?,fru,negative,fru
Ses01F_script01_1,Ses01F_script01_1_M,I wanted to get this settled first.,neu,neutral,neu
Ses01F_script01_1,Ses01F_script01_1_F,Well how do you know she's going to marry you? Maybe she feels the same way your father does.,fru,negative,fru
Ses01F_script01_1,Ses01F_script01_1_M,"Well if she does, then that's it. That's the end of it. From her letters, though, I think she's pretty much forgotten him.",neu,neutral,neu
Ses01F_script01_1,Ses01F_script01_1_M,And then we'll thrash it out with father. Okay Mom? Don't avoid me.,neu,neutral,neu
Ses01F_script01_1,Ses01F_script01_1_F,The trouble is you don't see enough women. You never did.,fru,negative,fru
Ses01F_script01_1,Ses01F_script01_1_M,So what. I'm not fast with women.,fru,negative,fru
Ses01F_script01_1,Ses01F_script01_1_F,Why does it have to be Annie?,fru,negative,fru
Ses01F_script01_1,Ses01F_script01_1_M,Because it is.,fru,negative,fru
Ses01F_script01_1,Ses01F_script01_1_F,Oh that's a great reason. It's no reason at all.,fru,negative,fru
Ses01F_script01_1,Ses01F_script01_1_M,I don't know.,fru,negative,fru
Ses01F_script01_1,Ses01F_script01_1_F,"You haven't seen her since you went away to war, it's been five years.",fru,negative,fru
Ses01F_script01_1,Ses01F_script01_1_M,"I can't help it, I know her best. I was brought up next door to her, you know? These years when I think of someone for my wife, I think of Annie.",fru,negative,fru
Ses01F_script01_1,Ses01F_script01_1_M,"Mom, what do you want? A diagram?",fru,negative,fru
Ses01F_script01_1,Ses01F_script01_1_F,I don't want a diagram.,fru,negative,fru
Ses01F_script01_1,Ses01F_script01_1_F,He thinks he's coming back Chris.,fru,negative,fru
Ses01F_script01_1,Ses01F_script01_1_F,"You marry that girl, you are pronouncing him dead...",fru,negative,fru
Ses01F_script01_1,Ses01F_script01_1_F,...and then what's that going to do to your father? Do you know? I don't.,fru,negative,fru
Ses01F_script01_1,Ses01F_script01_1_M,"All right, then, Mom. [BREATHING]",fru,negative,fru
Ses01F_script01_1,Ses01F_script01_1_F,Just give it some more thought.,neu,neutral,neu
Ses01F_script01_1,Ses01F_script01_1_M,"I've given it three years of thought. And I'd hope that if I waited, father would forget about Larry and then we could just have a regular wedding and everyone would be happy.",fru,negative,fru
Ses01F_script01_1,Ses01F_script01_1_M,"But if I can't do that here, I may have to go somewhere else.",fru,negative,fru
Ses01F_script01_1,Ses01F_script01_1_F,What the hell is this?,ang,negative,ang
Ses01F_script01_1,Ses01F_script01_1_M,"I'll get out. I'll get married and I'll move somewhere else, maybe New York.",neu,neutral,neu
Ses01F_script01_1,Ses01F_script01_1_F,Are you crazy?,,neutral,fru
Ses01F_script01_1,Ses01F_script01_1_M,"I've been a good son for too long, a good sucker.",fru,negative,fru
Ses01F_script01_1,Ses01F_script01_1_F,You have a business here. What the hell is this?,ang,negative,ang
Ses01F_script01_1,Ses01F_script01_1_M,The business? The business doesn't inspire me.,fru,negative,fru
Ses01F_script01_1,Ses01F_script01_1_F,Oh. Must you be inspired?,ang,negative,ang
Ses01F_script01_1,Ses01F_script01_1_M,"Yes. I like it for an hour a day. I don't care if I have to grub for money all day long, when I come home I want it happy.",fru,negative,fru
Ses01F_script01_1,Ses01F_script01_1_M,"I want some kids, I want a family, I want somebody that I can give myself to and Annie is in the center of that. Now it's just where to find it.",fru,negative,fru
Ses01F_script01_1,Ses01F_script01_1_F,You mean to tell me that you would leave the business over this?,fru,negative,fru
Ses01F_script01_1,Ses01F_script01_1_M,"On this, I would.",neu,neutral,neu
Ses01F_script01_1,Ses01F_script01_1_F,Well you don't want to think like that.,fru,negative,fru
Ses01F_script01_1,Ses01F_script01_1_M,Then help me stay here.,neu,neutral,neu
Ses01F_script01_1,Ses01F_script01_1_F,"All right. But you don't want to think like that because what the hell are we working for, Chris? It's all for you. This whole shooting match is for you.",ang,negative,ang
Ses01F_script01_1,Ses01F_script01_1_M,I know that. Then just help me stay here.,fru,negative,fru
Ses01F_script01_1,Ses01F_script01_1_F,Just don't think like that.,ang,negative,ang
Ses01F_script01_1,Ses01F_script01_1_M,Well I am thinking like that.,fru,negative,fru
Ses01F_script01_1,Ses01F_script01_1_F,"I don't understand you, do I?",fru,negative,fru
Ses01F_script01_1,Ses01F_script01_1_M,No. You don't. I'm a pretty tough guy.,fru,negative,fru
Ses01F_script01_1,Ses01F_script01_1_F,I can see that.,fru,negative,fru
Ses01F_script01_2,Ses01F_script01_2_F,Why did he invite her here?,,neutral,neu
Ses01F_script01_2,Ses01F_script01_2_M,Why does that bother you?,,neutral,neu
Ses01F_script01_2,Ses01F_script01_2_F,"She's been in New York three and an half years, why all of a sudden?",,neutral,neu
Ses01F_script01_2,Ses01F_script01_2_M,Well maybe...maybe he just wanted to see her.,neu,neutral,neu
Ses01F_script01_2,Ses01F_script01_2_F,Nobody comes seven hundred miles just to see.,,neutral,neu
Ses01F_script01_2,Ses01F_script01_2_M,"What do you mean? You know he lived next door to the girl his whole life, why wouldn't he want to see her?",,neutral,neu
Ses01F_script01_2,Ses01F_script01_2_M,[BREATHING] You don't look at me like that. He didn't tell me anything more than he told you.,fru,negative,fru
Ses01F_script01_2,Ses01F_script01_2_F,He's not going to marry her.,ang,negative,ang
Ses01F_script01_2,Ses01F_script01_2_M,How do you know he's even thinking about it?,neu,neutral,neu
Ses01F_script01_2,Ses01F_script01_2_F,It's got that about it.,ang,negative,ang
Ses01F_script01_2,Ses01F_script01_2_M,Oh. So what.,,neutral,ang
Ses01F_script01_2,Ses01F_script01_2_F,"What is going on here, Joe?",ang,negative,ang
Ses01F_script01_2,Ses01F_script01_2_M,Now listen.,fru,negative,fru
Ses01F_script01_2,Ses01F_script01_2_F,She is not his girl. She knows she's not.,ang,negative,ang
Ses01F_script01_2,Ses01F_script01_2_M,You can't read her mind.,fru,negative,fru
Ses01F_script01_2,Ses01F_script01_2_F,"Then why is she still single? New York is full of men, why is she still single? Probably a hundred people told her she's foolish, but she waited.",ang,negative,ang
Ses01F_script01_2,Ses01F_script01_2_M,How do you know why she waited?,neu,neutral,neu
Ses01F_script01_2,Ses01F_script01_2_F,"Because she knows what I know, that's why. She's faithful as a rock. In my darkest moments, I think of her waiting and I know that I'm right.",ang,negative,ang
Ses01F_script01_2,Ses01F_script01_2_M,"Hey look, it's a nice day, huh? Why are we arguing?",fru,negative,fru
Ses01F_script01_2,Ses01F_script01_2_F,"Nobody in this house dares take away her faith, Joe. You know strangers might, but not his father, not his brother.",ang,negative,ang
Ses01F_script01_2,Ses01F_script01_2_M,What do you want me to do? What do you want?,fru,negative,fru
Ses01F_script01_2,Ses01F_script01_2_F,"I want you to-- I want you to act like he is coming back, both of you. Don't think I haven't noticed you since Chris invited her here.",ang,negative,ang
Ses01F_script01_2,Ses01F_script01_2_F,I won't stand for any nonsense.,ang,negative,ang
Ses01F_script01_2,Ses01F_script01_2_M,Kate.,fru,negative,fru
Ses01F_script01_2,Ses01F_script01_2_F,"Because if he's not coming back, I'll kill myself. Oh laugh, laugh all you like but why does this happen the very night he comes back. She goes to sleep in his room and his memorial breaks in pieces. Look at it, Joe, look.",ang,negative,ang
Ses01F_script01_2,Ses01F_script01_2_M,[BREATHING],fru,negative,fru
Ses01F_script01_2,Ses01F_script01_2_M,Calm yourself.,fru,negative,fru
Ses01F_script01_2,Ses01F_script01_2_F,"Just believe with me, Joe. Only last week a man came back in Detroit missing longer than Larry. Believe with me. You, above all, have got to believe. Just believe.",ang,negative,ang
Ses01F_script01_2,Ses01F_script01_2_M,Okay. Calm yourself.,fru,negative,fru
Ses01F_script01_2,Ses01F_script01_2_M,"I know. All right, all right. All right. Okay. Calm yourself. What does that mean, me above all?",fru,negative,fru
Ses01F_script01_2,Ses01F_script01_2_M,"Look at you, you're shaking.",,neutral,fru
Ses01F_script01_2,Ses01F_script01_2_F,I can't help it.,fru,negative,fru
Ses01F_script01_2,Ses01F_script01_2_M,"What have I got to hide? What the hell is the matter with you, Kate?",ang,negative,ang
Ses01F_script01_3,Ses01F_script01_3_F,You're the only one who still loves his parents.,neu,neutral,neu
Ses01F_script01_3,Ses01F_script01_3_M,"I know. It kind of went out of style, didn't it?",neu,neutral,neu
Ses01F_script01_3,Ses01F_script01_3_F,It's not so bad; it's a good thing.,neu,neutral,neu
Ses01F_script01_3,Ses01F_script01_3_F,"[BREATHING] You know, it's lovely here. The air is sweet.",neu,neutral,neu
Ses01F_script01_3,Ses01F_script01_3_M,You're not sorry you came.,neu,neutral,neu
Ses01F_script01_3,Ses01F_script01_3_F,"I'm not sorry, no. But I'm...I can't stay.",neu,neutral,neu
Ses01F_script01_3,Ses01F_script01_3_M,Why not?,,neutral,neu
Ses01F_script01_3,Ses01F_script01_3_F,"For one thing, your mother much as told me to go.",neu,neutral,neu
Ses01F_script01_3,Ses01F_script01_3_M,Well.,neu,neutral,neu
Ses01F_script01_3,Ses01F_script01_3_F,"And then, you. You've been kind of...",neu,neutral,neu
Ses01F_script01_3,Ses01F_script01_3_M,What?,neu,neutral,neu
Ses01F_script01_3,Ses01F_script01_3_F,Sort of embarrassed ever since I got here.,neu,neutral,neu
Ses01F_script01_3,Ses01F_script01_3_M,Well I was kind of planning of sneaking up on you over the course of a week or so. They just take it for granted that we're all set.,neu,neutral,neu
Ses01F_script01_3,Ses01F_script01_3_F,I knew they would.,neu,neutral,neu
Ses01F_script01_3,Ses01F_script01_3_M,You did?,,neutral,neu
Ses01F_script01_3,Ses01F_script01_3_F,"Well sure, from your mother's point of view. Why else would I come?",neu,neutral,neu
Ses01F_script01_3,Ses01F_script01_3_M,"So would you want to? I mean, I guess you have to know that's kind of why I asked you to come?",,neutral,neu
Ses01F_script01_3,Ses01F_script01_3_F,"I, umm. I guess, I guess that's kind of why I came.",neu,neutral,neu
Ses01F_script01_3,Ses01F_script01_3_F,[BREATHING],hap,positive,hap
Ses01F_script01_3,Ses01F_script01_3_M,"I love you. Annie, I love you.",hap,positive,hap
Ses01F_script01_3,Ses01F_script01_3_F,[LAUGHTER],hap,positive,hap
Ses01F_script01_3,Ses01F_script01_3_M,"I don't really have any imagination, that's all I know how to say.",hap,positive,hap
Ses01F_script01_3,Ses01F_script01_3_F,[LAUGHTER],hap,positive,hap
Ses01F_script01_3,Ses01F_script01_3_M,"Am I embarrassing you? Are you - See, I didn't want to do it here with this yard, on this porch. I wanted it to be somewhere new, some place fresh for both of us.",hap,positive,hap
Ses01F_script01_3,Ses01F_script01_3_F,No. No,hap,positive,hap
Ses01F_script01_3,Ses01F_script01_3_M,"You feel uncomfortable here, you feel that it's wrong here somehow. I just...I don't...I didn't want...I didn't want to take you away from anything.",,neutral,hap
Ses01F_script01_3,Ses01F_script01_3_F,"Chris, I've been ready a long, long, time.",neu,neutral,neu
Ses01F_script01_3,Ses01F_script01_3_M,And he's gone forever? Are you sure?,,neutral,neu
Ses01F_script01_3,Ses01F_script01_3_F,I almost got married two years ago.,neu,neutral,neu
Ses01F_script01_3,Ses01F_script01_3_M,Why didn't you?,,neutral,neu
Ses01F_script01_3,Ses01F_script01_3_F,You started to write me.,neu,neutral,neu
Ses01F_script01_3,Ses01F_script01_3_M,You felt something that far back?,,neutral,neu
Ses01F_script01_3,Ses01F_script01_3_F,Every day since.,hap,positive,hap
Ses01F_script01_3,Ses01F_script01_3_M,Why didn't you let me know?,hap,positive,hap
Ses01F_script01_3,Ses01F_script01_3_F,"I was waiting for you, Chris. You sure can be ambiguous, you know. And when you did finally write me,",,neutral,hap
Ses01F_script01_3,Ses01F_script01_3_M,Give me a...,hap,positive,hap
Ses01F_script01_3,Ses01F_script01_3_M,Give me a kiss.,hap,positive,hap
Ses01F_script01_3,Ses01F_script01_3_M,God. I kissed you Annie.,,neutral,hap
Ses01F_script01_3,Ses01F_script01_3_F,beating around the bush.,hap,positive,hap
Ses01F_script01_3,Ses01F_script01_3_F,"I will never forgive you. All I'd done was sit around wondering if I was crazy waiting so long, wondering if you were thinking about me.",hap,positive,hap
Ses01F_script01_3,Ses01F_script01_3_M,"Oh Annie, we are going to live now. I am going to make you so happy.",hap,positive,hap
Ses01F_script01_3,Ses01F_script01_3_F,Not like that you're not.,hap,positive,hap
Ses01F_script01_3,Ses01F_script01_3_M,I kissed you.,hap,positive,hap
Ses01F_script01_3,Ses01F_script01_3_F,"Like Larry's brother. Do it like you, Chris.",neu,neutral,neu
Ses01F_script01_3,Ses01F_script01_3_F,"Chris, what is it?",,neutral,hap
Ses01F_script01_3,Ses01F_script01_3_M,"Hey, let's drive some place. Huh? Let's get out of here.",sad,negative,sad
Ses01F_script01_3,Ses01F_script01_3_F,No. What is it? Is it your mother?,,neutral,sad
Ses01F_script01_3,Ses01F_script01_3_M,No it's nothing like that. It's-,sad,negative,sad
Ses01F_script01_3,Ses01F_script01_3_F,"Then what? Chris. Even in your letters, there was something ashamed.",,neutral,sad
Ses01F_script01_3,Ses01F_script01_3_M,Yeah. I suppose I have been. But it's going from me.,sad,negative,sad
Ses01F_script01_3,Ses01F_script01_3_F,You've got to tell me.,,neutral,sad
Ses01F_script01_3,Ses01F_script01_3_M,I don't even know how to start.,sad,negative,sad
Ses01F_script01_3,Ses01F_script01_3_F,It wouldn't work like this.,,neutral,sad
Ses01F_script01_3,Ses01F_script01_3_M,"It's just all mixed up with so many other things, you know? You know overseas I was in command of a company?",sad,negative,sad
Ses01F_script01_3,Ses01F_script01_3_F,"Yeah, sure.",neu,neutral,neu
Ses01F_script01_3,Ses01F_script01_3_M,Well I lost them.,sad,negative,sad
Ses01F_script01_3,Ses01F_script01_3_F,How many?,neu,neutral,neu
Ses01F_script01_3,Ses01F_script01_3_M,Pretty much all.,sad,negative,sad
Ses01F_script01_3,Ses01F_script01_3_F,"Aw, geez.",sad,negative,sad
Ses01F_script01_3,Ses01F_script01_3_M,You can't just toss off a thing like that because they weren't just men. You know?,sad,negative,sad
Ses01F_script01_3,Ses01F_script01_3_M,"Like for instance, there was this one time it had been raining for several days and this kid he just came up to me and he gave me his last pair of dry socks. He just put them in my pocket. That's a little thing, you know, but that's what kind of guys I had.",sad,negative,sad
Ses01F_script01_3,Ses01F_script01_3_M,"They didn't die, they killed themselves for each other. I mean that, exactly. Just a little more selfish and they would all be here today.",sad,negative,sad
Ses01F_script01_3,Ses01F_script01_3_M,"And I had this idea as I was watching them go down. Everything was being destroyed, you know, but this one thing was being made. It was kind of a monument, it's kind of responsibility, man for man.",,neutral,sad
Ses01F_script01_3,Ses01F_script01_3_F,Mmhmm.,neu,neutral,neu
Ses01F_script01_3,Ses01F_script01_3_M,"To bring that on to the earth again, you know, is like some kind of monument and I thought I would just make a difference to them.",sad,negative,sad
Ses01F_script01_3,Ses01F_script01_3_M,"But then I came home and it was incredible, you know? The whole thing was just kind of this random bus accident. You know, I went back to the rat race again, I went to work.",sad,negative,sad
Ses01F_script01_3,Ses01F_script01_3_M,Driving my new car and seeing a new refrigerator.,,neutral,sad
Ses01F_script01_3,Ses01F_script01_3_M,"I mean...You can't take those things out of a war. when you drive that car and you see that new refrigerator, you have to know that it came out of the love that a man can have for another man.",,positive,sad
Ses01F_script01_3,Ses01F_script01_3_M,And I didn't want any of it. I guess that included you.,sad,negative,sad
Ses01F_script01_3,Ses01F_script01_3_F,Do you still feel that way?,,neutral,sad
Ses01F_script01_3,Ses01F_script01_3_M,I just want you to know Annie.,neu,neutral,neu
Ses01F_script01_3,Ses01F_script01_3_F,"Because you mustn't feel that way. Everything you have, you've earned - everything. you understand me?",,neutral,sad
Ses01F_script01_3,Ses01F_script01_3_F,"Even me. And your money? Chris, there's nothing wrong in your money. Your father put hundreds of planes into the air, you should be proud of that. A man should be paid for that.",,neutral,sad
Ses01F_script01_3,Ses01F_script01_3_M,"Annie, Annie. I am going to make a fortune for you.",,neutral,sad
Ses01F_script01_3,Ses01F_script01_3_F,What would I do with a fortune?,hap,positive,hap
Ses01F_script02_1,Ses01F_script02_1_M,"What time is it? I think it's supposed to run around midnight, right? God, this is great, isn't it, Carla? Look at this night we got here, huh.",,positive,neu
Ses01F_script02_1,Ses01F_script02_1_M,"Actually I want to get a little further up the coast, get away from all like the lights and the people, but... How are you doing?",,neutral,neu
Ses01F_script02_1,Ses01F_script02_1_F,Fine.,neu,neutral,neu
Ses01F_script02_1,Ses01F_script02_1_M,"Okay. Is that, is that--",exc,positive,exc
Ses01F_script02_1,Ses01F_script02_1_M,No. That's just foam. I don't know. I can't tell.,,neutral,neu
Ses01F_script02_1,Ses01F_script02_1_F,[BREATHING],fru,negative,fru
Ses01F_script02_1,Ses01F_script02_1_M,"I don't know, probably if you can't tell, though, it's probably not them, right? It's probably going to be like this unmistakable thing, right?",,neutral,exc
Ses01F_script02_1,Ses01F_script02_1_M,Oh no. you know what I forgot?,,neutral,neu
Ses01F_script02_1,Ses01F_script02_1_F,What?,,neutral,neu
Ses01F_script02_1,Ses01F_script02_1_M,"My flashlight. God, how could I be so stupid? I can't believe I forgot my flashlight.",,neutral,neu
Ses01F_script02_1,Ses01F_script02_1_F,What flashlight?,,neutral,neu
Ses01F_script02_1,Ses01F_script02_1_M,"The flashlight, the silver one. There's only one, isn't there?",neu,neutral,neu
Ses01F_script02_1,Ses01F_script02_1_F,That's not your flashlight.,neu,neutral,neu
Ses01F_script02_1,Ses01F_script02_1_M,Whose is it?,neu,neutral,neu
Ses01F_script02_1,Ses01F_script02_1_F,It's ours; it's my flashlight too.,,neutral,neu
Ses01F_script02_1,Ses01F_script02_1_M,"Oh...well. Yeah, of course.",neu,neutral,neu
Ses01F_script02_1,Ses01F_script02_1_F,You keep saying my flashlight like it's just yours.,ang,negative,ang
Ses01F_script02_1,Ses01F_script02_1_M,No.,neu,neutral,neu
Ses01F_script02_1,Ses01F_script02_1_F,How's that supposed to make me feel?,ang,negative,ang
Ses01F_script02_1,Ses01F_script02_1_M,"Of course, our flashlight. What's yours is mine. Me flashlight es su flashlight.",neu,neutral,neu
Ses01F_script02_1,Ses01F_script02_1_M,"Naturally. God, how could we not think to bring it? I hope the moon stays out, though.",fru,negative,fru
Ses01F_script02_1,Ses01F_script02_1_M,Do they always run during a full moon? I don't remember. Was it full last year?,neu,neutral,neu
Ses01F_script02_1,Ses01F_script02_1_F,Yeah.,neu,neutral,neu
Ses01F_script02_1,Ses01F_script02_1_M,"Huh. Are you cold? Do you want my jacket? No? you know, we should have brought the blanket? Our blanket.",neu,neutral,neu
Ses01F_script02_1,Ses01F_script02_1_M,"Aw. Do you know, I should have brought a six pack, too. A six pack, that would be just the ticket right about now. Huh?",neu,neutral,neu
Ses01F_script02_1,Ses01F_script02_1_M,"God, I'm so excited, I'm like a kid. I can't believe I got out of the house with my fly zipped up.",exc,positive,exc
Ses01F_script02_1,Ses01F_script02_1_F,[LAUGHTER],hap,positive,hap
Ses01F_script02_1,Ses01F_script02_1_M,I wonder if they can hear me talk or like feel the vibrations in the sand when we move around.,,neutral,neu
Ses01F_script02_1,Ses01F_script02_1_F,I'm cold.,sad,negative,sad
Ses01F_script02_1,Ses01F_script02_1_M,Do you want my jacket?,fru,negative,fru
Ses01F_script02_1,Ses01F_script02_1_F,"It's after eleven, let's go.",,neutral,neu
Ses01F_script02_1,Ses01F_script02_1_M,What? We just got here. What's the point of coming all the way down here if we just turn around and go home?,,neutral,neu
Ses01F_script02_1,Ses01F_script02_1_F,There is no point.,,neutral,neu
Ses01F_script02_1,Ses01F_script02_1_M,Right.,neu,neutral,neu
Ses01F_script02_1,Ses01F_script02_1_F,That's my point.,,neutral,neu
Ses01F_script02_1,Ses01F_script02_1_M,"Wait, that's my point, too.",neu,neutral,neu
Ses01F_script02_1,Ses01F_script02_1_F,"Well, then let's go.",fru,negative,fru
Ses01F_script02_1,Ses01F_script02_1_M,"No, no. Okay. That's not my point. My point is there is no point in coming down here if we just turn around and go home. Don't you want to see it?",fru,negative,fru
Ses01F_script02_1,Ses01F_script02_1_F,Not particularly.,neu,neutral,neu
Ses01F_script02_1,Ses01F_script02_1_M,Why not?,neu,neutral,neu
Ses01F_script02_1,Ses01F_script02_1_F,I just don't. It's stupid.,,neutral,neu
Ses01F_script02_1,Ses01F_script02_1_M,"Honey, this is like a natural phenomenon. I mean... People in Kansas would have to get plane reservations and get hotel rooms to see this. It's just forty minutes away for us; it's too good to pass up.",neu,neutral,neu
Ses01F_script02_1,Ses01F_script02_1_F,"Pass what up? I mean these fish swim out of the ocean, they flop around on the beach, they swim away and then they die.",fru,negative,fru
Ses01F_script02_1,Ses01F_script02_1_M,Yeah. But this..this moment on the beach is like the highlight of their little lives. All that flopping around is laying eggs or what to do - spawning or mating or whatever.,neu,neutral,neu
Ses01F_script02_1,Ses01F_script02_1_M,This is a big night for these little guys. It's like life's last orgy.,neu,neutral,neu
Ses01F_script02_1,Ses01F_script02_1_F,I don't see why you're so excited; this isn't a freaking moon landing we are talking about. It's fish. It's a fish nobody even eats.,,positive,fru
Ses01F_script02_1,Ses01F_script02_1_M,Yeah they do.,fru,negative,fru
Ses01F_script02_1,Ses01F_script02_1_F,Oh Augie,fru,negative,fru
Ses01F_script02_1,Ses01F_script02_1_M,"okay... well, Whatever. But it's a fish who do something no other fish do. It's like those swallows returning to Capistrano or like those lemmings that throw themselves off the cliffs.",,negative,fru
Ses01F_script02_1,Ses01F_script02_1_M,"There's like mystery here, there's magic. It's like a little bit of the unexplainable. I just can't see how you're not interested.",neu,neutral,neu
Ses01F_script02_1,Ses01F_script02_1_F,I'm just not.,,neutral,fru
Ses01F_script02_1,Ses01F_script02_1_M,For real?,,neutral,fru
Ses01F_script02_1,Ses01F_script02_1_F,Yeah.,fru,negative,fru
Ses01F_script02_1,Ses01F_script02_1_M,"God, I don't get it. you know the first time we came here, you said it was the best night of your life?",neu,neutral,neu
Ses01F_script02_1,Ses01F_script02_1_M,"And last year, I remember distinctly you said, you were so excited to get here that you don't remember you stubbed your toe until we were in the car.",neu,neutral,neu
Ses01F_script02_1,Ses01F_script02_1_F,"Last time, you'll also remember, we got our shoes wet, I got sand in my panties, you got a sore throat and we got into a big fight and we did not see the grunions.",,neutral,neu
Ses01F_script02_1,Ses01F_script02_1_M,Ahh...we weren't in a good spot.,neu,neutral,neu
Ses01F_script02_1,Ses01F_script02_1_F,Hmm. We didn't see them the year before either.,fru,negative,fru
Ses01F_script02_1,Ses01F_script02_1_M,"We just weren't in a good spot. I'm telling you, this is a much better spot. I have instincts for these things.",neu,neutral,neu
Ses01F_script02_1,Ses01F_script02_1_M,"Look there, see? What's that? No, that's - that's just seaweed.",exc,positive,exc
Ses01F_script02_1,Ses01F_script02_1_M,"God, this is great. Think about this. I know you are not interested, but just think about this.",hap,positive,hap
Ses01F_script02_1,Ses01F_script02_1_M,"Right now out there, there is this mass of silver fish and it's heading this way. No one sent them an invitation, no one told them, no one even gave them a map.",,neutral,exc
Ses01F_script02_1,Ses01F_script02_1_M,"Just all at once, they turned and they formed this line as long as the California coast. And some instinctual little firecracker went off in their bodies and they all just turned as one and started swimming.",exc,positive,exc
Ses01F_script02_1,Ses01F_script02_1_M,They are swimming right now. They are swimming as if that is the only thing that matters to them.,,neutral,exc
Ses01F_script02_1,Ses01F_script02_1_M,It's single mindedness with no mind. It is urgency that is just pure urge.,exc,positive,exc
Ses01F_script02_1,Ses01F_script02_1_M,And they are swimming right now to this very point where we stand for this huge celebration of sex and death.,,neutral,exc
Ses01F_script02_1,Ses01F_script02_1_M,"Oh look. I'm giving myself goose bumps, my hairs are standing up on my arm.",,neutral,exc
Ses01F_script02_1,Ses01F_script02_1_F,That's the wind.,neu,neutral,neu
Ses01F_script02_1,Ses01F_script02_1_M,So what do you think?,hap,positive,hap
Ses01F_script02_1,Ses01F_script02_1_F,About what?,neu,neutral,neu
Ses01F_script02_1,Ses01F_script02_1_M,"About all of that, about all I was talking about.",hap,positive,hap
Ses01F_script02_2,Ses01F_script02_2_M,"Look at this, all of the hairs are standing up on my arm.",exc,positive,exc
Ses01F_script02_2,Ses01F_script02_2_F,That's the wind.,neu,neutral,neu
Ses01F_script02_2,Ses01F_script02_2_M,"Well, so, what do you think?",exc,positive,exc
Ses01F_script02_2,Ses01F_script02_2_F,About what?,neu,neutral,neu
Ses01F_script02_2,Ses01F_script02_2_M,About what I was saying.,neu,neutral,neu
Ses01F_script02_2,Ses01F_script02_2_F,I think it's ridiculous.,,neutral,neu
Ses01F_script02_2,Ses01F_script02_2_M,It certainly is not. It's slightly exaggerated scientific fact.,,neutral,neu
Ses01F_script02_2,Ses01F_script02_2_F,It's PR! Somebody sold you a bunch of crap that there is this wonderful thing that is going to happen tonight on the beach.,,positive,neu
Ses01F_script02_2,Ses01F_script02_2_M,"Not just me, look at all of these people.",fru,negative,fru
Ses01F_script02_2,Ses01F_script02_2_F,"Everybody's told the same story. It keeps us coming back for more, it keeps us excited. We keep thinking that life is going start at any minute if we can just find the right spot, get in on the action.",,positive,neu
Ses01F_script02_2,Ses01F_script02_2_M,"Are we talking about the same thing, here?",,neutral,neu
Ses01F_script02_2,Ses01F_script02_2_F,"I'm sorry, it's just fish to me.",,neutral,neu
Ses01F_script02_2,Ses01F_script02_2_M,"Carla, can I ask you something? Now, don't take this the wrong way, but are you on your period?",neu,neutral,neu
Ses01F_script02_2,Ses01F_script02_2_F,"Don't ask me that. I hate it when you ask me that, you always ask me that. It's insulting.",ang,negative,ang
Ses01F_script02_2,Ses01F_script02_2_M,"Well then, what's bugging you?",fru,negative,fru
Ses01F_script02_2,Ses01F_script02_2_F,We just have different ideas of what this night is supposed to look like.,fru,negative,fru
Ses01F_script02_2,Ses01F_script02_2_M,"There is nothing to it; we come down here, the fish arrive, they flop around, they do their fish thing. We go ooh, ah, look at the fish and we go home.",fru,negative,fru
Ses01F_script02_2,Ses01F_script02_2_F,"For God- Grow up, Augie. The fish are not going to arrive.",ang,negative,ang
Ses01F_script02_2,Ses01F_script02_2_M,Why not?,fru,negative,fru
Ses01F_script02_2,Ses01F_script02_2_F,Because they never do. Have they...Have they ever?,ang,negative,ang
Ses01F_script02_2,Ses01F_script02_2_M,We've missed them twice.,fru,negative,fru
Ses01F_script02_2,Ses01F_script02_2_F,Twice is every time we have tried; that's ever.,ang,negative,ang
Ses01F_script02_2,Ses01F_script02_2_M,They'll show up this time.,fru,negative,fru
Ses01F_script02_2,Ses01F_script02_2_F,No they won't. It's like waiting for Santa Claus.,,neutral,fru
Ses01F_script02_2,Ses01F_script02_2_F,I feel like my whole life is going to be spent standing on this beach with my eyes wide open and my hands clasped expectantly waiting for fish to show up. And the fish never show up.,fru,negative,fru
Ses01F_script02_2,Ses01F_script02_2_M,I thought you wanted to see it.,,neutral,fru
Ses01F_script02_2,Ses01F_script02_2_F,You don't understand anything I am saying.,fru,negative,fru
Ses01F_script02_2,Ses01F_script02_2_M,No. Of course not.,fru,negative,fru
Ses01F_script02_2,Ses01F_script02_2_F,"I did want to see it, I still do, I always do. I just...",,neutral,fru
Ses01F_script02_2,Ses01F_script02_2_F,"I feel like I'm always just standing here waiting. I feel like this night is going to be the night, but it never is.",sad,negative,sad
Ses01F_script02_2,Ses01F_script02_2_M,"It's just fish, it's nothing to get traumatized over.",fru,negative,fru
Ses01F_script02_2,Ses01F_script02_2_F,"For God's sake, this is not about fish.",ang,negative,ang
Ses01F_script02_2,Ses01F_script02_2_M,Okay. I'm trying to work this backwards and pinpoint the exact moment where we took a turn for the worst here.,fru,negative,fru
Ses01F_script02_2,Ses01F_script02_2_M,"Okay. So you were fine during that phone call from Marge and then dinner was okay. And doing the dishes was fine and then I was going to take a shower and you're watching the news and you said the grunions are running tonight, do you want to go? And I said, sure great, let's go.",neu,neutral,neu
Ses01F_script02_2,Ses01F_script02_2_M,"Okay. So I am putting out the pets, getting the car out of the garage.",neu,neutral,neu
Ses01F_script02_2,Ses01F_script02_2_F,Do you remember the first year we came here? It was like four years after we got married.,neu,neutral,neu
Ses01F_script02_2,Ses01F_script02_2_F,"We thought I was pregnant, we got a bottle of champagne, we had no glasses. We took off our shoes and you asked me to dance.",,neutral,neu
Ses01F_script02_2,Ses01F_script02_2_F,"You whispered the sweetest, most intimate things to me right into my ear so I could feel them as much as hear them. And I remember thinking, this is it. You know, finally, I am as happy as I'm supposed to be.",hap,positive,hap
Ses01F_script02_2,Ses01F_script02_2_M,"Wait a minute, I got it.",,neutral,neu
Ses01F_script02_2,Ses01F_script02_2_F,"Drinking champagne from the bottle,",,neutral,neu
Ses01F_script02_2,Ses01F_script02_2_M,"It's when we were driving past that Knickerbocker Liquor Locker, you said, let's get some champagne. I said no, time's a wasting or something like that.",neu,neutral,neu
Ses01F_script02_2,Ses01F_script02_2_F,dancing barefoot in the sand.,fru,negative,fru
Ses01F_script02_2,Ses01F_script02_2_M,"That's what it is? Right? You want this to be like the other time, right?",fru,negative,fru
Ses01F_script02_2,Ses01F_script02_2_F,I'd rather not remember some things. I'd rather not hope for some things.,sad,negative,sad
Ses01F_script02_2,Ses01F_script02_2_M,Sure. All right. Okay.,neu,neutral,neu
Ses01F_script02_2,Ses01F_script02_2_M,"Listen, do you want to dance?",neu,neutral,neu
Ses01F_script02_2,Ses01F_script02_2_F,No.,neu,neutral,neu
Ses01F_script02_2,Ses01F_script02_2_M,Do you want me to go get some champagne?,neu,neutral,neu
Ses01F_script02_2,Ses01F_script02_2_F,No.,,neutral,neu
Ses01F_script02_2,Ses01F_script02_2_M,Do you want to take off your shoes?,hap,positive,hap
Ses01F_script02_2,Ses01F_script02_2_F,"No, no. Nothing.",fru,negative,fru
Ses01F_script02_2,Ses01F_script02_2_M,Then what?,,neutral,neu
Ses01F_script02_2,Ses01F_script02_2_M,Do you want to get married again?,hap,positive,hap
Ses01F_script02_2,Ses01F_script02_2_F,No.,neu,neutral,neu
Ses01F_script02_2,Ses01F_script02_2_M,What? What? Do you want a divorce?,,neutral,neu
Ses01F_script02_2,Ses01F_script02_2_M,A vacation?,,neutral,neu
Ses01F_script02_2,Ses01F_script02_2_F,No.,fru,negative,fru
Ses01F_script02_2,Ses01F_script02_2_M,Like a new carpet? A poodle? A back rub? Ice cream? A suicide pact? What do you want? What the hell do you want?,,neutral,neu
Ses01F_script02_2,Ses01F_script02_2_F,I just want something to turn out like I expected it to.,,neutral,fru
Ses01F_script02_2,Ses01F_script02_2_M,"Well welcome to the human race, huh? Do you think I had some grand fantasy going that four years down the line we would come to this beach and be arguing over fish? No.",,neutral,fru
Ses01F_script02_2,Ses01F_script02_2_F,[BREATHING],fru,negative,fru
Ses01F_script02_2,Ses01F_script02_2_M,"No I'm just like you. I thought it was going to be all roses and peaches and the bills would just pay themselves. And we'll have three, fat rosy cheeked children. Huh, baby, the joke's on us. Because you know what you get?",fru,negative,fru
Ses01F_script02_2,Ses01F_script02_2_M,Do you know what you get? You get this.,fru,negative,fru
Ses01F_script02_2,Ses01F_script02_2_F,This? What is this? This is nothing. This isn't even anything.,fru,negative,fru
Ses01F_script02_2,Ses01F_script02_2_M,Yes it is.,neu,neutral,neu
Ses01F_script02_2,Ses01F_script02_2_F,Sure. This is standing on the beach waiting. This is fighting.,,neutral,fru
Ses01F_script02_2,Ses01F_script02_2_M,Right,,neutral,fru
Ses01F_script02_2,Ses01F_script02_2_F,"I mean this is a lot of things, but it's just...",fru,negative,fru
Ses01F_script02_2,Ses01F_script02_2_M,[BREATHING],fru,negative,fru
Ses01F_script02_2,Ses01F_script02_2_F,Do you understand what I am saying?,fru,negative,fru
Ses01F_script02_2,Ses01F_script02_2_M,I'm doing the best I can.,fru,negative,fru
Ses01F_script02_2,Ses01F_script02_2_F,"I know you are Augie, I know.",sad,negative,sad
Ses01F_script02_2,Ses01F_script02_2_F,"I know you meant this to be special, I know that you wanted it to be right, but I just can't help thinking that, I can't help wishing that I was somewhere else.",sad,negative,sad
Ses01F_script02_2,Ses01F_script02_2_M,"Maybe if you were with someone else, too.",sad,negative,sad
Ses01F_script02_2,Ses01F_script02_2_F,I didn't say that.,sad,negative,sad
Ses01F_script02_2,Ses01F_script02_2_M,I just- I know I don't make you happy.,sad,negative,sad
Ses01F_script02_2,Ses01F_script02_2_F,"Don't be ridiculous. Anything that- anything I am doing, I'd rather be doing it with you.",,neutral,sad
Ses01F_script02_2,Ses01F_script02_2_M,Yeah?,,neutral,sad
Ses01F_script02_2,Ses01F_script02_2_F,Yeah. Don't you know that?,,neutral,sad
Ses01F_script02_2,Ses01F_script02_2_F,For Heaven's sake Augie.,,neutral,sad
Ses01F_script02_2,Ses01F_script02_2_F,"You're the one who probably wishes he was with somebody else. Somebody who doesn't take things so seriously, who could enjoy herself.",sad,negative,sad
Ses01F_script02_2,Ses01F_script02_2_M,"You know, actually now that you mention it, no I don't.",neu,neutral,neu
Ses01F_script02_2,Ses01F_script02_2_F,"So maybe we are in the wrong spot, but we are with the right person.",neu,neutral,neu
Ses01F_script02_2,Ses01F_script02_2_M,"I don't know, it seemed like such a good spot to me.",fru,negative,fru
Ses01F_script02_2,Ses01F_script02_2_M,"We have a great view of the moon from here, though, huh?",neu,neutral,neu
Ses01F_script02_2,Ses01F_script02_2_F,"Hmm. I noticed that, it's pretty. Big old white moon.",hap,positive,hap
Ses01F_script02_2,Ses01F_script02_2_M,[BREATHING],neu,neutral,neu
Ses01F_script02_2,Ses01F_script02_2_M,And look what I got here.,hap,positive,hap
Ses01F_script02_2,Ses01F_script02_2_F,"Augie, you bought refreshments.",hap,positive,hap
Ses01F_script02_2,Ses01F_script02_2_M,It's not champagne.,,neutral,hap
Ses01F_script02_2,Ses01F_script02_2_F,I guess we don't need glasses.,hap,positive,hap
Ses01F_script02_2,Ses01F_script02_2_M,[BREATHING],hap,positive,hap
Ses01F_script02_2,Ses01F_script02_2_M,Do you want to go home? Are you cold?,neu,neutral,neu
Ses01F_script02_2,Ses01F_script02_2_F,I'm beginning to think this might be the right spot after all.,hap,positive,hap
Ses01F_script02_2,Ses01F_script02_2_F,"Augie, I'm sorry.",sad,negative,sad
Ses01F_script02_2,Ses01F_script02_2_M,"Shh. If we're very quiet, the fish might come.",neu,neutral,neu
Ses01F_script02_2,Ses01F_script02_2_F,Or not.,neu,neutral,neu
Ses01F_script02_2,Ses01F_script02_2_M,Or not.,hap,positive,hap
Ses01F_script03_1,Ses01F_script03_1_M,Good God.,,positive,neu
Ses01F_script03_1,Ses01F_script03_1_F,Is it them?,,neutral,neu
Ses01F_script03_1,Ses01F_script03_1_M,I wonder.,,neutral,neu
Ses01F_script03_1,Ses01F_script03_1_F,Freda is the only one who knows we are here. She wouldn't ring up.,,neutral,neu
Ses01F_script03_1,Ses01F_script03_1_M,It must be them then.,,neutral,neu
Ses01F_script03_1,Ses01F_script03_1_F,It had to happen sooner or later. What are we going to do?,,neutral,neu
Ses01F_script03_1,Ses01F_script03_1_M,[BREATHING],,neutral,neu
Ses01F_script03_1,Ses01F_script03_1_M,"We are okay, aren't we darling?",,neutral,neu
Ses01F_script03_1,Ses01F_script03_1_F,"Now and always, sweet.",,neutral,neu
Ses01F_script03_1,Ses01F_script03_1_M,I don't care then.,exc,positive,exc
Ses01F_script03_1,Ses01F_script03_1_F,It had to happen sooner or later.,,neutral,neu
Ses01F_script03_1,Ses01F_script03_1_M,"Hello? Hello? I'm sorry, what's that?",,neutral,hap
Ses01F_script03_1,Ses01F_script03_1_M,No. Wrong number. [LAUGHTER],hap,positive,hap
Ses01F_script03_1,Ses01F_script03_1_F,[LAUGHTER] That sent shivers up my spine.,hap,positive,hap
Ses01F_script03_1,Ses01F_script03_1_M,What shall we do if they suddenly walk in on us.[LAUGHTER],hap,positive,hap
Ses01F_script03_1,Ses01F_script03_1_F,We'll behave exquisitely.,exc,positive,exc
Ses01F_script03_1,Ses01F_script03_1_M,With perfect poise.,hap,positive,hap
Ses01F_script03_1,Ses01F_script03_1_F,I think I shall do a curtsy.,exc,positive,exc
Ses01F_script03_1,Ses01F_script03_1_M,"It's strange; things that ought to matter dreadfully, they just don't matter at all when one's happy. Do they?",hap,positive,hap
Ses01F_script03_1,Ses01F_script03_1_F,Hmm. The pity is that one can't stay happy.,,positive,hap
Ses01F_script03_1,Ses01F_script03_1_M,"Darling, don't say that.",,neutral,hap
Ses01F_script03_1,Ses01F_script03_1_F,It's true. I think the whole thing's a cruel joke.,,neutral,hap
Ses01F_script03_1,Ses01F_script03_1_M,What? This beautiful and sacred thing - love?,,positive,hap
Ses01F_script03_1,Ses01F_script03_1_F,Yes. Meaning just that.,hap,positive,hap
Ses01F_script03_1,Ses01F_script03_1_M,"Well what does it all mean? That's what I ask myself in my quest for ultimate truth. Dear God, what does it all mean?",hap,positive,hap
Ses01F_script03_1,Ses01F_script03_1_F,Don't laugh at me. I'm being serious.,hap,positive,hap
Ses01F_script03_1,Ses01F_script03_1_M,"Oh darling, you mustn't be serious. It's just what they want.",,neutral,hap
Ses01F_script03_1,Ses01F_script03_1_F,Who's they?,exc,positive,exc
Ses01F_script03_1,Ses01F_script03_1_M,"All of those futile moralists who make life unbearable. You have to laugh at them, be flippant.",,neutral,hap
Ses01F_script03_1,Ses01F_script03_1_M,"You know, flippancy brings out the acid in their darned, light and sweetness.",,neutral,hap
Ses01F_script03_1,Ses01F_script03_1_F,"you know if I laugh at everything then I must laugh at us, too.",,neutral,hap
Ses01F_script03_1,Ses01F_script03_1_M,Oh of course. We are figures of fun. All right.,,neutral,hap
Ses01F_script03_1,Ses01F_script03_1_F,"How long with it last, this ludicrous overbearing love of ours?",,positive,hap
Ses01F_script03_1,Ses01F_script03_1_M,Who knows?,hap,positive,hap
Ses01F_script03_1,Ses01F_script03_1_F,Shall we always want to bicker and fight?,,neutral,hap
Ses01F_script03_1,Ses01F_script03_1_M,Oh no. That fire will fade along with our passion.,,neutral,hap
Ses01F_script03_1,Ses01F_script03_1_F,"Oh dear, should we like that?",,neutral,hap
Ses01F_script03_1,Ses01F_script03_1_M,Well it depends on how well we've played.,,neutral,hap
Ses01F_script03_1,Ses01F_script03_1_F,What happens if one of us dies? Does the other one still laugh?,,neutral,hap
Ses01F_script03_1,Ses01F_script03_1_M,Yes. Yes with all of his might.,exc,positive,exc
Ses01F_script03_1,Ses01F_script03_1_F,"Well that's serious enough, isn't it?",,neutral,hap
Ses01F_script03_1,Ses01F_script03_1_M,"No, no, no, no. no. Death is a very laughable thing. It's a cunning little mystery, it's all done with mirrors.",,neutral,hap
Ses01F_script03_1,Ses01F_script03_1_F,I think you are talking nonsense.,,neutral,hap
Ses01F_script03_1,Ses01F_script03_1_M,"Oh. So is everyone, in the long run.",,neutral,hap
Ses01F_script03_1,Ses01F_script03_1_M,"Let's be superficial, and just pity those poor philosophers, huh? Let's blow trumpets and squeakers and enjoy the party for as long as we can, you know, like small, idiotic school children.",exc,positive,exc
Ses01F_script03_1,Ses01F_script03_1_F,[LAUGHTER],hap,positive,hap
Ses01F_script03_1,Ses01F_script03_1_M,Oh Come and kiss me darling before your body rots and worms pop out of your eye sockets.,hap,positive,hap
Ses01F_script03_1,Ses01F_script03_1_F,"Oh Elliott, worms don't pop.",hap,positive,hap
Ses01F_script03_1,Ses01F_script03_1_M,"Oh See, I don't care what you do, see. You can paint yourself green and run naked through the Place Vendome and run off with all of the men of the world. I shan't say a word, just as long as you love me best.",hap,positive,hap
Ses01F_script03_1,Ses01F_script03_1_F,"Aw. Thank you, darling. The same applies to you too, except that if you so much as look at another woman I'll kill you.",hap,positive,hap
Ses01F_script03_1,Ses01F_script03_1_M,Do you remember that awful scene we had in Venice?,,neutral,hap
Ses01F_script03_1,Ses01F_script03_1_F,Which particular one?,,neutral,hap
Ses01F_script03_1,Ses01F_script03_1_M,The one where you put that tiny painted wooden snake in my bed.,,neutral,hap
Ses01F_script03_1,Ses01F_script03_1_F,"Oh Charles, that was his name. He did wiggle so beautifully.",exc,positive,exc
Ses01F_script03_1,Ses01F_script03_1_M,[GARBAGE],,neutral,hap
Ses01F_script03_1,Ses01F_script03_1_M,It was a terrible thing. I hated it.,,negative,hap
Ses01F_script03_1,Ses01F_script03_1_F,I know you did. You threw him out the window into the Grand Canal. I'll never forgive you for that.,,neutral,hap
Ses01F_script03_1,Ses01F_script03_1_M,How long did that row last?,,neutral,hap
Ses01F_script03_1,Ses01F_script03_1_F,It went on intermittently for days.,,neutral,hap
Ses01F_script03_1,Ses01F_script03_1_M,Uh huh.,,neutral,hap
Ses01F_script03_1,Ses01F_script03_1_M,But the worst one was in Cannes when your curling irons burnt a hole in my new dressing gown.,,neutral,hap
Ses01F_script03_1,Ses01F_script03_1_F,"Oh And it burnt my comb, too, and all of those towels in the bathroom.",,neutral,hap
Ses01F_script03_1,Ses01F_script03_1_M,"That was a rouser, wasn't it?",hap,positive,hap
Ses01F_script03_1,Ses01F_script03_1_F,[LAUGHTER] That was the first time you hit me.,,neutral,hap
Ses01F_script03_1,Ses01F_script03_1_M,I did not hit you very hard.,,neutral,hap
Ses01F_script03_1,Ses01F_script03_1_F,"The manager came in, he found us rolling about the floor, biting and scratching like panthers. [LAUGHTER] How utterly, utterly ridiculous.",hap,positive,hap
Ses01F_script03_1,Ses01F_script03_1_M,[LAUGHTER] I'll never forget his face. [LAUGHTER],hap,positive,hap
Ses01F_script03_1,Ses01F_script03_1_M,[LAUGHTER] We were very much younger then.,hap,positive,hap
Ses01F_script03_1,Ses01F_script03_1_F,[LAUGHTER] And very much sillier.,hap,positive,hap
Ses01F_script03_1,Ses01F_script03_1_M,However I believe the real cause of that row was Peter Burden.,,neutral,hap
Ses01F_script03_1,Ses01F_script03_1_F,Oh. You knew there was nothing in that.,,neutral,hap
Ses01F_script03_2,Ses01F_script03_2_M,We were very much younger then.,,neutral,hap
Ses01F_script03_2,Ses01F_script03_2_F,And very much sillier.,hap,positive,hap
Ses01F_script03_2,Ses01F_script03_2_M,However I believe the real cause of that row was Peter Burden.,neu,neutral,neu
Ses01F_script03_2,Ses01F_script03_2_F,Oh. You knew there was nothing in that.,hap,positive,hap
Ses01F_script03_2,Ses01F_script03_2_M,I knew nothing of the sort. You took presents from him.,neu,neutral,neu
Ses01F_script03_2,Ses01F_script03_2_F,"Presents? It was only a trivial, little brooch.",hap,positive,hap
Ses01F_script03_2,Ses01F_script03_2_M,"It was bristling with diamonds. In the worst possible taste, too.",,neutral,neu
Ses01F_script03_2,Ses01F_script03_2_F,"It was not. I still have it, and I wear it often. It is very pretty.",,neutral,neu
Ses01F_script03_2,Ses01F_script03_2_M,You went out of your way to torture me over Peter Burden.,neu,neutral,neu
Ses01F_script03_2,Ses01F_script03_2_F,I did not. You worked that whole thing up in your jealous imagination.,neu,neutral,neu
Ses01F_script03_2,Ses01F_script03_2_M,"Well, you let him kiss you, huh? You said you did.",fru,negative,fru
Ses01F_script03_2,Ses01F_script03_2_F,"Well, what of it?",neu,neutral,neu
Ses01F_script03_2,Ses01F_script03_2_M,What of it?,,neutral,neu
Ses01F_script03_2,Ses01F_script03_2_F,It gave him a lot of pleasure and it didn't hurt me.,,neutral,neu
Ses01F_script03_2,Ses01F_script03_2_M,What about me?,ang,negative,ang
Ses01F_script03_2,Ses01F_script03_2_F,"If you hadn't been so suspicious and nosey, you never would have known a thing about it.",,neutral,neu
Ses01F_script03_2,Ses01F_script03_2_M,"That's a nice point of view, I must say.",,neutral,neu
Ses01F_script03_2,Ses01F_script03_2_F,Oh dear. I'm bored with this conversation.,fru,negative,fru
Ses01F_script03_2,Ses01F_script03_2_M,So am I. I'm bored stiff. [GARBAGE] Do you want some brandy?,fru,negative,fru
Ses01F_script03_2,Ses01F_script03_2_F,No. Thank you.,,neutral,neu
Ses01F_script03_2,Ses01F_script03_2_M,"I'll have a little, I think.",neu,neutral,neu
Ses01F_script03_2,Ses01F_script03_2_F,"I don't know why you'd want any, you've already had three glasses.",,neutral,neu
Ses01F_script03_2,Ses01F_script03_2_M,"No particular reason. Anyhow, they are very small ones.",neu,neutral,neu
Ses01F_script03_2,Ses01F_script03_2_F,I just think it's silly to go on and on and on about such a thing.,,neutral,neu
Ses01F_script03_2,Ses01F_script03_2_M,"You can hardly call three glasses of liquor a whole evening long, going on and on and on.",fru,negative,fru
Ses01F_script03_2,Ses01F_script03_2_F,It's become a habit with you.,,neutral,neu
Ses01F_script03_2,Ses01F_script03_2_M,Oh. Don't be so grand. Just because you don't happen to want one at the moment.,fru,negative,fru
Ses01F_script03_2,Ses01F_script03_2_F,Don't be stupid.,ang,negative,ang
Ses01F_script03_2,Ses01F_script03_2_M,"Really, Amanda.",ang,negative,ang
Ses01F_script03_2,Ses01F_script03_2_F,What?,ang,negative,ang
Ses01F_script03_2,Ses01F_script03_2_M,Nothing.,fru,negative,fru
Ses01F_script03_2,Ses01F_script03_2_M,"you going out somewhere, dear?",neu,neutral,neu
Ses01F_script03_2,Ses01F_script03_2_F,No. I am just making myself fascinating for you.,ang,negative,ang
Ses01F_script03_2,Ses01F_script03_2_M,That reply has broken my heart.,,neutral,ang
Ses01F_script03_2,Ses01F_script03_2_F,Oh. It's a woman's duty to allure the man.,ang,negative,ang
Ses01F_script03_2,Ses01F_script03_2_M,"Well as a matter of fact, yes, that's perfectly true.",neu,neutral,neu
Ses01F_script03_2,Ses01F_script03_2_F,No it isn't.,ang,negative,ang
Ses01F_script03_2,Ses01F_script03_2_M,Yes it is.,neu,neutral,neu
Ses01F_script03_2,Ses01F_script03_2_F,You shut up.,ang,negative,ang
Ses01F_script03_2,Ses01F_script03_2_M,"Oh really. It's a pity you didn't have any brandy, it would have made you a little less disagreeable.",ang,negative,ang
Ses01F_script03_2,Ses01F_script03_2_F,It's funny it hasn't worked such wonders for you.,,neutral,ang
Ses01F_script03_2,Ses01F_script03_2_M,"Snap, snap, snap. You know you are like a little adder.",ang,negative,ang
Ses01F_script03_2,Ses01F_script03_2_F,"Adders don't snap, they sting.",,neutral,ang
Ses01F_script03_2,Ses01F_script03_2_M,Nonsense. They have a bag of venom behind their fangs and they snap. They snap.,ang,negative,ang
Ses01F_script03_2,Ses01F_script03_2_F,They sting. I don't care. Do you understand? I don't care if they bark and they roll about like hoops.,ang,negative,ang
Ses01F_script03_2,Ses01F_script03_2_M,Did you see much of Peter Burden after our divorce?,ang,negative,ang
Ses01F_script03_2,Ses01F_script03_2_F,"Yes I did, quite a lot.",ang,negative,ang
Ses01F_script03_2,Ses01F_script03_2_M,"And I suppose you let him kiss you a good deal more than, too. Yes. I suppose you guys had a riotous time, huh? All out, no restraint at all. Well, you never really had much anyhow.",ang,negative,ang
Ses01F_script03_2,Ses01F_script03_2_F,Mind your own business.,ang,negative,ang
Ses01F_script03_2,Ses01F_script03_2_F,"You're quite insufferable, I expect it's because you are drunk.",ang,negative,ang
Ses01F_script03_2,Ses01F_script03_2_M,I think I am not in the least bit drunk.,ang,negative,ang
Ses01F_script03_2,Ses01F_script03_2_F,You've always had a weak head.,ang,negative,ang
Ses01F_script03_2,Ses01F_script03_2_M,I think I mentioned once before that I've had three minute liquor glasses the whole evening long. A child of two cannot get drunk on that.,ang,negative,ang
Ses01F_script03_2,Ses01F_script03_2_F,"On the contrary, a child of two can get violently drunk on only one glass of brandy.",ang,negative,ang
Ses01F_script03_2,Ses01F_script03_2_M,"That's very interesting Amanda. How about a child of four? Or a child of six? Or a child of nine? We can get a good little conversation going on about this, you know, intemperate tots.",ang,negative,ang
Ses01F_script03_2,Ses01F_script03_2_F,Oh shut up.,ang,negative,ang
Ses01F_script03_2,Ses01F_script03_2_F,Shut up.,ang,negative,ang
Ses01F_script03_2,Ses01F_script03_2_F,"Not very funny, darling. Why don't you have some more brandy.",ang,negative,ang
Ses01F_script03_2,Ses01F_script03_2_M,[LAUGHTER] That's a very good idea. I think I will.,,positive,ang
Ses01F_script03_2,Ses01F_script03_2_M,"Look, you better turn that off. I don't want to wake up the people upstairs.",ang,negative,ang
Ses01F_script03_2,Ses01F_script03_2_F,Why?,neu,neutral,neu
Ses01F_script03_2,Ses01F_script03_2_F,There are no people upstairs; it's a photographer's studio.,neu,neutral,neu
Ses01F_script03_2,Ses01F_script03_2_M,Well then you'll wake up the people downstairs.,ang,negative,ang
Ses01F_script03_2,Ses01F_script03_2_F,They are away in Tunis.,neu,neutral,neu
Ses01F_script03_2,Ses01F_script03_2_M,This is no time of year for Tunis.,neu,neutral,neu
Ses01F_script03_2,Ses01F_script03_2_F,"Turn it on again, please.",,neutral,ang
Ses01F_script03_2,Ses01F_script03_2_M,I will do no such thing.,ang,negative,ang
Ses01F_script03_2,Ses01F_script03_2_F,Fine if you insist on being boorish and idiotic.,ang,negative,ang
Ses01F_script03_2,Ses01F_script03_2_M,"Will you turn that off, it's driving me mad.",ang,negative,ang
Ses01F_script03_2,Ses01F_script03_2_F,"You are far too temperamental, try to control yourself.",ang,negative,ang
Ses01F_script03_2,Ses01F_script03_2_M,Turn it off.,ang,negative,ang
Ses01F_script03_2,Ses01F_script03_2_F,"I won't. Let go, let go of me. Listen, listen? I'm sick and tired of listening to you, you sadistic bully.",ang,negative,ang
Ses01F_script03_2,Ses01F_script03_2_M,"Amanda, listen, listen.",ang,negative,ang
Ses01F_script03_2,Ses01F_script03_2_M,Oh. That's very amusing indeed.,ang,negative,ang
Ses01F_script03_2,Ses01F_script03_2_F,"Oh shut up. Let go. I hate you, I hate you. Do you hear? You are a conceited and overbearing and utterly impossible.",ang,negative,ang
Ses01F_script03_2,Ses01F_script03_2_M,"You are a vile, ill-tempered, loose living, wicked little beast and I never want to see you again as long as I live.",ang,negative,ang
Ses01F_script03_2,Ses01F_script03_2_F,This is the end. Do you hear me? Finally and forever.,ang,negative,ang
Ses01F_script03_2,Ses01F_script03_2_M,You're not going like this.,ang,negative,ang
Ses01F_script03_2,Ses01F_script03_2_F,Oh. Yes I am.,ang,negative,ang
Ses01F_script03_2,Ses01F_script03_2_M,You're not.,ang,negative,ang
Ses01F_script03_2,Ses01F_script03_2_F,"Yes I am. Stop it. Stop it. Let go of me. Oh. You're a cruel fiend. I loathe and I hate you. Marry you again? Never, never, never. I hope you die in torment, you brute beast cad.",ang,negative,ang
Ses01F_script03_2,Ses01F_script03_2_M,"Shut up. Shut up. God, I wouldn't marry you again if you came crawling back to me on a bended knee. You are a vile, ill-tempered, mean little wench and I never want to see you again as long as I live.",ang,negative,ang
Ses01M_impro01,Ses01M_impro01_F,Next.,ang,negative,ang
Ses01M_impro01,Ses01M_impro01_M,"Yes, me. Okay, okay here we go.",fru,negative,fru
Ses01M_impro01,Ses01M_impro01_F,My window is open.,ang,negative,ang
Ses01M_impro01,Ses01M_impro01_M,"Okay, so filled out all these forms --",fru,negative,fru
Ses01M_impro01,Ses01M_impro01_F,This is... Your last- Your first name is Jones?,,neutral,fru
Ses01M_impro01,Ses01M_impro01_M,and I have This form of ID here so...,fru,negative,fru
Ses01M_impro01,Ses01M_impro01_M,"Yes, Jones.",neu,neutral,neu
Ses01M_impro01,Ses01M_impro01_F,That's just strange I figured you filled in wrong sections.,,neutral,fru
Ses01M_impro01,Ses01M_impro01_M,Well...,,neutral,fru
Ses01M_impro01,Ses01M_impro01_F,What are you... what's...What are you applying for?,fru,negative,fru
Ses01M_impro01,Ses01M_impro01_M,I'm just applying for another ID.,fru,negative,fru
Ses01M_impro01,Ses01M_impro01_F,Another ID?,,neutral,fru
Ses01M_impro01,Ses01M_impro01_M,"Yes. I'm supposed to have three forms of ID for this. It's a long story, I'm supposed to have three forms of ID for this other job I really don't get into but I need another...",fru,negative,fru
Ses01M_impro01,Ses01M_impro01_F,Fine. So I need ID.,,neutral,fru
Ses01M_impro01,Ses01M_impro01_M,"I have it right here, yes.",fru,negative,fru
Ses01M_impro01,Ses01M_impro01_F,"No, I need your ID to give you a second ID.",ang,negative,ang
Ses01M_impro01,Ses01M_impro01_F,It's really simple if you have a problem with it... Maybe you should--,ang,negative,ang
Ses01M_impro01,Ses01M_impro01_M,But that's...,fru,negative,fru
Ses01M_impro01,Ses01M_impro01_M,"That's why I'm here, that's why I was waiting in this line. I need to get another form of ID.",fru,negative,fru
Ses01M_impro01,Ses01M_impro01_F,"Well, do you have your passport?",,neutral,fru
Ses01M_impro01,Ses01M_impro01_M,"No, I don't have a passport.",neu,neutral,neu
Ses01M_impro01,Ses01M_impro01_F,You have a birth certificate?,fru,negative,fru
Ses01M_impro01,Ses01M_impro01_M,"I don't where it is though, I don't have with me. Can I get it from somewhere? I mean...",fru,negative,fru
Ses01M_impro01,Ses01M_impro01_F,What do you expect me to do?,ang,negative,ang
Ses01M_impro01,Ses01M_impro01_M,I probably have to go wait another line to get my birth certificate don't I?,fru,negative,fru
Ses01M_impro01,Ses01M_impro01_F,Probably.,ang,negative,ang
Ses01M_impro01,Ses01M_impro01_M,You're very helpful. What's your name?,fru,negative,fru
Ses01M_impro01,Ses01M_impro01_F,Joy.,,positive,fru
Ses01M_impro01,Ses01M_impro01_M,"Hi, Joy.",,positive,fru
Ses01M_impro01,Ses01M_impro01_F,Hi. You know...,,neutral,fru
Ses01M_impro01,Ses01M_impro01_M,So can you help me or not?,fru,negative,fru
Ses01M_impro01,Ses01M_impro01_F,I am..I don't..I don't understand what you want. A driver's license or a California ID.,fru,negative,fru
Ses01M_impro01,Ses01M_impro01_M,Okay. [BREATHING],fru,negative,fru
Ses01M_impro01,Ses01M_impro01_M,I need California ID.,fru,negative,fru
Ses01M_impro01,Ses01M_impro01_F,Okay.,,neutral,fru
Ses01M_impro01,Ses01M_impro01_M,On top of these other two forms of ID which I already have.,fru,negative,fru
Ses01M_impro01,Ses01M_impro01_F,"What... well, do you have a driver's license?",,neutral,fru
Ses01M_impro01,Ses01M_impro01_M,"No, I don't have driver's license.",fru,negative,fru
Ses01M_impro01,Ses01M_impro01_F,Then how am I supposed to give you a California ID?,,neutral,fru
Ses01M_impro01,Ses01M_impro01_M,Did you even look at the form? I filled it out all these questions--,ang,negative,ang
Ses01M_impro01,Ses01M_impro01_F,Don't raise your voice with me.,ang,negative,ang
Ses01M_impro01,Ses01M_impro01_M,Did you even look at the form? I've already answered these question.,,neutral,ang
Ses01M_impro01,Ses01M_impro01_F,Don't talk to me like I'm a child.,ang,negative,ang
Ses01M_impro01,Ses01M_impro01_M,Okay.,fru,negative,fru
Ses01M_impro01,Ses01M_impro01_F,Do you know how long I've been working here? How long have you lived in California?,ang,negative,ang
Ses01M_impro01,Ses01M_impro01_M,If it makes you stop acting like a child.,fru,negative,fru
Ses01M_impro01,Ses01M_impro01_M,I have been to California my whole--,,neutral,fru
Ses01M_impro01,Ses01M_impro01_F,"Maybe you never been to the D.M.V. before, maybe you should get back in line. You know what? sit in line again and if you get my number ask for different one.",ang,negative,ang
Ses01M_impro01,Ses01M_impro01_M,I am not...I'm not getting to back that line.,ang,negative,ang
Ses01M_impro01,Ses01M_impro01_M,"Okay, okay let's keep our voices down, okay? I didn't come here to get in yelling match.",fru,negative,fru
Ses01M_impro01,Ses01M_impro01_F,I'm perfectly calm.,,neutral,fru
Ses01M_impro01,Ses01M_impro01_M,"I did not come in here to get in a yelling match with you, all right?",fru,negative,fru
Ses01M_impro01,Ses01M_impro01_F,Uh huh. I didn't come here get in yelling match either.,neu,neutral,neu
Ses01M_impro01,Ses01M_impro01_M,Just try and help me.,fru,negative,fru
Ses01M_impro01,Ses01M_impro01_F,They don't pay me enough to deal people like you.,neu,neutral,neu
Ses01M_impro01,Ses01M_impro01_M,"People like me, what is that supposed to mean? You know, this is ridiculous. Is there like a manager here, is there someone else that I can talk to?",,neutral,neu
Ses01M_impro01,Ses01M_impro01_F,Why?,,neutral,neu
Ses01M_impro01,Ses01M_impro01_M,Why?,ang,negative,ang
Ses01M_impro01,Ses01M_impro01_F,Yeah.,,neutral,ang
Ses01M_impro01,Ses01M_impro01_F,"So you're not going to send me a thank you card, is that a problem? Is your are not going...",,neutral,ang
Ses01M_impro01,Ses01M_impro01_M,"Why, because I'm sick of talking to you.",ang,negative,ang
Ses01M_impro01,Ses01M_impro01_M,"'Cause you're obviously not talking to me, you're just yelling at me, berating me and telling me I can't fill out forms right.",ang,negative,ang
Ses01M_impro01,Ses01M_impro01_F,"Oh, dear. Oh, boo-foo-woo, foo-foo.",,neutral,ang
Ses01M_impro01,Ses01M_impro01_M,"Oh, no honey. And you're going to miss the Christmas card too. It's a shame. It's going to be a good, nice picture.",fru,negative,fru
Ses01M_impro01,Ses01M_impro01_F,Sit back down.,,neutral,ang
Ses01M_impro02,Ses01M_impro02_M,"Hey, Joy come in here.",neu,neutral,neu
Ses01M_impro02,Ses01M_impro02_F,What's happening?,neu,neutral,neu
Ses01M_impro02,Ses01M_impro02_M,I have to go back.,sad,negative,sad
Ses01M_impro02,Ses01M_impro02_M,I just got a letter I have to go back.,sad,negative,sad
Ses01M_impro02,Ses01M_impro02_F,When?,,neutral,sad
Ses01M_impro02,Ses01M_impro02_M,First thing tomorrow morning.,sad,negative,sad
Ses01M_impro02,Ses01M_impro02_F,Are you kidding me?,,neutral,sad
Ses01M_impro02,Ses01M_impro02_F,How...,fru,negative,fru
Ses01M_impro02,Ses01M_impro02_M,"I don't understand, I don't underst--",,neutral,fru
Ses01M_impro02,Ses01M_impro02_F,How can they do that?,fru,negative,fru
Ses01M_impro02,Ses01M_impro02_M,They can do it.,,neutral,fru
Ses01M_impro02,Ses01M_impro02_F,They said you're home for at least four years.,fru,negative,fru
Ses01M_impro02,Ses01M_impro02_M,"I guess they can do it,",fru,negative,fru
Ses01M_impro02,Ses01M_impro02_M,"The National Guard is I guess really spread thin and then everyone has to go. We all have to go back, my whole companies going back.",sad,negative,sad
Ses01M_impro02,Ses01M_impro02_F,[BREATHING],fru,negative,fru
Ses01M_impro02,Ses01M_impro02_F,That's not fair.,fru,negative,fru
Ses01M_impro02,Ses01M_impro02_M,I can't believe it. I just got back.,,neutral,sad
Ses01M_impro02,Ses01M_impro02_M,"So yeah, we leave tomorrow...",sad,negative,sad
Ses01M_impro02,Ses01M_impro02_F,[BREATHING],fru,negative,fru
Ses01M_impro02,Ses01M_impro02_M,...we're all shipping out.,sad,negative,sad
Ses01M_impro02,Ses01M_impro02_M,I just got I feel like I'm in shock actually.,sad,negative,sad
Ses01M_impro02,Ses01M_impro02_F,I don't even know what to tell you.,sad,negative,sad
Ses01M_impro02,Ses01M_impro02_M,I don't know.,sad,negative,sad
Ses01M_impro02,Ses01M_impro02_F,What about the birthday party?,sad,negative,sad
Ses01M_impro02,Ses01M_impro02_M,I guess you're just going to have to have it without me.,sad,negative,sad
Ses01M_impro02,Ses01M_impro02_M,"Hey listen, it's going to be okay though, all right?",sad,negative,sad
Ses01M_impro02,Ses01M_impro02_M,You're going to be fine.,sad,negative,sad
Ses01M_impro02,Ses01M_impro02_F,Me? I'm not worried about me.,,neutral,sad
Ses01M_impro02,Ses01M_impro02_M,"I'm going to be fine too, okay?",sad,negative,sad
Ses01M_impro02,Ses01M_impro02_F,How do you know?,,neutral,sad
Ses01M_impro02,Ses01M_impro02_M,I know I have a good... I have a really good group of guys with me.,sad,negative,sad
Ses01M_impro02,Ses01M_impro02_M,We're going to be okay.,sad,negative,sad
Ses01M_impro02,Ses01M_impro02_F,You're going with the same ones?,sad,negative,sad
Ses01M_impro02,Ses01M_impro02_M,Do promise me you're going to take a lot of pictures.,sad,negative,sad
Ses01M_impro02,Ses01M_impro02_F,"Always, I always do.",,neutral,sad
Ses01M_impro02,Ses01M_impro02_M,I know.,sad,negative,sad
Ses01M_impro02,Ses01M_impro02_F,It's not the same though.,sad,negative,sad
Ses01M_impro02,Ses01M_impro02_M,I just wish there was something I could do.,sad,negative,sad
Ses01M_impro02,Ses01M_impro02_F,We could hide away.,,neutral,sad
Ses01M_impro02,Ses01M_impro02_M,Run away?,sad,negative,sad
Ses01M_impro02,Ses01M_impro02_F,Mm hmm. We'll build a bunker and never come out.,sad,negative,sad
Ses01M_impro02,Ses01M_impro02_M,"I really don't want to go, I don't want to go...",sad,negative,sad
Ses01M_impro02,Ses01M_impro02_F,[LAUGHTER] Mmm.,,neutral,sad
Ses01M_impro02,Ses01M_impro02_M,I'm scared.,,neutral,sad
Ses01M_impro02,Ses01M_impro02_F,Don't say that.,sad,negative,sad
Ses01M_impro02,Ses01M_impro02_F,I'll send you a letter every single day.,,neutral,sad
Ses01M_impro02,Ses01M_impro02_M,I love you.,sad,negative,sad
Ses01M_impro02,Ses01M_impro02_F,I love you too.,,positive,sad
Ses01M_impro03,Ses01M_impro03_M,The craziest thing just happened to me.,exc,positive,exc
Ses01M_impro03,Ses01M_impro03_F,What?,,neutral,exc
Ses01M_impro03,Ses01M_impro03_M,This girl; she just offered me fifty thousand dollars to marry her.,exc,positive,exc
Ses01M_impro03,Ses01M_impro03_F,[BREATHING],,neutral,exc
Ses01M_impro03,Ses01M_impro03_M,Yeah.,,neutral,exc
Ses01M_impro03,Ses01M_impro03_F,Why?,exc,positive,exc
Ses01M_impro03,Ses01M_impro03_M,"Well, she's not a citizen so she wants to get a visa.",neu,neutral,neu
Ses01M_impro03,Ses01M_impro03_F,Is she on the run?,exc,positive,exc
Ses01M_impro03,Ses01M_impro03_M,"No, no, no, no, no, no she just... she's not a citizen but she wants her visa, yeah. She's going to pay me fifty thousand dollars to marry her and stay married to her for two years.",exc,positive,exc
Ses01M_impro03,Ses01M_impro03_F,"Oh, she just needs to marry you.",exc,positive,exc
Ses01M_impro03,Ses01M_impro03_F,That's incredible. That's awesome. Where's she from? Maybe you can get a dual citizenship.,exc,positive,exc
Ses01M_impro03,Ses01M_impro03_M,That's like twenty five thousand dollar a year for doing nothing. Isn't that awesome?,exc,positive,exc
Ses01M_impro03,Ses01M_impro03_M,"She's actually from England, I think. Well she- she spoke English but she had an accent. I didn't even ask.",neu,neutral,neu
Ses01M_impro03,Ses01M_impro03_F,That's so cool. Uh huh.,exc,positive,exc
Ses01M_impro03,Ses01M_impro03_F,[LAUGHTER] Why did she pick you? Where were you?,exc,positive,exc
Ses01M_impro03,Ses01M_impro03_M,"Fifty thousand dollars. Fifty thousand dollars. I was just out... I just... she's - well, she's a friend of friend but like...",exc,positive,exc
Ses01M_impro03,Ses01M_impro03_F,You were at a party? And she's like hey. You seem unattached she's like.,exc,positive,exc
Ses01M_impro03,Ses01M_impro03_M,"Yeah. Can you believe that? Yeah, she's like hey, I'm like sure I'll do it, I don't care. Yeah. I'm like fifty thousand dollars, I'd totally do it for fifty thousand dollars. But the only thing is that's kind of like illegal. So like I could go to jail probably for a long if I get caught, but...",exc,positive,exc
Ses01M_impro03,Ses01M_impro03_F,That's unbelievable... Yeah.,exc,positive,exc
Ses01M_impro03,Ses01M_impro03_F,Well I've known people who have done this before. Yeah. You just- it's really fun actually 'cause you have like a fake engagement party and all your friends come over and like...,exc,positive,exc
Ses01M_impro03,Ses01M_impro03_M,Have you?,,neutral,exc
Ses01M_impro03,Ses01M_impro03_M,It's like I'm really going to get married. We'll have like the whole thing.,exc,positive,exc
Ses01M_impro03,Ses01M_impro03_M,"Oh, good. [LAUGHTER]",exc,positive,exc
Ses01M_impro03,Ses01M_impro03_F,"Yeah. Yeah. And then yeah, and then you know like you could like you could do like like sock her for a lot of money",exc,positive,exc
Ses01M_impro03,Ses01M_impro03_M,I know. What do you think I should-,exc,positive,exc
Ses01M_impro03,Ses01M_impro03_F,"Like make her rent the apartment that you two have to live together in, you know. And you won't pay any rent or you pay like, a hundred bucks a month or something.",exc,positive,exc
Ses01M_impro03,Ses01M_impro03_M,Oh good idea.,exc,positive,exc
Ses01M_impro03,Ses01M_impro03_M,Yeah. Make her like open the bank account and stuff too.,neu,neutral,neu
Ses01M_impro03,Ses01M_impro03_F,Yeah.,exc,positive,exc
Ses01M_impro03,Ses01M_impro03_M,It's a good idea.,exc,positive,exc
Ses01M_impro03,Ses01M_impro03_F,"Dude, you lucked out.",exc,positive,exc
Ses01M_impro03,Ses01M_impro03_M,I know. Also I get to like plan the wedding now too. That will be fun.,exc,positive,exc
Ses01M_impro03,Ses01M_impro03_F,"Yeah. My colors are blush and beige what is it, do you know?",exc,positive,exc
Ses01M_impro03,Ses01M_impro03_M,"Something blue, something new, something... no I don't know. [LAUGHTER] So yeah, wonder if she's going to pay me up front but do you think it's bad though, do you think they're going to like track the money or something?",exc,positive,exc
Ses01M_impro03,Ses01M_impro03_F,Oh I don't know. [LAUGHTER],exc,positive,exc
Ses01M_impro03,Ses01M_impro03_F,I don't know get it in cash.,neu,neutral,neu
Ses01M_impro03,Ses01M_impro03_M,Just cash hardcore.,neu,neutral,neu
Ses01M_impro03,Ses01M_impro03_F,Yeah.,neu,neutral,neu
Ses01M_impro03,Ses01M_impro03_M,What should we do? Where should we get married? We should have party.,exc,positive,exc
Ses01M_impro03,Ses01M_impro03_F,How exciting. You should have a wedding on the beach.,exc,positive,exc
Ses01M_impro03,Ses01M_impro03_M,"Yeah, like a big like- A wedding on the beach, that would be nice.",exc,positive,exc
Ses01M_impro03,Ses01M_impro03_F,"Yeah, at night.",exc,positive,exc
Ses01M_impro03,Ses01M_impro03_M,And then we can honeymoon. I want to go tropical though like Bahamas- --or like Tahiti or something. I just want to like beach and like drink.,neu,neutral,neu
Ses01M_impro03,Ses01M_impro03_F,"Oh yeah, absolutely, absolutely.",neu,neutral,neu
Ses01M_impro03,Ses01M_impro03_F,How exciting. You should make her bring all your friends too.,exc,positive,exc
Ses01M_impro03,Ses01M_impro03_M,I'll make her pay for that. I hear she's like totally wealthy. She's like royalty- --or something like and- --whatever like removed or something but yeah.,exc,positive,exc
Ses01M_impro03,Ses01M_impro03_F,[GARBAGE] She's got to be loaded. fifty thousand dollars. That's incredible.,exc,positive,exc
Ses01M_impro03,Ses01M_impro03_F,Incredible.,exc,positive,exc
Ses01M_impro03,Ses01M_impro03_M,I'm going to marry a blue blood. [LAUGHTER],exc,positive,exc
Ses01M_impro03,Ses01M_impro03_F,"you're a lucky, lucky, lucky man.",exc,positive,exc
Ses01M_impro03,Ses01M_impro03_M,Will you help me plan?,exc,positive,exc
Ses01M_impro03,Ses01M_impro03_F,"Oh, totally. Yeah.",exc,positive,exc
Ses01M_impro03,Ses01M_impro03_M,Good.,,positive,exc
Ses01M_impro04,Ses01M_impro04_F,You seem kind of down.,neu,neutral,neu
Ses01M_impro04,Ses01M_impro04_M,I'm just mad.,,neutral,fru
Ses01M_impro04,Ses01M_impro04_F,How come?,,neutral,fru
Ses01M_impro04,Ses01M_impro04_M,It's--I've been trying to find this job I can't get any job.,fru,negative,fru
Ses01M_impro04,Ses01M_impro04_M,It's not fair.,fru,negative,fru
Ses01M_impro04,Ses01M_impro04_F,What do you mean?,neu,neutral,neu
Ses01M_impro04,Ses01M_impro04_M,"I mean I've been looking for a job for like three years and I can't get a job. I mean like, it's America, right? I should be able to get a job.",fru,negative,fru
Ses01M_impro04,Ses01M_impro04_F,There's a lot of people looking for jobs.,neu,neutral,neu
Ses01M_impro04,Ses01M_impro04_M,"I guess. But three years? I mean, I like--I went to college even, I mean I didn't finish but I went for like a little bit. It's not fair, I don't know.",fru,negative,fru
Ses01M_impro04,Ses01M_impro04_F,"I don't know, I mean, I just don't think...",neu,neutral,neu
Ses01M_impro04,Ses01M_impro04_M,"I mean I've been sending out my resumes and doing everything I can do but nothing is happening. You know, it's like I can't and I can't keep living on loans anymore like this. I'm going to--I mean eventually I'm going to have to pay it back. I'm just kind of freaking out, I don't know.",fru,negative,fru
Ses01M_impro04,Ses01M_impro04_F,Did you ever think it might be your attitude that's...,neu,neutral,neu
Ses01M_impro04,Ses01M_impro04_M,"What's my--like what do you mean ""my attitude""?",,neutral,neu
Ses01M_impro04,Ses01M_impro04_F,"I don't know just sometimes you get kind of... No, I'm not saying that. I just--",neu,neutral,neu
Ses01M_impro04,Ses01M_impro04_M,Do I have an attitude problem?,,neutral,neu
Ses01M_impro04,Ses01M_impro04_M,"No, well maybe it's because I'm like frustrated 'cause I can't get a job, you know.",fru,negative,fru
Ses01M_impro04,Ses01M_impro04_F,...has anyone ever just said anything like that to you before?,neu,neutral,neu
Ses01M_impro04,Ses01M_impro04_M,"Like it's really hard to like shake that off when you go into like audition a room or whatever, you know what I mean?",fru,negative,fru
Ses01M_impro04,Ses01M_impro04_F,"Right, sure.",neu,neutral,neu
Ses01M_impro04,Ses01M_impro04_F,"But I mean you kind of got to, you got to fake it 'til you feel it, right?",neu,neutral,neu
Ses01M_impro04,Ses01M_impro04_M,"I guess I just getting really hard to fake, you know.",fru,negative,fru
Ses01M_impro04,Ses01M_impro04_F,I'm just saying that if I was looking to hire somebody in the--or kind of... No. No. No.,neu,neutral,neu
Ses01M_impro04,Ses01M_impro04_M,"Are you hiring? Wait, do you know of a job? Seriously, do you know, like do you know of anything though? Like, oh please, do you know of anything?",fru,negative,fru
Ses01M_impro04,Ses01M_impro04_F,No. I'm just saying though that if I was a person who was hiring somebody I-- --would not hire someone who was angry or upset.,neu,neutral,neu
Ses01M_impro04,Ses01M_impro04_M,Yeah.,fru,negative,fru
Ses01M_impro04,Ses01M_impro04_M,I come across angry?,fru,negative,fru
Ses01M_impro04,Ses01M_impro04_F,No.,neu,neutral,neu
Ses01M_impro04,Ses01M_impro04_M,What?,ang,negative,ang
Ses01M_impro04,Ses01M_impro04_F,"Well, you know a little. If you were to listen to--",neu,neutral,neu
Ses01M_impro04,Ses01M_impro04_M,"Okay. You're my friend you can tell me stuff. You can tell me honestly stuff, okay? Please.",fru,negative,fru
Ses01M_impro04,Ses01M_impro04_F,I just don't want you to fly off the handle.,neu,neutral,neu
Ses01M_impro04,Ses01M_impro04_M,"Okay, I'm not flying off the handle I don't think I'm flying off the handle here at all.",fru,negative,fru
Ses01M_impro04,Ses01M_impro04_F,You kind of have a short fuse.,neu,neutral,neu
Ses01M_impro04,Ses01M_impro04_M,I have a short fuse?,fru,negative,fru
Ses01M_impro04,Ses01M_impro04_F,Yeah.,neu,neutral,neu
Ses01M_impro04,Ses01M_impro04_M,"Okay. Okay no, no, no, no okay no, I need to hear this more. Come on, bring it.",ang,negative,ang
Ses01M_impro04,Ses01M_impro04_F,"Like this, right now we're trying have a conversation.",neu,neutral,neu
Ses01M_impro04,Ses01M_impro04_F,We're trying to have a conversation and you seem extremely hostile. You keep cutting me off.,neu,neutral,neu
Ses01M_impro04,Ses01M_impro04_M,"Well, it's 'cause I can't get a job, okay?",,neutral,neu
Ses01M_impro04,Ses01M_impro04_M,I'm not always right I'm just--,fru,negative,fru
Ses01M_impro04,Ses01M_impro04_F,I can't finish the sentence with you without you jumping in...,neu,neutral,neu
Ses01M_impro04,Ses01M_impro04_F,...and you're always right.,neu,neutral,neu
Ses01M_impro04,Ses01M_impro04_M,fine okay.,,neutral,neu
Ses01M_impro04,Ses01M_impro04_F,You have an excuse for everything.,neu,neutral,neu
Ses01M_impro04,Ses01M_impro04_M,[BREATHING],fru,negative,fru
Ses01M_impro04,Ses01M_impro04_F,I'm just saying that maybe you should take in some information before you produce more of your own.,neu,neutral,neu
Ses01M_impro04,Ses01M_impro04_M,I'm like a sponge I'm like soaked up with all this information for like three years I'm just dying for a job to like put it in to.,ang,negative,ang
Ses01M_impro04,Ses01M_impro04_F,[BREATHING],neu,neutral,neu
Ses01M_impro04,Ses01M_impro04_F,That's -.,fru,negative,fru
Ses01M_impro04,Ses01M_impro04_M,"You know, and like I don't think it's that much to ask. I know.",fru,negative,fru
Ses01M_impro04,Ses01M_impro04_F,"Well, what kind of field are you looking to go into?",neu,neutral,neu
Ses01M_impro04,Ses01M_impro04_M,That's it.,neu,neutral,neu
Ses01M_impro05,Ses01M_impro05_F,Can I help you?,neu,neutral,neu
Ses01M_impro05,Ses01M_impro05_M,"Yes, please help me. Where is my bag?",fru,negative,fru
Ses01M_impro05,Ses01M_impro05_F,I need a little more information.,neu,neutral,neu
Ses01M_impro05,Ses01M_impro05_M,"Where is my bag? Come on, I've been here for four hours.",fru,negative,fru
Ses01M_impro05,Ses01M_impro05_F,What- What flight did you come in on?,neu,neutral,neu
Ses01M_impro05,Ses01M_impro05_M,"Okay, I'm coming in from Atlanta.",fru,negative,fru
Ses01M_impro05,Ses01M_impro05_F,Georgia?,neu,neutral,neu
Ses01M_impro05,Ses01M_impro05_M,"Yes, Georgia. Good for you I need my bag. Can you...",,positive,neu
Ses01M_impro05,Ses01M_impro05_F,"There's no need for you to raise your voice, sir.",neu,neutral,neu
Ses01M_impro05,Ses01M_impro05_F,I've been college educated.,neu,neutral,neu
Ses01M_impro05,Ses01M_impro05_F,I speak your language.,neu,neutral,neu
Ses01M_impro05,Ses01M_impro05_M,Are you insinuating that I don't have a college education and that- for some reason that makes you a better person than I am?,ang,negative,ang
Ses01M_impro05,Ses01M_impro05_M,"Listen, shut your smug mouth, okay? I don't need that.",ang,negative,ang
Ses01M_impro05,Ses01M_impro05_F,I'm just saying you don't need to talk to me like I-,neu,neutral,neu
Ses01M_impro05,Ses01M_impro05_M,I've been sitting here for four hours.,ang,negative,ang
Ses01M_impro05,Ses01M_impro05_F,I'm not a child.,fru,negative,fru
Ses01M_impro05,Ses01M_impro05_F,I've been here for sixteen.,,neutral,ang
Ses01M_impro05,Ses01M_impro05_M,You people have just been tossing me around like a used hanky.,ang,negative,ang
Ses01M_impro05,Ses01M_impro05_F,I come here every single day.,,neutral,ang
Ses01M_impro05,Ses01M_impro05_M,You work here.,ang,negative,ang
Ses01M_impro05,Ses01M_impro05_F,"Details, Details. Well, anyhow can I--",neu,neutral,neu
Ses01M_impro05,Ses01M_impro05_F,so you flew in from Atlanta...,neu,neutral,neu
Ses01M_impro05,Ses01M_impro05_M,My bag from Atlanta.,fru,negative,fru
Ses01M_impro05,Ses01M_impro05_F,Four...Four hours ago.,neu,neutral,neu
Ses01M_impro05,Ses01M_impro05_M,It's a little black bag with wheels.,fru,negative,fru
Ses01M_impro05,Ses01M_impro05_F,Do you have any i-?,neu,neutral,neu
Ses01M_impro05,Ses01M_impro05_M,That you wouldn't let me put in the overhead compartment. You said I had to check it.,,neutral,neu
Ses01M_impro05,Ses01M_impro05_F,I wouldn't let you? I was not in Atlanta. I was not in Atlanta.,neu,neutral,neu
Ses01M_impro05,Ses01M_impro05_M,It's a tiny little bag.,,neutral,neu
Ses01M_impro05,Ses01M_impro05_F,I had nothing to do with the boarding attendance. I'm sorry that your seat was wherever it was.,neu,neutral,neu
Ses01M_impro05,Ses01M_impro05_M,"It was right in the middle of five different people. I had a huge fat lady next me, a crying kid on left I went like can I please get a Bloody Mary, please? Will you bring a Bloody Mary?",,neutral,neu
Ses01M_impro05,Ses01M_impro05_F,"I have some unfortunate news, uh, that your bag isn't going to be--",neu,neutral,neu
Ses01M_impro05,Ses01M_impro05_F,--arriving any time soon.,neu,neutral,neu
Ses01M_impro05,Ses01M_impro05_M,"Just had a really, really stressful day, okay? And I need my bag; can you please help me get my bag?",,neutral,neu
Ses01M_impro05,Ses01M_impro05_F,I'm really sorry to tell you this but...,neu,neutral,neu
Ses01M_impro05,Ses01M_impro05_M,Okay.,neu,neutral,neu
Ses01M_impro05,Ses01M_impro05_F,It's not. I can offer you fifty dollars and a reimbursement gift cards for our airline...,neu,neutral,neu
Ses01M_impro05,Ses01M_impro05_F,...and your future...,neu,neutral,neu
Ses01M_impro05,Ses01M_impro05_M,"I'm sorry, wait a minute. Are you saying I'm not going to get my bag at all?",,neutral,neu
Ses01M_impro05,Ses01M_impro05_F,No.,neu,neutral,neu
Ses01M_impro05,Ses01M_impro05_M,It's gone.,,neutral,neu
Ses01M_impro05,Ses01M_impro05_F,Yes.,neu,neutral,neu
Ses01M_impro05,Ses01M_impro05_M,Where is it? Where did it go?,fru,negative,fru
Ses01M_impro05,Ses01M_impro05_F,We've actually...,neu,neutral,neu
Ses01M_impro05,Ses01M_impro05_M,You mean did someone steal it? Do people steal bags?,,neutral,neu
Ses01M_impro05,Ses01M_impro05_F,They do as matter of fact. We don't like to publicize it because,neu,neutral,neu
Ses01M_impro05,Ses01M_impro05_F,people wouldn't Fly our airline.,neu,neutral,neu
Ses01M_impro05,Ses01M_impro05_M,Probably people that work for your company huh?,ang,negative,ang
Ses01M_impro05,Ses01M_impro05_M,Do you know what was in that little bag that I could have just easily put in overhead compartment but no I had to check?,ang,negative,ang
Ses01M_impro05,Ses01M_impro05_F,What was that?,neu,neutral,neu
Ses01M_impro05,Ses01M_impro05_M,My computer which has all of my data which I'm collecting right now.,ang,negative,ang
Ses01M_impro05,Ses01M_impro05_F,That's unfortunate.,neu,neutral,neu
Ses01M_impro05,Ses01M_impro05_M,Yeah it's really unfortunate you know why because I'm going to get fired if I don't get that. So I need to have that back.,ang,negative,ang
Ses01M_impro05,Ses01M_impro05_F,That's too bad.,neu,neutral,neu
Ses01M_impro05,Ses01M_impro05_M,"Fifty dollars is not going to cover me for my job, okay?",ang,negative,ang
Ses01M_impro05,Ses01M_impro05_F,I wish I could give it to you.,neu,neutral,neu
Ses01M_impro05,Ses01M_impro05_M,Well you need to find it. Can I just go back there and look through the bags? Can I just go back there and just go through maybe I'll find it.,ang,negative,ang
Ses01M_impro05,Ses01M_impro05_F,I wish I-,neu,neutral,neu
Ses01M_impro05,Ses01M_impro05_F,That's not - no.,neu,neutral,neu
Ses01M_impro05,Ses01M_impro05_F,No.,neu,neutral,neu
Ses01M_impro05,Ses01M_impro05_M,It'll be a lot more than what you're doing sitting here and just give me lip service. I'd like to go back at least do some aggressive searching for my stuff.,ang,negative,ang
Ses01M_impro05,Ses01M_impro05_F,We have plenty of aggressive searching going on it's not there. Someone's taken it.,neu,neutral,neu
Ses01M_impro05,Ses01M_impro05_M,"Sure, yeah right you have plenty of aggressive searching going on, aggressive searching, drinking coffee and smoking cigarettes.",ang,negative,ang
Ses01M_impro05,Ses01M_impro05_M,I know what you guys do when you're not working you're union people; you just sit around on your ass.,ang,negative,ang
Ses01M_impro05,Ses01M_impro05_F,You know I don't need to take this sort of abuse.,fru,negative,fru
Ses01M_impro05,Ses01M_impro05_M,"Well, I don't need to take this kind of abuse either. I just was trying get back to Atlanta. I just got home, I just want to get my bag and get my stuff. And keep my job.",,neutral,ang
Ses01M_impro05,Ses01M_impro05_F,That's fantastic.,,neutral,ang
Ses01M_impro05,Ses01M_impro05_F,Then why don't you take your fifty dollars. Get yourself a taxi and go shopping tomorrow.,,neutral,ang
Ses01M_impro05,Ses01M_impro05_M,[BREATHING],fru,negative,fru
Ses01M_impro05,Ses01M_impro05_M,Thank you very much.,ang,negative,ang
Ses01M_impro06,Ses01M_impro06_F,You okay?,neu,neutral,neu
Ses01M_impro06,Ses01M_impro06_M,"Yeah, I'm just-- yeah",sad,negative,sad
Ses01M_impro06,Ses01M_impro06_M,"Just kind of feel numb, you know.",sad,negative,sad
Ses01M_impro06,Ses01M_impro06_F,What's happened?,neu,neutral,neu
Ses01M_impro06,Ses01M_impro06_M,You didn't even hear?,sad,negative,sad
Ses01M_impro06,Ses01M_impro06_M,[BREATHING] Umm.,sad,negative,sad
Ses01M_impro06,Ses01M_impro06_M,God I've told this story so many times. Umm.,sad,negative,sad
Ses01M_impro06,Ses01M_impro06_F,You don't have to if you don't want to.,neu,neutral,neu
Ses01M_impro06,Ses01M_impro06_M,I just...I just basically lost someone that was really close to me.,sad,negative,sad
Ses01M_impro06,Ses01M_impro06_M,"And I've kind of been dealing with all of the...the stuff, you know the hospital and people work because...",sad,negative,sad
Ses01M_impro06,Ses01M_impro06_F,I'm sorry to hear that.,sad,negative,sad
Ses01M_impro06,Ses01M_impro06_M,"He kind of didn't have anyone to take care of that for him, so--",sad,negative,sad
Ses01M_impro06,Ses01M_impro06_F,You've been taking care of it all?,sad,negative,sad
Ses01M_impro06,Ses01M_impro06_F,Oh Jesus.,sad,negative,sad
Ses01M_impro06,Ses01M_impro06_M,It's just really...really messed up.,sad,negative,sad
Ses01M_impro06,Ses01M_impro06_F,He sick for awhile?,sad,negative,sad
Ses01M_impro06,Ses01M_impro06_M,No.,sad,negative,sad
Ses01M_impro06,Ses01M_impro06_M,Just like it.,sad,negative,sad
Ses01M_impro06,Ses01M_impro06_F,Was it an accident?,neu,neutral,neu
Ses01M_impro06,Ses01M_impro06_M,"No, I mean it just came on really quick, you know I mean it was a [GARBAGE] it was a sickness but it just --",sad,negative,sad
Ses01M_impro06,Ses01M_impro06_F,how was sick?,neu,neutral,neu
Ses01M_impro06,Ses01M_impro06_M,What?,sad,negative,sad
Ses01M_impro06,Ses01M_impro06_F,"Well, I'm confused. He was sick or it was an accident?",neu,neutral,neu
Ses01M_impro06,Ses01M_impro06_M,"He was sick. He got sick. He got sick but it happened really, really fast, you know.",sad,negative,sad
Ses01M_impro06,Ses01M_impro06_F,Oh. Really fast? Oh.,neu,neutral,neu
Ses01M_impro06,Ses01M_impro06_M,It was kind of like boom... done,sad,negative,sad
Ses01M_impro06,Ses01M_impro06_F,Yeah.,neu,neutral,neu
Ses01M_impro06,Ses01M_impro06_M,It's just really weird because he was really young you know and it kind of like...,sad,negative,sad
Ses01M_impro06,Ses01M_impro06_F,Yeah.,neu,neutral,neu
Ses01M_impro06,Ses01M_impro06_M,--it just kind of freaks you out.,sad,negative,sad
Ses01M_impro06,Ses01M_impro06_F,"Totally, yeah.",neu,neutral,neu
Ses01M_impro06,Ses01M_impro06_M,So weird you know that like one days it's like you know sounds so stupid but like one day someone's here. And like next day you know they're not here and it just kind of makes you like think about like life and mortality and like that kind of stuff. You just like used to take for granted--you know.,sad,negative,sad
Ses01M_impro06,Ses01M_impro06_F,Mmhmm.,neu,neutral,neu
Ses01M_impro06,Ses01M_impro06_F,Lock,neu,neutral,neu
Ses01M_impro06,Ses01M_impro06_F,Mmhmm.,neu,neutral,neu
Ses01M_impro06,Ses01M_impro06_F,The plans you make [GARBAGE].,neu,neutral,neu
Ses01M_impro06,Ses01M_impro06_M,"Exactly, you know, and like he had so many plans and he was going to do...",sad,negative,sad
Ses01M_impro06,Ses01M_impro06_F,It leaves a hole for you too.,neu,neutral,neu
Ses01M_impro06,Ses01M_impro06_M,"so many things, you know?",sad,negative,sad
Ses01M_impro06,Ses01M_impro06_F,"It leaves a hole for you too, in your plans together.",neu,neutral,neu
Ses01M_impro06,Ses01M_impro06_M,What?,sad,negative,sad
Ses01M_impro06,Ses01M_impro06_M,Yeah.,sad,negative,sad
Ses01M_impro06,Ses01M_impro06_F,It gets better.,neu,neutral,neu
Ses01M_impro06,Ses01M_impro06_M,"He was a really, really good guy.",sad,negative,sad
Ses01M_impro06,Ses01M_impro06_F,Mmhmm.,neu,neutral,neu
Ses01M_impro06,Ses01M_impro06_M,A lot of people loved him.,sad,negative,sad
Ses01M_impro06,Ses01M_impro06_F,MMhmm.,neu,neutral,neu
Ses01M_impro06,Ses01M_impro06_M,"You know, it's like affecting a lot of people it's not just me, you know?",sad,negative,sad
Ses01M_impro06,Ses01M_impro06_F,Mmhmm.,neu,neutral,neu
Ses01M_impro06,Ses01M_impro06_F,How long did you know each other?,neu,neutral,neu
Ses01M_impro06,Ses01M_impro06_M,Umm...,sad,negative,sad
Ses01M_impro06,Ses01M_impro06_M,For like eight years.,sad,negative,sad
Ses01M_impro06,Ses01M_impro06_F,That's a long time.,neu,neutral,neu
Ses01M_impro06,Ses01M_impro06_M,Yeah.,sad,negative,sad
Ses01M_impro06,Ses01M_impro06_F,It's good that you were there.,neu,neutral,neu
Ses01M_impro06,Ses01M_impro06_M,"Yeah, I'm glad I was there. Glad I- glad I got to be there.",sad,negative,sad
Ses01M_impro06,Ses01M_impro06_M,"So weird,",sad,negative,sad
Ses01M_impro06,Ses01M_impro06_F,Yeah.,neu,neutral,neu
Ses01M_impro06,Ses01M_impro06_M,"like I can't...it's like you know it's like ""pinch me"" it's like I can't believe like I'm dealing with this, you know.",sad,negative,sad
Ses01M_impro06,Ses01M_impro06_F,Are there things you wish you'd done differently?,neu,neutral,neu
Ses01M_impro07,Ses01M_impro07_M,Check this out. You know how I've told you I've been really into like softball recently?,exc,positive,exc
Ses01M_impro07,Ses01M_impro07_F,Yeah.,neu,neutral,neu
Ses01M_impro07,Ses01M_impro07_M,"Well, this is totally random, I got this full ride scholarship to go to U.S.C next year to play softball.",exc,positive,exc
Ses01M_impro07,Ses01M_impro07_F,[LAUGHTER]. For softball? That's unbelievable. Is it slow pitch?,exc,positive,exc
Ses01M_impro07,Ses01M_impro07_M,For softball. They're going to pay me to go to school. Isn't that awesome?,exc,positive,exc
Ses01M_impro07,Ses01M_impro07_M,"Yeah. Well, I don't--well yeah I can pitch, I'm not like the pitcher though. I'm like the pinch hitter guy I mostly just hit. But I guess I'm going to have to... Yeah, and then I play shortstop too but... It's so ex- The good news is I get to stay here.",exc,positive,exc
Ses01M_impro07,Ses01M_impro07_F,Uh huh.,,neutral,exc
Ses01M_impro07,Ses01M_impro07_F,Pinch hitting softball.,exc,positive,exc
Ses01M_impro07,Ses01M_impro07_F,That is incredible.,exc,positive,exc
Ses01M_impro07,Ses01M_impro07_F,That's amazing. They pay for everything?,exc,positive,exc
Ses01M_impro07,Ses01M_impro07_M,"I know. For softball, yeah.",exc,positive,exc
Ses01M_impro07,Ses01M_impro07_F,"Your housing, books, everything? That is incredible.",exc,positive,exc
Ses01M_impro07,Ses01M_impro07_M,"Yeah, everything. Every like- free ride and I get to, you know, like be on like a Trojans sports team too. And it's like cool. Isn't it awesome?",exc,positive,exc
Ses01M_impro07,Ses01M_impro07_F,That is incredible. Do you get like a per diem?,exc,positive,exc
Ses01M_impro07,Ses01M_impro07_M,"I don't know. I should ask. Yeah, I will.",hap,positive,hap
Ses01M_impro07,Ses01M_impro07_F,You should...You should look into that.,exc,positive,exc
Ses01M_impro07,Ses01M_impro07_F,"That is amazing, congratulations. Good for you.",exc,positive,exc
Ses01M_impro07,Ses01M_impro07_M,Thank you.,exc,positive,exc
Ses01M_impro07,Ses01M_impro07_M,But I don't know I want to live in the housing that they give me though 'cause I think I want to you know like get like a nicer place.,exc,positive,exc
Ses01M_impro07,Ses01M_impro07_F,Oh.,neu,neutral,neu
Ses01M_impro07,Ses01M_impro07_F,"Yeah, that you probably. You should see one of these Victorian houses around by.",exc,positive,exc
Ses01M_impro07,Ses01M_impro07_M,Where should I move?,exc,positive,exc
Ses01M_impro07,Ses01M_impro07_M,"That's a really good idea. Or I could go to like Santa Monica. Go beach. Venice beach, yeah a little dirty though. I don't want to go to Venice beach. But - Malibu. All right.",exc,positive,exc
Ses01M_impro07,Ses01M_impro07_F,Oh. Venice beach.,neu,neutral,neu
Ses01M_impro07,Ses01M_impro07_F,"Oh, you don't like that. You're west-sider?",exc,positive,exc
Ses01M_impro07,Ses01M_impro07_F,"Okay. That would be way too much of a commute you can't do that. Especially- I know especially from--I don't know, what I was going to say, I don't know.",exc,positive,exc
Ses01M_impro07,Ses01M_impro07_M,Professional softball player Malibu. [LAUGHTER],hap,positive,hap
Ses01M_impro07,Ses01M_impro07_M,From where? Huh? Well I'm from San Francisco.,,neutral,exc
Ses01M_impro07,Ses01M_impro07_F,I don't know. Commuting from what Malibu that would be ridiculous.,exc,positive,exc
Ses01M_impro07,Ses01M_impro07_M,"Oh yeah, that would be. Well, depends on what type of car you had, though too. I guess it would be worth it. helicopter. Yeah, helicopter. There is a helipad there, right? Yeah, exactly.",hap,positive,hap
Ses01M_impro07,Ses01M_impro07_F,Oh yeah. He'd drop you right off at practice?,exc,positive,exc
Ses01M_impro07,Ses01M_impro07_F,Do you--are you one of those like four a clock in the morning practices? Is it--that's more like swimming and- --ballet and things like that.,,neutral,exc
Ses01M_impro07,Ses01M_impro07_M,Yeah. I think it's in the afternoon 'cause I mean can't be too early 'cause then you can't see the ball.,,neutral,exc
Ses01M_impro07,Ses01M_impro07_F,They have those neon--softballs. They're like day-glow you can see them anywhere.,exc,positive,exc
Ses01M_impro07,Ses01M_impro07_M,"Yeah, but no. Well, they have a night games but you know there's more like night games they're not like morning games, you know. I guess it's kind of same thing.",,neutral,exc
Ses01M_impro07,Ses01M_impro07_F,I'm surprised you don't know that.,,neutral,exc
Ses01M_impro07,Ses01M_impro07_F,Oh. That is incredible. Is it--,neu,neutral,neu
Ses01M_impro07,Ses01M_impro07_F,"do they have a--is it a co-ed softball team? I mean... Really? You know, I didn't even know that they have that.",exc,positive,exc
Ses01M_impro07,Ses01M_impro07_M,No it's all boys. All boys' softball team.,,neutral,exc
Ses01M_impro07,Ses01M_impro07_M,They do it's--believe me it's huge.,hap,positive,hap
Ses01M_impro07,Ses01M_impro07_F,Who do you play? Like do--are you like... nationally ranked?,exc,positive,exc
Ses01M_impro07,Ses01M_impro07_M,I just got into it. I just kind of fell into it. Literally I was walking around and...,exc,positive,exc
Ses01M_impro07,Ses01M_impro07_F,That is unbelievable.,exc,positive,exc
Ses01M_impro07,Ses01M_impro07_M,It's pretty wild.,hap,positive,hap
Ses01M_impro07,Ses01M_impro07_F,I would put that right up there with--ping-pong.,exc,positive,exc
Ses01M_impro07,Ses01M_impro07_M,"Yeah, well I doubt [GARBAGE] ping pong [GARBAGE]",neu,neutral,neu
Ses01M_impro07,Ses01M_impro07_F,I mean not to denigrate what you are doing. I think that's great.,exc,positive,exc
Ses01M_impro07,Ses01M_impro07_M,Oh you mean it's not really sport that what you're saying?,,neutral,exc
Ses01M_impro07,Ses01M_impro07_F,"No, no. I love softball. I played softball all the time.",exc,positive,exc
Ses01M_impro07,Ses01M_impro07_M,It's totally a sport. What are you talking about?,,neutral,exc
Ses01M_impro07,Ses01M_impro07_M,"What, just 'cause I don't play regular baseball doesn't mean I'm like any less of like a sports guy.",,neutral,exc
Ses01M_impro07,Ses01M_impro07_F,I am not saying you should be. I'm not no. I think it's great I think you should be incredibly proud yourself especially because you're going to U.S.C for free for doing it. For free.,exc,positive,exc
Ses01M_impro07,Ses01M_impro07_M,For free that's really what it's about. I mean who cares I mean if I have to play softball all the time?,exc,positive,exc
Ses01M_impro07,Ses01M_impro07_M,But they got to like drive around in a bus--that would suck.,,neutral,exc
Ses01M_impro07,Ses01M_impro07_F,Oh really? With the whole team?,,neutral,exc
Ses01M_impro07,Ses01M_impro07_M,Yeah we have like away games and stuff.,neu,neutral,neu
Ses01M_impro07,Ses01M_impro07_F,What are your teammates like? I'm sure you don't know yet? What kind of people play softball?,,neutral,exc
Ses01M_impro07,Ses01M_impro07_M,They're nice.,,neutral,exc
Ses01M_impro07,Ses01M_impro07_M,"Like, you know like police officers, like--kind of heavyset guys. Mustaches, yeah. It's that kind of-",,neutral,exc
Ses01M_impro07,Ses01M_impro07_F,Oh really?,,neutral,exc
Ses01M_impro07,Ses01M_impro07_F,Cool. You don't seem like you'd fit in there.,,neutral,exc
Ses01M_impro07,Ses01M_impro07_M,That kind of...They're okay. No I'm like- I'm kind of like the odd man out I'm like...,,neutral,exc
Ses01M_impro07,Ses01M_impro07_F,"Oh, cool.",,neutral,exc
Ses01M_impro07,Ses01M_impro07_M,But you know I'm like [GARBAGE].,neu,neutral,neu
Ses01M_impro07,Ses01M_impro07_F,You're like the rookie? The new kid.,hap,positive,hap
Ses01M_impro07,Ses01M_impro07_M,Yeah.,,neutral,hap
Ses01M_impro07,Ses01M_impro07_F,Just watch in five years you'll be like on the force. You carry around donuts in your back pocket... [LAUGHTER],hap,positive,hap
Ses01M_impro07,Ses01M_impro07_M,I'm going to have a mustache...On the force...,hap,positive,hap
Ses01M_impro07,Ses01M_impro07_M,Pull over..,hap,positive,hap
Ses01M_script01_1,Ses01M_script01_1_F,What he's going to say?,fru,negative,fru
Ses01M_script01_1,Ses01M_script01_1_M,He saw it.,neu,neutral,neu
Ses01M_script01_1,Ses01M_script01_1_F,When?,,neutral,neu
Ses01M_script01_1,Ses01M_script01_1_M,He was out here at four this morning.,,neutral,neu
Ses01M_script01_1,Ses01M_script01_1_F,How could he see it? I was the first one up and he was still in bed.,,neutral,neu
Ses01M_script01_1,Ses01M_script01_1_M,I was out here at four this morning I heard a crack and I looked out the window and he was standing right over there.,neu,neutral,neu
Ses01M_script01_1,Ses01M_script01_1_F,What was he doing here at four in the morning?,,neutral,neu
Ses01M_script01_1,Ses01M_script01_1_M,I don't know. But he went back in the kitchen and he cried.,sad,negative,sad
Ses01M_script01_1,Ses01M_script01_1_F,Did you talk to him?,sad,negative,sad
Ses01M_script01_1,Ses01M_script01_1_M,No. I figured I'd just let it wait.,sad,negative,sad
Ses01M_script01_1,Ses01M_script01_1_F,Cried hard?,sad,negative,sad
Ses01M_script01_1,Ses01M_script01_1_M,"Yeah, I could hear him crying through the floorboards in my room.",sad,negative,sad
Ses01M_script01_1,Ses01M_script01_1_F,[BREATHING],sad,negative,sad
Ses01M_script01_1,Ses01M_script01_1_F,What is he doing out here at that hour?,fru,negative,fru
Ses01M_script01_1,Ses01M_script01_1_M,I don't know.,sad,negative,sad
Ses01M_script01_1,Ses01M_script01_1_F,"He's dreaming about him again, walking the streets.",ang,negative,ang
Ses01M_script01_1,Ses01M_script01_1_M,I guess he is.,sad,negative,sad
Ses01M_script01_1,Ses01M_script01_1_F,It's getting to be just like after he died. What is the meaning of that?,,neutral,sad
Ses01M_script01_1,Ses01M_script01_1_M,I don't know the meaning of it. But I know we've made terrible mistake with father.,fru,negative,fru
Ses01M_script01_1,Ses01M_script01_1_F,What?,,neutral,sad
Ses01M_script01_1,Ses01M_script01_1_M,"I mean, these kinds of things, man they always come back at you. And this is definitely coming back to us.",,neutral,fru
Ses01M_script01_1,Ses01M_script01_1_F,What do you mean a mistake?,ang,negative,ang
Ses01M_script01_1,Ses01M_script01_1_M,"I just--why shouldn't he walk the nights waiting for him, huh? Do we contradict him do we say we don't have any hope any more that he's not coming back?",fru,negative,fru
Ses01M_script01_1,Ses01M_script01_1_F,"What do you want to do, argue with him?",fru,negative,fru
Ses01M_script01_1,Ses01M_script01_1_M,"I don't want to argue with him, it's just for God's sake it's time he realized that no one believes with him any more.",fru,negative,fru
Ses01M_script01_1,Ses01M_script01_1_F,You can't say that to him.,,neutral,fru
Ses01M_script01_1,Ses01M_script01_1_M,I got to.,fru,negative,fru
Ses01M_script01_1,Ses01M_script01_1_F,"What, can you prove it? What proof do you have? Can you prove it?",ang,negative,ang
Ses01M_script01_1,Ses01M_script01_1_M,"For God's sake, three years? Nobody comes back after three years. It's insane.",fru,negative,fru
Ses01M_script01_1,Ses01M_script01_1_F,"To you it is, to me it is. But to your father? You can talk yourself 'til you're blue in the face but there's was no grave and there is no body. So where are you?",ang,negative,ang
Ses01M_script01_1,Ses01M_script01_1_M,"Okay, all right. Mom, sit down. I want to talk to you.",fru,negative,fru
Ses01M_script01_1,Ses01M_script01_1_F,The trouble is those god damn news papers. Every month some boy comes back missing longer then Larry so--,ang,negative,ang
Ses01M_script01_1,Ses01M_script01_1_M,"Yeah, okay all right, all right. Listen, um, you know why I asked Annie here, right?",fru,negative,fru
Ses01M_script01_1,Ses01M_script01_1_F,Why?,ang,negative,ang
Ses01M_script01_1,Ses01M_script01_1_M,You know.,,neutral,ang
Ses01M_script01_1,Ses01M_script01_1_F,"Well, I've got an idea but what's the story?",,neutral,fru
Ses01M_script01_1,Ses01M_script01_1_M,I'm going to ask her to marry me.,neu,neutral,neu
Ses01M_script01_1,Ses01M_script01_1_F,"Well, that's only your business, Chris.",fru,negative,fru
Ses01M_script01_1,Ses01M_script01_1_M,You know it's not just my business.,fru,negative,fru
Ses01M_script01_1,Ses01M_script01_1_F,"Well, what do you want me to do? You're old enough known your own business.",ang,negative,ang
Ses01M_script01_1,Ses01M_script01_1_M,So it's okay then? I'm just going to go ahead with it?,fru,negative,fru
Ses01M_script01_1,Ses01M_script01_1_F,You want to make sure that your father's not going to...,,neutral,fru
Ses01M_script01_1,Ses01M_script01_1_M,"See. Then it's not just my business. Sometimes you infuriate me, you know that? You know it's just your business too if I tell father and he throws a fit about it, huh?",ang,negative,ang
Ses01M_script01_1,Ses01M_script01_1_F,I'm just saying.,fru,negative,fru
Ses01M_script01_1,Ses01M_script01_1_F,I'm sorry. I ignore what I've got to ignore. That girl is Larry's girl.,ang,negative,ang
Ses01M_script01_1,Ses01M_script01_1_M,She is not Larry's girl.,ang,negative,ang
Ses01M_script01_1,Ses01M_script01_1_F,"From father's point of view he is not dead and you have no right to take his girl. I'm just saying that you can go on from there if you know where to go but I'm saying I don't know where to go. See, I don't know.",ang,negative,ang
Ses01M_script01_1,Ses01M_script01_1_M,I don't know why it is you know every time I reach out for something I have to pull back 'cause I'm afraid it's going to hurt somebody. All my life...,fru,negative,fru
Ses01M_script01_1,Ses01M_script01_1_F,You're a considerate fellow. There's nothing wrong in that.,neu,neutral,neu
Ses01M_script01_1,Ses01M_script01_1_M,To hell with that.,ang,negative,ang
Ses01M_script01_1,Ses01M_script01_1_F,Did you ask Annie yet?,neu,neutral,neu
Ses01M_script01_1,Ses01M_script01_1_M,"No, I wanted to get this all sorted out first.",sad,negative,sad
Ses01M_script01_1,Ses01M_script01_1_F,"Well, how do you know she's going to marry you? Maybe she feels same way your father does.",fru,negative,fru
Ses01M_script01_1,Ses01M_script01_1_M,"Well, if she does then that's the end of it. However from her letters I think she's pretty much forgotten him.",,neutral,fru
Ses01M_script01_1,Ses01M_script01_1_F,"The trouble is you don't see enough women, you never did.",fru,negative,fru
Ses01M_script01_1,Ses01M_script01_1_M,So what? I'm just--I'm not fast with women.,fru,negative,fru
Ses01M_script01_1,Ses01M_script01_1_F,I don't see why it has to be Annie.,ang,negative,ang
Ses01M_script01_1,Ses01M_script01_1_M,Because it is.,fru,negative,fru
Ses01M_script01_1,Ses01M_script01_1_F,"That's a good answer but it doesn't answer anything. You haven't seen her since you went away to war, it's been five years.",ang,negative,ang
Ses01M_script01_1,Ses01M_script01_1_M,"I don't know, it I think of her, I grew up next to her. She is what I think of when I think of a wife.",fru,negative,fru
Ses01M_script01_1,Ses01M_script01_1_F,"He thinks he's coming back, Chris. You marry that girl you're pronouncing him dead.",sad,negative,sad
Ses01M_script01_1,Ses01M_script01_1_F,"Do you know what that'll do to you, to your father, do you know? I don't.",ang,negative,ang
Ses01M_script01_1,Ses01M_script01_1_M,All right then.,,neutral,fru
Ses01M_script01_1,Ses01M_script01_1_F,Give it some more thought.,,neutral,fru
Ses01M_script01_1,Ses01M_script01_1_M,I've given it lots of thought. And I keep coming back to the same thing.,fru,negative,fru
Ses01M_script01_1,Ses01M_script01_1_M,"When I think of a family, when I think of my future I see Annie in the center of that and you know and if that can't happen here then I'll go somewhere else.",fru,negative,fru
Ses01M_script01_1,Ses01M_script01_1_F,What the hell is this?,,neutral,fru
Ses01M_script01_1,Ses01M_script01_1_M,I'll leave. I'll get married and move somewhere else maybe New York.,fru,negative,fru
Ses01M_script01_1,Ses01M_script01_1_F,Are you crazy?,ang,negative,ang
Ses01M_script01_1,Ses01M_script01_1_M,I'll do it.,,neutral,ang
Ses01M_script01_1,Ses01M_script01_1_F,You have a business here. I said what the hell is this?,ang,negative,ang
Ses01M_script01_1,Ses01M_script01_1_M,Business? The business doesn't inspire me.,ang,negative,ang
Ses01M_script01_1,Ses01M_script01_1_F,"Oh, must you be inspired.",ang,negative,ang
Ses01M_script01_1,Ses01M_script01_1_M,"Yes, yes I like it for one hour a day. I don't care if I have to grub for money all day long when I come home I want it nice, I want a family, I want to kids and Annie is in the center of that.",ang,negative,ang
Ses01M_script01_1,Ses01M_script01_1_M,If that can't happen here...,fru,negative,fru
Ses01M_script01_1,Ses01M_script01_1_F,You mean to tell me you would leave the business for this.,,neutral,ang
Ses01M_script01_1,Ses01M_script01_1_M,"Yes, on this I would.",neu,neutral,neu
Ses01M_script01_1,Ses01M_script01_1_F,"Well, you don't want to think like that.",ang,negative,ang
Ses01M_script01_1,Ses01M_script01_1_M,Then help me stay here mom.,sad,negative,sad
Ses01M_script01_1,Ses01M_script01_1_F,"All right but you don't think like that because what the hell is this all for. This is all for you, what are we working for Chris? The whole shooting match is for you.",ang,negative,ang
Ses01M_script01_1,Ses01M_script01_1_M,"I know, I know.",,neutral,ang
Ses01M_script01_1,Ses01M_script01_1_M,Then help me stay.,sad,negative,sad
Ses01M_script01_1,Ses01M_script01_1_F,"Well, you don't think like that.",ang,negative,ang
Ses01M_script01_1,Ses01M_script01_1_M,I am thinking like that.,ang,negative,ang
Ses01M_script01_1,Ses01M_script01_1_F,"I don't understand you, do I?",ang,negative,ang
Ses01M_script01_1,Ses01M_script01_1_M,"No, you don't. I'm a pretty tough guy.",sad,negative,sad
Ses01M_script01_1,Ses01M_script01_1_F,"Well, I can see that.",ang,negative,ang
Ses01M_script01_2,Ses01M_script01_2_F,Why did he invite her here?,ang,negative,ang
Ses01M_script01_2,Ses01M_script01_2_M,"Well, maybe he wanted see her.",neu,neutral,neu
Ses01M_script01_2,Ses01M_script01_2_F,It's been three and a half years. Why all of a sudden?,ang,negative,ang
Ses01M_script01_2,Ses01M_script01_2_M,"Well uh, He grew up next door to the girl, why wouldn't he want to see her?",neu,neutral,neu
Ses01M_script01_2,Ses01M_script01_2_M,Don't look at me like that. He didn't tell me anything he told you.,fru,negative,fru
Ses01M_script01_2,Ses01M_script01_2_F,He's not going to marry her.,,neutral,fru
Ses01M_script01_2,Ses01M_script01_2_M,How do you know he's even thinking about it?,fru,negative,fru
Ses01M_script01_2,Ses01M_script01_2_F,it's got that about it.,,neutral,fru
Ses01M_script01_2,Ses01M_script01_2_M,Oh so what?,fru,negative,fru
Ses01M_script01_2,Ses01M_script01_2_F,"What is going on here, Joe?",ang,negative,ang
Ses01M_script01_2,Ses01M_script01_2_M,"Okay, now listen, kids...",fru,negative,fru
Ses01M_script01_2,Ses01M_script01_2_F,The girl is not Larry's. If the girl is Larry's girl she's not his she know she's not.,ang,negative,ang
Ses01M_script01_2,Ses01M_script01_2_M,Listen. Line. You can't read her mind.,fru,negative,fru
Ses01M_script01_2,Ses01M_script01_2_F,Then why is she still single? New York is full of men probably a hundred people told her she is crazy but she is waited.,,neutral,fru
Ses01M_script01_2,Ses01M_script01_2_M,And how do you know why she's waited.,neu,neutral,neu
Ses01M_script01_2,Ses01M_script01_2_F,Because she knows what I know that's why. She's faithful as a rock. in my darkest moments I think of her waiting and I know that I'm right.,,neutral,fru
Ses01M_script01_2,Ses01M_script01_2_M,"Okay, look it's a beautiful day. Why are we arguing?",fru,negative,fru
Ses01M_script01_2,Ses01M_script01_2_F,"Nobody in this house dares take away her faith Joe. Her- strangers might but not her father, not her brother.",fru,negative,fru
Ses01M_script01_2,Ses01M_script01_2_M,What do you want me to do? What do you want?,fru,negative,fru
Ses01M_script01_2,Ses01M_script01_2_F,"I want you to---act like he is coming back. Don't think I haven't noticed you, both of you since Chris invited her here. I won't stand for any nonsense.",ang,negative,ang
Ses01M_script01_2,Ses01M_script01_2_M,Kate...,fru,negative,fru
Ses01M_script01_2,Ses01M_script01_2_F,Because if he's not coming back then I'll kill myself.,,neutral,fru
Ses01M_script01_2,Ses01M_script01_2_M,[BREATHING],fru,negative,fru
Ses01M_script01_2,Ses01M_script01_2_F,"Oh, laugh at me, laugh all you like but why does this happen to very night she comes back? She goes to sleep in his room and his memorial breaks in pieces. Look at it, Joe look.",ang,negative,ang
Ses01M_script01_2,Ses01M_script01_2_M,"All right, calm yourself.",fru,negative,fru
Ses01M_script01_2,Ses01M_script01_2_F,"Believe with me Joe, you got to believe. Only last week a boy came back missing longer then Larry you read it yourself.",ang,negative,ang
Ses01M_script01_2,Ses01M_script01_2_M,"Okay, calm yourself. Alright.",fru,negative,fru
Ses01M_script01_2,Ses01M_script01_2_M,calm yourself.,fru,negative,fru
Ses01M_script01_2,Ses01M_script01_2_F,You above all have got to believe. Just don't stop believing.,ang,negative,ang
Ses01M_script01_2,Ses01M_script01_2_M,What does that mean? Me above all? What does that mean?,ang,negative,ang
Ses01M_script01_2,Ses01M_script01_2_M,Look at you. You're shaking.,ang,negative,ang
Ses01M_script01_2,Ses01M_script01_2_F,I can't help it.,,neutral,ang
Ses01M_script01_2,Ses01M_script01_2_M,"What the hell do you want from me, Kate?",ang,negative,ang
Ses01M_script01_3,Ses01M_script01_3_F,The only one I know still love his parents.,neu,neutral,neu
Ses01M_script01_3,Ses01M_script01_3_M,"Yeah, that kind of went out of style didn't it?",hap,positive,hap
Ses01M_script01_3,Ses01M_script01_3_F,Oh it's not bad thing it's good thing.,neu,neutral,neu
Ses01M_script01_3,Ses01M_script01_3_F,"You know it's nice here, the air is sweet.",,neutral,neu
Ses01M_script01_3,Ses01M_script01_3_M,You're not sorry you came?,hap,positive,hap
Ses01M_script01_3,Ses01M_script01_3_F,"Not sorry, no. I can't stay here.",sad,negative,sad
Ses01M_script01_3,Ses01M_script01_3_M,Why not?,sad,negative,sad
Ses01M_script01_3,Ses01M_script01_3_F,For one thing your mother as much as told me to go.,neu,neutral,neu
Ses01M_script01_3,Ses01M_script01_3_M,Well.,,neutral,sad
Ses01M_script01_3,Ses01M_script01_3_F,[BREATHING] And then you've been kind of...,sad,negative,sad
Ses01M_script01_3,Ses01M_script01_3_M,What?,neu,neutral,neu
Ses01M_script01_3,Ses01M_script01_3_F,You've been kind of embarrassed ever since I got here.,sad,negative,sad
Ses01M_script01_3,Ses01M_script01_3_M,"I was kind of planning on sneaking up on you, you know over like a course of a week or so. They just take for granted that we're already set.",,neutral,neu
Ses01M_script01_3,Ses01M_script01_3_F,"I knew they would, your mother anyway.",,neutral,neu
Ses01M_script01_3,Ses01M_script01_3_M,You did?,neu,neutral,neu
Ses01M_script01_3,Ses01M_script01_3_F,From her point of view why else would I come?,neu,neutral,neu
Ses01M_script01_3,Ses01M_script01_3_M,Yeah--,neu,neutral,neu
Ses01M_script01_3,Ses01M_script01_3_M,"So then would you want to? I mean I guess, you kind of have to know, maybe that's why I asked you to come.",,neutral,neu
Ses01M_script01_3,Ses01M_script01_3_F,Well I guess that's why I came.,,neutral,neu
Ses01M_script01_3,Ses01M_script01_3_M,"Ann, I love you. I love you.",hap,positive,hap
Ses01M_script01_3,Ses01M_script01_3_M,I love you a great deal.,,positive,neu
Ses01M_script01_3,Ses01M_script01_3_M,I'm sorry I don't really have much of an imagination.,,neutral,neu
Ses01M_script01_3,Ses01M_script01_3_F,"Chris,",,neutral,neu
Ses01M_script01_3,Ses01M_script01_3_M,"I'm sorry I'm embarrassing you, aren't I? See, I didn't want to do it here I didn't on this porch, with this ring--I didn't want to win you away from anything.",,neutral,neu
Ses01M_script01_3,Ses01M_script01_3_F,"I've been ready a long, long time.",,neutral,neu
Ses01M_script01_3,Ses01M_script01_3_M,So then he's gone. You sure?,,neutral,neu
Ses01M_script01_3,Ses01M_script01_3_F,I almost got married two years ago.,neu,neutral,neu
Ses01M_script01_3,Ses01M_script01_3_M,Why didn't you?,neu,neutral,neu
Ses01M_script01_3,Ses01M_script01_3_F,You started to write me.,,neutral,neu
Ses01M_script01_3,Ses01M_script01_3_M,You felt something that far back?,,neutral,neu
Ses01M_script01_3,Ses01M_script01_3_F,Everyday since.,exc,positive,exc
Ses01M_script01_3,Ses01M_script01_3_M,why didn't you let me know?,exc,positive,exc
Ses01M_script01_3,Ses01M_script01_3_F,"Because I was waiting for you, Chris. Till then you never wrote me and then when you did, well, you sure can be ambiguous you know.",exc,positive,exc
Ses01M_script01_3,Ses01M_script01_3_M,"Oh Annie, why don't you go ahead and give me a kiss, come on just a...",,neutral,exc
Ses01M_script01_3,Ses01M_script01_3_M,I kissed you. I kissed Annie.,exc,positive,exc
Ses01M_script01_3,Ses01M_script01_3_F,I'll never forgive you for waiting so long. All I did was sit around and wonder if I was crazy for thinking about you.,hap,positive,hap
Ses01M_script01_3,Ses01M_script01_3_M,I kissed you.,hap,positive,hap
Ses01M_script01_3,Ses01M_script01_3_F,"Like Larry's brother. Do what like you, Chris.",,neutral,sad
Ses01M_script01_3,Ses01M_script01_3_F,"Chris, what's the matter?",sad,negative,sad
Ses01M_script01_3,Ses01M_script01_3_M,Do you want to go somewhere? Let's go.,sad,negative,sad
Ses01M_script01_3,Ses01M_script01_3_F,"No, what is it? Is your mother?",sad,negative,sad
Ses01M_script01_3,Ses01M_script01_3_M,"No, no, it's nothing like that.",sad,negative,sad
Ses01M_script01_3,Ses01M_script01_3_F,"Well, then what? You know, even in your letter you seem kind of ashamed.",,neutral,sad
Ses01M_script01_3,Ses01M_script01_3_M,I don't know it's--it's complicated. But it's going from me now.,sad,negative,sad
Ses01M_script01_3,Ses01M_script01_3_F,You got to tell me.,sad,negative,sad
Ses01M_script01_3,Ses01M_script01_3_M,I don't know.,sad,negative,sad
Ses01M_script01_3,Ses01M_script01_3_M,It's kind of all mixed up with all these other things.,sad,negative,sad
Ses01M_script01_3,Ses01M_script01_3_F,Wouldn't work like this.,sad,negative,sad
Ses01M_script01_3,Ses01M_script01_3_M,you know over seas I was in command of the company?,sad,negative,sad
Ses01M_script01_3,Ses01M_script01_3_F,"Yeah, sure.",sad,negative,sad
Ses01M_script01_3,Ses01M_script01_3_M,Well I lost them.,sad,negative,sad
Ses01M_script01_3,Ses01M_script01_3_F,How many?,sad,negative,sad
Ses01M_script01_3,Ses01M_script01_3_M,Pretty much all.,sad,negative,sad
Ses01M_script01_3,Ses01M_script01_3_F,[BREATHING]. Geez.,sad,negative,sad
Ses01M_script01_3,Ses01M_script01_3_M,"Takes awhile to toss something like that off. I mean they weren't just men, you know.",sad,negative,sad
Ses01M_script01_3,Ses01M_script01_3_M,"For instance, there was this one time when this kid--it had been raining for like several days and he gave me his last pair of dry socks.",sad,negative,sad
Ses01M_script01_3,Ses01M_script01_3_M,He just put it in my pocket that's the kind of guys I had.,sad,negative,sad
Ses01M_script01_3,Ses01M_script01_3_M,"They didn't die they killed themselves for each other and I mean that exactly, you know a little more selfish and they'll all be here today...",sad,negative,sad
Ses01M_script01_3,Ses01M_script01_3_M,"And I had this idea as I was watching them go down like everything was being destroyed, you know. But I felt like this one new thing was being made, you know it's kind of like this. This monument...",sad,negative,sad
Ses01M_script01_3,Ses01M_script01_3_M,"You know, that they were bringing something on to this earth, a kind of sacrifice you know.",sad,negative,sad
Ses01M_script01_3,Ses01M_script01_3_M,"I thought I would change everything you know, and I got back here and it was- it was like nothing had changed at all...",sad,negative,sad
Ses01M_script01_3,Ses01M_script01_3_M,You know. I went to work with dad and I started that whole rat race again...,sad,negative,sad
Ses01M_script01_3,Ses01M_script01_3_M,And no one had changed it was just like sort of random bus accident to them.,sad,negative,sad
Ses01M_script01_3,Ses01M_script01_3_M,Driving my new car and I felt guilty you know opening my bank book seeing a new refrigerator.,sad,negative,sad
Ses01M_script01_3,Ses01M_script01_3_M,'Cause you can take those things out of a war. But you have to realize that those things came out of the love that a man can have for another man...,sad,negative,sad
Ses01M_script01_3,Ses01M_script01_3_M,And if you can't see that then it's just loot and there's blood all over it.,sad,negative,sad
Ses01M_script01_3,Ses01M_script01_3_M,I felt ashamed and I didn't want any part of it. I guess I included you too.,sad,negative,sad
Ses01M_script01_3,Ses01M_script01_3_F,Do you still feel that way?,sad,negative,sad
Ses01M_script01_3,Ses01M_script01_3_M,I want you to know Annie.,sad,negative,sad
Ses01M_script01_3,Ses01M_script01_3_F,"'Cause you mustn't feel that way. Everything you have, you have a right to...",,neutral,sad
Ses01M_script01_3,Ses01M_script01_3_F,Everything Chris do you understand that? To me too...,,neutral,sad
Ses01M_script01_3,Ses01M_script01_3_F,And your money there's nothing wrong in your money. Your father put hundreds of planes into the air. You should be proud of that a man should be paid for that.,,neutral,sad
Ses01M_script01_3,Ses01M_script01_3_M,Annie...,,neutral,sad
Ses01M_script01_3,Ses01M_script01_3_M,I'm going to make a fortune for you.,hap,positive,hap
Ses01M_script01_3,Ses01M_script01_3_F,What would I do with a fortune?,hap,positive,hap
Ses01M_script02_1,Ses01M_script02_1_M,"What time is it? God, this is great, isn't it? I can't believe it.",exc,positive,exc
Ses01M_script02_1,Ses01M_script02_1_M,"Of course I did want to a little further up the coast you know get away from all the lights and people and everything. Is it midnight, do they always start at midnight? Is that what it is midnight? How you doing, huh? You okay? That's good.",exc,positive,exc
Ses01M_script02_1,Ses01M_script02_1_F,I'm fine.,,neutral,exc
Ses01M_script02_1,Ses01M_script02_1_M,"Look, there what's that, what's that? Is it--",exc,positive,exc
Ses01M_script02_1,Ses01M_script02_1_M,"No, I think that's just foam.",,neutral,exc
Ses01M_script02_1,Ses01M_script02_1_F,Ugh...,fru,negative,fru
Ses01M_script02_1,Ses01M_script02_1_M,"Oh, no I can't tell though. Although probably if you can't tell it probably isn't them right, yeah. Probably going to be like unmistakable, right?",exc,positive,exc
Ses01M_script02_1,Ses01M_script02_1_M,"Gosh, this is great, isn't it? This is awesome. Oh, no you know what I forgot?",exc,positive,exc
Ses01M_script02_1,Ses01M_script02_1_M,My flashlight. How could I forget my flashlight? God--,,neutral,exc
Ses01M_script02_1,Ses01M_script02_1_F,What flashlight?,,neutral,exc
Ses01M_script02_1,Ses01M_script02_1_M,Flashlight the silver one. There's only one isn't there?,neu,neutral,neu
Ses01M_script02_1,Ses01M_script02_1_F,That's not your flashlight.,,neutral,exc
Ses01M_script02_1,Ses01M_script02_1_M,Whose is it?,,neutral,exc
Ses01M_script02_1,Ses01M_script02_1_F,"It's ours; it's my flashlight, too.",,neutral,neu
Ses01M_script02_1,Ses01M_script02_1_M,"Oh, well, yeah of course.",neu,neutral,neu
Ses01M_script02_1,Ses01M_script02_1_F,"You keep saying ""my flashlight"" like somehow it's just yours. How's that supposed to make me feel?",ang,negative,ang
Ses01M_script02_1,Ses01M_script02_1_M,"Of course, our flashlight. What's your is mine, mi flashlight es su flashlight.",neu,neutral,neu
Ses01M_script02_1,Ses01M_script02_1_M,"Gosh, I should have brought it. I can't believe I forgot that.",neu,neutral,neu
Ses01M_script02_1,Ses01M_script02_1_M,"It's a nice moon though, should stay full. Do they always run during a full moon? I can't remember was it full last year?",,neutral,neu
Ses01M_script02_1,Ses01M_script02_1_F,Yeah.,,neutral,neu
Ses01M_script02_1,Ses01M_script02_1_M,Are you all right? Are you okay? You cold? Do you want to my jacket? My jacket? No?,,neutral,neu
Ses01M_script02_1,Ses01M_script02_1_F,No.,neu,neutral,neu
Ses01M_script02_1,Ses01M_script02_1_M,"You know what we should've brought a blanket too. Man, our blanket, our blanket. Wish I had six-pack too, a six-pack would be just the ticket right about now, huh, six-pack.",exc,positive,exc
Ses01M_script02_1,Ses01M_script02_1_M,What's wrong? Are you okay? Huh? You cold?,,neutral,neu
Ses01M_script02_1,Ses01M_script02_1_F,I'm fine.,neu,neutral,neu
Ses01M_script02_1,Ses01M_script02_1_M,"Oh yeah, I'm so excited right now I'm like a kid.",exc,positive,exc
Ses01M_script02_1,Ses01M_script02_1_M,I can't believe I got out of the house without my fly zipped up even.,exc,positive,exc
Ses01M_script02_1,Ses01M_script02_1_F,I wonder if they can hear me talk,hap,positive,hap
Ses01M_script02_1,Ses01M_script02_1_M,"I wonder if they can hear me talking, you know.",,neutral,exc
Ses01M_script02_1,Ses01M_script02_1_M,Like feel the vibrations in the sand when we move around.,,neutral,fru
Ses01M_script02_1,Ses01M_script02_1_F,I'm cold.,fru,negative,fru
Ses01M_script02_1,Ses01M_script02_1_M,Do you want my jacket?,fru,negative,fru
Ses01M_script02_1,Ses01M_script02_1_F,"It's after eleven, let's go home.",fru,negative,fru
Ses01M_script02_1,Ses01M_script02_1_M,What are you kidding? We just got here. We don't want to turn around and go home now. What's the point coming all the way down here?,fru,negative,fru
Ses01M_script02_1,Ses01M_script02_1_F,There is no point.,fru,negative,fru
Ses01M_script02_1,Ses01M_script02_1_M,Right.,neu,neutral,neu
Ses01M_script02_1,Ses01M_script02_1_F,That's my point.,fru,negative,fru
Ses01M_script02_1,Ses01M_script02_1_M,That's my point too.,neu,neutral,neu
Ses01M_script02_1,Ses01M_script02_1_F,Then let's go.,ang,negative,ang
Ses01M_script02_1,Ses01M_script02_1_M,"No, wait no, no that's not my point. My point is there is no point and coming all the way down here if we just turn around and go home.",fru,negative,fru
Ses01M_script02_1,Ses01M_script02_1_M,Don't you want to see it?,,neutral,fru
Ses01M_script02_1,Ses01M_script02_1_F,Not particularly.,,neutral,fru
Ses01M_script02_1,Ses01M_script02_1_M,Why not?,fru,negative,fru
Ses01M_script02_1,Ses01M_script02_1_F,"I just don't, it's stupid.",,neutral,fru
Ses01M_script02_1,Ses01M_script02_1_M,It's not stupid. It's a natural phenomenon.,fru,negative,fru
Ses01M_script02_1,Ses01M_script02_1_M,People in Kansas would have to get plane tickets and make hotel reservations to see this. It's only forty minutes away; it's just too good to pass up.,ang,negative,ang
Ses01M_script02_1,Ses01M_script02_1_F,"Pass what up? These little fish swim out of the ocean, they flop around on the sand then they swim back and then they die.",ang,negative,ang
Ses01M_script02_1,Ses01M_script02_1_M,Yeah but that like flopping around is what to do it's like spawning or mating or something. This is like the highlight of their little fish lives. It's like life's last orgy.,,neutral,fru
Ses01M_script02_1,Ses01M_script02_1_F,"I don't know what you're so excited about. This isn't a moon landing we're talking about, it's fish, it's a fish nobody even eats.",fru,negative,fru
Ses01M_script02_1,Ses01M_script02_1_M,"Yeah, they do.",neu,neutral,neu
Ses01M_script02_1,Ses01M_script02_1_F,"Oh, Augie.",fru,negative,fru
Ses01M_script02_1,Ses01M_script02_1_M,"Well, okay whatever, okay but it's a fish who do something that like no other fish do, you know, it's like those swallows that return to Capistrano or those like those lemmings that jumped off the cliffs, you know.",exc,positive,exc
Ses01M_script02_1,Ses01M_script02_1_M,"It's like a little bit of the unexplainable, a little magic, a little mystery. I just don't see how you can not be interested in this.",exc,positive,exc
Ses01M_script02_1,Ses01M_script02_1_F,I'm not.,fru,negative,fru
Ses01M_script02_1,Ses01M_script02_1_M,For real?,,neutral,fru
Ses01M_script02_1,Ses01M_script02_1_F,Yes.,ang,negative,ang
Ses01M_script02_1,Ses01M_script02_1_M,All right.,fru,negative,fru
Ses01M_script02_1,Ses01M_script02_1_M,"I don't get it though, I mean the first time we came here you said it was like the best night of your life...",fru,negative,fru
Ses01M_script02_1,Ses01M_script02_1_M,And last year I remember like distinctively you were so excited to get here that you didn't realize you stubbed your toe until we were in a car.,fru,negative,fru
Ses01M_script02_1,Ses01M_script02_1_F,"Last year, you'll also remember we got--our shoes got wet, I got sand in my panties, you got a sore throat, we got into a big fight and we did not see the grunions.",ang,negative,ang
Ses01M_script02_1,Ses01M_script02_1_M,We just weren't in a good spot though.,neu,neutral,neu
Ses01M_script02_1,Ses01M_script02_1_F,We didn't see them the year before either.,ang,negative,ang
Ses01M_script02_1,Ses01M_script02_1_M,We just weren't in a good spot I'm telling you this is a much better spot.,,positive,ang
Ses01M_script02_1,Ses01M_script02_1_M,"Come on, trust me I got instincts for these things, okay? So just--just think about it all right? Okay, I know you're not interested, think about it...",neu,neutral,neu
Ses01M_script02_1,Ses01M_script02_1_M,"Out there, there's like this big mass of silver fish they're heading this way...",exc,positive,exc
Ses01M_script02_1,Ses01M_script02_1_M,"They don't know why, we don't know why. No one like sent them an invitation or gave them a map or direction...",exc,positive,exc
Ses01M_script02_1,Ses01M_script02_1_M,They just all turned at once and they just form this line as long as the California coast. And they just started swimming...,exc,positive,exc
Ses01M_script02_1,Ses01M_script02_1_M,Like some little time release fire cracker went off inside their little tiny bodies. And they all turned as one...,exc,positive,exc
Ses01M_script02_1,Ses01M_script02_1_M,"And form the line and started swimming, swimming that would bring them to this point here...",exc,positive,exc
Ses01M_script02_1,Ses01M_script02_1_M,It's like urgency that's pure urge you know. It's single-mindedness with no mind.,exc,positive,exc
Ses01M_script02_1,Ses01M_script02_1_M,"It's crazy. Look at this, I'm giving myself goose bumps, the hairs are standing up on my arm.",exc,positive,exc
Ses01M_script02_1,Ses01M_script02_1_F,That's the wind.,,neutral,exc
Ses01M_script02_2,Ses01M_script02_2_M,They're out there swimming right now...,,neutral,exc
Ses01M_script02_2,Ses01M_script02_2_M,...to this spot for this massive celebration of like sex and death...,exc,positive,exc
Ses01M_script02_2,Ses01M_script02_2_M,"Look at this, my hairs are standing up my arm. I'm giving myself goose bumps.",exc,positive,exc
Ses01M_script02_2,Ses01M_script02_2_F,That's the wind.,neu,neutral,neu
Ses01M_script02_2,Ses01M_script02_2_M,"Well, so? What do you think?",exc,positive,exc
Ses01M_script02_2,Ses01M_script02_2_F,About what?,,neutral,exc
Ses01M_script02_2,Ses01M_script02_2_M,About what I was saying.,,neutral,exc
Ses01M_script02_2,Ses01M_script02_2_F,I think it's ridiculous.,fru,negative,fru
Ses01M_script02_2,Ses01M_script02_2_M,It certainly is not. It's like slightly exaggerated scientific fact.,,neutral,fru
Ses01M_script02_2,Ses01M_script02_2_F,It's a PR.,fru,negative,fru
Ses01M_script02_2,Ses01M_script02_2_F,Somebody sold you a bill of goods that something amazing is going to happen on the beach.,,positive,fru
Ses01M_script02_2,Ses01M_script02_2_M,"It's not just me, okay? Look at like all the people.",fru,negative,fru
Ses01M_script02_2,Ses01M_script02_2_F,They're all told the same thing.,fru,negative,fru
Ses01M_script02_2,Ses01M_script02_2_F,"Everybody is believes that it keeps them excited, you know it keeps them coming back for more.",fru,negative,fru
Ses01M_script02_2,Ses01M_script02_2_F,"Everybody keeps thinking that they can just find the right spot, you know they'll get it on the action.",fru,negative,fru
Ses01M_script02_2,Ses01M_script02_2_F,Their life will start then.,fru,negative,fru
Ses01M_script02_2,Ses01M_script02_2_M,Are we talking about the same thing?,,neutral,fru
Ses01M_script02_2,Ses01M_script02_2_F,I'm sorry it still just fish to me.,fru,negative,fru
Ses01M_script02_2,Ses01M_script02_2_M,Can I ask you a question? Are you on your period?,neu,neutral,neu
Ses01M_script02_2,Ses01M_script02_2_F,"Why do you ask me that? God damn it, I told you not to ask me that I hate it when you ask me that. It's insulting.",ang,negative,ang
Ses01M_script02_2,Ses01M_script02_2_M,"Okay, well then what's bugging you?",,neutral,fru
Ses01M_script02_2,Ses01M_script02_2_F,"I just, we just have different ideas of what this evening is supposed to look like.",ang,negative,ang
Ses01M_script02_2,Ses01M_script02_2_M,"Is not supposed to like anything. We come down here, we look at the fish, they arrive, we go woo-ah fish.",fru,negative,fru
Ses01M_script02_2,Ses01M_script02_2_F,"Oh. Grow up Augie, the fish are not going to come.",fru,negative,fru
Ses01M_script02_2,Ses01M_script02_2_M,And then we go home and they go home.,,neutral,fru
Ses01M_script02_2,Ses01M_script02_2_M,Why not?,fru,negative,fru
Ses01M_script02_2,Ses01M_script02_2_F,"Because they never do. Do they, have they ever?",ang,negative,ang
Ses01M_script02_2,Ses01M_script02_2_M,We missed them twice.,neu,neutral,neu
Ses01M_script02_2,Ses01M_script02_2_F,Twice is every year we've tried that's ever.,ang,negative,ang
Ses01M_script02_2,Ses01M_script02_2_M,"Okay we'll see them this year, this is a much better spot. Trust me.",fru,negative,fru
Ses01M_script02_2,Ses01M_script02_2_F,No we won't. It's pointless it's like a waiting up to see Santa Claus.,ang,negative,ang
Ses01M_script02_2,Ses01M_script02_2_F,"I feel like my whole life is going to be spent here on the beach with my eyes wide open and my hands clasped expectantly, waiting for fish to show up and the fish never show.",ang,negative,ang
Ses01M_script02_2,Ses01M_script02_2_M,"Okay, I'm trying to work this backwards",fru,negative,fru
Ses01M_script02_2,Ses01M_script02_2_F,You don't understand anything I'm saying.,fru,negative,fru
Ses01M_script02_2,Ses01M_script02_2_M,and figure out where we took a turn to the worst thing.,fru,negative,fru
Ses01M_script02_2,Ses01M_script02_2_M,Of course not.,fru,negative,fru
Ses01M_script02_2,Ses01M_script02_2_F,"I did want to see it I still do, I always do. I keep thinking that this time will be the time but it just never is.",,neutral,fru
Ses01M_script02_2,Ses01M_script02_2_M,"Okay. I'm trying to work this backwards here and I'm trying to figure out the exact moment that you took a turn for the worst here, now.",fru,negative,fru
Ses01M_script02_2,Ses01M_script02_2_M,"you were fine during the phone call from Marge, dinner was okay, doing the dishes was fine.",neu,neutral,neu
Ses01M_script02_2,Ses01M_script02_2_M,"Let's see, uh, I took a shower and, um, you were watching the news and you said the ""the Grunions are running tonight,"" and I said ""okay great, let's go.""",neu,neutral,neu
Ses01M_script02_2,Ses01M_script02_2_M,So I'm putting the animals out we're getting the car to the garage and--,neu,neutral,neu
Ses01M_script02_2,Ses01M_script02_2_F,Do you remember the first year we came here? It's about four years ago right after we got married.,neu,neutral,neu
Ses01M_script02_2,Ses01M_script02_2_F,We thought I was pregnant we had this bottle of champagne but no glasses. You asked me to dance so we took off our shoes.,,neutral,neu
Ses01M_script02_2,Ses01M_script02_2_F,"While we were dancing you said the softest most intimate things to me, right into my ears so I could feel them much as hear them.",,neutral,neu
Ses01M_script02_2,Ses01M_script02_2_F,"And I remember thinking this is it. finally, finally I'm as happy as I'm supposed to be.",sad,negative,sad
Ses01M_script02_2,Ses01M_script02_2_M,"Wait a minute, I've got it.",neu,neutral,neu
Ses01M_script02_2,Ses01M_script02_2_F,"Dancing on the beach barefoot, drinking champagne from the bottle.",,neutral,neu
Ses01M_script02_2,Ses01M_script02_2_M,"It was when we were driving passed that knickerbocker liquor locker and you would said, no you said ""let's get some champagne"" and I said ""no time to wasting"" or something like that. That's what it is, right?",neu,neutral,neu
Ses01M_script02_2,Ses01M_script02_2_M,"You want this to be like the other times, right?",,neutral,neu
Ses01M_script02_2,Ses01M_script02_2_F,I'd rather not remember some things. I'd rather not hope for some things.,sad,negative,sad
Ses01M_script02_2,Ses01M_script02_2_M,"Oh right sure, of course.",neu,neutral,neu
Ses01M_script02_2,Ses01M_script02_2_M,Do you want to dance?,,neutral,neu
Ses01M_script02_2,Ses01M_script02_2_F,No.,sad,negative,sad
Ses01M_script02_2,Ses01M_script02_2_M,You want me to go get some champagne?,neu,neutral,neu
Ses01M_script02_2,Ses01M_script02_2_F,No.,sad,negative,sad
Ses01M_script02_2,Ses01M_script02_2_M,Do you want to take off our shoes?,neu,neutral,neu
Ses01M_script02_2,Ses01M_script02_2_F,No.,,neutral,neu
Ses01M_script02_2,Ses01M_script02_2_M,What? Huh?,neu,neutral,neu
Ses01M_script02_2,Ses01M_script02_2_M,You want to get married again?,neu,neutral,neu
Ses01M_script02_2,Ses01M_script02_2_M,What? What? You want to divorce?,fru,negative,fru
Ses01M_script02_2,Ses01M_script02_2_F,No.,fru,negative,fru
Ses01M_script02_2,Ses01M_script02_2_M,A vacation?,fru,negative,fru
Ses01M_script02_2,Ses01M_script02_2_F,No.,fru,negative,fru
Ses01M_script02_2,Ses01M_script02_2_M,"A new carpet, a poodle, a suicide pact, ice cream, a back rub, what? What? What the hell do you want?",ang,negative,ang
Ses01M_script02_2,Ses01M_script02_2_F,I want something to turn out the way that it's supposed to.,ang,negative,ang
Ses01M_script02_2,Ses01M_script02_2_M,"Well, welcome to the human race.",fru,negative,fru
Ses01M_script02_2,Ses01M_script02_2_M,You think nothing turns out how it's supposed to. You think I had some grand idea going that four years down the line. We would come to this beach and argue over fish? No.,ang,negative,ang
Ses01M_script02_2,Ses01M_script02_2_M,"You think there would be times when you'd look at me like I was used Kleenex and then I'd look at you and think ""Holy hell when is the next flight to Alaska.""",,neutral,ang
Ses01M_script02_2,Ses01M_script02_2_M,"No, no I'm just like you, I thought it was going to be all rosy cheeks and the bills would pay themselves and fish will always come and--",sad,negative,sad
Ses01M_script02_2,Ses01M_script02_2_M,No. You know what you get? You know what you get? You get this.,sad,negative,sad
Ses01M_script02_2,Ses01M_script02_2_F,This what? What is this? This isn't even anything.,ang,negative,ang
Ses01M_script02_2,Ses01M_script02_2_M,"Yeah, it is.",neu,neutral,neu
Ses01M_script02_2,Ses01M_script02_2_F,"Oh, sure this is standing on the beach, this is waiting, fighting.",ang,negative,ang
Ses01M_script02_2,Ses01M_script02_2_M,Right.,neu,neutral,neu
Ses01M_script02_2,Ses01M_script02_2_F,This isn't anything like I thought anything would be.,sad,negative,sad
Ses01M_script02_2,Ses01M_script02_2_M,I know me neither.,sad,negative,sad
Ses01M_script02_2,Ses01M_script02_2_F,This is just this. I mean it includes a lot and everything but it's--do you understand what I'm saying?,sad,negative,sad
Ses01M_script02_2,Ses01M_script02_2_M,I'm doing the best I can.,sad,negative,sad
Ses01M_script02_2,Ses01M_script02_2_F,"I know that Augie, I really do.",sad,negative,sad
Ses01M_script02_2,Ses01M_script02_2_F,"I just can't help wishing that I was somebody, somewhere else.",sad,negative,sad
Ses01M_script02_2,Ses01M_script02_2_M,Maybe if you were with somebody else too?,sad,negative,sad
Ses01M_script02_2,Ses01M_script02_2_F,I didn't say that.,sad,negative,sad
Ses01M_script02_2,Ses01M_script02_2_M,"No, I know but--I know I don't make you happy.",sad,negative,sad
Ses01M_script02_2,Ses01M_script02_2_F,Are you kidding me? For heaven sake Augie anything I'm doing I'd rather be doing it with you.,,neutral,sad
Ses01M_script02_2,Ses01M_script02_2_M,Yeah?,sad,negative,sad
Ses01M_script02_2,Ses01M_script02_2_F,"Yes, don't be ridiculous. Don't you know that?",,neutral,sad
Ses01M_script02_2,Ses01M_script02_2_F,"You are the one who probably wishes he was with somebody else, someone who didn't take everything so seriously, someone who would enjoy yourself.",sad,negative,sad
Ses01M_script02_2,Ses01M_script02_2_M,"Actually, you know what? Now you mentioned that--no I don't.",,neutral,sad
Ses01M_script02_2,Ses01M_script02_2_F,So maybe we're in the wrong spot. But we're with the right person.,,neutral,sad
Ses01M_script02_2,Ses01M_script02_2_M,"I don't know, just seemed like such a good spot to me.",,positive,sad
Ses01M_script02_2,Ses01M_script02_2_M,We do have really good view of the moon from here though.,,positive,sad
Ses01M_script02_2,Ses01M_script02_2_F,Oh I saw that. Pretty isn't it. Big ol' white moon.,,neutral,sad
Ses01M_script02_2,Ses01M_script02_2_M,Look what we got here.,hap,positive,hap
Ses01M_script02_2,Ses01M_script02_2_F,"Augie, you brought refreshments.",,neutral,sad
Ses01M_script02_2,Ses01M_script02_2_M,It's not champagne.,neu,neutral,neu
Ses01M_script02_2,Ses01M_script02_2_F,I guess we don't need glasses.,hap,positive,hap
Ses01M_script02_2,Ses01M_script02_2_M,"Are you cold, huh? Do you want to go home?",neu,neutral,neu
Ses01M_script02_2,Ses01M_script02_2_F,I'm beginning to think you might be right. I think this might be the spot after all.,hap,positive,hap
Ses01M_script02_2,Ses01M_script02_2_F,"Augie, I'm sorry.",sad,negative,sad
Ses01M_script02_2,Ses01M_script02_2_M,Shh...,hap,positive,hap
Ses01M_script02_2,Ses01M_script02_2_M,"If we are really quiet, the fish might come.",hap,positive,hap
Ses01M_script02_2,Ses01M_script02_2_F,Or not.,neu,neutral,neu
Ses01M_script02_2,Ses01M_script02_2_M,Or not.,neu,neutral,neu
Ses01M_script03_1,Ses01M_script03_1_M,Good God.,,positive,neu
Ses01M_script03_1,Ses01M_script03_1_F,Do you think it's them?,,neutral,neu
Ses01M_script03_1,Ses01M_script03_1_M,I wonder.,,neutral,neu
Ses01M_script03_1,Ses01M_script03_1_F,Freda is the only one who knows we are here. She wouldn't ring up.,,neutral,neu
Ses01M_script03_1,Ses01M_script03_1_M,Must be them then.,,neutral,neu
Ses01M_script03_1,Ses01M_script03_1_F,What we're going to do?,,neutral,neu
Ses01M_script03_1,Ses01M_script03_1_M,"We're okay, right darling? Whatever happens, we're okay?",,negative,neu
Ses01M_script03_1,Ses01M_script03_1_F,Now and always sweet.,hap,positive,hap
Ses01M_script03_1,Ses01M_script03_1_M,I don't care then.,hap,positive,hap
Ses01M_script03_1,Ses01M_script03_1_F,It had to happen sooner or later.,hap,positive,hap
Ses01M_script03_1,Ses01M_script03_1_M,Yes... Hello? Hello? I'm sorry what's that?,,neutral,hap
Ses01M_script03_1,Ses01M_script03_1_M,"No, it's a wrong number.",,neutral,hap
Ses01M_script03_1,Ses01M_script03_1_F,"Oh, oh, that sent shivers on my spine.",,neutral,hap
Ses01M_script03_1,Ses01M_script03_1_M,[BREATHING] [LAUGHTER],,neutral,hap
Ses01M_script03_1,Ses01M_script03_1_F,Oh...,,neutral,hap
Ses01M_script03_1,Ses01M_script03_1_M,[BREATHING],,neutral,hap
Ses01M_script03_1,Ses01M_script03_1_F,[BREATHING],exc,positive,exc
Ses01M_script03_1,Ses01M_script03_1_M,What shall we do if they suddenly walk in on us?,,neutral,hap
Ses01M_script03_1,Ses01M_script03_1_F,Oh. Behave exquisitely...,hap,positive,hap
Ses01M_script03_1,Ses01M_script03_1_M,With perfect poise...,hap,positive,hap
Ses01M_script03_1,Ses01M_script03_1_F,[LAUGHTER] I think I shall do a court curtsey.,hap,positive,hap
Ses01M_script03_1,Ses01M_script03_1_M,Ah...,hap,positive,hap
Ses01M_script03_1,Ses01M_script03_1_F,[LAUGHTER],hap,positive,hap
Ses01M_script03_1,Ses01M_script03_1_M,Ah...Strange...,hap,positive,hap
Ses01M_script03_1,Ses01M_script03_1_F,Mmm...,hap,positive,hap
Ses01M_script03_1,Ses01M_script03_1_M,"Things that just ought to matter dreadfully, you know they just don't matter at all when one is happy, do they?",hap,positive,hap
Ses01M_script03_1,Ses01M_script03_1_F,The pity is that one can't stay happy.,,positive,hap
Ses01M_script03_1,Ses01M_script03_1_M,"Darling, don't say that.",sad,negative,sad
Ses01M_script03_1,Ses01M_script03_1_F,It's true. I think the whole things a very poor joke.,,neutral,hap
Ses01M_script03_1,Ses01M_script03_1_M,"What, this sacred and beautiful thing, love?",,positive,hap
Ses01M_script03_1,Ses01M_script03_1_F,"Oh, yes meaning just that.",hap,positive,hap
Ses01M_script03_1,Ses01M_script03_1_M,"Oh, dear god what is that all mean, dear god?",hap,positive,hap
Ses01M_script03_1,Ses01M_script03_1_F,[LAUGHTER] Don't laugh at me I'm being serious.,hap,positive,hap
Ses01M_script03_1,Ses01M_script03_1_M,"You mustn't be so serious, darling, it just what they want.",hap,positive,hap
Ses01M_script03_1,Ses01M_script03_1_F,Oh whose they?,,neutral,hap
Ses01M_script03_1,Ses01M_script03_1_M,"Oh you know all those superficial philosophers. We must laugh at them, be flippant.",,neutral,hap
Ses01M_script03_1,Ses01M_script03_1_M,Flippancy brings out the acid in their darn sweetness and light.,hap,positive,hap
Ses01M_script03_1,Ses01M_script03_1_F,"Mmhmm If I must laugh at everything, I must laugh at us too.",hap,positive,hap
Ses01M_script03_1,Ses01M_script03_1_M,Oh yes. .,,neutral,hap
Ses01M_script03_1,Ses01M_script03_1_F,"How long will it last, this ludicrous, overbearing love of ours?",hap,positive,hap
Ses01M_script03_1,Ses01M_script03_1_M,We are figures of fun all right,hap,positive,hap
Ses01M_script03_1,Ses01M_script03_1_M,Ahh...who knows.,hap,positive,hap
Ses01M_script03_1,Ses01M_script03_1_F,Shall we always want to bicker and fight?,hap,positive,hap
Ses01M_script03_1,Ses01M_script03_1_M,"No, that will fade...Along with our passion...",,neutral,hap
Ses01M_script03_1,Ses01M_script03_1_F,"Oh, will we like that?",,neutral,hap
Ses01M_script03_1,Ses01M_script03_1_M,Well it depends on how well we've played.,,neutral,hap
Ses01M_script03_1,Ses01M_script03_1_F,If one of us dies...,hap,positive,hap
Ses01M_script03_1,Ses01M_script03_1_F,does the one that's left still laugh?,,neutral,hap
Ses01M_script03_1,Ses01M_script03_1_M,"Yes, yes with the all his might.",,neutral,hap
Ses01M_script03_1,Ses01M_script03_1_F,"Well, that's serious enough isn't it?",,neutral,hap
Ses01M_script03_1,Ses01M_script03_1_M,"No, no, no, no death is very laughable it's a cunning little mystery, you know. It's all done with mirrors.",,neutral,hap
Ses01M_script03_1,Ses01M_script03_1_F,I think you're talking nonsense.,hap,positive,hap
Ses01M_script03_1,Ses01M_script03_1_M,"Ah so is everyone in the long run, huh?",,neutral,hap
Ses01M_script03_1,Ses01M_script03_1_F,Hmm.,,neutral,hap
Ses01M_script03_1,Ses01M_script03_1_M,"Let's pity the poor philosophers, huh? Let's enjoy the party for as long as we can, okay? Let's blow trumpets and squeakers and sit like small idiotic school children. [LAUGHTER]",exc,positive,exc
Ses01M_script03_1,Ses01M_script03_1_F,Ah.,,neutral,hap
Ses01M_script03_1,Ses01M_script03_1_M,"Come here darling, kiss me",exc,positive,exc
Ses01M_script03_1,Ses01M_script03_1_F,"Oh, Elliot. Worms don't pop.",,neutral,hap
Ses01M_script03_1,Ses01M_script03_1_M,before your body rots and worms pop out of your eye sockets.,hap,positive,hap
Ses01M_script03_1,Ses01M_script03_1_M,"See, you know I don't care what you do. You could paint yourself green and run naked to the Place Vendome.",hap,positive,hap
Ses01M_script03_1,Ses01M_script03_1_F,"Oh, thank you darling.",,neutral,hap
Ses01M_script03_1,Ses01M_script03_1_M,You could run off with all the men in a world. I won't say a word. Just as long as you love me best.,,positive,hap
Ses01M_script03_1,Ses01M_script03_1_F,"The same applies to you too, except you so much as look at another women I'll kill you.",,neutral,hap
Ses01M_script03_1,Ses01M_script03_1_M,Do you remember that row we did have in Venice?,hap,positive,hap
Ses01M_script03_1,Ses01M_script03_1_F,Which particular one?,hap,positive,hap
Ses01M_script03_1,Ses01M_script03_1_M,The one when you put that little wooden painted snake in my bed?,,neutral,hap
Ses01M_script03_1,Ses01M_script03_1_F,"Oh, Charles. That was his name Charles. He did wriggle so beautifully.",exc,positive,exc
Ses01M_script03_1,Ses01M_script03_1_M,It was a horrible thing I hated it.,,negative,hap
Ses01M_script03_1,Ses01M_script03_1_F,"Oh I know you threw it out the window and into the Grand Canal. Oh, I'll never forgive you for that.",,neutral,hap
Ses01M_script03_1,Ses01M_script03_1_M,Of course how long did that row last?,,neutral,hap
Ses01M_script03_1,Ses01M_script03_1_F,It went on intermittently for days.,,neutral,hap
Ses01M_script03_1,Ses01M_script03_1_M,But you know it wasn't as bad as the one we had in Cannes...mmhmm...where your curling irons burnt a hole in my dressing gown.,exc,positive,exc
Ses01M_script03_1,Ses01M_script03_1_F,Cannes...mmhmm...,hap,positive,hap
Ses01M_script03_1,Ses01M_script03_1_F,Oh it burnt my comb too and all those towels in the bathroom.,,neutral,hap
Ses01M_script03_1,Ses01M_script03_1_M,Oh that was a rouser wasn't it?,,neutral,hap
Ses01M_script03_1,Ses01M_script03_1_F,The manager came in he found us rolling about the floor. [LAUGHTER],hap,positive,hap
Ses01M_script03_1,Ses01M_script03_1_M,I will never forget the look on his face.,hap,positive,hap
Ses01M_script03_1,Ses01M_script03_1_F,Scratching and biting like panthers. [LAUGHTER] Oh...,hap,positive,hap
Ses01M_script03_1,Ses01M_script03_1_M,oh...,hap,positive,hap
Ses01M_script03_1,Ses01M_script03_1_F,"Utterly, utterly ridiculous.",hap,positive,hap
Ses01M_script03_1,Ses01M_script03_1_F,oh...[LAUGHTER],hap,positive,hap
Ses01M_script03_1,Ses01M_script03_1_M,We were very much younger then.,hap,positive,hap
Ses01M_script03_1,Ses01M_script03_1_F,Very much sillier.,hap,positive,hap
Ses01M_script03_1,Ses01M_script03_1_M,"However, I do believe the real cause of that row was Peter Burden.",,neutral,hap
Ses01M_script03_1,Ses01M_script03_1_F,Oh you knew there was nothing in that.,exc,positive,exc
Ses01M_script03_2,Ses01M_script03_2_M,[LAUGHTER],,neutral,neu
Ses01M_script03_2,Ses01M_script03_2_F,"[LAUGHTER] Utterly, utterly ridiculous.",,neutral,neu
Ses01M_script03_2,Ses01M_script03_2_M,We were very much younger then.,,neutral,neu
Ses01M_script03_2,Ses01M_script03_2_F,Very much sillier.,,neutral,neu
Ses01M_script03_2,Ses01M_script03_2_M,Mmhmm.,,neutral,neu
Ses01M_script03_2,Ses01M_script03_2_M,"However, I do believe the real cause of that row was Peter Burden.",,neutral,neu
Ses01M_script03_2,Ses01M_script03_2_F,Oh you knew there was nothing in that.,,neutral,neu
Ses01M_script03_2,Ses01M_script03_2_M,I knew nothing of the sort. You took presents from him.,,neutral,neu
Ses01M_script03_2,Ses01M_script03_2_F,Presents? It was a trivial little broach.,,neutral,neu
Ses01M_script03_2,Ses01M_script03_2_M,It was bristling with diamonds in the worst possible taste.,,neutral,neu
Ses01M_script03_2,Ses01M_script03_2_F,Not at all. It was very pretty. I still wear it often.,,neutral,neu
Ses01M_script03_2,Ses01M_script03_2_M,You sent out of your way to torture me over Peter Burden.,,neutral,neu
Ses01M_script03_2,Ses01M_script03_2_F,I did not you worked whole thing up in your jealous imagination.,,neutral,neu
Ses01M_script03_2,Ses01M_script03_2_M,"Well, you let him kiss you. You said you did.",,neutral,neu
Ses01M_script03_2,Ses01M_script03_2_F,"Well, what of it?",neu,neutral,neu
Ses01M_script03_2,Ses01M_script03_2_M,What of it?,,neutral,neu
Ses01M_script03_2,Ses01M_script03_2_F,"It gave him a lot, a great deal of pleasure and it didn't hurt me.",,positive,neu
Ses01M_script03_2,Ses01M_script03_2_M,And what about me?,,neutral,neu
Ses01M_script03_2,Ses01M_script03_2_F,If you hadn't been so suspicious and nosey you'd never known a thing about it.,,neutral,neu
Ses01M_script03_2,Ses01M_script03_2_M,That's a nice point of view I must say.,,neutral,neu
Ses01M_script03_2,Ses01M_script03_2_F,I'm bored with this conversation.,,neutral,neu
Ses01M_script03_2,Ses01M_script03_2_M,So am I. I'm bored stiff. You want some brandy?,,neutral,neu
Ses01M_script03_2,Ses01M_script03_2_F,"No, thank you.",neu,neutral,neu
Ses01M_script03_2,Ses01M_script03_2_M,"I'll have a little, I think.",neu,neutral,neu
Ses01M_script03_2,Ses01M_script03_2_F,I don't see why you want any you already had two glasses.,ang,negative,ang
Ses01M_script03_2,Ses01M_script03_2_M,"Oh, you know no particular reason besides they are very small glasses.",neu,neutral,neu
Ses01M_script03_2,Ses01M_script03_2_F,I just think it's silly you know to go on and on and on about such a thing.,,neutral,neu
Ses01M_script03_2,Ses01M_script03_2_M,You can hardly call three glasses of liquor in a whole evening going on and on and on.,,neutral,neu
Ses01M_script03_2,Ses01M_script03_2_F,"I just, I just think it's becoming a habit with you.",,neutral,neu
Ses01M_script03_2,Ses01M_script03_2_M,"Hmm. Well, you needn't be so grand just because you don't happen to want any at the moment, okay?",,neutral,neu
Ses01M_script03_2,Ses01M_script03_2_F,Do be quiet.,,neutral,neu
Ses01M_script03_2,Ses01M_script03_2_M,"Really, Amanda.",fru,negative,fru
Ses01M_script03_2,Ses01M_script03_2_F,"Don't be stupid, what?",ang,negative,ang
Ses01M_script03_2,Ses01M_script03_2_M,Nothing.,fru,negative,fru
Ses01M_script03_2,Ses01M_script03_2_M,Are you going out somewhere dear?,neu,neutral,neu
Ses01M_script03_2,Ses01M_script03_2_F,"No, darling I'm just making myself fascinating for you.",,neutral,ang
Ses01M_script03_2,Ses01M_script03_2_M,That reply has broken my heart.,,neutral,ang
Ses01M_script03_2,Ses01M_script03_2_F,Well it's a woman's duty to allure the man. Watch me a minute will you?,ang,negative,ang
Ses01M_script03_2,Ses01M_script03_2_M,As matter the fact that's perfectly true.,,neutral,ang
Ses01M_script03_2,Ses01M_script03_2_F,"Oh no, it isn't.",,neutral,ang
Ses01M_script03_2,Ses01M_script03_2_M,"Yes, it is.",,neutral,ang
Ses01M_script03_2,Ses01M_script03_2_F,"Don't be stupid, shut up.",,neutral,ang
Ses01M_script03_2,Ses01M_script03_2_M,"You know, it's a pity you didn't have any more brandy. It would have made you just a little less disagreeable.",ang,negative,ang
Ses01M_script03_2,Ses01M_script03_2_F,"Oh, well that's funny. It doesn't seem to have worked such wonders with you.",,neutral,ang
Ses01M_script03_2,Ses01M_script03_2_M,"You know what? You snap, you snap, you snap you're like a little adder.",ang,negative,ang
Ses01M_script03_2,Ses01M_script03_2_F,"Adders don't snap, they sting.",,neutral,ang
Ses01M_script03_2,Ses01M_script03_2_M,Nonsense. They have a bag of venom behind of fangs and they snap.,ang,negative,ang
Ses01M_script03_2,Ses01M_script03_2_F,They sting.,ang,negative,ang
Ses01M_script03_2,Ses01M_script03_2_F,"I don't care. I don't care, do you understand? I don't mind if they bark and they roll about like hoops.",ang,negative,ang
Ses01M_script03_2,Ses01M_script03_2_M,Did you see much of Peter Burden after our divorce?,ang,negative,ang
Ses01M_script03_2,Ses01M_script03_2_F,"Yes, I did quite a lot.",ang,negative,ang
Ses01M_script03_2,Ses01M_script03_2_M,I suppose you let him just kiss you or good deal more than too.,ang,negative,ang
Ses01M_script03_2,Ses01M_script03_2_F,"Oh, mind you own business.",ang,negative,ang
Ses01M_script03_2,Ses01M_script03_2_M,"I suppose you two had a riotous time, huh? No restrain at all, very enjoyable, he never had much any how.",ang,negative,ang
Ses01M_script03_2,Ses01M_script03_2_F,"You're quite insufferable, I expect it's because you're drunk.",ang,negative,ang
Ses01M_script03_2,Ses01M_script03_2_M,I am not in the least bit drunk.,ang,negative,ang
Ses01M_script03_2,Ses01M_script03_2_F,You always had a weak head.,ang,negative,ang
Ses01M_script03_2,Ses01M_script03_2_M,I think I told you once before that I had three minute liquor glasses the whole evening long. A Child of two cannot get drunk on that.,ang,negative,ang
Ses01M_script03_2,Ses01M_script03_2_F,"On the contrary, a child two could get violently drunk on only one glass of brandy.",ang,negative,ang
Ses01M_script03_2,Ses01M_script03_2_M,"Oh very, very interesting Amanda. How about the child of uh... four, six or maybe nine---you know, we could work up a splendid little debate about it, you know? Intemperate tots.",ang,negative,ang
Ses01M_script03_2,Ses01M_script03_2_F,Shut up.,ang,negative,ang
Ses01M_script03_2,Ses01M_script03_2_F,Not very funny darling. Why don't you have some more brandy?,ang,negative,ang
Ses01M_script03_2,Ses01M_script03_2_M,That's a very good idea I think I will.,ang,negative,ang
Ses01M_script03_2,Ses01M_script03_2_M,Would you uh...turn that off please? You're going to wake the people upstairs.,ang,negative,ang
Ses01M_script03_2,Ses01M_script03_2_F,Why?,ang,negative,ang
Ses01M_script03_2,Ses01M_script03_2_F,There are no people upstairs. It's a photographer's studio.,,neutral,ang
Ses01M_script03_2,Ses01M_script03_2_M,Well then you'll wake the people downstairs.,ang,negative,ang
Ses01M_script03_2,Ses01M_script03_2_F,They are away in Tunis.,ang,negative,ang
Ses01M_script03_2,Ses01M_script03_2_M,This is no time a year for Tunis.,ang,negative,ang
Ses01M_script03_2,Ses01M_script03_2_F,"Turn it on again, please.",ang,negative,ang
Ses01M_script03_2,Ses01M_script03_2_M,I will do no such thing.,ang,negative,ang
Ses01M_script03_2,Ses01M_script03_2_F,Very well if you insist on being boorish and idiotic.,ang,negative,ang
Ses01M_script03_2,Ses01M_script03_2_M,Turn it off. It's driving me mad.,ang,negative,ang
Ses01M_script03_2,Ses01M_script03_2_F,I won't.,ang,negative,ang
Ses01M_script03_2,Ses01M_script03_2_M,Turn it off.,ang,negative,ang
Ses01M_script03_2,Ses01M_script03_2_F,Stop it. No. Go away.,ang,negative,ang
Ses01M_script03_2,Ses01M_script03_2_M,Amanda listen. Listen.,ang,negative,ang
Ses01M_script03_2,Ses01M_script03_2_F,"listen Oh I'm sick and tired of listening to you, you damn sadistic bully.",ang,negative,ang
Ses01M_script03_2,Ses01M_script03_2_M,That's very amusing indeed.,ang,negative,ang
Ses01M_script03_2,Ses01M_script03_2_F,"Oh you're cruel you're...you're...I hate you, I hate you. Go away. You're conceited. You're overbearing. You're utterly impossible.",ang,negative,ang
Ses01M_script03_2,Ses01M_script03_2_M,"You...You're an evil minded, self-centered little wench and I never want to see you again.",ang,negative,ang
Ses01M_script03_2,Ses01M_script03_2_F,This is the end do you hear me? Finally and forever.,ang,negative,ang
Ses01M_script03_2,Ses01M_script03_2_M,You're not going like this.,ang,negative,ang
Ses01M_script03_2,Ses01M_script03_2_F,"Oh yes I am...Oh yes I am. Let go of me. You let go. You...urgh...You're a cruel friend. I loathe and I hate you. Marry you again...Ha...Never, never, never, never. I hope you die in torment. You beast.",ang,negative,ang
Ses01M_script03_2,Ses01M_script03_2_M,No you're not.,ang,negative,ang
Ses01M_script03_2,Ses01M_script03_2_M,Shut up. Shut up. I wouldn't marry you again if you came crawling back to me on a bended knee. You are an evil tempered little vampire and I never want to see you again as long as I live.,ang,negative,ang
Ses02F_impro01,Ses02F_impro01_F,"Hi. Excuse me. Um, I'd like to put in this application for my registration.",neu,neutral,neu
Ses02F_impro01,Ses02F_impro01_M,Hi.,neu,neutral,neu
Ses02F_impro01,Ses02F_impro01_M,"Okay. Let me see here. Um, we need--we need your original birth certificate.",neu,neutral,neu
Ses02F_impro01,Ses02F_impro01_F,My--my original birth certificate? But I don't carry that with me.,,neutral,neu
Ses02F_impro01,Ses02F_impro01_M,Right. Well. We still need it.,neu,neutral,neu
Ses02F_impro01,Ses02F_impro01_F,"Well, I have my driver's license, does that work?",,neutral,neu
Ses02F_impro01,Ses02F_impro01_M,"No. no Uh, no one told you that you needed your original birth certificate.",,neutral,neu
Ses02F_impro01,Ses02F_impro01_F,No it doesn't say it on the form.,fru,negative,fru
Ses02F_impro01,Ses02F_impro01_F,"I mean it just says that you need some form of identification, but it doesn't say what kind of identification.",fru,negative,fru
Ses02F_impro01,Ses02F_impro01_F,I mean if I had known--I would have brought it.,fru,negative,fru
Ses02F_impro01,Ses02F_impro01_M,um Sorry.,neu,neutral,neu
Ses02F_impro01,Ses02F_impro01_M,"Okay. Um, I'm sorry but I--I can't help you. You're gonna have to go back and uh...",fru,negative,fru
Ses02F_impro01,Ses02F_impro01_F,"Look, I've been waiting in line for a really long time. I mean, you've seen how long it is.",fru,negative,fru
Ses02F_impro01,Ses02F_impro01_F,It's lunch hour.,fru,negative,fru
Ses02F_impro01,Ses02F_impro01_M,Right. It's the D.M.V..,fru,negative,fru
Ses02F_impro01,Ses02F_impro01_M,"I know, it gets long, but I can't do anything without your--do you have Social Security card, maybe?",fru,negative,fru
Ses02F_impro01,Ses02F_impro01_F,"Well, no. I mean, I don't carry my original documents with me because if those things get destroyed, then what do you, you know what I mean, like if I loose my wallet or something, I'll never have them again.",fru,negative,fru
Ses02F_impro01,Ses02F_impro01_F,I have my passport and I have my driver's license. And that's all I have.,fru,negative,fru
Ses02F_impro01,Ses02F_impro01_M,"Alright, I don't know what to tell you right.",fru,negative,fru
Ses02F_impro01,Ses02F_impro01_M,"I think you're just gonna--you're gonna have to get 'em and then you can back and then, we'll help you out. Maybe, we can-",fru,negative,fru
Ses02F_impro01,Ses02F_impro01_F,"But, isn't there anything you can do. Can't you make an exception this one time? My picture is on both of those identifications. It's not like you don't know that it's me.",fru,negative,fru
Ses02F_impro01,Ses02F_impro01_M,I can't.,fru,negative,fru
Ses02F_impro01,Ses02F_impro01_F,And I can give you my social--,fru,negative,fru
Ses02F_impro01,Ses02F_impro01_M,"I make an exception for you and I have to make an exception for everyone. I mean, I-I've seen this before and I know it's frustrating, but there's nothing I can do. You just have to-",fru,negative,fru
Ses02F_impro01,Ses02F_impro01_F,"Well, I can give you my Social Security Number.",fru,negative,fru
Ses02F_impro01,Ses02F_impro01_M,"No, it's--",fru,negative,fru
Ses02F_impro01,Ses02F_impro01_F,And I can tell you where I was born and what time and by who and what day.,fru,negative,fru
Ses02F_impro01,Ses02F_impro01_M,"Okay. But how do I--that's- that's not proof to me. How do I know that, you know, that it's really you. I need--",fru,negative,fru
Ses02F_impro01,Ses02F_impro01_F,I can't go--I have to go back to work. I don't have time to go back to my house and get all of that stuff and then get back in line and wait for another forty five minutes.,fru,negative,fru
Ses02F_impro01,Ses02F_impro01_M,"Well, the weekends are not as busy. Maybe you can uh, come and try to get here early--",fru,negative,fru
Ses02F_impro01,Ses02F_impro01_F,"Um, I have kids. I have to take them places on the weekends. I don't have time to come back here. Please. I really need you to help me.",fru,negative,fru
Ses02F_impro01,Ses02F_impro01_M,I can't. There's nothing I can do. I'm sorry.,fru,negative,fru
Ses02F_impro01,Ses02F_impro01_F,Well. [BREATHING] I just--I just don't. I-I'm sorry that I'm standing here-- But I can't leave. I-,fru,negative,fru
Ses02F_impro01,Ses02F_impro01_M,The line--,,neutral,fru
Ses02F_impro01,Ses02F_impro01_F,"I really need this done today. As you can see, the deadline is almost up and I can't come back.",fru,negative,fru
Ses02F_impro01,Ses02F_impro01_M,"Ok, but you're right now you're holding up more people in line by standing here-- and letting",ang,negative,ang
Ses02F_impro01,Ses02F_impro01_F,"Well, why didn't the D.M.V. put that you needed your birth certificate on the application then?",ang,negative,ang
Ses02F_impro01,Ses02F_impro01_M,"I--when you're going to the D.M.V., you usually need pretty professional identification--",fru,negative,fru
Ses02F_impro01,Ses02F_impro01_M,"You know, Official documentation--",ang,negative,ang
Ses02F_impro01,Ses02F_impro01_F,"Yeah, but your birth certificate--I mean, who carries around their birth certificate? Nobody does that.",ang,negative,ang
Ses02F_impro01,Ses02F_impro01_M,"No, but you come--you come to the D.M.V., it's something-- You should've- You should've figured--",fru,negative,fru
Ses02F_impro01,Ses02F_impro01_F,With your driver's license and your passport. Just like everybody else.,ang,negative,ang
Ses02F_impro01,Ses02F_impro01_M,"But, without your drive--where-where- what about your identification without your driver's license? I mean, you need--you needed something before then?",fru,negative,fru
Ses02F_impro01,Ses02F_impro01_F,"Who--you always use your driver's license. I mean, you're not coming to the D.M.V. if you're not over sixteen and that's when you get your driver's license so you're never gonna need it anyway.",ang,negative,ang
Ses02F_impro01,Ses02F_impro01_M,"All right. Well, um, you know, I'd love to help you, but--nothing I can do.",fru,negative,fru
Ses02F_impro01,Ses02F_impro01_M,"So, if you wanna go get your birth certificate, um, maybe come back--I don't--maybe you can talk to the person in the--in the front of line maybe. I don't know.",fru,negative,fru
Ses02F_impro01,Ses02F_impro01_F,Do you have a supervisor?,fru,negative,fru
Ses02F_impro01,Ses02F_impro01_M,I am the supervisor. So--,fru,negative,fru
Ses02F_impro01,Ses02F_impro01_F,"Well, thank you very much. You've been very helpful.",fru,negative,fru
Ses02F_impro02,Ses02F_impro02_F,It's almost time for me to go.,sad,negative,sad
Ses02F_impro02,Ses02F_impro02_M,I can't believe that--now--are you sure this is absolutely necessary? Like--,,neutral,sad
Ses02F_impro02,Ses02F_impro02_F,"There's nothing I can do. I mean, the government you know--",sad,negative,sad
Ses02F_impro02,Ses02F_impro02_M,What--what're we gonna do here? I can't--I can't do this by myself. I--,fru,negative,fru
Ses02F_impro02,Ses02F_impro02_F,"You're gonna have to. I mean, you're a great father. You can do it. I know you can.",sad,negative,sad
Ses02F_impro02,Ses02F_impro02_M,"But, I'm--I'm nothing--I'm nothing without you here. Maybe we can--we can get out of this somehow.",fru,negative,fru
Ses02F_impro02,Ses02F_impro02_F,I don't think so.,sad,negative,sad
Ses02F_impro02,Ses02F_impro02_M,"Well, come on. You've gotta think of something. A year--a year away, it's gonna tear us apart. I don't even--I don't even wanna think about it. I mean, I don't even know if I'll be able to get in touch with you or--",fru,negative,fru
Ses02F_impro02,Ses02F_impro02_F,"Well, we can do the best we can and-and, with um, you know like wireless internet these days--I think that we could-- Talk every once in awhile.",sad,negative,sad
Ses02F_impro02,Ses02F_impro02_F,You could send me pictures.,sad,negative,sad
Ses02F_impro02,Ses02F_impro02_M,It's not going to be the same.,,neutral,sad
Ses02F_impro02,Ses02F_impro02_M,"What if--maybe--what if, uh, we went somewhere over there? I don't--I don't know--I--I need to figure something out for this because--",fru,negative,fru
Ses02F_impro02,Ses02F_impro02_F,"Their not gonna let you. You have to stay home and I have to go. I mean, that's all--",sad,negative,sad
Ses02F_impro02,Ses02F_impro02_F,"and--I mean, my daughter--I don't want to put her in danger. You know? She has to stay.",sad,negative,sad
Ses02F_impro02,Ses02F_impro02_M,This is gonna be a--a crucial yet--she's--she's growing up. She's gonna need you.,fru,negative,fru
Ses02F_impro02,Ses02F_impro02_F,"I know, but, she needs to be safe more. She needs to be around kids her age--own age. She needs to be able to play on the streets and--",sad,negative,sad
Ses02F_impro02,Ses02F_impro02_M,But she's--you're not gonna--you're not gonna be here for--for her first words. For her first steps. I mean--it's something that you're supposed to be here for that--,sad,negative,sad
Ses02F_impro02,Ses02F_impro02_F,You can just remember it for me.,sad,negative,sad
Ses02F_impro02,Ses02F_impro02_M,I don't know--I don't know--I don't know how--I don't know how this could even be possible for you--I--if I was--,fru,negative,fru
Ses02F_impro02,Ses02F_impro02_F,"Well, I need--I need you to be able to do this for me 'cause I can't do anything about it.",sad,negative,sad
Ses02F_impro02,Ses02F_impro02_F,"I mean, it's just as hard for me, but--I know that we can do it, you know",sad,negative,sad
Ses02F_impro02,Ses02F_impro02_M,"I mean, you just get to--go off and do your thing. I mean, yeah, we're both--I don't know--it's bad for both of us, but--",fru,negative,fru
Ses02F_impro02,Ses02F_impro02_M,...it would be so much better if we can--if we could stay together somehow. You know--we could--we could do this together.,fru,negative,fru
Ses02F_impro02,Ses02F_impro02_F,I don't want you in danger. And I don't want her in danger.,sad,negative,sad
Ses02F_impro02,Ses02F_impro02_M,I don't want you in danger. Where are you going? You're going over to war.,,neutral,sad
Ses02F_impro02,Ses02F_impro02_F,I have no choice. There's nothing I can do.,sad,negative,sad
Ses02F_impro02,Ses02F_impro02_M,All right.,sad,negative,sad
Ses02F_impro03,Ses02F_impro03_F,"Oh my God. Guess what, guess what, guess what, guess what, guess what, guess what?",exc,positive,exc
Ses02F_impro03,Ses02F_impro03_M,What?,,neutral,exc
Ses02F_impro03,Ses02F_impro03_F,"Well, guess. Guess, guess, guess, guess.",exc,positive,exc
Ses02F_impro03,Ses02F_impro03_M,"Um, you--",neu,neutral,neu
Ses02F_impro03,Ses02F_impro03_F,Don't look at my left hand.,,neutral,exc
Ses02F_impro03,Ses02F_impro03_M,No. Let me see.,,neutral,exc
Ses02F_impro03,Ses02F_impro03_M,"Oh, no way.",,neutral,exc
Ses02F_impro03,Ses02F_impro03_F,"He proposed. He proposed. Well, and I said yes, of course. [LAUGHTER]",,neutral,exc
Ses02F_impro03,Ses02F_impro03_M,That is great. You look radiant. I should've guess.,hap,positive,hap
Ses02F_impro03,Ses02F_impro03_F,I'm so excited.,exc,positive,exc
Ses02F_impro03,Ses02F_impro03_M,"Well, Tell me about him. What happened.",exc,positive,exc
Ses02F_impro03,Ses02F_impro03_F,"Remember how we had that date? And I was like, oh yeah, this is a date, whatever.",,negative,exc
Ses02F_impro03,Ses02F_impro03_F,"So after we sort of went out dinner and I was already like tired. I wasn't all that excited and and so he's like let's go down to the beach and I was like no I don't want to the beach, like I'm tired. And he's like no, no we have to go. And I was like okay, like that's a little weird.",,positive,exc
Ses02F_impro03,Ses02F_impro03_F,"So, he--so we walked down to the pier and there's like these lights--like these little, like lights-- and we're like what's that? And he's like I don't know let's go find out.",,neutral,exc
Ses02F_impro03,Ses02F_impro03_F,So we walked down there and there's-[LAUGHTER]-And there's- this huge like ten foot heart in candles on the beach--,,neutral,exc
Ses02F_impro03,Ses02F_impro03_M,What?,,neutral,exc
Ses02F_impro03,Ses02F_impro03_F,"like all they have And I was like, what's going on? And he like takes my hand and pulls me into the middle and he's like--you know, get's on his knee and everything--And says will you marry me? And I flipped out.",exc,positive,exc
Ses02F_impro03,Ses02F_impro03_M,That--that is the most romantic thing I have ever heard.,,neutral,exc
Ses02F_impro03,Ses02F_impro03_F,"I know. I was like, how did he get--like he must have called someone or had them set--like, I have no idea.",,neutral,exc
Ses02F_impro03,Ses02F_impro03_M,"Wow. Yeah, 'cause yeah I don't know I'm sure if he--oh yeah he definitely had--would have had to have someone else--",,neutral,exc
Ses02F_impro03,Ses02F_impro03_F,'Cause- 'Cause he was with me. You didn't do it did you?,exc,positive,exc
Ses02F_impro03,Ses02F_impro03_M,"Yeah. I mean candles wouldn't stay--No, I didn't--I didn't know anything about it.",hap,positive,hap
Ses02F_impro03,Ses02F_impro03_F,You didn't know anything?,exc,positive,exc
Ses02F_impro03,Ses02F_impro03_M,No. I'm just as happy as you are. This is--,hap,positive,hap
Ses02F_impro03,Ses02F_impro03_F,"I was just--it was so like I thought this might happen eventually, but like not yet, you know what I mean? Like--",exc,positive,exc
Ses02F_impro03,Ses02F_impro03_M,"So, I mean--it's good though.",hap,positive,hap
Ses02F_impro03,Ses02F_impro03_F,"It is good. It's totally good. I mean, it like oh, you know.",exc,positive,exc
Ses02F_impro03,Ses02F_impro03_M,"Yeah, I know. Wow. I'm shaking. I can't even--",exc,positive,exc
Ses02F_impro03,Ses02F_impro03_F,I know. So we're gonna take it--Like we're not gonna get married right away--'Cause we want to like have plenty of time to plan everything out,hap,positive,hap
Ses02F_impro03,Ses02F_impro03_F,"...and, um, my parents want to like be part of it and help out and everything--So we want to give it lots of time to like--",hap,positive,hap
Ses02F_impro03,Ses02F_impro03_M,"Oh. Do they--do they know yet? Have you told them? Oh, that's--",neu,neutral,neu
Ses02F_impro03,Ses02F_impro03_F,"Yeah, yeah, I called them. I called them And, of course, they were so excited 'cause they love him. Like they always have. Um--",hap,positive,hap
Ses02F_impro03,Ses02F_impro03_M,That's great. Yeah.,neu,neutral,neu
Ses02F_impro03,Ses02F_impro03_F,"So, yeah, I mean, it'll be good. We wanna like, uh, I think we're gonna have it in spring time, like early Spring--So it's no too hot yet. And um--",hap,positive,hap
Ses02F_impro03,Ses02F_impro03_M,Okay. You know--you know where? Or--,neu,neutral,neu
Ses02F_impro03,Ses02F_impro03_F,"I don't know. I mean, I kinda like the idea of having something outside, but--Like--is a- Yeah,",hap,positive,hap
Ses02F_impro03,Ses02F_impro03_M,"Uh, huh. I mean, you know, it's spring--It'll be--",neu,neutral,neu
Ses02F_impro03,Ses02F_impro03_F,"But It's sort of hard 'cause the weather is so unpredictable and then if it's like cold that day. Or if it's too hot, you know, it's like--but um--",,neutral,neu
Ses02F_impro03,Ses02F_impro03_M,Spring's nice though.,neu,neutral,neu
Ses02F_impro03,Ses02F_impro03_F,"Yeah, I don't know-[LAUGHTER]-I mean--I can't even--the whole idea of like living--spending my whole life with somebody--that's crazy",exc,positive,exc
Ses02F_impro03,Ses02F_impro03_M,"Yeah, that is--how long you guys been together now?",neu,neutral,neu
Ses02F_impro03,Ses02F_impro03_F,Two and a half years. [LAUGHTER],,neutral,hap
Ses02F_impro03,Ses02F_impro03_M,Okay. All right. So-[LAUGHTER]-quite a while. I mean--That's- That's good. I'm so happy for you. [LAUGHTER],hap,positive,hap
Ses02F_impro03,Ses02F_impro03_F,Thank you. Thank you so much.,hap,positive,hap
Ses02F_impro03,Ses02F_impro03_M,"Yeah, I'd love to be in that same situation some day, but, wow- so-",hap,positive,hap
Ses02F_impro03,Ses02F_impro03_F,"Oh, you will--You'll find just the right girl. And she'll be perfect for you and everything will be great.",exc,positive,exc
Ses02F_impro03,Ses02F_impro03_M,You guys are awesome together. It's definitely a--definitely a good couple. I can see it. I should've guessed--,,positive,hap
Ses02F_impro03,Ses02F_impro03_F,You approve? You approve?,,neutral,hap
Ses02F_impro03,Ses02F_impro03_M,"Oh, I approve. I-[LAUGHTER]-I more than approve.",hap,positive,hap
Ses02F_impro03,Ses02F_impro03_M,"I mean, I'm surprised he didn't, ya know--go get a plane to fly over and shine--But candles on the beach, that's okay too I guess--",hap,positive,hap
Ses02F_impro03,Ses02F_impro03_F,"Yeah, it's pretty good.",hap,positive,hap
Ses02F_impro03,Ses02F_impro03_M,"Well--can--I mean, let me know--I want- I want invitations and--",exc,positive,exc
Ses02F_impro03,Ses02F_impro03_F,"Of course, of course--you'll be able to be a part of it. You can come help me pick my colors.",hap,positive,hap
Ses02F_impro03,Ses02F_impro03_M,"Oh, yes. This is the whole [GARBAGE]",exc,positive,exc
Ses02F_impro03,Ses02F_impro03_F,"It's so girly. I don't even know how to like--It's so weird, but it'll be fun. My mom will love to be like--she'll get so into it, I'm sure.",exc,positive,exc
Ses02F_impro03,Ses02F_impro03_F,She'll be like--flowers and the--,hap,positive,hap
Ses02F_impro03,Ses02F_impro03_M,"It'll be good. Wow, that's great.",hap,positive,hap
Ses02F_impro03,Ses02F_impro03_F,"Oh, thank you. [LAUGHTER]",hap,positive,hap
Ses02F_impro04,Ses02F_impro04_M,"So, uh, so how's it been going? I mean, you have any needs or anything?",neu,neutral,neu
Ses02F_impro04,Ses02F_impro04_F,I'm--every lead that I get ends up just being a dead end. You know what I mean. People are sick of me calling--,fru,negative,fru
Ses02F_impro04,Ses02F_impro04_M,"No. You can't think that way. I mean it's good--it's good that you're--that you're calling, you know. you can't",neu,neutral,neu
Ses02F_impro04,Ses02F_impro04_F,"Yeah, but it--I mean it's the same response you get over and over again. Like--",fru,negative,fru
Ses02F_impro04,Ses02F_impro04_F,"Oh, we're not hiring at this time or thank you, we already have your information on file--We'll call you when we're ready.",fru,negative,fru
Ses02F_impro04,Ses02F_impro04_M,"Yeah--I know what you mean. I've gone through like similar stuff, but--",,neutral,fru
Ses02F_impro04,Ses02F_impro04_F,"But, it's been so long, like--I mine as well just take a job at McDonald's. Like, I don't--",fru,negative,fru
Ses02F_impro04,Ses02F_impro04_M,"No, come on. Don't [GARBAGE]",neu,neutral,neu
Ses02F_impro04,Ses02F_impro04_F,"I just--I can't do it anymore. Like, it just takes it out of you--",fru,negative,fru
Ses02F_impro04,Ses02F_impro04_M,"I know. I know. It's hard, but you just--you gotta keep going. I mean, you've been going at it for so long, you know. Something is definitely going to come up. I-I know it will, because you're a good worker--",neu,neutral,neu
Ses02F_impro04,Ses02F_impro04_F,I just keep getting rejected. I just keep getting rejected over and over and over again and it starts to make you feel like there must be something wrong with you that you can't get a job.,fru,negative,fru
Ses02F_impro04,Ses02F_impro04_M,"No. It's--I mean, it's competitive, you know. That's-That's what it is. that's what you gotta be is competitive.",neu,neutral,neu
Ses02F_impro04,Ses02F_impro04_F,"Yeah, but maybe--if just because it's competitive, like maybe I'm just not good enough. Maybe the level is here and I'm here and there's just no way I'm ever gonna do that--",fru,negative,fru
Ses02F_impro04,Ses02F_impro04_M,"There...There are plenty of people out there with--with like, good jobs, you know, that are a lot...",neu,neutral,neu
Ses02F_impro04,Ses02F_impro04_M,...dumber than you. I mean they're a lot worse off than you. You are much better off than like a lot of those people in there. I know,neu,neutral,neu
Ses02F_impro04,Ses02F_impro04_F,"I didn't have like one of those starts, you know, like a family member who was already in the business or something you know that could like give me a helping hand.",fru,negative,fru
Ses02F_impro04,Ses02F_impro04_M,"I know. It makes it harder. I mean it's definitely who you know in a lot of cases, but--",neu,neutral,neu
Ses02F_impro04,Ses02F_impro04_F,"It's just so frustrating. Like, I just--I just don't wanna do it anymore. You know? I just don't wanna like hit the pavement every single day with my resumes and going out there all the time. You know, it's just like--",fru,negative,fru
Ses02F_impro04,Ses02F_impro04_M,"But you gotta. Otherwise, what is--what's your other option?",neu,neutral,neu
Ses02F_impro04,Ses02F_impro04_F,I feel so worthless.,sad,negative,sad
Ses02F_impro04,Ses02F_impro04_M,"It's not worthless 'cause it's definitely gonna--it's definitely gonna pay off. I know it. I mean, I can--I've just--I've seen your work etiquette. You know, you're a good worker and...",neu,neutral,neu
Ses02F_impro04,Ses02F_impro04_M,... and there's no reason that--that something won't come up like really soon. All right? So you just gotta--,neu,neutral,neu
Ses02F_impro04,Ses02F_impro04_F,And what would make you say that? There doesn't seem to be any indicators that anything's going to get better.,fru,negative,fru
Ses02F_impro04,Ses02F_impro04_M,"Because I know you. You know, and maybe once you get to know some more people, like talking to them and everything, they'll get to know you too and they'll realize they should've hired you three years ago. You know? but And- and they'll finally come around and believe me--it'll--you gotta-",neu,neutral,neu
Ses02F_impro04,Ses02F_impro04_F,"It's just really hard. I feel like their starting to get like a personal prejudice against me. You know what I mean? Like it's like suddenly it starts to feel like it's just you that they say no to and it's not that they're not taking applications and it's not that they're not hiring people, it's just you particularly they have some particular reason for just hating you. You know?",fru,negative,fru
Ses02F_impro04,Ses02F_impro04_M,"Well maybe yeah, but maybe you get to that point where it's like you bug 'em and then they just don't wanna hear from you anymore, but you keep bugging them and bugging them and then it's gonna annoy them so much that they're gonna be like all right fine. you know",neu,neutral,neu
Ses02F_impro04,Ses02F_impro04_F,Or they'll never talk to me again.,fru,negative,fru
Ses02F_impro04,Ses02F_impro04_M,"Or, well, no. Okay. you -[GARBAGE]",fru,negative,fru
Ses02F_impro04,Ses02F_impro04_F,"I-I just I think maybe I should try something else. I mean, I-I don't know. All growing up this is the only thing that I ever wanted to do and yet I can't. I'm not physically able apparently. I mean--",fru,negative,fru
Ses02F_impro04,Ses02F_impro04_M,"That obviously that's not true though. I mean, you've done this before. You've done all the work like this before, you know, and and you've gotten people saying oh, you're so good and like you know--",neu,neutral,neu
Ses02F_impro04,Ses02F_impro04_F,"I guess the money shouldn't matter to me, but--Somehow it does. You know? It's not like I do it for the money, but",fru,negative,fru
Ses02F_impro04,Ses02F_impro04_M,Right.,neu,neutral,neu
Ses02F_impro04,Ses02F_impro04_M,"Well, you've gotta live.",neu,neutral,neu
Ses02F_impro04,Ses02F_impro04_F,"you have to--I mean, if you're hired by somebody, then you're not a professional, you're an amateur and that means that you're not good enough.",fru,negative,fru
Ses02F_impro04,Ses02F_impro04_M,"I mean, it's just, it's really--I don't know, yeah, it's about their opinions and it's about, I don't know, just getting yourself out there and--",neu,neutral,neu
Ses02F_impro04,Ses02F_impro04_F,"I just wanna crawl in a hole, you know. Like it just makes you not wanna even open your eyes in the morning.",sad,negative,sad
Ses02F_impro04,Ses02F_impro04_M,"Well, come on, come on. Thinking about it like this is definitely not gonna help either though.",neu,neutral,neu
Ses02F_impro04,Ses02F_impro04_F,I don't know how to get out of it. I don't know how to dig myself out of it. It's the same hole that I've been digging and digging and digging. I can't--,,neutral,neu
Ses02F_impro04,Ses02F_impro04_M,I don't know.,,neutral,neu
Ses02F_impro05,Ses02F_impro05_F,"Hi, um, excuse me, I believe that the airline lost my baggage.",neu,neutral,neu
Ses02F_impro05,Ses02F_impro05_M,"Um, okay, it didn't--didn't come out on the carrousel--",neu,neutral,neu
Ses02F_impro05,Ses02F_impro05_F,"No, it didn't. um It didn't come out and I don't see it anywhere around here, so what can you do about that?",neu,neutral,neu
Ses02F_impro05,Ses02F_impro05_M,"Okay. Um, well, unfortunately yeah there was a some- some problems with the--",neu,neutral,neu
Ses02F_impro05,Ses02F_impro05_F,Some problems? What is that supposed to mean?,,neutral,neu
Ses02F_impro05,Ses02F_impro05_M,"Uh, well some-some of the bags were--were lost on the way over here. uh-",neu,neutral,neu
Ses02F_impro05,Ses02F_impro05_F,How do you lose a suitcase? A huge suitcase?,,neutral,neu
Ses02F_impro05,Ses02F_impro05_M,"You know, I mean, there's a lot of things that go on under the plane and sometimes, you know, that kind of things happen.",neu,neutral,neu
Ses02F_impro05,Ses02F_impro05_M,"Uh, But, we are willing to reimburse you for the bag and and for the contents--",neu,neutral,neu
Ses02F_impro05,Ses02F_impro05_F,How much?,neu,neutral,neu
Ses02F_impro05,Ses02F_impro05_M,"Um, we'd be willing to give you uh fifty dollars for--",neu,neutral,neu
Ses02F_impro05,Ses02F_impro05_F,"Fifty dollars? For my suitcase? I mean, the suitcase itself was like a hundred and fifty dollar just for the suitcase, but all the things inside, all my clothes, all my personal belongings, the sentimental value, not to mention, which is more-more than all of that together.",,neutral,neu
Ses02F_impro05,Ses02F_impro05_M,"Right. Uh We realize, you know, that that it's a bad situation, but I'm sorry, there's nothing that we can really do.",neu,neutral,neu
Ses02F_impro05,Ses02F_impro05_F,"That's all, that's all, that's all you're going to do is just give me fifty dollars and say go have fun on your vacation without any of your stuff?",ang,negative,ang
Ses02F_impro05,Ses02F_impro05_M,"I think, um, maybe you can file a claim if you want and turn it in to our main office--",neu,neutral,neu
Ses02F_impro05,Ses02F_impro05_F,"Yes, yes, I would like to file a claim, but what are you gonna--I mean, is it just gonna show up magically out of nowhere?",fru,negative,fru
Ses02F_impro05,Ses02F_impro05_M,"Right. No. I mean they- they might--they might--if you-if you are argue the case more, maybe they'll reimburse you more, but, right now--",neu,neutral,neu
Ses02F_impro05,Ses02F_impro05_F,"I need my stuff. It's--I need my stuff. I mean, uh...",,neutral,neu
Ses02F_impro05,Ses02F_impro05_F,Haven't you ever lost baggage? I mean isn't there anything else you do?,,neutral,neu
Ses02F_impro05,Ses02F_impro05_M,"Yes, I know. I know-. It's It's frustrating. Unfortunately though-- um",neu,neutral,neu
Ses02F_impro05,Ses02F_impro05_F,"Because you don't seem to care very much, you know.",ang,negative,ang
Ses02F_impro05,Ses02F_impro05_M,"By checking your bags, you--you, you know- admit to the liability that's- that's at risk--",neu,neutral,neu
Ses02F_impro05,Ses02F_impro05_F,I didn't sign anything.,fru,negative,fru
Ses02F_impro05,Ses02F_impro05_M,"Right, well, by checking in your bags, you agreed to, you know, at the will of the--",neu,neutral,neu
Ses02F_impro05,Ses02F_impro05_F,"I didn't agree. [GARBAGE] I paid the airline to take care of things for me. When you pay for something, there should be some sort of guarantee that it's gonna come through.",,neutral,neu
Ses02F_impro05,Ses02F_impro05_M,"You paid for the flight and then your bags were checked at--it's a service that the airline provides for us. So so, really, it's really the risk was taken and, I'm sorry, but there's really nothing else we can do. So do you want--do you want the reimbursement?",neu,neutral,neu
Ses02F_impro05,Ses02F_impro05_F,"[BREATHING] Well, sure, yeah, I guess I'll go buy dinner and then be--have nothing for the rest of my entire vacation. I'm supposed to be here for three weeks. What am I gonna do without anything for three weeks?",fru,negative,fru
Ses02F_impro05,Ses02F_impro05_M,"Well, there are-there are some shops here in- in the airport--",neu,neutral,neu
Ses02F_impro05,Ses02F_impro05_F,But fifty dollars isn't going to get me anything.,fru,negative,fru
Ses02F_impro05,Ses02F_impro05_M,"No, um, like I said you can file a claim and, uh, maybe get reimbursed for more-- you",neu,neutral,neu
Ses02F_impro05,Ses02F_impro05_F,Isn't there anything else you can do?,fru,negative,fru
Ses02F_impro05,Ses02F_impro05_M,probably even talk to--,neu,neutral,neu
Ses02F_impro05,Ses02F_impro05_F,"I mean, is there somebody you can call? Or the guy that put the stuff on the--on the plane. I mean, are they--they must be really irresponsible to have just disappeared my baggage. I mean, did it get stolen?",fru,negative,fru
Ses02F_impro05,Ses02F_impro05_M,"Right, that--that gets taken care of-- That gets taken care of. We get we do, you know, we investigate those and just make sure that um- they're not doing their own thing with them so--uh",neu,neutral,neu
Ses02F_impro05,Ses02F_impro05_F,"Yeah, I'm sure you -- You're like, hmm, do you take baggage? No. Oh, okay, thanks. Great. I mean how--",fru,negative,fru
Ses02F_impro05,Ses02F_impro05_M,but Unfortunately sometimes is--,neu,neutral,neu
Ses02F_impro05,Ses02F_impro05_M,"Well, that's--that's what I'm saying--",neu,neutral,neu
Ses02F_impro05,Ses02F_impro05_F,There needs to be better security here.,fru,negative,fru
Ses02F_impro05,Ses02F_impro05_M,"Okay. Well that that could be something that you put on on the claim--on on the complaint form if you want. And provide us with your information while you're here and then, maybe, if it turns up, then we'll send it right over.",neu,neutral,neu
Ses02F_impro05,Ses02F_impro05_F,It sounds like it's such a little like oh well no big deal whatever. It's a big deal to me.,ang,negative,ang
Ses02F_impro05,Ses02F_impro05_M,"All right, Miss, I-I know. I realize this. But Like I said, there are several people that are in your same situation, so, um, it's not--it's not totally uncommon and I'm actually gonna have to ask you to move so I can help the next person.",neu,neutral,neu
Ses02F_impro05,Ses02F_impro05_F,"Well, can I at least have my fifty dollars, please?",fru,negative,fru
Ses02F_impro05,Ses02F_impro05_M,"Yes, all right. There you go, now you can file a claim over to the left--And they'll help you out.",neu,neutral,neu
Ses02F_impro05,Ses02F_impro05_F,Thank you.,,neutral,neu
Ses02F_impro05,Ses02F_impro05_F,Thank you very much.,fru,negative,fru
Ses02F_impro06,Ses02F_impro06_M,"Hey, a what's up?",neu,neutral,neu
Ses02F_impro06,Ses02F_impro06_F,"Um, Johnny died yesterday.",sad,negative,sad
Ses02F_impro06,Ses02F_impro06_M,"Wow, that's horrible.",neu,neutral,neu
Ses02F_impro06,Ses02F_impro06_M,I'm sorry to hear about that.,neu,neutral,neu
Ses02F_impro06,Ses02F_impro06_F,"We knew that it was coming, but--",sad,negative,sad
Ses02F_impro06,Ses02F_impro06_M,Yeah.,neu,neutral,neu
Ses02F_impro06,Ses02F_impro06_F,"It seemed like he had a little bit longer. Like just last week, he was doing was so well.",sad,negative,sad
Ses02F_impro06,Ses02F_impro06_M,"I mean, you know, at least he's not in anymore pain now, right?",neu,neutral,neu
Ses02F_impro06,Ses02F_impro06_F,Yeah.,sad,negative,sad
Ses02F_impro06,Ses02F_impro06_M,"It's good, you know. you know It hurts I know. I know what it's like to lose someone like that.",neu,neutral,neu
Ses02F_impro06,Ses02F_impro06_F,I just don't want him to be gone.,sad,negative,sad
Ses02F_impro06,Ses02F_impro06_M,It's okay.,neu,neutral,neu
Ses02F_impro06,Ses02F_impro06_M,"'Cause, you know, you've got all the times that you guys did spend together, you know and that's something good that you can look back on.",neu,neutral,neu
Ses02F_impro06,Ses02F_impro06_M,I mean--I don't know.,neu,neutral,neu
Ses02F_impro06,Ses02F_impro06_F,And his whole family was there.,sad,negative,sad
Ses02F_impro06,Ses02F_impro06_F,"I mean, he was like really conscious right up until the end. you know",sad,negative,sad
Ses02F_impro06,Ses02F_impro06_M,"Well, that's that's good, you know. At least, I don't know. I mean it's- it's better to go- to goout that way than...",neu,neutral,neu
Ses02F_impro06,Ses02F_impro06_M,".than you know, in pain and like this gradual, this horrible process. I mean--",neu,neutral,neu
Ses02F_impro06,Ses02F_impro06_F,"He was so young, you know. And all the stories he used to tell me about...",sad,negative,sad
Ses02F_impro06,Ses02F_impro06_F,...the way he wanted to live and he was gonna go to Africa and he was gonna--,sad,negative,sad
Ses02F_impro06,Ses02F_impro06_M,"But look at the--he--look at the life he did get to lead. I mean, for his age, he'd done so much and--",neu,neutral,neu
Ses02F_impro06,Ses02F_impro06_F,Nobody's ever gonna forget him.,sad,negative,sad
Ses02F_impro06,Ses02F_impro06_M,"Yeah, exactly. He's made a big impact on a lot of people. and",neu,neutral,neu
Ses02F_impro06,Ses02F_impro06_M,"And you'll always have that and--you should feel, you know, happy for him that he got to do so much before--I mean, and even after he found out last year. I mean--",neu,neutral,neu
Ses02F_impro06,Ses02F_impro06_F,He did a lot. But--,sad,negative,sad
Ses02F_impro06,Ses02F_impro06_M,"I know. It doesn't bring him back, but--",neu,neutral,neu
Ses02F_impro06,Ses02F_impro06_M,"But It's okay because now, you know, you'll just go on with your life and--",neu,neutral,neu
Ses02F_impro06,Ses02F_impro06_F,I'm gonna forget him.,sad,negative,sad
Ses02F_impro06,Ses02F_impro06_M,"No, you'll never forget him.",neu,neutral,neu
Ses02F_impro06,Ses02F_impro06_F,I won't be able to hear his voice or his--,sad,negative,sad
Ses02F_impro06,Ses02F_impro06_M,I know. but you're not I mean you're not going to forget him. The pain will go away eventually and--or it will subside--,neu,neutral,neu
Ses02F_impro06,Ses02F_impro06_F,You start to lose like that image after a while.,sad,negative,sad
Ses02F_impro06,Ses02F_impro06_M,"That will be, It'll be--it'll be better that way. I mean Time will tell. Time heals, you know, and it's good. It's okay. I mean, it wasn't anybody's fault or anything like that so .",neu,neutral,neu
Ses02F_impro06,Ses02F_impro06_M,"It's hard to lose someone that way, but he's he's better--he's better off now.",neu,neutral,neu
Ses02F_impro06,Ses02F_impro06_F,Thanks.,sad,negative,sad
Ses02F_impro07,Ses02F_impro07_M,"So, how's it going?",neu,neutral,neu
Ses02F_impro07,Ses02F_impro07_F,"It's going really well. Um, I received something in the mail today.",,neutral,exc
Ses02F_impro07,Ses02F_impro07_M,"Oh, you got what? Where?",exc,positive,exc
Ses02F_impro07,Ses02F_impro07_F,I got into U.S.C.,exc,positive,exc
Ses02F_impro07,Ses02F_impro07_M,"Oh, no way.",exc,positive,exc
Ses02F_impro07,Ses02F_impro07_F,"Yeah, I'm so excited. So I'm gonna say--",exc,positive,exc
Ses02F_impro07,Ses02F_impro07_M,Are you gonna go? you gonna-,exc,positive,exc
Ses02F_impro07,Ses02F_impro07_F,"Yeah, I think, I mean because where else would I gonna go? Like the other places that I applied to I really didn't like that much anyway.",exc,positive,exc
Ses02F_impro07,Ses02F_impro07_F,So--,exc,positive,exc
Ses02F_impro07,Ses02F_impro07_M,"Wow, that's...",exc,positive,exc
Ses02F_impro07,Ses02F_impro07_M,"...that's first choice, huh? That's so awesome and now look you're gonna be--you're gonna be here. you know",exc,positive,exc
Ses02F_impro07,Ses02F_impro07_F,"Yeah, I know.",exc,positive,exc
Ses02F_impro07,Ses02F_impro07_F,Absolutely. I'm so excited.,exc,positive,exc
Ses02F_impro07,Ses02F_impro07_F,"I know. I know. And we'll all get to hang out. And I'm--even though we'll be at like at different parts of the city, we can still, like...",exc,positive,exc
Ses02F_impro07,Ses02F_impro07_F,"...hang out and, like, have our different lives--And meet each other's friends and stuff. So, I'm just so glad 'cause they have such a good school",exc,positive,exc
Ses02F_impro07,Ses02F_impro07_M,"Yeah, no, definitely--It's gonna..",exc,positive,exc
Ses02F_impro07,Ses02F_impro07_M,Yeah.,exc,positive,exc
Ses02F_impro07,Ses02F_impro07_F,"and like-- The football team--And like all the-...you- what I mean, like...",exc,positive,exc
Ses02F_impro07,Ses02F_impro07_M,Yeah,exc,positive,exc
Ses02F_impro07,Ses02F_impro07_M,Fight on.,exc,positive,exc
Ses02F_impro07,Ses02F_impro07_F,"You can walk somewhere and be anywhere in the country and be like, oh, yeah, I am at U.S.C.",exc,positive,exc
Ses02F_impro07,Ses02F_impro07_F,"And you know what, you know what I mean, like it's recognizable rather than just being like I went some random school. It's like people really know what you...",exc,positive,exc
Ses02F_impro07,Ses02F_impro07_M,[LAUGHTER],exc,positive,exc
Ses02F_impro07,Ses02F_impro07_M,Wow. That's cool.,exc,positive,exc
Ses02F_impro07,Ses02F_impro07_F,"...like, they feel like--I feel like it's going to be so like accomplished. Do you know what I mean?",exc,positive,exc
Ses02F_impro07,Ses02F_impro07_F,Like it has some prestige. so,exc,positive,exc
Ses02F_impro07,Ses02F_impro07_M,Yeah. Hey. Prestigious school.,,neutral,exc
Ses02F_impro07,Ses02F_impro07_M,"So, what, do you have to send in your deposit now? Or what you-?",,neutral,exc
Ses02F_impro07,Ses02F_impro07_F,"Yeah, I mean there's all the money stuff and my mom's helping me with the financial aid and stuff. But, it'll be fine--",exc,positive,exc
Ses02F_impro07,Ses02F_impro07_F,"Like, now that I'm accepted, it's just, like, such a huge load off my mind.",exc,positive,exc
Ses02F_impro07,Ses02F_impro07_M,That's great.,,positive,exc
Ses02F_impro07,Ses02F_impro07_F,I don't mind worrying about all the paperwork. You know--,exc,positive,exc
Ses02F_impro07,Ses02F_impro07_M,Yeah.,,neutral,exc
Ses02F_impro07,Ses02F_impro07_M,So...,neu,neutral,neu
Ses02F_impro07,Ses02F_impro07_F,"Because, I don't have to like make that decision anymore. I don't have to try and decide, like, what the bad school I'm going to go to is. you know",exc,positive,exc
Ses02F_impro07,Ses02F_impro07_M,"Right. Right. Right. Oh, man, then you're going to have to do orientation, I guess.",exc,positive,exc
Ses02F_impro07,Ses02F_impro07_F,"I know. I know. I think you go and you like stay for a couple of days and you meet people and--And they'll give you like a tour--And show you everything. Oh, man, I'm just so--I'm so excited.",exc,positive,exc
Ses02F_impro07,Ses02F_impro07_M,That'll be awesome.,hap,positive,hap
Ses02F_impro07,Ses02F_impro07_M,"I mean because you went to the campus before, right?",hap,positive,hap
Ses02F_impro07,Ses02F_impro07_F,"Yeah, oh totally. It's a beautiful campus. It's gonna be really nice. Um, and everyone is friendly and like there's ivy on all the walls. Oh, it's just so--it's so like collegiate.",exc,positive,exc
Ses02F_impro07,Ses02F_impro07_F,"You know what I mean? Like, it's like exactly what I want.",exc,positive,exc
Ses02F_impro07,Ses02F_impro07_M,So what're you--what're you gonna do there? Have you decided? Thought about it?,,neutral,exc
Ses02F_impro07,Ses02F_impro07_F,"Well, you know, I've thought about it but they have so many things that I might--Like try some things out first...",exc,positive,exc
Ses02F_impro07,Ses02F_impro07_M,"I know. I mean, it's good all around.",,positive,exc
Ses02F_impro07,Ses02F_impro07_F,"...because also on the list of their, um, like G.E.'s or whatever, you have a lot of choices within every single one. So you can, like, try things out and not just be like, oh, I have to take math, oh, I have to take this. You know what I mean?",exc,positive,exc
Ses02F_impro07,Ses02F_impro07_F,"So, um, so I don't know.",exc,positive,exc
Ses02F_impro07,Ses02F_impro07_M,[LAUGHTER],,neutral,exc
Ses02F_impro07,Ses02F_impro07_F,I mean I'm gonna take a bunch of stuff and see.,exc,positive,exc
Ses02F_impro07,Ses02F_impro07_M,Oh man.,exc,positive,exc
Ses02F_impro07,Ses02F_impro07_F,"I- They have like--they just have so many like prestigious like this school is top ten and like the departments within it, you know what I mean.",exc,positive,exc
Ses02F_impro07,Ses02F_impro07_M,I always see people walking around with like U.S.C stuff on--,,neutral,exc
Ses02F_impro07,Ses02F_impro07_F,"I know, I get to be one of those now--I'll like walk around and be like a U.S.C.. You know what I mean.",exc,positive,exc
Ses02F_impro07,Ses02F_impro07_M,You know is like.,,neutral,exc
Ses02F_impro07,Ses02F_impro07_M,I know.,,neutral,exc
Ses02F_impro07,Ses02F_impro07_M,Ahh. Yeah. [GARBAGE],exc,positive,exc
Ses02F_impro07,Ses02F_impro07_M,"You'll be like are you a fan or a student you know? Student. [LAUGHTER] Oh man, that's awesome.",exc,positive,exc
Ses02F_impro07,Ses02F_impro07_F,And you'll be like...,exc,positive,exc
Ses02F_impro07,Ses02F_impro07_F,"Student. I'm a student. Yes I am, Thank you very much.",exc,positive,exc
Ses02F_impro07,Ses02F_impro07_F,[BREATHING],exc,positive,exc
Ses02F_impro07,Ses02F_impro07_M,A U.S.C. graduate now. You're set.,exc,positive,exc
Ses02F_impro07,Ses02F_impro07_F,I know. I'm excited.,exc,positive,exc
Ses02F_impro07,Ses02F_impro07_F,"Well, that'll take a while. [GARBAGE]",exc,positive,exc
Ses02F_impro07,Ses02F_impro07_M,"I know, that's a ways down the road. That's cool.",,neutral,exc
Ses02F_impro07,Ses02F_impro07_F,That's going to be a lot of work.,exc,positive,exc
Ses02F_impro07,Ses02F_impro07_F,"But, it'll be fine, I mean. I'm so excited. It's going to be so fun.",exc,positive,exc
Ses02F_impro07,Ses02F_impro07_M,In LA. Oh man.,,neutral,exc
Ses02F_impro07,Ses02F_impro07_F,"I know, and I mean the area's not great, but like the school makes up for it. It'll be fine. It'll be good.",exc,positive,exc
Ses02F_impro07,Ses02F_impro07_M,So much.,,neutral,exc
Ses02F_impro07,Ses02F_impro07_M,"But it's LA, you know, everything.",,neutral,exc
Ses02F_impro07,Ses02F_impro07_M,You're getting close to the beach. I mean geez.,exc,positive,exc
Ses02F_impro07,Ses02F_impro07_F,I know. I know. So fun. I can't wait.,exc,positive,exc
Ses02F_impro07,Ses02F_impro07_M,"Cool. Well give me a call, you know when--You get in town. definitely Awesome.",,positive,exc
Ses02F_impro07,Ses02F_impro07_F,I will. I will. Thank you.,exc,positive,exc
Ses02F_impro07,Ses02F_impro07_F,Thanks.,exc,positive,exc
Ses02F_impro08,Ses02F_impro08_F,"Hi, my name is Shiloh, welcome to--Airline Six. Hi, how may I help you?",neu,neutral,neu
Ses02F_impro08,Ses02F_impro08_M,"Yeah, hello.",fru,negative,fru
Ses02F_impro08,Ses02F_impro08_M,Ok. I've- I've just been talking to this machine for the past half hour and I can't-can't get anything done. I've been trying to book this vacation this entire time.,fru,negative,fru
Ses02F_impro08,Ses02F_impro08_F,"All right, sir.",neu,neutral,neu
Ses02F_impro08,Ses02F_impro08_M,"I know, I'm sorry. It's-It's just that it's been a little frustrating because--",fru,negative,fru
Ses02F_impro08,Ses02F_impro08_F,I completely understand. Automated systems are very difficult sometimes.,neu,neutral,neu
Ses02F_impro08,Ses02F_impro08_M,Okay.,neu,neutral,neu
Ses02F_impro08,Ses02F_impro08_F,"Um, how may I help you. You're trying to book a specific flight?",neu,neutral,neu
Ses02F_impro08,Ses02F_impro08_M,"Well, yeah, I mean I heard there was like these package deals and that maybe I could get a like a hotel or something like that. and-",fru,negative,fru
Ses02F_impro08,Ses02F_impro08_F,"Oh, yeah, absolutely. You know, and especially because you've been waiting so long and I know that, um, you've been having a difficult time.",neu,neutral,neu
Ses02F_impro08,Ses02F_impro08_F,"I want to definitely give you our special package today, which um is usually only for valued customers who have a record of having previous,",neu,neutral,neu
Ses02F_impro08,Ses02F_impro08_F,"um lots of purchases, but we're gonna go ahead and give that to you anyway. uh, Just to make sure that you're happy with your service here.",neu,neutral,neu
Ses02F_impro08,Ses02F_impro08_M,You- You can do that--You can do that now? I don't have to get like transferred through or anything like that.,neu,neutral,neu
Ses02F_impro08,Ses02F_impro08_F,Is that all right?,neu,neutral,neu
Ses02F_impro08,Ses02F_impro08_F,"I can do that right now for you. No, absolutely. I can take care of you all the way through to the end.",neu,neutral,neu
Ses02F_impro08,Ses02F_impro08_F,All I'm going to need is your credit card number but just give me one moment. So-,neu,neutral,neu
Ses02F_impro08,Ses02F_impro08_M,[BREATHING] that's good.,neu,neutral,neu
Ses02F_impro08,Ses02F_impro08_F,"um, you're scheduling a flight as well--And you would like to, um, we have a highly discounted hotel rate that goes along with that so that everything is all in one deal. You're taken care of by the time that you get there.",neu,neutral,neu
Ses02F_impro08,Ses02F_impro08_M,"All right. I want to make sure it's like a nice hotel--I mean-mean I'm gonna be paying a lot of money for this so I don't wanna-I don't wanna, you know, I don't wanna to be a waste of time.",neu,neutral,neu
Ses02F_impro08,Ses02F_impro08_F,Absolutely. we we,neu,neutral,neu
Ses02F_impro08,Ses02F_impro08_F,"Yes, I completely understand. Actually, our-our airline only uses five star hotel and above. Except we charge at a three star hotel rate because, as a corporation, we are able to get a deal from the hotels themselves.",neu,neutral,neu
Ses02F_impro08,Ses02F_impro08_F,"So, you will absolutely be in a high rated great hotel and we can make sure that it's in a area of town that you like as well.",neu,neutral,neu
Ses02F_impro08,Ses02F_impro08_M,Okay. So--,neu,neutral,neu
Ses02F_impro08,Ses02F_impro08_F,Yeah.,neu,neutral,neu
Ses02F_impro08,Ses02F_impro08_M,"Well, you know, we wanted to--we wanted to go to Maui and--That was a",neu,neutral,neu
Ses02F_impro08,Ses02F_impro08_F,Okay.,neu,neutral,neu
Ses02F_impro08,Ses02F_impro08_M,"--you know, the kids wanna go to the beach and stuff and so--um",neu,neutral,neu
Ses02F_impro08,Ses02F_impro08_F,Great. How many seats?,neu,neutral,neu
Ses02F_impro08,Ses02F_impro08_M,"Well, it's gonna be four of them.",neu,neutral,neu
Ses02F_impro08,Ses02F_impro08_F,Okay. Great. Four seats. I'll book you for four seats.,neu,neutral,neu
Ses02F_impro08,Ses02F_impro08_M,All right. And can they like all get together?,neu,neutral,neu
Ses02F_impro08,Ses02F_impro08_F,"Oh, yeah, absolutely. Um- Would you like window seats or aisles?",neu,neutral,neu
Ses02F_impro08,Ses02F_impro08_M,"Um- You know, window is nice. I guess",neu,neutral,neu
Ses02F_impro08,Ses02F_impro08_F,"Okay, I can do um- a win- -two like a window and a aisle and a window and an aisle next to each other so that each of you can sit two by two. And switch around maybe?",neu,neutral,neu
Ses02F_impro08,Ses02F_impro08_M,"All right, Sure. A yeah, that- that'd be good.",,positive,neu
Ses02F_impro08,Ses02F_impro08_F,Okay. Great. What time of the day would you like?,neu,neutral,neu
Ses02F_impro08,Ses02F_impro08_M,"Uh, well, yeah, I think we were just--you know, whenever best available, I guess. You know--",neu,neutral,neu
Ses02F_impro08,Ses02F_impro08_F,All right. Great. Well we have a very open flight that leaves at nine a.m. and fortunately uh the time change actually goes um backwards from that.,neu,neutral,neu
Ses02F_impro08,Ses02F_impro08_F,"So, it's a five hour flight, but you'll arrive only at eleven a clock in the morning. So that day, you can have plenty of time to get to your hotel--Rest up and then still have a nice afternoon your first afternoon in Maui.",neu,neutral,neu
Ses02F_impro08,Ses02F_impro08_M,"And, like, there's there's shuttles or something that I can get to the hotel.",neu,neutral,neu
Ses02F_impro08,Ses02F_impro08_F,Absolutely. That actually goes in on the same package with our hotel. You just give me your address. We'll come and pick up a time that allows you to get to your flight with plenty of time to spare.,neu,neutral,neu
Ses02F_impro08,Ses02F_impro08_F,And a there will also be a shuttle waiting for you to take you to the appropriate hotel.,neu,neutral,neu
Ses02F_impro08,Ses02F_impro08_M,"Okay. Wow. Sounds good then, I guess. Thank you very much. It's a lot better than talking to a machine.",,positive,neu
Ses02F_impro08,Ses02F_impro08_F,Yeah--I completely understand. It's a difficult process sometimes and we want to make traveling as easy as possible.,neu,neutral,neu
Ses02F_impro08,Ses02F_impro08_M,All right. So we're confirmed then or do you--All right.,neu,neutral,neu
Ses02F_impro08,Ses02F_impro08_F,Absolutely. Thank you so much for calling and we hope that you will come to us again.,neu,neutral,neu
Ses02F_impro08,Ses02F_impro08_M,Okay.,neu,neutral,neu
Ses02F_impro08,Ses02F_impro08_F,Thank you.,neu,neutral,neu
Ses02F_script01_1,Ses02F_script01_1_F,What's he gonna say? Maybe we ought to tell him before he sees it.,,neutral,neu
Ses02F_script01_1,Ses02F_script01_1_M,He saw it.,,neutral,neu
Ses02F_script01_1,Ses02F_script01_1_F,"How could he see it? I was the first one up, he was still in bed.",,neutral,neu
Ses02F_script01_1,Ses02F_script01_1_M,He was out here when it broke.,,neutral,neu
Ses02F_script01_1,Ses02F_script01_1_F,When?,,neutral,neu
Ses02F_script01_1,Ses02F_script01_1_M,About four this morning. I heard it cracking and I woke up and looked out. He was standing right here when it cracked.,,neutral,neu
Ses02F_script01_1,Ses02F_script01_1_F,What was he doing out here at four in the morning?,,neutral,neu
Ses02F_script01_1,Ses02F_script01_1_M,"I don't know. When it cracked, he ran back in the house and cried in the kitchen.",,neutral,neu
Ses02F_script01_1,Ses02F_script01_1_F,Did you talk to him?,sad,negative,sad
Ses02F_script01_1,Ses02F_script01_1_M,No. I thought it was best to leave him alone.,,neutral,sad
Ses02F_script01_1,Ses02F_script01_1_F,He cried hard?,sad,negative,sad
Ses02F_script01_1,Ses02F_script01_1_M,I could hear him right through the floor of my room.,,neutral,sad
Ses02F_script01_1,Ses02F_script01_1_F,What was he doing out here at that hour?,sad,negative,sad
Ses02F_script01_1,Ses02F_script01_1_F,He's dreaming about him again. He's walking around at night.,,neutral,sad
Ses02F_script01_1,Ses02F_script01_1_M,I guess he is.,,neutral,sad
Ses02F_script01_1,Ses02F_script01_1_F,He's getting just like after he died. What is the meaning of that?,,neutral,sad
Ses02F_script01_1,Ses02F_script01_1_M,"I don't know the meaning of it. But, I know one thing Mom, we made a terrible mistake with Dad.",,negative,sad
Ses02F_script01_1,Ses02F_script01_1_F,What?,,neutral,sad
Ses02F_script01_1,Ses02F_script01_1_M,"Being dishonest with him. I mean, that sort of thing always pays off and now it's paying off.",,neutral,sad
Ses02F_script01_1,Ses02F_script01_1_F,What you mean dishonest?,,neutral,sad
Ses02F_script01_1,Ses02F_script01_1_M,You know that Larry's not coming back and I know it. Why do we allow him to go on thinking that we believe with him?,,neutral,sad
Ses02F_script01_1,Ses02F_script01_1_F,What do you want to do argue with him?,fru,negative,fru
Ses02F_script01_1,Ses02F_script01_1_M,"No, I don't want to argue with him, but it's about time he realized that nobody believes Larry's alive anymore?",,neutral,fru
Ses02F_script01_1,Ses02F_script01_1_M,Why shouldn't he dream of him and walk the nights waiting for him? Do we contradict him? Do we say straight out that we don't have any hope anymore? That we haven't had hope for years now?,ang,negative,ang
Ses02F_script01_1,Ses02F_script01_1_F,You can't say that to him.,fru,negative,fru
Ses02F_script01_1,Ses02F_script01_1_M,We've got to say it to him.,fru,negative,fru
Ses02F_script01_1,Ses02F_script01_1_F,Can you prove it? How can you prove it?,fru,negative,fru
Ses02F_script01_1,Ses02F_script01_1_M,"For God sakes, it's been three years. Nobody comes back after three years. It's insane.",ang,negative,ang
Ses02F_script01_1,Ses02F_script01_1_F,"To you it is and to me, but not to him. I mean, you can talk yourself blue in the face, but he--there's no body and no grave so where are you?",fru,negative,fru
Ses02F_script01_1,Ses02F_script01_1_M,"Sit down, Mom. I want to talk to you.",,neutral,fru
Ses02F_script01_1,Ses02F_script01_1_F,"Trouble is the God damn newspapers. Every month or so a boy turns up out of nowhere so, you know, the next one is gonna be Larry.",,neutral,fru
Ses02F_script01_1,Ses02F_script01_1_M,All right. All right. Listen to me. You know why I brought Annie here don't you?,fru,negative,fru
Ses02F_script01_1,Ses02F_script01_1_F,Why?,,neutral,fru
Ses02F_script01_1,Ses02F_script01_1_M,You know.,,neutral,fru
Ses02F_script01_1,Ses02F_script01_1_F,"I've got an idea, but what's the story?",sad,negative,sad
Ses02F_script01_1,Ses02F_script01_1_M,I'm gonna ask her to marry me.,neu,neutral,neu
Ses02F_script01_1,Ses02F_script01_1_F,"Well, that's only your business, Chris.",neu,neutral,neu
Ses02F_script01_1,Ses02F_script01_1_M,You know it's not only my business.,fru,negative,fru
Ses02F_script01_1,Ses02F_script01_1_F,What do you want me to do? You're old enough to know your own mind.,ang,negative,ang
Ses02F_script01_1,Ses02F_script01_1_M,So it's all right then?,fru,negative,fru
Ses02F_script01_1,Ses02F_script01_1_M,I'll go ahead with it?,fru,negative,fru
Ses02F_script01_1,Ses02F_script01_1_F,"Well, you want to make sure that your father isn't going to--",,neutral,ang
Ses02F_script01_1,Ses02F_script01_1_M,"Well, then it isn't just my business--",ang,negative,ang
Ses02F_script01_1,Ses02F_script01_1_F,I'm just saying that--,neu,neutral,neu
Ses02F_script01_1,Ses02F_script01_1_M,"Ah, sometimes you infuriate me. You know that? I mean, isn't it your business too if I tell Dad and flips--freaks out about it? I mean, you have such a talent for ignoring things.",,neutral,ang
Ses02F_script01_1,Ses02F_script01_1_F,I ignore what I gotta ignore. The girl is Larry's girl.,,neutral,ang
Ses02F_script01_1,Ses02F_script01_1_M,She's not Larry's girl.,ang,negative,ang
Ses02F_script01_1,Ses02F_script01_1_F,"From your father's point of view, he isn't dead. And you've no right to take his girl.",fru,negative,fru
Ses02F_script01_1,Ses02F_script01_1_F,"And you can go on from there if you know where to go, but I don't know where to go. See, I don't know. Now what can I do for you?",fru,negative,fru
Ses02F_script01_1,Ses02F_script01_1_M,"I don't know why, but, every time I reach out for something that I want, I have to pull back 'cause someone else will suffer. My whole bloody life. Time after time after time.",fru,negative,fru
Ses02F_script01_1,Ses02F_script01_1_F,You're a considerate fellow. There's nothing wrong with that.,neu,neutral,neu
Ses02F_script01_1,Ses02F_script01_1_M,To hell with that.,ang,negative,ang
Ses02F_script01_1,Ses02F_script01_1_F,[BREATHING] Have you asked Annie yet?,neu,neutral,neu
Ses02F_script01_1,Ses02F_script01_1_M,I wanted to get this settled first.,,neutral,neu
Ses02F_script01_1,Ses02F_script01_1_F,"Well, how do you know she'll marry you? Maybe she feels the same way your father does.",neu,neutral,neu
Ses02F_script01_1,Ses02F_script01_1_M,"Well, if she does, then that's the end of it. But from her letters, I think she's forgotten him. I'll find out. And then we'll thrash it out with Dad, right? Mom, don't avoid me.",sad,negative,sad
Ses02F_script01_1,Ses02F_script01_1_F,"Trouble is, you don't see enough women.",sad,negative,sad
Ses02F_script01_1,Ses02F_script01_1_F,You never did.,fru,negative,fru
Ses02F_script01_1,Ses02F_script01_1_M,"So what, I'm not fast with women.",,neutral,fru
Ses02F_script01_1,Ses02F_script01_1_F,I just don't see why it has to be Annie.,fru,negative,fru
Ses02F_script01_1,Ses02F_script01_1_M,Because it is.,neu,neutral,neu
Ses02F_script01_1,Ses02F_script01_1_F,"Well, that's a good answer, but it doesn't answer anything. I mean, you've been away for--at war. It's been five years.",fru,negative,fru
Ses02F_script01_1,Ses02F_script01_1_M,"I can't help it. I know her best. I mean, I grew up next door to her.",,neutral,fru
Ses02F_script01_1,Ses02F_script01_1_M,"These years when I think of a wife, I think of Annie. What do you want, a diagram?",fru,negative,fru
Ses02F_script01_1,Ses02F_script01_1_F,"I don't want a diagram. Umm-- He thinks he's coming back, Chris. You marry that girl and you're pronouncing him dead.",fru,negative,fru
Ses02F_script01_1,Ses02F_script01_1_F,"I mean, what's gonna happen to your father? Do you know? I don't.",fru,negative,fru
Ses02F_script01_1,Ses02F_script01_1_M,"All right. All right, then, Mom.",fru,negative,fru
Ses02F_script01_1,Ses02F_script01_1_F,I just--give it some more thought.,fru,negative,fru
Ses02F_script01_1,Ses02F_script01_1_M,I've given it three years of thought. I thought that if I waited Dad would forget about Larry and we could have a regular wedding and everything happy.,fru,negative,fru
Ses02F_script01_1,Ses02F_script01_1_M,"But if I can't--if that can't happen here, then I'll have to get out.",,neutral,fru
Ses02F_script01_1,Ses02F_script01_1_F,What the hell is this?,,neutral,fru
Ses02F_script01_1,Ses02F_script01_1_M,I'll get out. I'll get married and go live some place else. Maybe New York.,,neutral,fru
Ses02F_script01_1,Ses02F_script01_1_F,Are you crazy?,ang,negative,ang
Ses02F_script01_1,Ses02F_script01_1_M,I've been a good son too long. A good sucker. I'm through with it.,ang,negative,ang
Ses02F_script01_1,Ses02F_script01_1_F,What about the business? What the hell is this?,ang,negative,ang
Ses02F_script01_1,Ses02F_script01_1_M,The business? The business doesn't inspire me.,ang,negative,ang
Ses02F_script01_1,Ses02F_script01_1_F,Must you be inspired?,ang,negative,ang
Ses02F_script01_1,Ses02F_script01_1_M,"Yes. I like it an hour a day. If I'm gonna grub for my money all day long, at least in the evening I want it beautiful.",ang,negative,ang
Ses02F_script01_1,Ses02F_script01_1_M,"I want a family. I want kids. I want something that I can give myself to. Annie's in the middle of that. Now, where do I find it?",,neutral,ang
Ses02F_script01_1,Ses02F_script01_1_F,"Tell me, you'd leave the business?",,neutral,ang
Ses02F_script01_1,Ses02F_script01_1_M,"Yes, on this I would.",neu,neutral,neu
Ses02F_script01_1,Ses02F_script01_1_F,"Well, you don't want to think like that.",ang,negative,ang
Ses02F_script01_1,Ses02F_script01_1_M,Then help me stay here.,,neutral,ang
Ses02F_script01_1,Ses02F_script01_1_F,"All right, but just don't go thinkin' like that 'cause otherwise what did we work for? I mean, the whole thing is for you, Chris. The whole shootin' match is for you.",,neutral,neu
Ses02F_script01_1,Ses02F_script01_1_M,"I know. I know, Mom. Just help me stay here.",fru,negative,fru
Ses02F_script01_1,Ses02F_script01_1_F,"All right. Just-- just don't go thinkin' that way, you hear me?",fru,negative,fru
Ses02F_script01_1,Ses02F_script01_1_M,I am thinkin' that way.,neu,neutral,neu
Ses02F_script01_1,Ses02F_script01_1_F,"I don't understand you, do I?",fru,negative,fru
Ses02F_script01_1,Ses02F_script01_1_M,"No, you don't. I'm a pretty tough guy.",neu,neutral,neu
Ses02F_script01_1,Ses02F_script01_1_F,I can see that.,sad,negative,sad
Ses02F_script01_2,Ses02F_script01_2_F,Why did he invite her here?,,neutral,neu
Ses02F_script01_2,Ses02F_script01_2_M,Why does that bother you?,,neutral,neu
Ses02F_script01_2,Ses02F_script01_2_F,She's been in New York for three and half years. Why all of a sudden?,,neutral,neu
Ses02F_script01_2,Ses02F_script01_2_M,"Well, maybe he just wanted to see her again.",neu,neutral,neu
Ses02F_script01_2,Ses02F_script01_2_F,Nobody comes seven hundred miles just to see.,,neutral,neu
Ses02F_script01_2,Ses02F_script01_2_M,What do you mean? He lived next door to the girl all his life. Why wouldn't he want to see her again?,neu,neutral,neu
Ses02F_script01_2,Ses02F_script01_2_M,Don't look at me like that. He didn't tell me anymore than he told you.,,neutral,neu
Ses02F_script01_2,Ses02F_script01_2_F,She's not-,,neutral,neu
Ses02F_script01_2,Ses02F_script01_2_M,How do you know he's even thinking of it?,neu,neutral,neu
Ses02F_script01_2,Ses02F_script01_2_F,-he's not gonna marry her.,,neutral,neu
Ses02F_script01_2,Ses02F_script01_2_F,It's got that all about it.,ang,negative,ang
Ses02F_script01_2,Ses02F_script01_2_M,"Well, so what?",neu,neutral,neu
Ses02F_script01_2,Ses02F_script01_2_F,"What's going on here, Joe?",,neutral,neu
Ses02F_script01_2,Ses02F_script01_2_M,"Now, listen Kate.",neu,neutral,neu
Ses02F_script01_2,Ses02F_script01_2_F,"She's not his girl, Joe. She knows she's not.",,neutral,neu
Ses02F_script01_2,Ses02F_script01_2_M,You can't read her mind.,neu,neutral,neu
Ses02F_script01_2,Ses02F_script01_2_F,"Well then why is she still single? I mean, New York is full of men. Why isn't she married? Probably a hundred people told her she's crazy, but she's waited.",fru,negative,fru
Ses02F_script01_2,Ses02F_script01_2_M,How do you know why she's waited?,neu,neutral,neu
Ses02F_script01_2,Ses02F_script01_2_F,"She knows what I know, that's why. She's faithful as a rock. In my worst moments I think of her waiting and I know again that I'm right.",fru,negative,fru
Ses02F_script01_2,Ses02F_script01_2_M,"Look, it's a nice day. What are we arguing for?",fru,negative,fru
Ses02F_script01_2,Ses02F_script01_2_F,"Nobody in this house dares take her faith away, Joe? Strangers might, but not his father, not his brother.",,neutral,fru
Ses02F_script01_2,Ses02F_script01_2_M,"Well, what do you want me to do about it?",fru,negative,fru
Ses02F_script01_2,Ses02F_script01_2_F,I want you to act like he's coming back. Both of you. Don't you think I haven't noticed since she got here. I won't stand for any nonsense.,fru,negative,fru
Ses02F_script01_2,Ses02F_script01_2_M,But Kate--,fru,negative,fru
Ses02F_script01_2,Ses02F_script01_2_F,"Because if he's not coming back, I'll kill myself. I mean, laugh--laugh at me, but...",ang,negative,ang
Ses02F_script01_2,Ses02F_script01_2_F,But why did that happen the very night she came here? She sleeps in his room and his memorial breaks to pieces. Just look. Look at it.,ang,negative,ang
Ses02F_script01_2,Ses02F_script01_2_M,Calm yourself.,fru,negative,fru
Ses02F_script01_2,Ses02F_script01_2_F,"Believe with me, Joe. I can't stand all alone.",fru,negative,fru
Ses02F_script01_2,Ses02F_script01_2_M,Calm yourself.,fru,negative,fru
Ses02F_script01_2,Ses02F_script01_2_F,"Last week, a man turned up in Detroit missing longer than Larry. I mean, you read it yourself.",fru,negative,fru
Ses02F_script01_2,Ses02F_script01_2_M,All right. All right. Calm yourself.,fru,negative,fru
Ses02F_script01_2,Ses02F_script01_2_F,"You, above all, have to believe.",fru,negative,fru
Ses02F_script01_2,Ses02F_script01_2_M,What?- Why- Why me above all?,,neutral,fru
Ses02F_script01_2,Ses02F_script01_2_F,Just--just don't stop believing.,fru,negative,fru
Ses02F_script01_2,Ses02F_script01_2_M,What does that mean? Me above all?,ang,negative,ang
Ses02F_script01_2,Ses02F_script01_2_M,Look at you. Look at you shaking.,ang,negative,ang
Ses02F_script01_2,Ses02F_script01_2_F,I can't help it.,fru,negative,fru
Ses02F_script01_2,Ses02F_script01_2_M,What have I got to hide? What the hell is the matter with you Kate?,ang,negative,ang
Ses02F_script01_3,Ses02F_script01_3_F,You're the only one I know who loves his parents.,,positive,neu
Ses02F_script01_3,Ses02F_script01_3_M,"I know, it went out of style, didn't it?",,neutral,neu
Ses02F_script01_3,Ses02F_script01_3_F,It's all right. It's a good thing.,,positive,neu
Ses02F_script01_3,Ses02F_script01_3_F,"You know, it's lovely here, the air is sweet.",,positive,neu
Ses02F_script01_3,Ses02F_script01_3_M,You're not sorry you came?,neu,neutral,neu
Ses02F_script01_3,Ses02F_script01_3_F,"No, not sorry. Um, but, I'm- I'm not gonna stay.",,neutral,neu
Ses02F_script01_3,Ses02F_script01_3_M,Why?,,neutral,neu
Ses02F_script01_3,Ses02F_script01_3_F,"Well, for one thing, your mother as much as told me to go.",,neutral,neu
Ses02F_script01_3,Ses02F_script01_3_M,Oh.,,neutral,neu
Ses02F_script01_3,Ses02F_script01_3_F,"You saw that. I mean and then, well, you've been kind of, um--",,neutral,neu
Ses02F_script01_3,Ses02F_script01_3_M,What?,,neutral,neu
Ses02F_script01_3,Ses02F_script01_3_F,"Well, kind of embarrassed ever since I got here.",,neutral,neu
Ses02F_script01_3,Ses02F_script01_3_M,"The trouble is, I planned on sort of sneaking up on you over a period of a week or so. But, they take it for granted that we're all set.",,neutral,neu
Ses02F_script01_3,Ses02F_script01_3_F,"I knew they would, your mother anyway.",,neutral,neu
Ses02F_script01_3,Ses02F_script01_3_F,"Well,",,neutral,neu
Ses02F_script01_3,Ses02F_script01_3_F,"from her point of view, why else would I come?",sad,negative,sad
Ses02F_script01_3,Ses02F_script01_3_M,"Oh. Would you want to? I guess you know, this is why I asked you to come.",,neutral,neu
Ses02F_script01_3,Ses02F_script01_3_F,I--I guess this is why I came.,,neutral,neu
Ses02F_script01_3,Ses02F_script01_3_M,"Anne, I love you. I love you a great deal. I love you.",,positive,neu
Ses02F_script01_3,Ses02F_script01_3_M,I have no imagination. That's all I know to tell you.,,neutral,neu
Ses02F_script01_3,Ses02F_script01_3_M,I'm embarrassing you and I didn't want to tell it to you here. I wanted some place we'd never been before. A place where we'd be brand new to each other.,,neutral,neu
Ses02F_script01_3,Ses02F_script01_3_M,"You feel it's wrong here, don't you? This yard, this chair. I want you to be ready for me. I don't want to have to win you away from anything.",exc,positive,exc
Ses02F_script01_3,Ses02F_script01_3_F,"Oh, Chris, I've been ready for a long, long time.",,neutral,neu
Ses02F_script01_3,Ses02F_script01_3_M,And he's gone forever. You're sure?,,neutral,neu
Ses02F_script01_3,Ses02F_script01_3_F,I almost got married two years ago.,hap,positive,hap
Ses02F_script01_3,Ses02F_script01_3_M,Why didn't you?,,neutral,hap
Ses02F_script01_3,Ses02F_script01_3_F,You started to write me and--,hap,positive,hap
Ses02F_script01_3,Ses02F_script01_3_M,You felt something that far back?,,neutral,hap
Ses02F_script01_3,Ses02F_script01_3_F,Every day since.,hap,positive,hap
Ses02F_script01_3,Ses02F_script01_3_M,"Anne, why didn't you let me know?",,neutral,hap
Ses02F_script01_3,Ses02F_script01_3_F,"Well, I was waiting for you. I mean, till then you never wrote and when you did, I mean, what did you say? You can sure be ambiguous sometimes.",,neutral,hap
Ses02F_script01_3,Ses02F_script01_3_M,"Give me a kiss, Anne. Give me a-",,neutral,hap
Ses02F_script01_3,Ses02F_script01_3_M,"oh God, I kissed you. I kissed Annie. How long--how long I've been waiting to kiss you.",,neutral,hap
Ses02F_script01_3,Ses02F_script01_3_F,I will never forgive you. Why did you wait all these years? All I did was sit and wonder if I was crazy for thinking of you.,hap,positive,hap
Ses02F_script01_3,Ses02F_script01_3_M,"Oh, Annie, we're gonna live now. I'm gonna make you so happy.",,positive,hap
Ses02F_script01_3,Ses02F_script01_3_F,Not like that you're not.,,neutral,hap
Ses02F_script01_3,Ses02F_script01_3_M,I kissed you.,,neutral,hap
Ses02F_script01_3,Ses02F_script01_3_F,"Like Larry's brother. Do it like you, Chris. What is it?",,neutral,hap
Ses02F_script01_3,Ses02F_script01_3_M,Let's drive someplace. I want to be alone with you.,,neutral,hap
Ses02F_script01_3,Ses02F_script01_3_F,"No. What is it, your mother?",,neutral,hap
Ses02F_script01_3,Ses02F_script01_3_M,No. Nothing like that.,sad,negative,sad
Ses02F_script01_3,Ses02F_script01_3_F,"Then, what's wrong? I mean, even in your letters there was some--something ashamed.",sad,negative,sad
Ses02F_script01_3,Ses02F_script01_3_M,"Yeah, I suppose I have been. But it's going from me.",sad,negative,sad
Ses02F_script01_3,Ses02F_script01_3_F,You've gotta tell me.,sad,negative,sad
Ses02F_script01_3,Ses02F_script01_3_M,I don't know how to start.,sad,negative,sad
Ses02F_script01_3,Ses02F_script01_3_F,It wouldn't work this way.,sad,negative,sad
Ses02F_script01_3,Ses02F_script01_3_M,"It's all mixed up with so many other things. You remember overseas, I was in command of a company?",sad,negative,sad
Ses02F_script01_3,Ses02F_script01_3_F,"Yeah, sure.",sad,negative,sad
Ses02F_script01_3,Ses02F_script01_3_M,"Well, I lost them.",sad,negative,sad
Ses02F_script01_3,Ses02F_script01_3_F,How many?,sad,negative,sad
Ses02F_script01_3,Ses02F_script01_3_M,Just about all.,sad,negative,sad
Ses02F_script01_3,Ses02F_script01_3_F,"Oh, gee.",sad,negative,sad
Ses02F_script01_3,Ses02F_script01_3_M,It takes some time for a guy to toss that off. 'Cause they weren't just men.,sad,negative,sad
Ses02F_script01_3,Ses02F_script01_3_M,"For instance, one time, it had been raining several days and this kid came to me and gave me his last pair of dry socks. I put them in pocket. It's only a little thing, but that's the kind of guys I had.",sad,negative,sad
Ses02F_script01_3,Ses02F_script01_3_M,"They didn't die, they killed themselves for each other. I mean that exactly. A little more selfish and they'd have been here today.",sad,negative,sad
Ses02F_script01_3,Ses02F_script01_3_M,"I got this idea watching them go down. Everything was being destroyed, see, but it seemed that there was one new thing being made. A sort of responsibility. Man for man.",sad,negative,sad
Ses02F_script01_3,Ses02F_script01_3_M,"You know what I mean? To show that, to bring that onto the Earth again, like some kind of monument and everyone would feel it standing behind him and it would make a difference to him.",sad,negative,sad
Ses02F_script01_3,Ses02F_script01_3_M,Then I came back and it was incredible. There was no meaning in it here. The whole thing to them seemed like sort of a bus accident. I went to work with Dad and that rat race again.,sad,negative,sad
Ses02F_script01_3,Ses02F_script01_3_M,"And I felt what you said, ashamed somehow 'cause nobody was changed at all. It seemed to make suckers out of a lot of guys. I felt wrong to be alive to open the new bank book, drive the new car, see the new refrigerator.",sad,negative,sad
Ses02F_script01_3,Ses02F_script01_3_M,"I mean, you can take those things out of a war, but when you drive that car, you've gotta know that it came out of the love a man can have for a man. You've gotta be a little better because of it.",sad,negative,sad
Ses02F_script01_3,Ses02F_script01_3_M,Because otherwise all you have is really loot and there's blood on it. And I didn't want to take any of it. And I guess that included you.,sad,negative,sad
Ses02F_script01_3,Ses02F_script01_3_F,You still feel that way?,sad,negative,sad
Ses02F_script01_3,Ses02F_script01_3_M,I want you now Annie.,,neutral,sad
Ses02F_script01_3,Ses02F_script01_3_F,"'Cause you mustn't feel that way. Because you have a right to everything that you have. Do you understand that? Everything, Chris, and me too.",,neutral,sad
Ses02F_script01_3,Ses02F_script01_3_F,"I mean, and your money, there's nothing wrong with your money. I mean, your father put hundreds of planes in the air. A man should be paid for that.",,neutral,sad
Ses02F_script01_3,Ses02F_script01_3_M,"I know Annie. Annie, I'm gonna make a fortune for you.",,neutral,sad
Ses02F_script01_3,Ses02F_script01_3_F,What'll I do with a fortune?,hap,positive,hap
Ses02F_script02_1,Ses02F_script02_1_M,What time is it? They're supposed to run around midnight.,exc,positive,exc
Ses02F_script02_1,Ses02F_script02_1_M,"This is great, isn't it? Look at the night we've got here, couldn't be better.",exc,positive,exc
Ses02F_script02_1,Ses02F_script02_1_M,"I would have liked to have gone a little further up the coast to get away from the lights and the people, but I was afraid we'd miss it.",exc,positive,exc
Ses02F_script02_1,Ses02F_script02_1_M,How you doing?,exc,positive,exc
Ses02F_script02_1,Ses02F_script02_1_F,Fine.,,neutral,exc
Ses02F_script02_1,Ses02F_script02_1_M,Is that--no--is that just foam? I can't even tell.,exc,positive,exc
Ses02F_script02_1,Ses02F_script02_1_M,"Well, I guess we can tell, it probably isn't right? Probably be unmistakable don't you think?",exc,positive,exc
Ses02F_script02_1,Ses02F_script02_1_M,"How you doing? Aw, you know what I forgot? I forgot to bring my flashlight. Oh, how could I be so stupid? I should've brought my flashlight.",exc,positive,exc
Ses02F_script02_1,Ses02F_script02_1_F,What flashlight?,neu,neutral,neu
Ses02F_script02_1,Ses02F_script02_1_M,"You know, the flashlight, the silver one. There's only one isn't there?",,neutral,exc
Ses02F_script02_1,Ses02F_script02_1_F,That's not your flashlight.,,neutral,exc
Ses02F_script02_1,Ses02F_script02_1_M,Who's is it?,,neutral,neu
Ses02F_script02_1,Ses02F_script02_1_F,It's ours. It's mine too.,,neutral,neu
Ses02F_script02_1,Ses02F_script02_1_M,"Oh, well sure.",neu,neutral,neu
Ses02F_script02_1,Ses02F_script02_1_F,"You kept saying my flashlight, if as if somehow it's just yours. I mean is that supposed to make me feel?",,neutral,neu
Ses02F_script02_1,Ses02F_script02_1_M,"Right, of course. Our flashlight. Mine and yours. I mean, me flashlight is su flashlight naturally.",neu,neutral,neu
Ses02F_script02_1,Ses02F_script02_1_M,How could we forget to bring it? I hope the moon stays out.,,neutral,neu
Ses02F_script02_1,Ses02F_script02_1_M,"I wonder, do they always run during a full moon? I can't remember if it was full last year. Do you remember?",neu,neutral,neu
Ses02F_script02_1,Ses02F_script02_1_F,Yeah.,neu,neutral,neu
Ses02F_script02_1,Ses02F_script02_1_M,"You cold? Do you want my jacket? Oh, we should've brought the blanket. Our blanket.",neu,neutral,neu
Ses02F_script02_1,Ses02F_script02_1_M,"This is great, isn't it? A six pack would be just the ticket right now.",exc,positive,exc
Ses02F_script02_1,Ses02F_script02_1_M,I can't believe I forgot. I'm like a kid. It's amazing I got out of the house with my fly zipped.,exc,positive,exc
Ses02F_script02_1,Ses02F_script02_1_M,You think they can hear us talk? Or feel the vibrations in the sand when we move around?,exc,positive,exc
Ses02F_script02_1,Ses02F_script02_1_F,I'm cold.,,neutral,exc
Ses02F_script02_1,Ses02F_script02_1_M,Do you want my jacket?,neu,neutral,neu
Ses02F_script02_1,Ses02F_script02_1_F,"It's after eleven, let's just go home.",fru,negative,fru
Ses02F_script02_1,Ses02F_script02_1_M,Are you kidding? We'd miss it. We just got here. What's the point of coming down here if we just turn around and go home.,,neutral,neu
Ses02F_script02_1,Ses02F_script02_1_F,There is no point in coming down here.,,neutral,neu
Ses02F_script02_1,Ses02F_script02_1_M,Right.,neu,neutral,neu
Ses02F_script02_1,Ses02F_script02_1_F,That's my point.,,neutral,neu
Ses02F_script02_1,Ses02F_script02_1_M,That's my point too.,neu,neutral,neu
Ses02F_script02_1,Ses02F_script02_1_F,"So, let's go.",,neutral,neu
Ses02F_script02_1,Ses02F_script02_1_M,No. No. That's not my point. The point is there's no point in coming down if we just leave. Don't you want to see it?,neu,neutral,neu
Ses02F_script02_1,Ses02F_script02_1_F,Not particularly.,,neutral,neu
Ses02F_script02_1,Ses02F_script02_1_M,Why not?,,neutral,neu
Ses02F_script02_1,Ses02F_script02_1_F,I just don't. It's stupid.,,neutral,neu
Ses02F_script02_1,Ses02F_script02_1_M,"Honey, this is a natural phenomenon. I mean this only happens once a year, you know.",,neutral,neu
Ses02F_script02_1,Ses02F_script02_1_M,"Think about the people in Kansas, they had to get plane tickets and hotel reservations to see this. We live forty minutes away. It's too good to pass up.",exc,positive,exc
Ses02F_script02_1,Ses02F_script02_1_F,"Pass up what? These little fish swim onto the beach, they flop around, and swim away. And then they die.",fru,negative,fru
Ses02F_script02_1,Ses02F_script02_1_M,"Yeah, but that moment on the beach, is the highlight of their little lives. All that flopping is laying eggs or what do you--spawning or mating. I mean,",exc,positive,exc
Ses02F_script02_1,Ses02F_script02_1_M,this is a big night for these guys. Life's last orgy.,exc,positive,exc
Ses02F_script02_1,Ses02F_script02_1_F,"What are you so excited about? I mean, it's not a moon landing we're talking about here. It's fish. It's a fish nobody even eats.",fru,negative,fru
Ses02F_script02_1,Ses02F_script02_1_M,Yeah they do.,fru,negative,fru
Ses02F_script02_1,Ses02F_script02_1_F,"Ah, Augie.",fru,negative,fru
Ses02F_script02_1,Ses02F_script02_1_M,Alright. But it's fish that do something that none of the other fish do. Like the swallows returning to Capistrano or the lemmings throwing themselves off the cliffs.,exc,positive,exc
Ses02F_script02_1,Ses02F_script02_1_M,There's--there's a bit of the magic--some unexplainable here. I don't see how you can not be interested.,,neutral,fru
Ses02F_script02_1,Ses02F_script02_1_F,I'm just not.,fru,negative,fru
Ses02F_script02_1,Ses02F_script02_1_M,For real?,,neutral,fru
Ses02F_script02_1,Ses02F_script02_1_F,Yeah.,,neutral,fru
Ses02F_script02_1,Ses02F_script02_1_M,"I don't get it. The first time we came here, you said it was the best night of your life.",neu,neutral,neu
Ses02F_script02_1,Ses02F_script02_1_M,"And last year, I remember specifically you were so excited to go that you stubbed your toe rushing me out of the house and didn't even notice until we got in the car.",,positive,fru
Ses02F_script02_1,Ses02F_script02_1_F,"Last year, you will also remember our shoes got wet, I got sand in my panties, you got a sore throat, we got in a big fight over nothing, and we didn't see the grunions.",fru,negative,fru
Ses02F_script02_1,Ses02F_script02_1_M,We weren't in a good spot.,neu,neutral,neu
Ses02F_script02_1,Ses02F_script02_1_F,We didn't see them the first time either.,neu,neutral,neu
Ses02F_script02_1,Ses02F_script02_1_M,"We just weren't in a good spot. This is a much better spot. Believe me, I've got good instincts for these things.",,positive,neu
Ses02F_script02_1,Ses02F_script02_1_M,There is that--no that's just seaweed isn't it?,exc,positive,exc
Ses02F_script02_1,Ses02F_script02_1_M,"Oh man, this is great, isn't it? I wouldn't miss this for anything. Here, think about this, all right, I know you're not interested, but think about this.",exc,positive,exc
Ses02F_script02_1,Ses02F_script02_1_M,"Somewhere out there, this huge mass of silver fish swimming this way.",,neutral,exc
Ses02F_script02_1,Ses02F_script02_1_M,"They don't know why, we don't know why. Nobody sent them an invitation or a map, it wasn't a decision, just-",,neutral,exc
Ses02F_script02_1,Ses02F_script02_1_M,"all as one, this time release instinctual little firecracker went off and they all turned and formed a line as long as the California coast and started swimming. And they're swimming right now as if that's all that matters.",exc,positive,exc
Ses02F_script02_1,Ses02F_script02_1_M,It's like single mindedness with no mind. It's urgency that's pure urge. They don't know what drives them. They don't ask it a question or give it a name.,exc,positive,exc
Ses02F_script02_1,Ses02F_script02_1_M,"They just turn as one and start the swim that brings them right here to where we stand, for a massive celebration of sex and death.",exc,positive,exc
Ses02F_script02_1,Ses02F_script02_1_M,"Ah, God, I'm giving myself goose bumps. Look, all my hairs are popped up.",exc,positive,exc
Ses02F_script02_1,Ses02F_script02_1_F,That's the wind.,,neutral,exc
Ses02F_script02_1,Ses02F_script02_1_M,"Well, so what do you think?",neu,neutral,neu
Ses02F_script02_1,Ses02F_script02_1_F,About what?,neu,neutral,neu
Ses02F_script02_1,Ses02F_script02_1_M,What I was saying.,neu,neutral,neu
Ses02F_script02_1,Ses02F_script02_1_F,It's ridiculous.,,neutral,neu
Ses02F_script02_2,Ses02F_script02_2_M,"Well, so what do you think?",exc,positive,exc
Ses02F_script02_2,Ses02F_script02_2_F,About what?,neu,neutral,neu
Ses02F_script02_2,Ses02F_script02_2_M,What I was saying.,neu,neutral,neu
Ses02F_script02_2,Ses02F_script02_2_F,It's ridiculous.,fru,negative,fru
Ses02F_script02_2,Ses02F_script02_2_M,It certainly is not. It's slightly exaggerated scientific fact.,neu,neutral,neu
Ses02F_script02_2,Ses02F_script02_2_F,It's PR. Somebody sold you a bill of goods that this wonderful event is gonna take place on the beach.,,positive,neu
Ses02F_script02_2,Ses02F_script02_2_M,"Well, I'm not the only one. Look at all these people.",neu,neutral,neu
Ses02F_script02_2,Ses02F_script02_2_F,"Sure, everybody's told the same story. It keeps us all excited. It keeps us coming back for more. It keeps us thinking that life is gonna start any second now if we could just find the right spot and get in on the action.",,positive,neu
Ses02F_script02_2,Ses02F_script02_2_M,Are we talking about the same thing?,,neutral,neu
Ses02F_script02_2,Ses02F_script02_2_F,"Well, I'm sorry, but it's still just fish to me.",,neutral,neu
Ses02F_script02_2,Ses02F_script02_2_M,"Carla, can I ask you something? Don't take this wrong, but are you having your period?",neu,neutral,neu
Ses02F_script02_2,Ses02F_script02_2_F,"God damn it, Augie, don't ask me that. I hate it when you ask me that. You always ask me that. It's insulting.",ang,negative,ang
Ses02F_script02_2,Ses02F_script02_2_M,"Well, what's bugging you?",fru,negative,fru
Ses02F_script02_2,Ses02F_script02_2_F,We just have different ideas of what this evening is supposed to look like.,ang,negative,ang
Ses02F_script02_2,Ses02F_script02_2_M,"There's nothing to it. We come here, the grunion arrive, they do their little fish business, we go ooh, ah, look at the fish. They go home. We go home.",neu,neutral,neu
Ses02F_script02_2,Ses02F_script02_2_F,"For heaven sake, we're not going to see the grunions.",fru,negative,fru
Ses02F_script02_2,Ses02F_script02_2_M,Why not?,fru,negative,fru
Ses02F_script02_2,Ses02F_script02_2_F,"We never do, do we? I mean, have we ever?",fru,negative,fru
Ses02F_script02_2,Ses02F_script02_2_M,We've missed them twice. That's not ever.,neu,neutral,neu
Ses02F_script02_2,Ses02F_script02_2_F,Twice is every time we've tried. That's ever.,fru,negative,fru
Ses02F_script02_2,Ses02F_script02_2_M,"Well, we'll see them this year.",neu,neutral,neu
Ses02F_script02_2,Ses02F_script02_2_F,"No, we won't. It's pointless. It's like waiting up to see Santa Claus.",fru,negative,fru
Ses02F_script02_2,Ses02F_script02_2_F,"I mean, I feel like my whole life is gonna be spent standing on the beach with my eyes wide open and my hands clasped expectantly waiting for the fish to show up. And the fish won't show up.",ang,negative,ang
Ses02F_script02_2,Ses02F_script02_2_M,I thought you wanted to see it.,fru,negative,fru
Ses02F_script02_2,Ses02F_script02_2_F,You don't understand anything I'm saying.,fru,negative,fru
Ses02F_script02_2,Ses02F_script02_2_M,"No, of course not.",fru,negative,fru
Ses02F_script02_2,Ses02F_script02_2_F,I did want to see it. I always do. I keep thinking that this is gonna be the time and it never is.,fru,negative,fru
Ses02F_script02_2,Ses02F_script02_2_M,It's just fish. Nothing to get traumatized about.,neu,neutral,neu
Ses02F_script02_2,Ses02F_script02_2_F,"For heaven sake, this isn't about fish.",,neutral,fru
Ses02F_script02_2,Ses02F_script02_2_M,"All right. Look, I've been trying to work this backwards, but I cannot seem to figure out the exact moment that we took a turn for the worst.",fru,negative,fru
Ses02F_script02_2,Ses02F_script02_2_M,"I mean, you were- you were fine during the phone call from Marge. Dinner was okay. Doing the dishes was no problem. Let's see. I took a shower. You watched the news.",,neutral,neu
Ses02F_script02_2,Ses02F_script02_2_M,"You said, ""Hey the grunion are running tonight."" I said, ""Great, let's go. I feel lucky.""",neu,neutral,neu
Ses02F_script02_2,Ses02F_script02_2_M,"Okay, so I'm putting on my jacket, putting out the animals, getting the car out of the garage--",neu,neutral,neu
Ses02F_script02_2,Ses02F_script02_2_F,"Do you remember the first time we came to see it? It was about four years ago, right after we got married.",sad,negative,sad
Ses02F_script02_2,Ses02F_script02_2_F,"I thought I was pregnant, you had a bottle of champagne, but no glasses. You asked me to dance, so we kicked off our shoes and you popped the cork.",sad,negative,sad
Ses02F_script02_2,Ses02F_script02_2_F,"And while we were dancing, you said the softest, most intimate things to me right into my ear so that I could feel them as much as hear them.",sad,negative,sad
Ses02F_script02_2,Ses02F_script02_2_F,"And I remember thinking, this is it. You know, at last--at last I am as happy as I am supposed to be.",sad,negative,sad
Ses02F_script02_2,Ses02F_script02_2_M,Wait a minute. I've got it.,neu,neutral,neu
Ses02F_script02_2,Ses02F_script02_2_F,"Just dancing barefoot in the sand, drinking champagne out of the bottle.",sad,negative,sad
Ses02F_script02_2,Ses02F_script02_2_M,"It was in the car, right? Driving past the Knickerbocker Liquor Locker, you said, ""let's get some champagne,"" and I said, ""time's a wasting"" or something like that, right?",neu,neutral,neu
Ses02F_script02_2,Ses02F_script02_2_M,"Yeah, of course, I see it now. You want this to be like that other time, right? That's it, right?",neu,neutral,neu
Ses02F_script02_2,Ses02F_script02_2_F,I'd rather not remember some things. I would rather not hope for some things.,sad,negative,sad
Ses02F_script02_2,Ses02F_script02_2_M,"Okay, yeah, sure, I see it now. Listen, you wanna dance?",neu,neutral,neu
Ses02F_script02_2,Ses02F_script02_2_F,No.,sad,negative,sad
Ses02F_script02_2,Ses02F_script02_2_M,You want me to go get some champagne?,neu,neutral,neu
Ses02F_script02_2,Ses02F_script02_2_F,No.,sad,negative,sad
Ses02F_script02_2,Ses02F_script02_2_M,Take off our shoes?,neu,neutral,neu
Ses02F_script02_2,Ses02F_script02_2_F,No. No.,,neutral,neu
Ses02F_script02_2,Ses02F_script02_2_M,"Well, what? You want me to breathe in your ear?",fru,negative,fru
Ses02F_script02_2,Ses02F_script02_2_F,No.,sad,negative,sad
Ses02F_script02_2,Ses02F_script02_2_M,You wanna get married again?,fru,negative,fru
Ses02F_script02_2,Ses02F_script02_2_F,No.,fru,negative,fru
Ses02F_script02_2,Ses02F_script02_2_M,What? What? You want a divorce?,fru,negative,fru
Ses02F_script02_2,Ses02F_script02_2_F,No.,fru,negative,fru
Ses02F_script02_2,Ses02F_script02_2_M,A vacation?,fru,negative,fru
Ses02F_script02_2,Ses02F_script02_2_F,No.,fru,negative,fru
Ses02F_script02_2,Ses02F_script02_2_M,"A new carpet? A poodle? Ice cream? Back rub? A suicide pact? What? What? Carla, what the hell do you want?",fru,negative,fru
Ses02F_script02_2,Ses02F_script02_2_F,I want something to turn out the way that it's supposed to.,,neutral,fru
Ses02F_script02_2,Ses02F_script02_2_M,"Well, welcome to the human race. Do you think this is what I had in mind when I proposed? That four years down the road, we'd be at the beach yelling at each other over fish?",ang,negative,ang
Ses02F_script02_2,Ses02F_script02_2_M,"No. You think I knew that there'd be times when you'd look at me like a used Kleenex? Or that I'd look at you and think, holy hell, when's the next flight to Alaska?",,neutral,fru
Ses02F_script02_2,Ses02F_script02_2_M,"No, Carla, I'm just like you. I thought it was gonna be all peaches and roses and sand in our toes and wind in our hair and the fish will always come and the bills will pay themselves and we'll have three fat rosy kids and ha, ha, baby, the joke's on us",sad,negative,sad
Ses02F_script02_2,Ses02F_script02_2_M,"'cause you know what you get, Carla? You know what you get? This.",fru,negative,fru
Ses02F_script02_2,Ses02F_script02_2_F,This. What? What is this? This isn't even anything.,,neutral,fru
Ses02F_script02_2,Ses02F_script02_2_M,"Yes, it is.",neu,neutral,neu
Ses02F_script02_2,Ses02F_script02_2_F,"Uh, right this is standing on the beach. This is waiting. This is fighting.",,neutral,fru
Ses02F_script02_2,Ses02F_script02_2_M,Right.,neu,neutral,neu
Ses02F_script02_2,Ses02F_script02_2_F,Well. This isn't anything like I thought anything would be like.,sad,negative,sad
Ses02F_script02_2,Ses02F_script02_2_M,"I know, me neither.",sad,negative,sad
Ses02F_script02_2,Ses02F_script02_2_F,"I mean, this is just this. It includes a lot and everything, but it isn't something else. Do you have any idea what I'm trying to say?",,neutral,sad
Ses02F_script02_2,Ses02F_script02_2_M,I'm doing the best I can.,sad,negative,sad
Ses02F_script02_2,Ses02F_script02_2_F,"I know that, Augie. Really, I do.",sad,negative,sad
Ses02F_script02_2,Ses02F_script02_2_F,"I know that you meant this to be special and nice and the sand and the moon and all, but I just couldn't help thinking about being somewhere else.",sad,negative,sad
Ses02F_script02_2,Ses02F_script02_2_M,Maybe if you were with somebody else too.,sad,negative,sad
Ses02F_script02_2,Ses02F_script02_2_F,I didn't say that.,sad,negative,sad
Ses02F_script02_2,Ses02F_script02_2_M,"No, I know. But still. I know I don't make you happy.",sad,negative,sad
Ses02F_script02_2,Ses02F_script02_2_F,"Oh, for heaven sake, whatever I'm doing, I'd rather be doing it with you.",,negative,sad
Ses02F_script02_2,Ses02F_script02_2_M,Yeah?,,neutral,sad
Ses02F_script02_2,Ses02F_script02_2_F,"Oh, don't be ridiculous. I mean, don't you know that?",,neutral,sad
Ses02F_script02_2,Ses02F_script02_2_F,You're the one who probably wishes you were with someone else. Someone who--you'd rather enjoy yourself and didn't take everything so hard.,sad,negative,sad
Ses02F_script02_2,Ses02F_script02_2_M,"Well, now that you mention it. No, I don't.",,neutral,sad
Ses02F_script02_2,Ses02F_script02_2_F,"Okay. Fine so. We're in the wrong spot, but we're with the right person.",,neutral,sad
Ses02F_script02_2,Ses02F_script02_2_M,"I don't know. It seemed like a pretty good spot to me. I mean, look at the view you have of the moon from here.",hap,positive,hap
Ses02F_script02_2,Ses02F_script02_2_F,"Yeah, I noticed that. Looks pretty, doesn't it? Big ol' white moon.",,neutral,hap
Ses02F_script02_2,Ses02F_script02_2_M,"Well, look what we have here.",hap,positive,hap
Ses02F_script02_2,Ses02F_script02_2_F,"Augie, you brought refreshments.",hap,positive,hap
Ses02F_script02_2,Ses02F_script02_2_M,It's not champagne.,hap,positive,hap
Ses02F_script02_2,Ses02F_script02_2_F,"Well, then we don't need glasses.",hap,positive,hap
Ses02F_script02_2,Ses02F_script02_2_M,You still cold? Do you wanna go home?,,neutral,hap
Ses02F_script02_2,Ses02F_script02_2_F,No. I think you might be right. Maybe this is the spot after all.,hap,positive,hap
Ses02F_script02_2,Ses02F_script02_2_F,"Augie, I'm sorry.",sad,negative,sad
Ses02F_script02_2,Ses02F_script02_2_M,Shh. If we're very quiet the fish might come.,hap,positive,hap
Ses02F_script02_2,Ses02F_script02_2_F,Or not.,hap,positive,hap
Ses02F_script02_2,Ses02F_script02_2_M,Or not.,hap,positive,hap
Ses02F_script03_1,Ses02F_script03_1_M,Good God.,,positive,neu
Ses02F_script03_1,Ses02F_script03_1_F,Do you think it's them?,,neutral,neu
Ses02F_script03_1,Ses02F_script03_1_M,I wonder.,neu,neutral,neu
Ses02F_script03_1,Ses02F_script03_1_F,"Well, nobody know we're here except Freda and she wouldn't ring up.",,neutral,neu
Ses02F_script03_1,Ses02F_script03_1_M,"Must be them, then.",,neutral,neu
Ses02F_script03_1,Ses02F_script03_1_F,What're we gonna do?,,neutral,neu
Ses02F_script03_1,Ses02F_script03_1_M,"We're all right, darling, aren't we? Whatever happens.",,negative,neu
Ses02F_script03_1,Ses02F_script03_1_F,"Now and always, sweet.",,neutral,neu
Ses02F_script03_1,Ses02F_script03_1_M,I don't care then.,neu,neutral,neu
Ses02F_script03_1,Ses02F_script03_1_F,It was bound to come sooner or later.,,neutral,neu
Ses02F_script03_1,Ses02F_script03_1_M,Hello? Hello? What? Wrong number.,neu,neutral,neu
Ses02F_script03_1,Ses02F_script03_1_F,"Ah, it send shivers up my spine.",exc,positive,exc
Ses02F_script03_1,Ses02F_script03_1_M,What do we do if they suddenly walk in on us?,,neutral,neu
Ses02F_script03_1,Ses02F_script03_1_F,Behave exquisitely.,hap,positive,hap
Ses02F_script03_1,Ses02F_script03_1_M,With the most perfect poise?,neu,neutral,neu
Ses02F_script03_1,Ses02F_script03_1_F,"Oh, of course. I shall probably do a court curtsy.",hap,positive,hap
Ses02F_script03_1,Ses02F_script03_1_M,Things that ought to matter dreadfully don't matter at all when one's happy. Do they?,neu,neutral,neu
Ses02F_script03_1,Ses02F_script03_1_F,What's so horrible is that one can't stay happy.,hap,positive,hap
Ses02F_script03_1,Ses02F_script03_1_M,"Oh, darling, don't say that.",neu,neutral,neu
Ses02F_script03_1,Ses02F_script03_1_F,It's true. The whole business is a very poor joke.,hap,positive,hap
Ses02F_script03_1,Ses02F_script03_1_M,"Meaning that sacred and beautiful thing, love?",neu,neutral,neu
Ses02F_script03_1,Ses02F_script03_1_F,"Yes, meaning just that.",hap,positive,hap
Ses02F_script03_1,Ses02F_script03_1_M,"Oh, what does it all mean? That's what I ask myself in my ceaseless quest for ultimate truth. Dear God, what does it all mean?",,neutral,neu
Ses02F_script03_1,Ses02F_script03_1_F,Don't laugh at me. I'm serious.,,neutral,neu
Ses02F_script03_1,Ses02F_script03_1_M,"You mustn't be serious, my dear one. That's just what they want.",neu,neutral,neu
Ses02F_script03_1,Ses02F_script03_1_F,Who's they?,neu,neutral,neu
Ses02F_script03_1,Ses02F_script03_1_M,All those futile moralists that try to make life unbearable. Laugh at them. Be flippant. Laugh at everything. All their sacred shibboleths.,neu,neutral,neu
Ses02F_script03_1,Ses02F_script03_1_M,Flippancy brings out the acid in their damn sweetness and light.,neu,neutral,neu
Ses02F_script03_1,Ses02F_script03_1_F,"If I laugh at everything, then I must laugh at us too.",neu,neutral,neu
Ses02F_script03_1,Ses02F_script03_1_M,"Certainly, you must. We're figures of fun, alright.",neu,neutral,neu
Ses02F_script03_1,Ses02F_script03_1_F,"Well how long will it last us, this ludicrous overbearing love of ours.",neu,neutral,neu
Ses02F_script03_1,Ses02F_script03_1_M,Who knows.,neu,neutral,neu
Ses02F_script03_1,Ses02F_script03_1_F,"Well, shall we always want to bicker and fight?",neu,neutral,neu
Ses02F_script03_1,Ses02F_script03_1_M,"No, that desire will fade. Along with our passion.",neu,neutral,neu
Ses02F_script03_1,Ses02F_script03_1_F,"Oh, dear, shall we like that?",neu,neutral,neu
Ses02F_script03_1,Ses02F_script03_1_M,Depends on how well we've played.,neu,neutral,neu
Ses02F_script03_1,Ses02F_script03_1_F,"Well, what happens if one of us dies? I mean, does the one that's left still laugh?",neu,neutral,neu
Ses02F_script03_1,Ses02F_script03_1_M,Yes. Yes. With all his might.,exc,positive,exc
Ses02F_script03_1,Ses02F_script03_1_F,"That's serious enough, isn't it?",,neutral,neu
Ses02F_script03_1,Ses02F_script03_1_M,"No. No, it isn't. Death is very laughable. Such a cunning little mystery. All done with mirrors.",exc,positive,exc
Ses02F_script03_1,Ses02F_script03_1_F,"Darling, I believe you're talking nonsense.",hap,positive,hap
Ses02F_script03_1,Ses02F_script03_1_M,So is everyone else in the long run.,neu,neutral,neu
Ses02F_script03_1,Ses02F_script03_1_M,"Let's be superficial and pity the poor philosophers. Let's blow our trumpets and squeakers and enjoy the party as much as we can. Like quite idiotic, very small school children. Let's savor the delight of the moment.",exc,positive,exc
Ses02F_script03_1,Ses02F_script03_1_M,"Come and kiss me, darling, before your body rots and worms pop in and out of your eye sockets.",exc,positive,exc
Ses02F_script03_1,Ses02F_script03_1_F,"Elliott, worms don't pop.",hap,positive,hap
Ses02F_script03_1,Ses02F_script03_1_M,"I don't care what you do. See, you could paint yourself green and dance naked in the Place Vendome and rush off madly with all the men in the world and I shan't say a word. As long as you love me best.",neu,neutral,neu
Ses02F_script03_1,Ses02F_script03_1_F,"Oh, thank you, dear. The same applies to you except that if I catch so much as looking at another woman, I'll kill you.",hap,positive,hap
Ses02F_script03_1,Ses02F_script03_1_M,You remember that awful scene we had in Venice?,neu,neutral,neu
Ses02F_script03_1,Ses02F_script03_1_F,Which particular one?,hap,positive,hap
Ses02F_script03_1,Ses02F_script03_1_M,The one when you bought that little painted wooden snake in the Piazza and put it on my bed.,neu,neutral,neu
Ses02F_script03_1,Ses02F_script03_1_F,Charles. That was his name. Charles. He did wriggle so beautifully.,hap,positive,hap
Ses02F_script03_1,Ses02F_script03_1_M,"Ah, horrible thing. I hated it.",,negative,hap
Ses02F_script03_1,Ses02F_script03_1_F,"Yes, I know you did. You threw it out of the window into the Grand Canal. I don't think I'll ever forgive you for that.",hap,positive,hap
Ses02F_script03_1,Ses02F_script03_1_M,How long did that row last?,neu,neutral,neu
Ses02F_script03_1,Ses02F_script03_1_F,It went in intermittently for days.,hap,positive,hap
Ses02F_script03_1,Ses02F_script03_1_M,The worst one was in Cannes when your curling iron burnt a hole in my new dressing gown.,neu,neutral,neu
Ses02F_script03_1,Ses02F_script03_1_F,It burned my comb too and all the towels in the bathroom.,hap,positive,hap
Ses02F_script03_1,Ses02F_script03_1_M,"That was a rouser, wasn't it?",,neutral,hap
Ses02F_script03_1,Ses02F_script03_1_F,That was the first time you ever hit me.,neu,neutral,neu
Ses02F_script03_1,Ses02F_script03_1_M,I didn't hit you very hard.,neu,neutral,neu
Ses02F_script03_1,Ses02F_script03_1_F,"The manager came in and found us rolling around on the floor, biting and scratching like panthers.",hap,positive,hap
Ses02F_script03_1,Ses02F_script03_1_M,"Oh, I'll never forget his face.",exc,positive,exc
Ses02F_script03_1,Ses02F_script03_1_F,It was ridiculous. Completely ridiculous.,exc,positive,exc
Ses02F_script03_1,Ses02F_script03_1_M,We were very much younger then.,neu,neutral,neu
Ses02F_script03_1,Ses02F_script03_1_F,And very much sillier.,,neutral,exc
Ses02F_script03_1,Ses02F_script03_1_M,"As a matter of fact, the real cause of that row was Peter Burden.",neu,neutral,neu
Ses02F_script03_2,Ses02F_script03_2_M,"As a matter of fact, the real cause of that row was Peter Burden.",neu,neutral,neu
Ses02F_script03_2,Ses02F_script03_2_F,"Honey, you knew there was nothing in that.",,neutral,neu
Ses02F_script03_2,Ses02F_script03_2_M,I knew nothing of the sort. You took presents from him.,neu,neutral,neu
Ses02F_script03_2,Ses02F_script03_2_F,Presents? Just a trivial little broach.,,neutral,neu
Ses02F_script03_2,Ses02F_script03_2_M,"Ah, yes, I remember it well. Bristling with diamonds in the worst possible taste.",,neutral,neu
Ses02F_script03_2,Ses02F_script03_2_F,"No, it wasn't. It was very pretty. I still have it and I wear it often.",,neutral,neu
Ses02F_script03_2,Ses02F_script03_2_M,You went out of your way to torture me over Peter Burden.,,neutral,neu
Ses02F_script03_2,Ses02F_script03_2_F,"No, I didn't. You worked the whole thing up in your jealous imagination.",,neutral,neu
Ses02F_script03_2,Ses02F_script03_2_M,"You must admit, he was in love with you, wasn't he?",,positive,neu
Ses02F_script03_2,Ses02F_script03_2_F,"Just a little perhaps, nothing serious.",,neutral,neu
Ses02F_script03_2,Ses02F_script03_2_M,You let him kiss you. You said you did.,,neutral,neu
Ses02F_script03_2,Ses02F_script03_2_F,"Well, what of it?",,neutral,neu
Ses02F_script03_2,Ses02F_script03_2_M,What of it?,ang,negative,ang
Ses02F_script03_2,Ses02F_script03_2_F,It didn't hurt him at all and I enjoyed it.,,positive,neu
Ses02F_script03_2,Ses02F_script03_2_M,"Well, what about me?",ang,negative,ang
Ses02F_script03_2,Ses02F_script03_2_F,"Well, if you hadn't been so suspicious and nosey, you never would have known a thing about it.",neu,neutral,neu
Ses02F_script03_2,Ses02F_script03_2_M,"Well, that's a nice point of view I must say.",,neutral,neu
Ses02F_script03_2,Ses02F_script03_2_F,I'm bored with this conversation.,,neutral,neu
Ses02F_script03_2,Ses02F_script03_2_M,"Me, too. Bored stiff. You want some brandy?",neu,neutral,neu
Ses02F_script03_2,Ses02F_script03_2_F,"No, thanks.",,neutral,neu
Ses02F_script03_2,Ses02F_script03_2_M,I think I'll have some.,,neutral,neu
Ses02F_script03_2,Ses02F_script03_2_F,Don't see why you want any. You've already had two glasses.,,neutral,neu
Ses02F_script03_2,Ses02F_script03_2_M,No particular reason. Anyhow they were very small ones.,neu,neutral,neu
Ses02F_script03_2,Ses02F_script03_2_F,Just seems so silly to go on and on and on with such a thing.,neu,neutral,neu
Ses02F_script03_2,Ses02F_script03_2_M,You can hardly call three liquor glasses in a whole evening going on and on and on.,fru,negative,fru
Ses02F_script03_2,Ses02F_script03_2_F,"Well, it's become a habit with you.",neu,neutral,neu
Ses02F_script03_2,Ses02F_script03_2_M,"You needn't be so grand, just because you don't happen to want any yourself at the moment.",ang,negative,ang
Ses02F_script03_2,Ses02F_script03_2_F,Don't be so stupid.,ang,negative,ang
Ses02F_script03_2,Ses02F_script03_2_M,"Really, Amanda.",,neutral,ang
Ses02F_script03_2,Ses02F_script03_2_F,What?,ang,negative,ang
Ses02F_script03_2,Ses02F_script03_2_M,Nothing.,fru,negative,fru
Ses02F_script03_2,Ses02F_script03_2_M,Going out somewhere dear?,,neutral,ang
Ses02F_script03_2,Ses02F_script03_2_F,"No, just making myself fascinating for you.",,neutral,ang
Ses02F_script03_2,Ses02F_script03_2_M,That reply has broken my heart.,,neutral,fru
Ses02F_script03_2,Ses02F_script03_2_F,"A woman's job is to allure the man. Watch me a minute, will you?",exc,positive,exc
Ses02F_script03_2,Ses02F_script03_2_M,"As a matter of fact, that's perfectly true.",,neutral,fru
Ses02F_script03_2,Ses02F_script03_2_F,"No, it isn't.",fru,negative,fru
Ses02F_script03_2,Ses02F_script03_2_M,"Yes, it is.",fru,negative,fru
Ses02F_script03_2,Ses02F_script03_2_F,"Oh, be quiet.",ang,negative,ang
Ses02F_script03_2,Ses02F_script03_2_M,"Ah, it's a pity you didn't have any more brandy. It might have made you a little less disagreeable.",,neutral,fru
Ses02F_script03_2,Ses02F_script03_2_F,Doesn't seem to have worked such wonders with you.,fru,negative,fru
Ses02F_script03_2,Ses02F_script03_2_M,"Snap, snap, snap, like a little adder.",fru,negative,fru
Ses02F_script03_2,Ses02F_script03_2_F,"Adders don't snap, they sting.",ang,negative,ang
Ses02F_script03_2,Ses02F_script03_2_M,Nonsense. They have a little bag of venom behind their fangs and they snap.,fru,negative,fru
Ses02F_script03_2,Ses02F_script03_2_F,They sting.,,neutral,fru
Ses02F_script03_2,Ses02F_script03_2_M,They snap.,fru,negative,fru
Ses02F_script03_2,Ses02F_script03_2_F,"I don't care, do you understand? I don't care. I don't care if they bark or roll about like hoops.",fru,negative,fru
Ses02F_script03_2,Ses02F_script03_2_M,Did you see much of Peter Burden after our divorce?,,neutral,fru
Ses02F_script03_2,Ses02F_script03_2_F,"Yes, I did. Quite a lot.",,neutral,fru
Ses02F_script03_2,Ses02F_script03_2_M,"Hmm, I imagine you let him kiss you a good deal more then.",,positive,fru
Ses02F_script03_2,Ses02F_script03_2_F,Mind your own business.,fru,negative,fru
Ses02F_script03_2,Ses02F_script03_2_M,"Oh, must have had a riotous time. No restraint at all. Very enjoyable and never had much anyhow.",,positive,fru
Ses02F_script03_2,Ses02F_script03_2_F,You're quite insufferable,ang,negative,ang
Ses02F_script03_2,Ses02F_script03_2_F,I expect it's because you're drunk.,fru,negative,fru
Ses02F_script03_2,Ses02F_script03_2_M,I'm not in the least drunk.,ang,negative,ang
Ses02F_script03_2,Ses02F_script03_2_F,You've always had a weak head.,,neutral,fru
Ses02F_script03_2,Ses02F_script03_2_M,"As I mentioned before, I have had three minute liquor glasses of brandy the whole evening long. A child of two couldn't get drunk on that.",fru,negative,fru
Ses02F_script03_2,Ses02F_script03_2_F,"On the contrary, a child of two could get violently drunk on only one glass of brandy.",fru,negative,fru
Ses02F_script03_2,Ses02F_script03_2_M,"Oh, very interesting. How about a child of four? A child of six? Or a child of nine?",fru,negative,fru
Ses02F_script03_2,Ses02F_script03_2_F,Shut up.,ang,negative,ang
Ses02F_script03_2,Ses02F_script03_2_M,"We could get a good debate going about this, don't you think? Intemperate tots.",ang,negative,ang
Ses02F_script03_2,Ses02F_script03_2_F,"Not very funny, dear. You'd better have some more brandy.",fru,negative,fru
Ses02F_script03_2,Ses02F_script03_2_M,All right. I will.,,neutral,ang
Ses02F_script03_2,Ses02F_script03_2_M,"You better turn that off, I think.",,neutral,ang
Ses02F_script03_2,Ses02F_script03_2_F,Why?,ang,negative,ang
Ses02F_script03_2,Ses02F_script03_2_M,Because it's late and it'll annoy the people upstairs.,fru,negative,fru
Ses02F_script03_2,Ses02F_script03_2_F,There aren't any people upstairs. It's a photographer's studio.,fru,negative,fru
Ses02F_script03_2,Ses02F_script03_2_M,There are people downstairs I suppose?,fru,negative,fru
Ses02F_script03_2,Ses02F_script03_2_F,They're away in Tunis.,,neutral,fru
Ses02F_script03_2,Ses02F_script03_2_M,This is no time of the year for Tunis.,fru,negative,fru
Ses02F_script03_2,Ses02F_script03_2_F,"Turn it on again, please.",ang,negative,ang
Ses02F_script03_2,Ses02F_script03_2_M,I'll do no such thing.,ang,negative,ang
Ses02F_script03_2,Ses02F_script03_2_F,"Very well, if you insist on being boorish and idiotic.",ang,negative,ang
Ses02F_script03_2,Ses02F_script03_2_M,Turn it off. It's driving me mad.,ang,negative,ang
Ses02F_script03_2,Ses02F_script03_2_F,You are far too temperamental. Try to control yourself.,ang,negative,ang
Ses02F_script03_2,Ses02F_script03_2_M,Turn it off.,ang,negative,ang
Ses02F_script03_2,Ses02F_script03_2_F,Stop it. Go away. I hate you.,ang,negative,ang
Ses02F_script03_2,Ses02F_script03_2_M,"Amanda, listen. listen",ang,negative,ang
Ses02F_script03_2,Ses02F_script03_2_F,"Listen? Listen, indeed. I am sick and tired of listening to you, damn sadistic bully.",ang,negative,ang
Ses02F_script03_2,Ses02F_script03_2_M,"Very amusing, indeed.",fru,negative,fru
Ses02F_script03_2,Ses02F_script03_2_F,"I hate you. Stop it. Stop it. I hate you, do you hear? You're conceited and overbearing and utterly impossible.",ang,negative,ang
Ses02F_script03_2,Ses02F_script03_2_M,"You're a vile, tempered, loose living, wicked little beast and I hope to never see you again as long as I live.",ang,negative,ang
Ses02F_script03_2,Ses02F_script03_2_F,This is the end. Finally and forever. Do you hear me? The end.,ang,negative,ang
Ses02F_script03_2,Ses02F_script03_2_M,You're not going like this.,ang,negative,ang
Ses02F_script03_2,Ses02F_script03_2_F,"Oh Yes, I am.",ang,negative,ang
Ses02F_script03_2,Ses02F_script03_2_M,You're not.,ang,negative,ang
Ses02F_script03_2,Ses02F_script03_2_F,I am. Let go of me. You're a cruel fiend and I hate and loathe you.,ang,negative,ang
Ses02F_script03_2,Ses02F_script03_2_M,Shut up. Shut up.,ang,negative,ang
Ses02F_script03_2,Ses02F_script03_2_M,I wouldn't-- I wouldn't marry--,ang,negative,ang
Ses02F_script03_2,Ses02F_script03_2_M,I wouldn't marry you if you came in crawling on your knees,ang,negative,ang
Ses02F_script03_2,Ses02F_script03_2_F,Thank God I realized what you are-- I'd never marry you again ever in my life. You're a cruel fiend and I hate you. You're a beast. You're a beast--I hate you. Stop it. Stop it.,ang,negative,ang
Ses02F_script03_2,Ses02F_script03_2_M,You're a evil vampire and I hope to God I never see you again as long as I live.,ang,negative,ang
Ses02M_impro01,Ses02M_impro01_M,All right. Finally. Here you go.,fru,negative,fru
Ses02M_impro01,Ses02M_impro01_F,"Hi, How can I help you?",neu,neutral,neu
Ses02M_impro01,Ses02M_impro01_M,"Yea. I just want to get this done,",neu,neutral,neu
Ses02M_impro01,Ses02M_impro01_F,"Sure, um",neu,neutral,neu
Ses02M_impro01,Ses02M_impro01_M,get my new license.,neu,neutral,neu
Ses02M_impro01,Ses02M_impro01_F,do you have two forms of ID with you?,neu,neutral,neu
Ses02M_impro01,Ses02M_impro01_M,"Um, no, I got my driver's license though.",neu,neutral,neu
Ses02M_impro01,Ses02M_impro01_F,"I actually need two forms of ID. I need either a passport or a birth certificate, or social security card. I'm sorry.",neu,neutral,neu
Ses02M_impro01,Ses02M_impro01_M,"Uh, sorry, I forgot them. I mean I've got to -",neu,neutral,neu
Ses02M_impro01,Ses02M_impro01_F,Well,neu,neutral,neu
Ses02M_impro01,Ses02M_impro01_M,well is the dri-driver's license going to work?,neu,neutral,neu
Ses02M_impro01,Ses02M_impro01_F,I- I can take your driver's license but I need another form of ID in order to process this paper work.,neu,neutral,neu
Ses02M_impro01,Ses02M_impro01_M,"Okay, so what are you saying? What-",fru,negative,fru
Ses02M_impro01,Ses02M_impro01_F,"Um, that you would need to go home and get another form of ID and come back.",neu,neutral,neu
Ses02M_impro01,Ses02M_impro01_M,"What? I- You telling me I waited in that huge line to go and sit down and get my number called, like after",ang,negative,ang
Ses02M_impro01,Ses02M_impro01_F,"Well, I'm sorry sir but",fru,negative,fru
Ses02M_impro01,Ses02M_impro01_M,three hours and,ang,negative,ang
Ses02M_impro01,Ses02M_impro01_F,you need to bring two forms of ID there is nothing we can do about it.,fru,negative,fru
Ses02M_impro01,Ses02M_impro01_M,Shouldn't they have like told us about that? I mean why - why would they make me go and wait three hours if I have got to go and do it again?,ang,negative,ang
Ses02M_impro01,Ses02M_impro01_F,"Well, it's actually-",fru,negative,fru
Ses02M_impro01,Ses02M_impro01_F,"It's standard that you bring a couple of forms of ID, I'm sorry.",fru,negative,fru
Ses02M_impro01,Ses02M_impro01_M,"It's standard? I mean I don't work at the D.M.V. how am I supposed to know that, like, I stand in line, I get my",ang,negative,ang
Ses02M_impro01,Ses02M_impro01_F,"Well, I'm sorry, sir, but we're not responsible.",fru,negative,fru
Ses02M_impro01,Ses02M_impro01_M,"I filled out the application right, didn't I?",ang,negative,ang
Ses02M_impro01,Ses02M_impro01_F,"Yes, you did, thank you very much, but we're not responsible if you've forgotten something, and we need to have two forms of ID.",fru,negative,fru
Ses02M_impro01,Ses02M_impro01_M,Okay. What about - no -- how about you hold that and I'll - I'll go and I can come back-,fru,negative,fru
Ses02M_impro01,Ses02M_impro01_F,"I'm sorry, but there is a lot of people waiting so you're just going to have to get in line again.",fru,negative,fru
Ses02M_impro01,Ses02M_impro01_M,I've been waiting for three hours.,fru,negative,fru
Ses02M_impro01,Ses02M_impro01_F,"It just happens to people all the time, I'm sorry sir, but I can't make an exception for you.",fru,negative,fru
Ses02M_impro01,Ses02M_impro01_M,This is ridiculous. Come on,fru,negative,fru
Ses02M_impro01,Ses02M_impro01_F,"I'm sorry, sir.",neu,neutral,neu
Ses02M_impro01,Ses02M_impro01_M,"I cannot go back in that line. I've got stuff I need to do, I mean-",fru,negative,fru
Ses02M_impro01,Ses02M_impro01_F,there is nothing I can do.,neu,neutral,neu
Ses02M_impro01,Ses02M_impro01_M,"But my driver's license - I had to have my birth certificate to get my driver's license in the first place right, I mean this - here is my driver's license so",,neutral,fru
Ses02M_impro01,Ses02M_impro01_F,"I know sir, but we have to have two forms. There is nothing I can do about it, I'm sorry.",fru,negative,fru
Ses02M_impro01,Ses02M_impro01_M,That doesn't make any sense. Why?,fru,negative,fru
Ses02M_impro01,Ses02M_impro01_F,"I'm sorry, sir. There is nothing I can do.",fru,negative,fru
Ses02M_impro01,Ses02M_impro01_M,You- shouldn't you have like a sign or something maybe like up on the counter when you get the applica- maybe on the application,ang,negative,ang
Ses02M_impro01,Ses02M_impro01_F,"Well, if you had checked the web site it would have said.",fru,negative,fru
Ses02M_impro01,Ses02M_impro01_F,If you had checked the website it would have said that you needed two forms of identification.,fru,negative,fru
Ses02M_impro01,Ses02M_impro01_M,"What web- I didn't go to a website - why would I need to - it's the D.M.V.. You come to the D.M.V., you wait in line for three hours, and then you go home.",ang,negative,ang
Ses02M_impro01,Ses02M_impro01_F,"Well, maybe you should",fru,negative,fru
Ses02M_impro01,Ses02M_impro01_M,I waited in line now I'm ready to get my stuff and then go home.,fru,negative,fru
Ses02M_impro01,Ses02M_impro01_F,Right. So maybe you should go home now and get your paperwork and come back.,fru,negative,fru
Ses02M_impro01,Ses02M_impro01_F,"I'm sorry sir but there's a lot of people waiting. So if you won't move out of the way, then I'm going to have to call security.",fru,negative,fru
Ses02M_impro01,Ses02M_impro01_M,"God, oh my-",fru,negative,fru
Ses02M_impro01,Ses02M_impro01_M,This is ridiculous.,fru,negative,fru
Ses02M_impro01,Ses02M_impro01_F,"I'm sorry, sir, it's not my choice.",fru,negative,fru
Ses02M_impro02,Ses02M_impro02_F,I don't want you to go.,sad,negative,sad
Ses02M_impro02,Ses02M_impro02_M,"I know, I know. I don't want to go either baby. I love you know. And I'm going to miss you a lot.",sad,negative,sad
Ses02M_impro02,Ses02M_impro02_F,"I'm going to miss you too; I don't know what I'm going to do here without you. It's going to be so lonely, and so hard.",sad,negative,sad
Ses02M_impro02,Ses02M_impro02_F,I don't want to be a single mom.,sad,negative,sad
Ses02M_impro02,Ses02M_impro02_M,"You won't be. I'll be back; I'll be back before you know it. All right, and",sad,negative,sad
Ses02M_impro02,Ses02M_impro02_F,but,sad,negative,sad
Ses02M_impro02,Ses02M_impro02_M,and,sad,negative,sad
Ses02M_impro02,Ses02M_impro02_F,It's dangerous; I mean how can you make sure that you'll,sad,negative,sad
Ses02M_impro02,Ses02M_impro02_M,"It's- It's dangerous anywhere, honey. I mean this is -this- I'm just going to go and we'll get it over with,",fru,negative,fru
Ses02M_impro02,Ses02M_impro02_M,"I'll come back we'll have, you know, some good benefits from being in the service and then we'll live - we'll live a happy life, then the rest of us, like the three of us.",,positive,sad
Ses02M_impro02,Ses02M_impro02_F,I hope so.,sad,negative,sad
Ses02M_impro02,Ses02M_impro02_M,A little family.,,neutral,sad
Ses02M_impro02,Ses02M_impro02_F,I hope so.,sad,negative,sad
Ses02M_impro02,Ses02M_impro02_M,You gotta,,neutral,sad
Ses02M_impro02,Ses02M_impro02_F,It's going to be really rough.,sad,negative,sad
Ses02M_impro02,Ses02M_impro02_M,"You gotta take care of our baby for me, alright?",sad,negative,sad
Ses02M_impro02,Ses02M_impro02_F,I'll send you lots of pictures.,sad,negative,sad
Ses02M_impro02,Ses02M_impro02_M,"I hope so, because I'm not going to be able to survive without all that. I don't know what I'm going to do.",sad,negative,sad
Ses02M_impro02,Ses02M_impro02_M,I've never been - I've never been away from you for two weeks let alone a year.,sad,negative,sad
Ses02M_impro02,Ses02M_impro02_F,"Well, just promise me that you going to be safe.",sad,negative,sad
Ses02M_impro02,Ses02M_impro02_F,"I mean can't they put you in like, you know kitchen work or something where you won't get",sad,negative,sad
Ses02M_impro02,Ses02M_impro02_M,"No, it doesn't work that way",,neutral,sad
Ses02M_impro02,Ses02M_impro02_M,"but, I mean, I'm going to do whatever I can and get back here as fast as I can.",,negative,sad
Ses02M_impro02,Ses02M_impro02_F,It doesn't make any sense; I don't know why we have to be at war in the first place.,fru,negative,fru
Ses02M_impro02,Ses02M_impro02_M,"I know, but it's not our decision, I guess, you know, I mean",,neutral,sad
Ses02M_impro02,Ses02M_impro02_M,there's people that thought it was the right thing to do so now we have to- we have to do what we have to do for our country,sad,negative,sad
Ses02M_impro02,Ses02M_impro02_M,"and it'll work out you know, go there and do that. Yeah, I'll be back",neu,neutral,neu
Ses02M_impro02,Ses02M_impro02_F,"Will you write me letters, paper ones?",sad,negative,sad
Ses02M_impro02,Ses02M_impro02_M,"Yeah, of course. I don't know if we'll have computers or anything like that you know, so probably my only option then.",,neutral,sad
Ses02M_impro02,Ses02M_impro02_M,"Yeah, I'll write you every day 'cause you're the only thing that's going to be on my mind.",,neutral,sad
Ses02M_impro02,Ses02M_impro02_F,"Our baby needs a dad; you can't leave. Okay, you can't disappear.",sad,negative,sad
Ses02M_impro02,Ses02M_impro02_M,"Our baby has a dad, alright. Daddy is going to be back soon.",sad,negative,sad
Ses02M_impro02,Ses02M_impro02_M,"I want you to, you know, take lots of video; pictures and I can see you when I get back or while I'm there. I'm going to miss you.",sad,negative,sad
Ses02M_impro02,Ses02M_impro02_F,I'll miss you too.,sad,negative,sad
Ses02M_impro03,Ses02M_impro03_M,"Oh, you're never going to believe it.",exc,positive,exc
Ses02M_impro03,Ses02M_impro03_F,What? What? You look really happy what's going on?,exc,positive,exc
Ses02M_impro03,Ses02M_impro03_M,"Well, I finally did it",exc,positive,exc
Ses02M_impro03,Ses02M_impro03_F,Finally did what?,exc,positive,exc
Ses02M_impro03,Ses02M_impro03_M,I-I asked her to marry me.,,neutral,exc
Ses02M_impro03,Ses02M_impro03_F,"You did? Oh, my Gosh, I'm so proud of you.",,neutral,exc
Ses02M_impro03,Ses02M_impro03_M,"Yes, I know. [LAUGHTER]",,neutral,exc
Ses02M_impro03,Ses02M_impro03_F,"Oh, my Gosh. Well, and did",exc,positive,exc
Ses02M_impro03,Ses02M_impro03_M,"I'm so nervous you know, I'm-",,neutral,exc
Ses02M_impro03,Ses02M_impro03_F,Did she say yes?,exc,positive,exc
Ses02M_impro03,Ses02M_impro03_M,"Yes, she said yes. [LAUGHTER] I know",exc,positive,exc
Ses02M_impro03,Ses02M_impro03_F,That's like the most definitive.,exc,positive,exc
Ses02M_impro03,Ses02M_impro03_M,I know Uhm- I can't believe it. It's like-,,neutral,exc
Ses02M_impro03,Ses02M_impro03_F,"Oh, my gosh, wait so when did you decide to do this, I mean,",,neutral,exc
Ses02M_impro03,Ses02M_impro03_F,I would have thought you would have told me that you were planning on doing this.,exc,positive,exc
Ses02M_impro03,Ses02M_impro03_M,"Well, yes, I wanted it you know I guess sort of as a surprise for everyone so",,neutral,exc
Ses02M_impro03,Ses02M_impro03_F,"Yea, I guess so. Oh, my Gosh. Was she surprised?",exc,positive,exc
Ses02M_impro03,Ses02M_impro03_M,"Yes, yes. You know, she - she was like - I mean, she was happy, you know",exc,positive,exc
Ses02M_impro03,Ses02M_impro03_F,Yeah.,,neutral,exc
Ses02M_impro03,Ses02M_impro03_M,"I - I think it was about time, I don't know, maybe. You know what, it's been it's been long enough now.",exc,positive,exc
Ses02M_impro03,Ses02M_impro03_F,So what did you do?,,neutral,exc
Ses02M_impro03,Ses02M_impro03_M,"Oh, well, it was -- you know, we were at this- at this concert and yeah",hap,positive,hap
Ses02M_impro03,Ses02M_impro03_M,so I-I talked to some of the crew before hand and-,hap,positive,hap
Ses02M_impro03,Ses02M_impro03_F,"Oh, You did not.",exc,positive,exc
Ses02M_impro03,Ses02M_impro03_M,I-I did.,hap,positive,hap
Ses02M_impro03,Ses02M_impro03_F,"Oh, my Gosh. that's so cute",exc,positive,exc
Ses02M_impro03,Ses02M_impro03_M,"So I got the band to do something, you know, like towards the end of the song I got to go up on stage and, uh",,neutral,exc
Ses02M_impro03,Ses02M_impro03_F,"That's so romantic. Oh, my Gosh. She must have died. That's like one of those things you write into a magazine about like my boyfriend did this. Oh my God.",exc,positive,exc
Ses02M_impro03,Ses02M_impro03_M,"I know, so",hap,positive,hap
Ses02M_impro03,Ses02M_impro03_M,I got to freak her out.,hap,positive,hap
Ses02M_impro03,Ses02M_impro03_M,"No, yes -- so",exc,positive,exc
Ses02M_impro03,Ses02M_impro03_F,She must have flipped out.,exc,positive,exc
Ses02M_impro03,Ses02M_impro03_M,"Yea, that way she was guaranteed that she could not say no.",hap,positive,hap
Ses02M_impro03,Ses02M_impro03_F,Right exactly because you can't say no in front of thousands of people. [LAUGHTER],exc,positive,exc
Ses02M_impro03,Ses02M_impro03_M,"No, but it was good.",exc,positive,exc
Ses02M_impro03,Ses02M_impro03_F,Did you bring her up on stage too?,exc,positive,exc
Ses02M_impro03,Ses02M_impro03_M,"Yes, yes. [LAUGHTER]",exc,positive,exc
Ses02M_impro03,Ses02M_impro03_F,"Oh, my Gosh, that's so cute.",exc,positive,exc
Ses02M_impro03,Ses02M_impro03_M,"I know it was, I don't know I was really nervous but I'm really - I'm really glad.",exc,positive,exc
Ses02M_impro03,Ses02M_impro03_F,Are your parents excited or...?,exc,positive,exc
Ses02M_impro03,Ses02M_impro03_M,"Oh yes, they - they you know they love her and so I mean...",hap,positive,hap
Ses02M_impro03,Ses02M_impro03_F,"Yea, totally. So when is it going to happen?",,neutral,exc
Ses02M_impro03,Ses02M_impro03_M,"Well, we're thinking uh - we're thinking winter time, you know, we're going to do it in the winter and then maybe, you know, maybe",,neutral,exc
Ses02M_impro03,Ses02M_impro03_M,"I don't know either do a honeymoon like in the snow or fly down to like Australia, Southern Hemisphere, [GARBAGE] so we'll decide with that.",,neutral,exc
Ses02M_impro03,Ses02M_impro03_F,"Ooh, that would be fun.",exc,positive,exc
Ses02M_impro03,Ses02M_impro03_F,"Do you think you'll get a house or something, like you guys are looking to buy some place or",,neutral,exc
Ses02M_impro03,Ses02M_impro03_M,"Yea, yea, I'm not too sure where yet I guess you know, I kind of got to figure some stuff out here first",exc,positive,exc
Ses02M_impro03,Ses02M_impro03_F,Yeah. [LAUGHTER],,neutral,exc
Ses02M_impro03,Ses02M_impro03_M,but like you know it's just - I guess we're just excited right now that we'll get to continue it together.,,positive,exc
Ses02M_impro03,Ses02M_impro03_F,"Oh my Gosh. I cannot believe you're getting married, that is so cool.",exc,positive,exc
Ses02M_impro03,Ses02M_impro03_M,I know.,exc,positive,exc
Ses02M_impro03,Ses02M_impro03_F,"Golly, it just makes me all like romantic inside, like I really want that to happen to me. [LAUGHTER]",exc,positive,exc
Ses02M_impro03,Ses02M_impro03_M,"Oh, it will, obviously you know. But I know it's something - I don't know, you never really think about it happening, like before hand.",hap,positive,hap
Ses02M_impro03,Ses02M_impro03_F,Did you have a good ring? You better have had a good ring.,,positive,exc
Ses02M_impro03,Ses02M_impro03_M,"Sure. Oh, yes.",hap,positive,hap
Ses02M_impro03,Ses02M_impro03_F,Good. The ring makes all the difference.,,positive,hap
Ses02M_impro03,Ses02M_impro03_M,You know I had my mom come along maybe help me out a little bit because she's got good taste. but,,positive,exc
Ses02M_impro03,Ses02M_impro03_F,"Oh, that's awesome.",,positive,hap
Ses02M_impro03,Ses02M_impro03_M,"Yes, well, Thanks, thanks. Thank you. yeah",exc,positive,exc
Ses02M_impro03,Ses02M_impro03_F,"Yay, well congratulations, that's so cool. [BREATHING] I can't wait.",exc,positive,exc
Ses02M_impro03,Ses02M_impro03_M,Hah.,hap,positive,hap
Ses02M_impro04,Ses02M_impro04_M,"Uhm, I don't know",fru,negative,fru
Ses02M_impro04,Ses02M_impro04_F,So how you feeling?,neu,neutral,neu
Ses02M_impro04,Ses02M_impro04_M,I don't know what I'm going to do about this; I mean,fru,negative,fru
Ses02M_impro04,Ses02M_impro04_M,"I have got to get a job, you know? Like-",fru,negative,fru
Ses02M_impro04,Ses02M_impro04_F,"You've been doing a lot of work for it, right?",neu,neutral,neu
Ses02M_impro04,Ses02M_impro04_M,"Well, yea you know, I get my resumes and I mean I-",fru,negative,fru
Ses02M_impro04,Ses02M_impro04_F,"Right, so the fact you doing the best that you can is -",neu,neutral,neu
Ses02M_impro04,Ses02M_impro04_M,"I go out all the places I can, every place that'll give an interview you know.",fru,negative,fru
Ses02M_impro04,Ses02M_impro04_F,"you know you shouldn't give yourself a hard time for that, it's the best you can.",neu,neutral,neu
Ses02M_impro04,Ses02M_impro04_M,"But it's been so long, like what - what am I - what am I waiting -- I should probably just do something else, or",fru,negative,fru
Ses02M_impro04,Ses02M_impro04_F,"Well, but you care about what you do, right?",neu,neutral,neu
Ses02M_impro04,Ses02M_impro04_M,"I don't know, I mean why - why",fru,negative,fru
Ses02M_impro04,Ses02M_impro04_M,"Yea, but it's - it's almost like it's not worth it you know, if I'm going to waste to have my life like trying to get a job, I mean once I actually do get the job it's like oh, retirement or something. I don't know, you know.",fru,negative,fru
Ses02M_impro04,Ses02M_impro04_F,"I understand that it's so frustrating but I know that you're here because you really want it you know and, and uh",neu,neutral,neu
Ses02M_impro04,Ses02M_impro04_M,"Well, and that's what I begin to question after a while is maybe I just don't want it, maybe it's not even worth it, you know, like",,neutral,fru
Ses02M_impro04,Ses02M_impro04_M,"I don't even know if it's going to be worth it because I can't break myself in, you know like I can't - can't even get a foot in the door you know.",fru,negative,fru
Ses02M_impro04,Ses02M_impro04_F,"Well, I mean you're still here you've tried for this long so I think that says something all in itself.",neu,neutral,neu
Ses02M_impro04,Ses02M_impro04_M,"Yea, it says I'm stupid enough to be trying this long and not move on somewhere else.",fru,negative,fru
Ses02M_impro04,Ses02M_impro04_F,You are persistence. I mean that's important. that's,neu,neutral,neu
Ses02M_impro04,Ses02M_impro04_M,"I mean, I can't- I can't be persistent forever, you know, you can't not have a job forever, you know, I've got- I've got to do something, I've got to make money and get food on the table.",fru,negative,fru
Ses02M_impro04,Ses02M_impro04_F,"Well, you're talented so keep that in mind, you know, you shouldn't give yourself too hard of a time.",neu,neutral,neu
Ses02M_impro04,Ses02M_impro04_M,"I mean, maybe I'm not, you know. I don't have a job. Maybe - maybe I'm not as good as-as I thought I was and",fru,negative,fru
Ses02M_impro04,Ses02M_impro04_M,I just got a whole skewed opinion on just how this is supposed to work out and,fru,negative,fru
Ses02M_impro04,Ses02M_impro04_F,I'm sorry.,sad,negative,sad
Ses02M_impro04,Ses02M_impro04_M,"I don't know, it's just not, I don't know - I don't know what to do really, you know, I'm just thinking",sad,negative,sad
Ses02M_impro04,Ses02M_impro04_M,"maybe - maybe take up painting, I don't know, you know.",fru,negative,fru
Ses02M_impro04,Ses02M_impro04_M,"Do something that I don't have to go out and do something, stay at home, I don't know.",fru,negative,fru
Ses02M_impro04,Ses02M_impro04_M,Seems like the only option at this point because obviously the outer world has just rejected me of all possible employment.,fru,negative,fru
Ses02M_impro04,Ses02M_impro04_F,"That's- I mean. There are more factors then just whether you're good or not, you know what I mean like",neu,neutral,neu
Ses02M_impro04,Ses02M_impro04_F,"and the fact that you know there is always different types of things and what kind of people they want in the office and whether it's male or female or you know what I mean, like things are out of your control.",neu,neutral,neu
Ses02M_impro04,Ses02M_impro04_F,So you should take that in consideration rather than giving yourself such a hard time.,neu,neutral,neu
Ses02M_impro04,Ses02M_impro04_M,"I know, but I mean- if that's the - you know, I'm either like the worst at this or just the most unlucky person on the planet I mean this doesn't",fru,negative,fru
Ses02M_impro04,Ses02M_impro04_F,"It might be the latter I don't know because you're not the worst, I mean you're great, you very talented at what you do.",,positive,neu
Ses02M_impro04,Ses02M_impro04_M,this doesn't happen to a normal person.,ang,negative,ang
Ses02M_impro04,Ses02M_impro04_F,"You know and the fact you still here and still cooking, like it's good that you're thinking about it, that you're reconsidering.",neu,neutral,neu
Ses02M_impro04,Ses02M_impro04_F,"But like, just because you're considering why it's been so difficult doesn't mean you should just stop.",neu,neutral,neu
Ses02M_impro04,Ses02M_impro04_M,"I mean, I don't know, I don't see - I don't see any other way - any other way around it right now.",fru,negative,fru
Ses02M_impro04,Ses02M_impro04_F,"Maybe you should take a little break from it, but I don't think you should stop.",neu,neutral,neu
Ses02M_impro04,Ses02M_impro04_M,What am I going to do on a break?,,neutral,neu
Ses02M_impro04,Ses02M_impro04_F,"Get out of town or something, I mean you need - you need to clear your head 'cause you seem like you're really frustrated about it. I mean you need to like, be excited about you're doing, rather than, you know upset.",,positive,neu
Ses02M_impro04,Ses02M_impro04_M,Right. Thanks for talking to me.,sad,negative,sad
Ses02M_impro05,Ses02M_impro05_M,Hi. Um-,neu,neutral,neu
Ses02M_impro05,Ses02M_impro05_F,"Hi, can I help you?",neu,neutral,neu
Ses02M_impro05,Ses02M_impro05_M,It seems that uh- my-my bag didn't make it out on the carousel.,neu,neutral,neu
Ses02M_impro05,Ses02M_impro05_F,"Oh, did you check? Did you make sure as it went around the second time that it-",neu,neutral,neu
Ses02M_impro05,Ses02M_impro05_M,"Yes, yes, it's gone around like you know twenty times. It's been about a half hour.",neu,neutral,neu
Ses02M_impro05,Ses02M_impro05_F,"Okay. Well, um- the f.",neu,neutral,neu
Ses02M_impro05,Ses02M_impro05_F,"Actually I'm looking here at the information, the flight that you were on we had some trouble with some of the baggage, it looks like a few peoples' bags didn't make it through. Um, so-",neu,neutral,neu
Ses02M_impro05,Ses02M_impro05_M,Okay. So what-what do I have to get you know,neu,neutral,neu
Ses02M_impro05,Ses02M_impro05_F,"Well, you can fill out this paperwork um- and if for some reason it shows up, we can bring it to you, but-",neu,neutral,neu
Ses02M_impro05,Ses02M_impro05_M,"For some reason, so you think it won't show up?",,neutral,neu
Ses02M_impro05,Ses02M_impro05_F,"Well, sometimes it's just late baggage or misplaced baggage and it comes out but it seems to be here and just I'm reading off of this that",neu,neutral,neu
Ses02M_impro05,Ses02M_impro05_F,Uh- it didn't make it into the second plane so it looks like there - they don't actually know what happened to it.,neu,neutral,neu
Ses02M_impro05,Ses02M_impro05_M,What? What? How does that happen?,,neutral,neu
Ses02M_impro05,Ses02M_impro05_F,"Um, well, sometimes there is just difficulties with loading on to the plane. Uh- There can be a theft or uh- some sort of you know mishap with a cart or something.",neu,neutral,neu
Ses02M_impro05,Ses02M_impro05_M,I really - I really need that bag.,fru,negative,fru
Ses02M_impro05,Ses02M_impro05_F,"I- I- I understand, but um.",neu,neutral,neu
Ses02M_impro05,Ses02M_impro05_M,there are- I have important things in that bag. I've got,,neutral,neu
Ses02M_impro05,Ses02M_impro05_F,Okay,neu,neutral,neu
Ses02M_impro05,Ses02M_impro05_M,"I mean -- I've been away for a while and- and now I've- I've gifts for- for you know friends and family I mean, I got stuff in the there",fru,negative,fru
Ses02M_impro05,Ses02M_impro05_F,Right.,neu,neutral,neu
Ses02M_impro05,Ses02M_impro05_M,It's worth a lot.,,neutral,neu
Ses02M_impro05,Ses02M_impro05_F,"I understand that. Um- So I'm going to put down here that you looking for your baggage, but we actually can't, uh this bag is likely not going to show up so what we're going to do-",neu,neutral,neu
Ses02M_impro05,Ses02M_impro05_M,"Not going to show - well isn't like - wouldn't it just be at the airport, that, like, if it didn't get on the other plane",fru,negative,fru
Ses02M_impro05,Ses02M_impro05_M,can they check there?,fru,negative,fru
Ses02M_impro05,Ses02M_impro05_F,"Sometimes it gets stolen, sometimes it gets misplaced on another plane and",neu,neutral,neu
Ses02M_impro05,Ses02M_impro05_M,on another-,,neutral,neu
Ses02M_impro05,Ses02M_impro05_F,"they - they, it gets shipped to somewhere else and then it's stuck somewhere and then we have no way of tracking that.",neu,neutral,neu
Ses02M_impro05,Ses02M_impro05_F,So we'll- what we'll do,neu,neutral,neu
Ses02M_impro05,Ses02M_impro05_M,"But we have the tags on. I mean like it wouldn't you know, if it got stuck somewhere it's like well this is nobodies bag I mean maybe you know look on the tag and",ang,negative,ang
Ses02M_impro05,Ses02M_impro05_M,see where it came from originally. I mean it seems like-,fru,negative,fru
Ses02M_impro05,Ses02M_impro05_F,Right. Like I said sometimes a theft and things happen like that but we are willing to reim-reimburse you.,neu,neutral,neu
Ses02M_impro05,Ses02M_impro05_M,Theft?,,neutral,neu
Ses02M_impro05,Ses02M_impro05_F,"Um, so.",neu,neutral,neu
Ses02M_impro05,Ses02M_impro05_M,"Theft? Don't you know like all these people that are work - you keep like an eye on them, how can they get away with-",ang,negative,ang
Ses02M_impro05,Ses02M_impro05_F,"We have very tight security but we -uh- there are times when we just can't uh make sure there aren't absolutely no human error, you know",neu,neutral,neu
Ses02M_impro05,Ses02M_impro05_F,I'm sorry there is no guarantee on baggage.,neu,neutral,neu
Ses02M_impro05,Ses02M_impro05_M,This is unbelievable. I've got,fru,negative,fru
Ses02M_impro05,Ses02M_impro05_M,you don't realize the stuff that I've got in that - I really need to get the suitcase okay,ang,negative,ang
Ses02M_impro05,Ses02M_impro05_F,"I understand, so-",neu,neutral,neu
Ses02M_impro05,Ses02M_impro05_M,"so if it's back there or something, if there is something you can do",fru,negative,fru
Ses02M_impro05,Ses02M_impro05_M,"I need you to tell me because I really need to get the bag, okay?",fru,negative,fru
Ses02M_impro05,Ses02M_impro05_F,"all right, We've already checked back here for your baggage",neu,neutral,neu
Ses02M_impro05,Ses02M_impro05_F,and we will continue to look for it and because your paper-,neu,neutral,neu
Ses02M_impro05,Ses02M_impro05_M,You've already checked? Can you check again? [garbage],fru,negative,fru
Ses02M_impro05,Ses02M_impro05_F,"I've already looked, thank you very much and because we've filled out paperwork if it shows up we will send it to you but otherwise what we can do is reimburse you for fifty dollar.",fru,negative,fru
Ses02M_impro05,Ses02M_impro05_M,Fifty- fifty dollars? Come on you have got to be joking.,,neutral,fru
Ses02M_impro05,Ses02M_impro05_F,"Well, it's- it's just sort of help with the fact uh that you lost some of your possessions and we rather do that than-",neu,neutral,neu
Ses02M_impro05,Ses02M_impro05_M,"Uh huh, yea, lost some of my possessions, yes, so if I lost maybe a shoe that was in the suitcase and like a carry-on",fru,negative,fru
Ses02M_impro05,Ses02M_impro05_M,"that might be like fifty dollars okay, but this - I- [garbage] I had like thousands of dollars worth of stuff in that suitcase.",fru,negative,fru
Ses02M_impro05,Ses02M_impro05_F,The airline can't afford to give you everything that is in that suitcase. and so-,neu,neutral,neu
Ses02M_impro05,Ses02M_impro05_M,The a- what? Talking about a core they can't afford it? I mean-,ang,negative,ang
Ses02M_impro05,Ses02M_impro05_F,Well because lots of people get their baggage lost and we don't want to have false claims or anything like that so we have,neu,neutral,neu
Ses02M_impro05,Ses02M_impro05_F,"we can give you fifty dollar to sort of make up for it, to compensate, and we can definitely let you know if it shows up but likely, more than likely-",neu,neutral,neu
Ses02M_impro05,Ses02M_impro05_M,I mean you're not helping me here. What do I have to do here? Do I need to sue the airline company is that what I should do,ang,negative,ang
Ses02M_impro05,Ses02M_impro05_M,because this is ridiculous?,fru,negative,fru
Ses02M_impro05,Ses02M_impro05_F,I'm sorry. I don't- I-,,neutral,fru
Ses02M_impro05,Ses02M_impro05_F,I don't believe you should sue the airline company but we do have a policy uh- in which we can reimburse you and that's all we can do and I'm sorry I've done everything I can-,fru,negative,fru
Ses02M_impro05,Ses02M_impro05_M,All right. I'm sick- I'm sick of this all right. I'm sick of you and keep your fifty dollar.,fru,negative,fru
Ses02M_impro05,Ses02M_impro05_F,There's other people waiting-,fru,negative,fru
Ses02M_impro05,Ses02M_impro05_F,Fine.,,neutral,fru
Ses02M_impro06,Ses02M_impro06_F,What's going on?,,neutral,sad
Ses02M_impro06,Ses02M_impro06_M,Kathy died last night.,sad,negative,sad
Ses02M_impro06,Ses02M_impro06_F,"Oh my God. Oh my God, I'm so sorry.",,neutral,sad
Ses02M_impro06,Ses02M_impro06_M,"yeah, I mean, you know, it was a -",sad,negative,sad
Ses02M_impro06,Ses02M_impro06_M,"I guess we saw it coming and she lasted a lot - a lot longer than, uh, they expected but you know, I mean when it actually happens it's just a lot harder.",sad,negative,sad
Ses02M_impro06,Ses02M_impro06_F,"It doesn't make any easier, yes.",sad,negative,sad
Ses02M_impro06,Ses02M_impro06_M,"I mean at least she was home, she wasn't in the hospital anymore,",sad,negative,sad
Ses02M_impro06,Ses02M_impro06_F,"Oh, man. I'm so sorry.",sad,negative,sad
Ses02M_impro06,Ses02M_impro06_M,"She was with- yeah She was with Gary, and he said that she was just sitting there and went to sleep, closed her eyes, and that was it.",sad,negative,sad
Ses02M_impro06,Ses02M_impro06_F,"It's going to be so rough, I'm sorry.",sad,negative,sad
Ses02M_impro06,Ses02M_impro06_M,"Yes. I mean, it's not as rough on me as it is on him but",sad,negative,sad
Ses02M_impro06,Ses02M_impro06_M,"God, it's you know, we've spent so much time with them it's just really surreal, really weird that we're not going to be able to see her anymore and go",sad,negative,sad
Ses02M_impro06,Ses02M_impro06_F,Yeah.,sad,negative,sad
Ses02M_impro06,Ses02M_impro06_M,"out to- out to dinner you know and do the troops to California, I mean.",sad,negative,sad
Ses02M_impro06,Ses02M_impro06_F,Totally.,sad,negative,sad
Ses02M_impro06,Ses02M_impro06_M,"It's just that- I don't know, it's sort it's sort- of a weird thing you know",sad,negative,sad
Ses02M_impro06,Ses02M_impro06_F,Yeah,sad,negative,sad
Ses02M_impro06,Ses02M_impro06_M,"not being able to see anyone again, who knows where they really went, you know. I mean, I guess we can just hope that wherever they are now if it's anywhere that it's better I mean.",sad,negative,sad
Ses02M_impro06,Ses02M_impro06_F,"Yes. Well, at least you have a lot of good memories.",sad,negative,sad
Ses02M_impro06,Ses02M_impro06_M,She was [garbage],sad,negative,sad
Ses02M_impro06,Ses02M_impro06_F,"She really cared about you, you know.",sad,negative,sad
Ses02M_impro06,Ses02M_impro06_M,"Yes, I mean she cared about all of us. She was great",sad,negative,sad
Ses02M_impro06,Ses02M_impro06_M,so loving everybody you know.,sad,negative,sad
Ses02M_impro06,Ses02M_impro06_F,And she was,sad,negative,sad
Ses02M_impro06,Ses02M_impro06_M,"Gosh, I just hate I just hate to see her go.",sad,negative,sad
Ses02M_impro06,Ses02M_impro06_F,Yeah.,sad,negative,sad
Ses02M_impro06,Ses02M_impro06_M,We were all going take a trip to Europe you know.,sad,negative,sad
Ses02M_impro06,Ses02M_impro06_F,Even if you still do she'll- she'll be there.,sad,negative,sad
Ses02M_impro06,Ses02M_impro06_M,Yes. [BREATHING] God.,sad,negative,sad
Ses02M_impro06,Ses02M_impro06_F,Are you going to be okay?,sad,negative,sad
Ses02M_impro06,Ses02M_impro06_M,"I just -- I just don't get it, like there is just nothing you can do about it you know, it's like just out of your control and it",sad,negative,sad
Ses02M_impro06,Ses02M_impro06_M,"just makes it that much harder to deal 'cause as much as you want to, you know, make her better, see her not in any pain, it's like, just I don't know, just has a mind of its own.",sad,negative,sad
Ses02M_impro06,Ses02M_impro06_M,Then she's gone.,sad,negative,sad
Ses02M_impro06,Ses02M_impro06_F,"It's going to be okay, I promise.",sad,negative,sad
Ses02M_impro06,Ses02M_impro06_M,"Well, you know I appreciate you coming over and talking to me, I mean it definitely helps",sad,negative,sad
Ses02M_impro06,Ses02M_impro06_F,Sure,sad,negative,sad
Ses02M_impro06,Ses02M_impro06_M,to talk to somebody but,sad,negative,sad
Ses02M_impro06,Ses02M_impro06_F,you shouldn't be alone,sad,negative,sad
Ses02M_impro06,Ses02M_impro06_M,"It's just going to take a while, I think.",sad,negative,sad
Ses02M_impro06,Ses02M_impro06_F,Yes.,sad,negative,sad
Ses02M_impro06,Ses02M_impro06_M,Ah.,sad,negative,sad
Ses02M_impro06,Ses02M_impro06_M,Thank you.,sad,negative,sad
Ses02M_impro06,Ses02M_impro06_F,Yes.,sad,negative,sad
Ses02M_impro07,Ses02M_impro07_M,"[BREATHING] So, you know I've been hearing back from some colleges.",,neutral,exc
Ses02M_impro07,Ses02M_impro07_F,"Oh, yeah? Have you gotten letters yet?",exc,positive,exc
Ses02M_impro07,Ses02M_impro07_M,Yeah. And guess who accepted me?,,neutral,exc
Ses02M_impro07,Ses02M_impro07_F,"Um, I don't know, where?",exc,positive,exc
Ses02M_impro07,Ses02M_impro07_M,U.S.C..,exc,positive,exc
Ses02M_impro07,Ses02M_impro07_F,"Oh, U.S.C.? Oh my Gosh, that's awesome, that was your top choice, right?",,positive,exc
Ses02M_impro07,Ses02M_impro07_F,"Oh my Gosh, that's so cool.",exc,positive,exc
Ses02M_impro07,Ses02M_impro07_M,"Yeah, oh. I - You have no-",,neutral,exc
Ses02M_impro07,Ses02M_impro07_M,"God, I-I got this big packet you know, in the mail and it's like-",,neutral,exc
Ses02M_impro07,Ses02M_impro07_M,"yes, this is [LAUGHTER], it says U.S.C., like registrar, I mean like, I got-I got some like little letters before you know, it's like oh rejection",,neutral,exc
Ses02M_impro07,Ses02M_impro07_F,"[LAUGHTER] It's gotta be it, like-",exc,positive,exc
Ses02M_impro07,Ses02M_impro07_F,"Oh my Gosh, that's so cool.",exc,positive,exc
Ses02M_impro07,Ses02M_impro07_M,"but big packet, big packet is nice",exc,positive,exc
Ses02M_impro07,Ses02M_impro07_F,big packet is gotta be the real thing. yeah,exc,positive,exc
Ses02M_impro07,Ses02M_impro07_M,"So it's like, yes, rip it open and there it is big - oh, yes.",exc,positive,exc
Ses02M_impro07,Ses02M_impro07_F,"Oh my Gosh. I thought there was like, maybe going to be some, like I don't know if you are going to get in or not, so I'm really glad that you did.",exc,positive,exc
Ses02M_impro07,Ses02M_impro07_F,That's so cool.,exc,positive,exc
Ses02M_impro07,Ses02M_impro07_M,"Yeah. I know, I know.",exc,positive,exc
Ses02M_impro07,Ses02M_impro07_M,it was you know I wasn't too sure I mean you know it was kind of last minute for like the application,hap,positive,hap
Ses02M_impro07,Ses02M_impro07_M,and everything like but,hap,positive,hap
Ses02M_impro07,Ses02M_impro07_F,"Yeah, totally.",exc,positive,exc
Ses02M_impro07,Ses02M_impro07_M,"it was good, yeah. I mean-",hap,positive,hap
Ses02M_impro07,Ses02M_impro07_F,So you're going to be right here in Los Angeles; that is so cool.,exc,positive,exc
Ses02M_impro07,Ses02M_impro07_M,"I know, I know, yea. It'll be interesting you know, I've never -- I mean getting out of Vegas and everything but LA",,neutral,exc
Ses02M_impro07,Ses02M_impro07_M,I'm looking forward to it.,exc,positive,exc
Ses02M_impro07,Ses02M_impro07_F,So can we hang out?,exc,positive,exc
Ses02M_impro07,Ses02M_impro07_M,"Hey, yes, you know that's - that's what I'm coming for.",exc,positive,exc
Ses02M_impro07,Ses02M_impro07_F,Yay.,exc,positive,exc
Ses02M_impro07,Ses02M_impro07_M,You're half the reason I'm going. [LAUGHTER],exc,positive,exc
Ses02M_impro07,Ses02M_impro07_F,"Oh, yay. Thank you. [LAUGHTER].",exc,positive,exc
Ses02M_impro07,Ses02M_impro07_F,No but that's an awesome school. That's so cool.,hap,positive,hap
Ses02M_impro07,Ses02M_impro07_M,"I know ahh- yeah-, I'm definitely looking forward to it, and I mean they had a great football season last year",,positive,exc
Ses02M_impro07,Ses02M_impro07_F,"Oh, totally totally.",hap,positive,hap
Ses02M_impro07,Ses02M_impro07_M,"You know what I mean, I bet the home games, are just like nuts you know.",exc,positive,exc
Ses02M_impro07,Ses02M_impro07_F,you get to like be a part of that.,hap,positive,hap
Ses02M_impro07,Ses02M_impro07_F,"Like you get to be a part of that. Like the, like the- Like a cult.",hap,positive,hap
Ses02M_impro07,Ses02M_impro07_M,What?,exc,positive,exc
Ses02M_impro07,Ses02M_impro07_M,[LAUGHTER] I know. I mean part of-,exc,positive,exc
Ses02M_impro07,Ses02M_impro07_F,"[LAUGHTER] like a- like a- [LAUGHTER] No, but I mean like everywhere you go people know who you are.",hap,positive,hap
Ses02M_impro07,Ses02M_impro07_M,Yeah. Right. A cult. I'm looking forward to being in the cult.,exc,positive,exc
Ses02M_impro07,Ses02M_impro07_M,"Right I know, like you, it won't hurt, I mean national champions last year, wow, you know",exc,positive,exc
Ses02M_impro07,Ses02M_impro07_M,Maybe we'll do it again this year.,exc,positive,exc
Ses02M_impro07,Ses02M_impro07_F,So you know what you are going to do there?,hap,positive,hap
Ses02M_impro07,Ses02M_impro07_M,"What's that? ahh Well, you know I'm I'm thinking um I'm leaning towards like communications",hap,positive,hap
Ses02M_impro07,Ses02M_impro07_M,"I-I don't know. Kind of a broad,",hap,positive,hap
Ses02M_impro07,Ses02M_impro07_F,"Okay. They have a lot of good schools, right?",hap,positive,hap
Ses02M_impro07,Ses02M_impro07_M,"yeah, I mean a lot-a lot of good stuff oh, yeah, I mean it's- it's just a really good school; so really, whatever I pick I can't go wrong. I mean I'm just",hap,positive,hap
Ses02M_impro07,Ses02M_impro07_M,"I'm looking forward to getting there. I mean, God, the campus is cool, you know it's like all just very confined I mean just you know it's a college campus you know it's like",hap,positive,hap
Ses02M_impro07,Ses02M_impro07_F,"Yes, it's intimate.",hap,positive,hap
Ses02M_impro07,Ses02M_impro07_M,"It's college- oh my God it's college, [GARBAGE] so it's like crazy.",,neutral,hap
Ses02M_impro07,Ses02M_impro07_F,I know. It's so cool.,exc,positive,exc
Ses02M_impro07,Ses02M_impro07_M,"Oh man. So, I don't know you know, we'll see - we'll see how it goes and, yeah, I'm looking forward to it",,neutral,hap
Ses02M_impro07,Ses02M_impro07_F,"Fair for you, Wow, oh my Gosh.",exc,positive,exc
Ses02M_impro07,Ses02M_impro07_M,I mean you got to - you got to show me the ropes 'cause I've never been there before so I mean you know your way around already and- [LAUGHTER],exc,positive,exc
Ses02M_impro07,Ses02M_impro07_F,I will do the best I can.,hap,positive,hap
Ses02M_impro07,Ses02M_impro07_F,"Well, there are all kinds of awesome secrets so you'll really enjoy it. It's really great. I'm so glad.",exc,positive,exc
Ses02M_impro07,Ses02M_impro07_M,"Oh, alright.",hap,positive,hap
Ses02M_impro07,Ses02M_impro07_M,"I'm-I'm looking forward to that. [BREATHING] man, So yeah, I think I'm going to come out a little early so I mean I'll give you a call and we'll definitely-",exc,positive,exc
Ses02M_impro07,Ses02M_impro07_F,Yay,exc,positive,exc
Ses02M_impro07,Ses02M_impro07_F,"Okay. Yes, totally come visit",exc,positive,exc
Ses02M_impro07,Ses02M_impro07_F,"and we'll explore and you going to have such a good time, you're going to fit in so well, it's going to be awesome",hap,positive,hap
Ses02M_impro07,Ses02M_impro07_M,"[LAUGHTER] Thanks, yes, thanks, yes That'll be cool.",exc,positive,exc
Ses02M_impro07,Ses02M_impro07_F,So Congratulations. That's awesome.,hap,positive,hap
Ses02M_impro08,Ses02M_impro08_M,All right. Customer service this is Steve.,neu,neutral,neu
Ses02M_impro08,Ses02M_impro08_F,"Hi. Thank you so much, you're a real person, right, you're not like a recording?",exc,positive,exc
Ses02M_impro08,Ses02M_impro08_M,"I'm a real person, yes.",,neutral,exc
Ses02M_impro08,Ses02M_impro08_F,"Okay. Before I get into it, um your menu or whatever like where you choose the different thing depending on the-",exc,positive,exc
Ses02M_impro08,Ses02M_impro08_F,"it leads you around in circles, you can't, there is no way to like get to a real person if you don't already know how to get to there.",exc,positive,exc
Ses02M_impro08,Ses02M_impro08_M,"Right. No, yes I know. It is-It is a little frustrating.",neu,neutral,neu
Ses02M_impro08,Ses02M_impro08_F,"So is there any way to like bypass that because that is so, like I've been going around in circles",fru,negative,fru
Ses02M_impro08,Ses02M_impro08_F,"like press nine, press zero, press back to the menu, like I can't get through to what I'm supposed to get through to.",fru,negative,fru
Ses02M_impro08,Ses02M_impro08_M,"I- I'll give you a little hint, next time if it asks if you're on a rotary phone you know, just stay on the line instead of - instead of hitting one or two to say if you're like on a touch tone",neu,neutral,neu
Ses02M_impro08,Ses02M_impro08_M,"pretend like your on a rotary phone, goes straight through to a person.",neu,neutral,neu
Ses02M_impro08,Ses02M_impro08_F,"Okay. Oh, that would just make it so much better, 'cause I cannot handle it's just like oh, my God I can't sit here any longer and talk to this lady with this pleasant voice.",fru,negative,fru
Ses02M_impro08,Ses02M_impro08_M,I know they don't tell you that kind of thing.,neu,neutral,neu
Ses02M_impro08,Ses02M_impro08_F,"Sorry. Okay. Um-, yes",neu,neutral,neu
Ses02M_impro08,Ses02M_impro08_M,Alright. Well you got me now.,,neutral,neu
Ses02M_impro08,Ses02M_impro08_F,"Thank you very much. Um So I have a charge on my credit card that, um, isn't mine.",neu,neutral,neu
Ses02M_impro08,Ses02M_impro08_F,"Uh, I don't know where it came from and it's actually quite large, and I don't have the money for it so",neu,neutral,neu
Ses02M_impro08,Ses02M_impro08_F,it really freaks me out when I got my bill because it was like I don't -- I didn't spend this. This is not my charge.,fru,negative,fru
Ses02M_impro08,Ses02M_impro08_M,"Yea. All right. Well, let me-let me look it up here for a second. Uh, so i think",neu,neutral,neu
Ses02M_impro08,Ses02M_impro08_F,"Okay, it was um- at the [GARBAGE] sorry, it was at a department store, I think it was Macy's or something",neu,neutral,neu
Ses02M_impro08,Ses02M_impro08_M,"Okay, Alright, yeah. I- I see it on here.",neu,neutral,neu
Ses02M_impro08,Ses02M_impro08_F,"and it was like something like eight hundred dollars. I don't remember. It was just a lot and I have thing in front of me right now, but-",fru,negative,fru
Ses02M_impro08,Ses02M_impro08_M,"All right. Well, you know that's, that's what we have all of our protection plans for and everything like that so I mean it's",neu,neutral,neu
Ses02M_impro08,Ses02M_impro08_F,Okay. So is there something I can do to get rid of it?,,neutral,neu
Ses02M_impro08,Ses02M_impro08_M,it- it'll work out fine.,neu,neutral,neu
Ses02M_impro08,Ses02M_impro08_M,"Yes, we'll get- we'll get rid of it right now. I mean just we're going to have to have you, um, submit something you know, we're going to have to have you mail something in for us, okay.",neu,neutral,neu
Ses02M_impro08,Ses02M_impro08_M,"So- So you can um find that application. You have the Internet, you can go to our website.",neu,neutral,neu
Ses02M_impro08,Ses02M_impro08_F,"Oh I can get the form right now? Oh, that'll be so much better. Okay.",,neutral,neu
Ses02M_impro08,Ses02M_impro08_M,Yeah. Yeah. You get the form right now. and- yeah,neu,neutral,neu
Ses02M_impro08,Ses02M_impro08_M,"We could mail it to you as well, but-",neu,neutral,neu
Ses02M_impro08,Ses02M_impro08_F,-But online is faster I can do that.,,neutral,neu
Ses02M_impro08,Ses02M_impro08_M,"Right. You can go online, print it out, and just fill out the form and um- send it to us um- you know, regarding the grievance and-",neu,neutral,neu
Ses02M_impro08,Ses02M_impro08_M,and it'll get taken off um- no problem you know,neu,neutral,neu
Ses02M_impro08,Ses02M_impro08_F,Okay.,,neutral,neu
Ses02M_impro08,Ses02M_impro08_F,'Cause I-I just don't know how someone could have gotten my charge information,fru,negative,fru
Ses02M_impro08,Ses02M_impro08_F,I mean I still have my card.,,neutral,neu
Ses02M_impro08,Ses02M_impro08_M,Right. I mean we might,neu,neutral,neu
Ses02M_impro08,Ses02M_impro08_M,Okay.,neu,neutral,neu
Ses02M_impro08,Ses02M_impro08_F,So is there any- I mean what if they spend something again?,,neutral,neu
Ses02M_impro08,Ses02M_impro08_M,"Uh, I mean have you been shopping around on the Internet and stuff? I mean that you gave-",neu,neutral,neu
Ses02M_impro08,Ses02M_impro08_F,I did buy one thing on ebay I don't know that might-,neu,neutral,neu
Ses02M_impro08,Ses02M_impro08_M,"Uh-ha, I mean usually sites are pretty well protected but sometimes I mean information gets out, so",neu,neutral,neu
Ses02M_impro08,Ses02M_impro08_M,so it is a little a little hard in that situation if you want -- you know you can -um- we can- we can issue another credit card.,neu,neutral,neu
Ses02M_impro08,Ses02M_impro08_F,"Oh, really?",,neutral,neu
Ses02M_impro08,Ses02M_impro08_M,"Yeah, yeah. Maybe we'll, uh-",neu,neutral,neu
Ses02M_impro08,Ses02M_impro08_F,"Oh that'll be great 'cause I could just get a new number, would that be okay because that way I don't have to worry about it happening again?",,positive,neu
Ses02M_impro08,Ses02M_impro08_M,it's a different number and everything,neu,neutral,neu
Ses02M_impro08,Ses02M_impro08_M,Yeah. yeah.,neu,neutral,neu
Ses02M_impro08,Ses02M_impro08_M,"Yes, um but for- for that- for that charge we will need you to send something in but we can get you processed immediately for this, for this, for this new card. It still goes to the same address, right?",neu,neutral,neu
Ses02M_impro08,Ses02M_impro08_F,"Yes, absolutely.",,neutral,neu
Ses02M_impro08,Ses02M_impro08_M,Okay. All right. Then we'll get it sent out there. And,neu,neutral,neu
Ses02M_impro08,Ses02M_impro08_F,Great.,hap,positive,hap
Ses02M_impro08,Ses02M_impro08_M,And you know just I mean be careful in the future if um,neu,neutral,neu
Ses02M_impro08,Ses02M_impro08_F,Yeah.,hap,positive,hap
Ses02M_impro08,Ses02M_impro08_M,if you're ever online or anything like that I mean just make sure it's a secure site and,neu,neutral,neu
Ses02M_impro08,Ses02M_impro08_M,"and never you know, give it to anyone out, never even give out your number to any like unreliable company that you haven't heard of or anything like that, all right? Because, um, we want to- we definitely want to help you out, but-",neu,neutral,neu
Ses02M_impro08,Ses02M_impro08_F,"Right, right.",neu,neutral,neu
Ses02M_impro08,Ses02M_impro08_F,"Okay, great.",neu,neutral,neu
Ses02M_impro08,Ses02M_impro08_F,"Yeah, totally.",neu,neutral,neu
Ses02M_impro08,Ses02M_impro08_M,you know it gets- it gets difficult you know so Alright.,neu,neutral,neu
Ses02M_impro08,Ses02M_impro08_F,Well thank you so much. You've been very helpful. I really appreciate it.,hap,positive,hap
Ses02M_impro08,Ses02M_impro08_M,"Alright Yes, I'm sorry for all the inconvenience but we'll get it taken care of.",neu,neutral,neu
Ses02M_impro08,Ses02M_impro08_F,[BREATHING] Thank you.,,neutral,neu
Ses02M_impro08,Ses02M_impro08_F,Thank you very much bye.,hap,positive,hap
Ses02M_script01_1,Ses02M_script01_1_F,"What's he going to say, maybe we ought to tell him before he sees it.",,neutral,neu
Ses02M_script01_1,Ses02M_script01_1_M,He saw it.,,neutral,neu
Ses02M_script01_1,Ses02M_script01_1_F,How could he see it? I was the first one up he was still in bed.,,neutral,neu
Ses02M_script01_1,Ses02M_script01_1_M,He was out here when it broke.,,neutral,neu
Ses02M_script01_1,Ses02M_script01_1_F,When?,,neutral,neu
Ses02M_script01_1,Ses02M_script01_1_M,About four this morning. I heard it cracking and I woke up and looked out. He was standing right here when it cracked.,,neutral,neu
Ses02M_script01_1,Ses02M_script01_1_F,What was he doing out here at four in the morning?,,neutral,neu
Ses02M_script01_1,Ses02M_script01_1_M,I don't know. When it cracked he ran into the house and cried in the kitchen.,sad,negative,sad
Ses02M_script01_1,Ses02M_script01_1_F,So you talked to him?,,neutral,sad
Ses02M_script01_1,Ses02M_script01_1_M,No. I figured it was best to leave him alone.,sad,negative,sad
Ses02M_script01_1,Ses02M_script01_1_F,He cried hard?,,neutral,sad
Ses02M_script01_1,Ses02M_script01_1_M,I could hear him right through the floor in my room.,sad,negative,sad
Ses02M_script01_1,Ses02M_script01_1_F,"What was he doing out here at that hour? He's dreaming about him again, he's walking around at night.",,neutral,sad
Ses02M_script01_1,Ses02M_script01_1_M,I guess he is.,,neutral,sad
Ses02M_script01_1,Ses02M_script01_1_F,He's getting just like after he died. What is the meaning of that?,,neutral,sad
Ses02M_script01_1,Ses02M_script01_1_M,"I don't know the meaning of it, but I know one thing mom, we've made a terrible mistake with dad.",,negative,sad
Ses02M_script01_1,Ses02M_script01_1_F,What?,,neutral,sad
Ses02M_script01_1,Ses02M_script01_1_M,Being dishonest with him. I mean that sort of thing always pays off and now it's paying off.,,neutral,sad
Ses02M_script01_1,Ses02M_script01_1_F,What do you mean dishonest?,,neutral,sad
Ses02M_script01_1,Ses02M_script01_1_M,You know that Larry is not coming back and I know it. Why do we allow him to go on thinking that we believe with him?,fru,negative,fru
Ses02M_script01_1,Ses02M_script01_1_F,"What do you want to do, argue with him?",fru,negative,fru
Ses02M_script01_1,Ses02M_script01_1_M,"No I don't want to argue with him, but it's about time he realized that nobody believes Larry is alive anymore.",fru,negative,fru
Ses02M_script01_1,Ses02M_script01_1_M,"Why -- why shouldn't he dream of him? Walk around, waiting for him at night I mean do we contradict him, do we say straight out that we don't have any hope anymore that we haven't had hope for years now?",fru,negative,fru
Ses02M_script01_1,Ses02M_script01_1_F,You can't say that to him.,fru,negative,fru
Ses02M_script01_1,Ses02M_script01_1_M,We've got to say it to him.,ang,negative,ang
Ses02M_script01_1,Ses02M_script01_1_F,"Can you prove it, how can you prove it?",fru,negative,fru
Ses02M_script01_1,Ses02M_script01_1_M,"For God sakes it's been three years, nobody comes back after three years, that's insane.",ang,negative,ang
Ses02M_script01_1,Ses02M_script01_1_F,To you it is and to me. You can talk yourself blue in the face but there is no body and no grave so where are you?,fru,negative,fru
Ses02M_script01_1,Ses02M_script01_1_M,Sit down mom; I want to talk to you.,,neutral,fru
Ses02M_script01_1,Ses02M_script01_1_F,"The trouble is the god damned newspapers, every month or so a boy turns up out of nowhere, so the next one is going to be Larry.",,neutral,fru
Ses02M_script01_1,Ses02M_script01_1_M,All right. All right. Listen to me.,fru,negative,fru
Ses02M_script01_1,Ses02M_script01_1_M,You know why I brought Annie here don't you?,neu,neutral,neu
Ses02M_script01_1,Ses02M_script01_1_M,You know.,neu,neutral,neu
Ses02M_script01_1,Ses02M_script01_1_F,I got an idea but what's the story?,neu,neutral,neu
Ses02M_script01_1,Ses02M_script01_1_M,I'm going to ask her to marry me.,neu,neutral,neu
Ses02M_script01_1,Ses02M_script01_1_F,"Well that's only your business, Chris.",,neutral,neu
Ses02M_script01_1,Ses02M_script01_1_M,No it's not only my business.,fru,negative,fru
Ses02M_script01_1,Ses02M_script01_1_F,What do you want me to do; you're old enough to know your own mind.,fru,negative,fru
Ses02M_script01_1,Ses02M_script01_1_M,So it's all right then I'll go ahead with it?,fru,negative,fru
Ses02M_script01_1,Ses02M_script01_1_F,"Well, you want to make sure that your father isn't-",neu,neutral,neu
Ses02M_script01_1,Ses02M_script01_1_M,See it isn't just my business-,ang,negative,ang
Ses02M_script01_1,Ses02M_script01_1_F,I'm just saying,fru,negative,fru
Ses02M_script01_1,Ses02M_script01_1_M,Sometimes you infuriate me you know that. Isn't it your business to if I tell dad and he throws a fit about it? You have such a talent for ignoring things.,,neutral,neu
Ses02M_script01_1,Ses02M_script01_1_F,I ignore what I got to ignore. The girl is Larry's girl.,,neutral,fru
Ses02M_script01_1,Ses02M_script01_1_M,She's not Larry's girl.,fru,negative,fru
Ses02M_script01_1,Ses02M_script01_1_F,From father's point of you he isn't dead and you have no right to take his girl.,neu,neutral,neu
Ses02M_script01_1,Ses02M_script01_1_F,"You can go on from there if you know where to go but I don't know where to go, see I don't know. So what can I do for you?",fru,negative,fru
Ses02M_script01_1,Ses02M_script01_1_M,"I don't know why but every time I reach out for something that I really want, I have to pull back 'cause someone else will suffer. My whole bloody life, time after time after time.",ang,negative,ang
Ses02M_script01_1,Ses02M_script01_1_F,You're a considerate fellow. There's nothing wrong with that.,neu,neutral,neu
Ses02M_script01_1,Ses02M_script01_1_M,To hell with that.,ang,negative,ang
Ses02M_script01_1,Ses02M_script01_1_F,Have you asked Annie yet?,fru,negative,fru
Ses02M_script01_1,Ses02M_script01_1_M,I wanted to get this settled first.,neu,neutral,neu
Ses02M_script01_1,Ses02M_script01_1_F,How do you know she'll marry you? Maybe she feels the same way your father does.,neu,neutral,neu
Ses02M_script01_1,Ses02M_script01_1_M,"Well, if she does then that's the end of it. From her letters I think she's forgotten him.",neu,neutral,neu
Ses02M_script01_1,Ses02M_script01_1_M,"I don't know, I'll find out. Then we'll trash it out with dad, right? Mom, don't avoid me.",sad,negative,sad
Ses02M_script01_1,Ses02M_script01_1_F,"Trouble is you don't see enough women, you never did.",ang,negative,ang
Ses02M_script01_1,Ses02M_script01_1_M,So what I'm not fast with women.,fru,negative,fru
Ses02M_script01_1,Ses02M_script01_1_F,I just don't see why it has to be Annie.,ang,negative,ang
Ses02M_script01_1,Ses02M_script01_1_M,Because it is.,fru,negative,fru
Ses02M_script01_1,Ses02M_script01_1_F,That's a good answer but it doesn't answer anything. I mean you haven't seen her since you went away to war it's five years.,fru,negative,fru
Ses02M_script01_1,Ses02M_script01_1_M,"I can't help it I know her best. I mean lived next door to her my whole life. These years when I think of a wife, I think of Annie.",fru,negative,fru
Ses02M_script01_1,Ses02M_script01_1_M,"What do you want, a diagram?",,neutral,fru
Ses02M_script01_1,Ses02M_script01_1_F,"I don't want a diagram. He thinks he's coming back. Chris, you marry this girl you're pronouncing him dead.",fru,negative,fru
Ses02M_script01_1,Ses02M_script01_1_F,"Do you know what's going to happen to your father because I don't, see?",fru,negative,fru
Ses02M_script01_1,Ses02M_script01_1_M,All right. All right. Mom.,,neutral,fru
Ses02M_script01_1,Ses02M_script01_1_F,Just give it some more thought.,,neutral,fru
Ses02M_script01_1,Ses02M_script01_1_M,"I've given it three years of thought. I thought that if I waited, dad would forget about Larry and we could have a regular wedding and everything happy.",,positive,fru
Ses02M_script01_1,Ses02M_script01_1_M,"If I can't do that here well, then I'll have to get out.",sad,negative,sad
Ses02M_script01_1,Ses02M_script01_1_F,What the hell is this?,ang,negative,ang
Ses02M_script01_1,Ses02M_script01_1_M,"I'll get out. I'll get married and go live some place else, maybe New York.",sad,negative,sad
Ses02M_script01_1,Ses02M_script01_1_F,"What the hell is this, are you crazy?",ang,negative,ang
Ses02M_script01_1,Ses02M_script01_1_M,"I've been a good son too long a good sucker, I'm through with it.",ang,negative,ang
Ses02M_script01_1,Ses02M_script01_1_F,What about the business? What is this?,ang,negative,ang
Ses02M_script01_1,Ses02M_script01_1_M,The business? The business doesn't inspire me.,ang,negative,ang
Ses02M_script01_1,Ses02M_script01_1_F,Must you be inspired?,ang,negative,ang
Ses02M_script01_1,Ses02M_script01_1_M,"Yes, I like it and hour a day. If I'm going to grub for money all day long, at least in the evening I want it beautiful.",ang,negative,ang
Ses02M_script01_1,Ses02M_script01_1_M,I want a family; I want kids; I want something I can give myself to. Annie is in the middle of that. Now where do I find it?,,neutral,ang
Ses02M_script01_1,Ses02M_script01_1_F,"Tell me, you'd leave the business?",ang,negative,ang
Ses02M_script01_1,Ses02M_script01_1_M,"Yes, on this I would.",sad,negative,sad
Ses02M_script01_1,Ses02M_script01_1_F,"Well, you don't want to think like that.",ang,negative,ang
Ses02M_script01_1,Ses02M_script01_1_M,Then help me stay here.,fru,negative,fru
Ses02M_script01_1,Ses02M_script01_1_F,"All right. But you don't want to be thinking like that 'cause otherwise what did we work for, I mean the whole thing is for you, Chris, the whole shooting match is for you.",,neutral,fru
Ses02M_script01_1,Ses02M_script01_1_M,I know I know mom. All right. Just help me stay here.,fru,negative,fru
Ses02M_script01_1,Ses02M_script01_1_F,Just don't go thinking that way.,fru,negative,fru
Ses02M_script01_1,Ses02M_script01_1_M,"Well, I am thinking that way.",fru,negative,fru
Ses02M_script01_1,Ses02M_script01_1_F,"I don't understand you, do I?",fru,negative,fru
Ses02M_script01_1,Ses02M_script01_1_M,"No, you don't. I'm a pretty tough guy.",,neutral,fru
Ses02M_script01_1,Ses02M_script01_1_F,"Yea, I can see that.",sad,negative,sad
Ses02M_script01_2,Ses02M_script01_2_F,Why did he invite her here?,ang,negative,ang
Ses02M_script01_2,Ses02M_script01_2_M,Why does that bother you?,,neutral,ang
Ses02M_script01_2,Ses02M_script01_2_F,She's been in New York three and half years why all of a sudden-,ang,negative,ang
Ses02M_script01_2,Ses02M_script01_2_M,"Well, maybe he just wanted to see her again.",neu,neutral,neu
Ses02M_script01_2,Ses02M_script01_2_F,Nobody comes seven hundred miles just to see.,ang,negative,ang
Ses02M_script01_2,Ses02M_script01_2_M,"What do you mean? He lived next door to the girl all his life, why wouldn't he want to see her again?",fru,negative,fru
Ses02M_script01_2,Ses02M_script01_2_M,"Don't look at me like that, he didn't tell me any more than he told you.",fru,negative,fru
Ses02M_script01_2,Ses02M_script01_2_F,He's not going to marry her.,ang,negative,ang
Ses02M_script01_2,Ses02M_script01_2_M,How do you know he's even thinking of it?,neu,neutral,neu
Ses02M_script01_2,Ses02M_script01_2_F,It's got that all about it.,,neutral,ang
Ses02M_script01_2,Ses02M_script01_2_M,"Well, so what?",neu,neutral,neu
Ses02M_script01_2,Ses02M_script01_2_F,What's going on here Joe?,ang,negative,ang
Ses02M_script01_2,Ses02M_script01_2_M,"All right. Now, listen kid-",,neutral,ang
Ses02M_script01_2,Ses02M_script01_2_F,-She's not his girl Joe; she knows she's not.,ang,negative,ang
Ses02M_script01_2,Ses02M_script01_2_M,You can't read her mind.,neu,neutral,neu
Ses02M_script01_2,Ses02M_script01_2_F,"Then why is she still single, I mean New York is full of men, why isn't she married? Probably a hundred people told her she's crazy but she's waited.",fru,negative,fru
Ses02M_script01_2,Ses02M_script01_2_M,How do you know why she has waited?,fru,negative,fru
Ses02M_script01_2,Ses02M_script01_2_F,"She knows what I know, that's why. She's faithful as a rock. In my worst moments I think of her waiting and I know again that I'm right.",fru,negative,fru
Ses02M_script01_2,Ses02M_script01_2_M,"Look it's a nice day, what are we arguing for?",fru,negative,fru
Ses02M_script01_2,Ses02M_script01_2_F,"Nobody in this house dares take her faith away Joe. Strangers might, but not his father, not his brother.",fru,negative,fru
Ses02M_script01_2,Ses02M_script01_2_M,What do you want me to do about it?,fru,negative,fru
Ses02M_script01_2,Ses02M_script01_2_F,"I want you to act like he's coming back, both of you. Don't you think I haven't noticed since he invited her, I won't stand for any nonsense",ang,negative,ang
Ses02M_script01_2,Ses02M_script01_2_M,But Kate,fru,negative,fru
Ses02M_script01_2,Ses02M_script01_2_F,"Because if he's not coming back, I'll kill myself. And laugh -- laugh at me but",fru,negative,fru
Ses02M_script01_2,Ses02M_script01_2_F,"why did that happen the very night she came back she sleeps in his room and suddenly his memorial breaks to pieces, just look at it, look.",,neutral,fru
Ses02M_script01_2,Ses02M_script01_2_M,Calm yourself.,fru,negative,fru
Ses02M_script01_2,Ses02M_script01_2_F,I need you to believe with me; I can't stand all alone.,sad,negative,sad
Ses02M_script01_2,Ses02M_script01_2_M,Calm yourself.,fru,negative,fru
Ses02M_script01_2,Ses02M_script01_2_F,"Even last week there was a man who showed up in Detroit missing longer than Larry, you read it yourself.",fru,negative,fru
Ses02M_script01_2,Ses02M_script01_2_M,All right. All right. Calm yourself.,fru,negative,fru
Ses02M_script01_2,Ses02M_script01_2_F,Just you above all need to believe.,fru,negative,fru
Ses02M_script01_2,Ses02M_script01_2_M,"Wait, why my above all?",,neutral,fru
Ses02M_script01_2,Ses02M_script01_2_F,Don't stop believing.,fru,negative,fru
Ses02M_script01_2,Ses02M_script01_2_M,"What does that mean, me above all?",ang,negative,ang
Ses02M_script01_2,Ses02M_script01_2_M,Look at you -- look at you shaking.,ang,negative,ang
Ses02M_script01_2,Ses02M_script01_2_F,I can't help it.,fru,negative,fru
Ses02M_script01_2,Ses02M_script01_2_M,"What have I got to hide? What the hell is the matter with you, Kate?",fru,negative,fru
Ses02M_script01_3,Ses02M_script01_3_F,You're the only one I know who loves his parents.,,positive,hap
Ses02M_script01_3,Ses02M_script01_3_M,"I know, it went out of style, didn't it?",hap,positive,hap
Ses02M_script01_3,Ses02M_script01_3_F,It's all right. It's a good thing.,hap,positive,hap
Ses02M_script01_3,Ses02M_script01_3_F,"You know, it's lovely here, the air is sweet.",hap,positive,hap
Ses02M_script01_3,Ses02M_script01_3_M,You're not sorry you came?,,neutral,hap
Ses02M_script01_3,Ses02M_script01_3_F,"No, not sorry. But, um. But I'm not gonna stay.",hap,positive,hap
Ses02M_script01_3,Ses02M_script01_3_M,Why?,,neutral,hap
Ses02M_script01_3,Ses02M_script01_3_F,"For one thing, your mother as much as told me to go.",,neutral,hap
Ses02M_script01_3,Ses02M_script01_3_M,Oh.,,neutral,hap
Ses02M_script01_3,Ses02M_script01_3_F,"You saw that. I mean and then, well, you've been kind of, um--",,neutral,hap
Ses02M_script01_3,Ses02M_script01_3_M,What?,,neutral,hap
Ses02M_script01_3,Ses02M_script01_3_F,"Well, kind of embarrassed ever since I got here.",,neutral,hap
Ses02M_script01_3,Ses02M_script01_3_M,"The trouble is, I planned on sort of sneaking up on you on a period of a week or so. But they take it for granted that we're all set.",fru,negative,fru
Ses02M_script01_3,Ses02M_script01_3_F,"I knew they would, your mother anyway.",hap,positive,hap
Ses02M_script01_3,Ses02M_script01_3_M,How'd you know?,,neutral,hap
Ses02M_script01_3,Ses02M_script01_3_F,"Well, from her point of view, why else would I come?",neu,neutral,neu
Ses02M_script01_3,Ses02M_script01_3_M,"Oh. Would you want to? I guess you know, this is why I asked you to come.",,neutral,hap
Ses02M_script01_3,Ses02M_script01_3_F,I guess this is why I came.,hap,positive,hap
Ses02M_script01_3,Ses02M_script01_3_M,"Ann, I love you. I love you a great deal. I love you.",,positive,hap
Ses02M_script01_3,Ses02M_script01_3_M,I have no imagination. That's all I know to tell you.,,neutral,hap
Ses02M_script01_3,Ses02M_script01_3_M,I'm embarrassing you and I didn't want to tell it to you here. I wanted some place we'd never been before. A place where we'd be brand new to each other.,exc,positive,exc
Ses02M_script01_3,Ses02M_script01_3_M,"You feel wrong here, don't you? This yard, this chair. I want you to be ready for me. I don't want to have to win you away from anything.",,neutral,hap
Ses02M_script01_3,Ses02M_script01_3_F,"Oh, Chris, I've been ready for a long, long time.",,neutral,hap
Ses02M_script01_3,Ses02M_script01_3_M,And he's gone forever. You're sure?,,neutral,hap
Ses02M_script01_3,Ses02M_script01_3_F,I almost got married two years ago.,,neutral,hap
Ses02M_script01_3,Ses02M_script01_3_M,Why didn't you?,,neutral,hap
Ses02M_script01_3,Ses02M_script01_3_F,"Well, you started to write me",hap,positive,hap
Ses02M_script01_3,Ses02M_script01_3_M,You felt something that far back?,exc,positive,exc
Ses02M_script01_3,Ses02M_script01_3_F,Every day since.,hap,positive,hap
Ses02M_script01_3,Ses02M_script01_3_M,"Ann, why didn't you let me know?",exc,positive,exc
Ses02M_script01_3,Ses02M_script01_3_F,"Well, I was waiting for you. I mean, till then you never wrote and when you did, what did you say? I mean, you can sure be ambiguous sometimes, you know?",,neutral,exc
Ses02M_script01_3,Ses02M_script01_3_M,"Give me a kiss, Anne. Give me a-",,neutral,exc
Ses02M_script01_3,Ses02M_script01_3_M,"God, I kissed Annie. How long--how long I've been waiting to kiss you.",,neutral,exc
Ses02M_script01_3,Ses02M_script01_3_F,"I'll never forgive you. Why did you wait all these years? I mean, all I did was sit and wonder if I was crazy for thinking of you.",,neutral,exc
Ses02M_script01_3,Ses02M_script01_3_M,"Oh, Annie, we're gonna live now. I'm gonna make you so happy.",,positive,exc
Ses02M_script01_3,Ses02M_script01_3_F,Not like that you're not.,,neutral,exc
Ses02M_script01_3,Ses02M_script01_3_M,I kissed you.,,neutral,exc
Ses02M_script01_3,Ses02M_script01_3_F,"Like Larry's brother. Do it like you, Chris. What is it?",,neutral,exc
Ses02M_script01_3,Ses02M_script01_3_M,Let's drive someplace. I want to be alone with you.,sad,negative,sad
Ses02M_script01_3,Ses02M_script01_3_F,"No. What is it, Chris. Your mother?",,neutral,sad
Ses02M_script01_3,Ses02M_script01_3_M,No. Nothing like that.,sad,negative,sad
Ses02M_script01_3,Ses02M_script01_3_F,"Well, what's wrong? I mean, even in your letters there was some--something ashamed.",sad,negative,sad
Ses02M_script01_3,Ses02M_script01_3_M,"Yeah, I suppose I have been. But it's going from me.",sad,negative,sad
Ses02M_script01_3,Ses02M_script01_3_F,You've gotta tell me.,,neutral,sad
Ses02M_script01_3,Ses02M_script01_3_M,I don't know how to start.,,neutral,sad
Ses02M_script01_3,Ses02M_script01_3_F,It wouldn't work this way.,sad,negative,sad
Ses02M_script01_3,Ses02M_script01_3_M,"It's all mixed up with so many other things. You remember overseas, I was in charge of a company?",,neutral,sad
Ses02M_script01_3,Ses02M_script01_3_F,"Yeah, sure.",,neutral,sad
Ses02M_script01_3,Ses02M_script01_3_M,"Well, I lost them.",sad,negative,sad
Ses02M_script01_3,Ses02M_script01_3_F,How many?,,neutral,sad
Ses02M_script01_3,Ses02M_script01_3_M,Just about all.,sad,negative,sad
Ses02M_script01_3,Ses02M_script01_3_F,gee.,,neutral,sad
Ses02M_script01_3,Ses02M_script01_3_M,It takes some time for a guy to toss that off. 'Cause they weren't just men.,sad,negative,sad
Ses02M_script01_3,Ses02M_script01_3_M,"For instance, this one time, it had been raining several days and this kid came to me and gave me his last pair of dry socks. I put them in pocket. It's only a little thing, but those are the kind of guys I had.",sad,negative,sad
Ses02M_script01_3,Ses02M_script01_3_M,"They didn't die, they killed themselves for each other. I mean that exactly. I mean, a little more selfish and they'd have been here today.",sad,negative,sad
Ses02M_script01_3,Ses02M_script01_3_M,"I got this idea watching 'em go down. Everything was being destroyed, see, but it seemed that one new thing was made. A sort of responsibility. Man for man. You know what I mean?",sad,negative,sad
Ses02M_script01_3,Ses02M_script01_3_M,"To show that, to bring that onto the Earth again, like some kind of monument and everyone can feel it standing behind him and it would make a difference to him.",sad,negative,sad
Ses02M_script01_3,Ses02M_script01_3_M,"Then I came back and it was incredible. There was no meaning in it here. I mean, the whole thing to them seemed like it's sort of a bus accident. I went to work with Dad and that rat race again.",sad,negative,sad
Ses02M_script01_3,Ses02M_script01_3_M,"And I felt what you said, ashamed somehow 'cause nobody had changed at all. It seemed to make suckers out of a lot of guys. I felt wrong to be alive to open the new bank book, drive the new car, see the new refrigerator.",sad,negative,sad
Ses02M_script01_3,Ses02M_script01_3_M,"I mean, you can take those things out of a war, but when you drive that car, you've gotta realize that it came out of the love a man can have for a man. You've gotta be a little better because of it.",sad,negative,sad
Ses02M_script01_3,Ses02M_script01_3_M,Otherwise all you have is really loot and there's blood on it. And I didn't want to take any of that. And I guess that included you.,sad,negative,sad
Ses02M_script01_3,Ses02M_script01_3_F,Do you still feel that way?,sad,negative,sad
Ses02M_script01_3,Ses02M_script01_3_M,I want you now Annie.,neu,neutral,neu
Ses02M_script01_3,Ses02M_script01_3_F,"'Cause you mustn't feel that way. Because you have a right to everything you have, Chris. Everything, you understand that? Me too.",sad,negative,sad
Ses02M_script01_3,Ses02M_script01_3_F,"I mean, and your money, there's- there's nothing wrong with your money. I mean, your father put hundreds of planes in the air. A man should be paid for that.",sad,negative,sad
Ses02M_script01_3,Ses02M_script01_3_M,I know Annie. I'm gonna make a fortune for you.,,neutral,sad
Ses02M_script01_3,Ses02M_script01_3_F,What'll I do with a fortune?,hap,positive,hap
Ses02M_script02_1,Ses02M_script02_1_M,What time is it? They're supposed to run around midnight.,exc,positive,exc
Ses02M_script02_1,Ses02M_script02_1_M,"God, this great, isn't it? Like look at the night we go here, it couldn't be better.",exc,positive,exc
Ses02M_script02_1,Ses02M_script02_1_M,"I would have wanted to go a little further up the coast, get away from the lights and the people but I was afraid we'd miss it.",,neutral,exc
Ses02M_script02_1,Ses02M_script02_1_M,How you doing?,exc,positive,exc
Ses02M_script02_1,Ses02M_script02_1_F,Fine.,neu,neutral,neu
Ses02M_script02_1,Ses02M_script02_1_M,"Is that -- is that, no? Was that just foam? I can't even tell.",exc,positive,exc
Ses02M_script02_1,Ses02M_script02_1_M,"Although, I guess you can't tell it probably isn't them. Probably be unmistakable don't you think?",exc,positive,exc
Ses02M_script02_1,Ses02M_script02_1_M,How you doing? You know what I forgot? I forgot to bring my flashlight. How - how could I forget to bring my flashlight? How could I be so stupid?,exc,positive,exc
Ses02M_script02_1,Ses02M_script02_1_F,What flashlight?,neu,neutral,neu
Ses02M_script02_1,Ses02M_script02_1_M,"You know the flashlight, the silver one, there is only one, isn't there?",fru,negative,fru
Ses02M_script02_1,Ses02M_script02_1_F,That's not your flashlight.,fru,negative,fru
Ses02M_script02_1,Ses02M_script02_1_M,Who's is it?,fru,negative,fru
Ses02M_script02_1,Ses02M_script02_1_F,It's ours; it's mine too.,fru,negative,fru
Ses02M_script02_1,Ses02M_script02_1_M,"Oh well, sure, yes.",,neutral,fru
Ses02M_script02_1,Ses02M_script02_1_F,But you kept saying my flashlight as if somehow it's just yours. I mean how is it supposed to make me feel?,fru,negative,fru
Ses02M_script02_1,Ses02M_script02_1_M,"No. No. Of course our flashlight yours and mine. Mi flashlight, es su flashlight, naturally.",,neutral,fru
Ses02M_script02_1,Ses02M_script02_1_M,How could we forget to bring it? I hope the moon stays out.,,neutral,fru
Ses02M_script02_1,Ses02M_script02_1_M,"I wonder do they always run during a full moon? I can't remember if it was full last year, do you remember?",,neutral,fru
Ses02M_script02_1,Ses02M_script02_1_F,Yea.,neu,neutral,neu
Ses02M_script02_1,Ses02M_script02_1_M,"You cold, you want my jacket? We should've - we should've brought our blanket, our blanket, how could we forget to bring the blanket?",exc,positive,exc
Ses02M_script02_1,Ses02M_script02_1_M,"Oh, a six-pack, that's, should've brought a -- a six-pack be just the ticket right now. How could I forget,",exc,positive,exc
Ses02M_script02_1,Ses02M_script02_1_M,"oh man. Like a kid, it's amazing I got out of the house with my fly zipped.",exc,positive,exc
Ses02M_script02_1,Ses02M_script02_1_M,You think they can hear us talk or feel the vibrations in the sand when we move around?,exc,positive,exc
Ses02M_script02_1,Ses02M_script02_1_F,I'm cold.,neu,neutral,neu
Ses02M_script02_1,Ses02M_script02_1_M,What you want my jacket?,,neutral,fru
Ses02M_script02_1,Ses02M_script02_1_F,It's after eleven. Let's just go home.,fru,negative,fru
Ses02M_script02_1,Ses02M_script02_1_M,"Are you kidding, we'd miss it. We, we just got here. What's the point in coming down here if we just turn around and go home?",fru,negative,fru
Ses02M_script02_1,Ses02M_script02_1_F,There is no point in coming down here.,fru,negative,fru
Ses02M_script02_1,Ses02M_script02_1_M,Right.,,neutral,fru
Ses02M_script02_1,Ses02M_script02_1_F,That's my point.,fru,negative,fru
Ses02M_script02_1,Ses02M_script02_1_M,That's my point too.,,neutral,fru
Ses02M_script02_1,Ses02M_script02_1_F,So let's go.,fru,negative,fru
Ses02M_script02_1,Ses02M_script02_1_M,No. No. That's not my point. The point is there is no point in coming down here if we just leave. Don't you want to see it?,,neutral,fru
Ses02M_script02_1,Ses02M_script02_1_F,Not particularly.,neu,neutral,neu
Ses02M_script02_1,Ses02M_script02_1_M,Why not?,,neutral,fru
Ses02M_script02_1,Ses02M_script02_1_F,"I don't, it's just stupid.",fru,negative,fru
Ses02M_script02_1,Ses02M_script02_1_M,"Honey, this is a natural phenomenon. I mean it only happens once a year.",exc,positive,exc
Ses02M_script02_1,Ses02M_script02_1_M,"Think about the people in Kansas, they- they'd have to get a plane ticket and hotel reservations to see this. We live forty minutes away it's too good to pass up.",exc,positive,exc
Ses02M_script02_1,Ses02M_script02_1_F,"Pass up what? These little fish swim onto the beach flop around and swim away, and then they die.",fru,negative,fru
Ses02M_script02_1,Ses02M_script02_1_M,"Yea, but that moment on the beach is the highlight of their little lives. I mean all that flopping is laying eggs or what do you, mating or spotting or something like that.",exc,positive,exc
Ses02M_script02_1,Ses02M_script02_1_M,"This is a big night for these guys, life's last orgy.",exc,positive,exc
Ses02M_script02_1,Ses02M_script02_1_F,What are you so excited about? I mean it's not a moon landing we're talking about here it's fish. It's a fish nobody even eats.,fru,negative,fru
Ses02M_script02_1,Ses02M_script02_1_M,Yes they do.,fru,negative,fru
Ses02M_script02_1,Ses02M_script02_1_F,Augie,fru,negative,fru
Ses02M_script02_1,Ses02M_script02_1_M,"Okay. But it's fish that do something none of the other fish do. Like the swallows returning to Capistrano, or the Lemmings throwing themselves off the cliffs",exc,positive,exc
Ses02M_script02_1,Ses02M_script02_1_M,"you know there is like, there is a certain mystery here, a magic, a bit of the unexplainable. I don't see how you cannot be interested.",exc,positive,exc
Ses02M_script02_1,Ses02M_script02_1_F,I'm just not.,sad,negative,sad
Ses02M_script02_1,Ses02M_script02_1_M,For real?,,neutral,exc
Ses02M_script02_1,Ses02M_script02_1_F,Yes.,neu,neutral,neu
Ses02M_script02_1,Ses02M_script02_1_M,I don't get it. The first time we came here you said it was the best night of your life.,,neutral,sad
Ses02M_script02_1,Ses02M_script02_1_M,"And then last year I remember specifically you were so excited that you stubbed your toe on the way pushing me out of the house, and you didn't even notice until we got in the car.",fru,negative,fru
Ses02M_script02_1,Ses02M_script02_1_F,"Last year you'll also remember our shoes got wet, I got sand in my panties, you got a sore throat, we got into a big fight over nothing, and we didn't see the Grunions.",ang,negative,ang
Ses02M_script02_1,Ses02M_script02_1_M,We weren't in a good spot.,,positive,fru
Ses02M_script02_1,Ses02M_script02_1_F,We didn't see them the first time either.,fru,negative,fru
Ses02M_script02_1,Ses02M_script02_1_M,We just weren't in a good spot; this is a much better spot. I've got good instincts for these things.,fru,negative,fru
Ses02M_script02_1,Ses02M_script02_1_M,"There is that, oh no that's just seaweed, isn't it?",exc,positive,exc
Ses02M_script02_1,Ses02M_script02_1_M,"This is, this is great, isn't it? I wouldn't miss this for anything. Now listen to this, I know you're not interested but just listen.",exc,positive,exc
Ses02M_script02_1,Ses02M_script02_1_M,"Out there somewhere there is this huge mass of silver fish headed this way,",exc,positive,exc
Ses02M_script02_1,Ses02M_script02_1_M,"they don't why, we don't know why. They didn't take a vote or anything; they didn't get a map or an invitation.",exc,positive,exc
Ses02M_script02_1,Ses02M_script02_1_M,"Just all as one. This little time sensitive firecracker, instinctual firecracker in their body just went off and all as one they turned and formed a line as long the California coast and started swimming. They're swimming right now as if that's the only thing that matters.",exc,positive,exc
Ses02M_script02_1,Ses02M_script02_1_M,"It's single mindedness, with no mind, it's urgency that's pure urge, they don't know what drives them. They don't ask it a name or ask it a question,",exc,positive,exc
Ses02M_script02_1,Ses02M_script02_1_M,"they just turn as one and start the swim and brings them right here to this spot where we stand, for a massive celebration of sex and death.",exc,positive,exc
Ses02M_script02_1,Ses02M_script02_1_M,Look at me; I'm giving myself goose bumps all my hairs are popping up.,exc,positive,exc
Ses02M_script02_1,Ses02M_script02_1_F,That's the wind.,neu,neutral,neu
Ses02M_script02_1,Ses02M_script02_1_M,"Well, so what do you think?",,neutral,exc
Ses02M_script02_1,Ses02M_script02_1_F,About what?,neu,neutral,neu
Ses02M_script02_1,Ses02M_script02_1_M,What I was saying.,,neutral,neu
Ses02M_script02_1,Ses02M_script02_1_F,It's ridiculous.,fru,negative,fru
Ses02M_script02_2,Ses02M_script02_2_M,So what do you think?,neu,neutral,neu
Ses02M_script02_2,Ses02M_script02_2_F,About what?,,neutral,neu
Ses02M_script02_2,Ses02M_script02_2_M,What I was saying.,neu,neutral,neu
Ses02M_script02_2,Ses02M_script02_2_F,It's ridiculous.,fru,negative,fru
Ses02M_script02_2,Ses02M_script02_2_M,Certainly it's not. Slightly exaggerated scientific fact.,neu,neutral,neu
Ses02M_script02_2,Ses02M_script02_2_F,It's PR. Someone sold you a bill of goods that this wonderful event is going to take place on the beach.,,positive,neu
Ses02M_script02_2,Ses02M_script02_2_M,"Well, I'm not the only one look at all these people.",,neutral,neu
Ses02M_script02_2,Ses02M_script02_2_F,"Yea, sure everyone was sold the same story. I mean it keeps us all excited, keeps us coming back for more, keeps us thinking that life is going to start any second now if we can just get in on the action and find the right spot.",,positive,neu
Ses02M_script02_2,Ses02M_script02_2_M,Are we talking about the same thing?,,neutral,neu
Ses02M_script02_2,Ses02M_script02_2_F,I'm sorry but it's still just fish to me.,,neutral,neu
Ses02M_script02_2,Ses02M_script02_2_M,"Carla, can I ask you something? Don't take this wrong but are you having your period?",fru,negative,fru
Ses02M_script02_2,Ses02M_script02_2_F,Goddamn it Augie don't ask me that. I hate it when you ask me that. You always ask me that. It's insulting.,ang,negative,ang
Ses02M_script02_2,Ses02M_script02_2_M,"Well, what's bugging you?",fru,negative,fru
Ses02M_script02_2,Ses02M_script02_2_F,We just have different ideas of what this evening is supposed to look like.,ang,negative,ang
Ses02M_script02_2,Ses02M_script02_2_M,"There is nothing to it, we come here, the Grunion arrive, then do their little fish business, we go oh ah look, they go home, we go home.",fru,negative,fru
Ses02M_script02_2,Ses02M_script02_2_F,For heavens sake we are not going to see the Grunions.,fru,negative,fru
Ses02M_script02_2,Ses02M_script02_2_M,Why not?,fru,negative,fru
Ses02M_script02_2,Ses02M_script02_2_F,"We never do, do we? I mean have we ever?",fru,negative,fru
Ses02M_script02_2,Ses02M_script02_2_M,We've missed them twice; that's not ever.,fru,negative,fru
Ses02M_script02_2,Ses02M_script02_2_F,"Twice is every time we've tried, that's ever.",fru,negative,fru
Ses02M_script02_2,Ses02M_script02_2_M,"Well, we'll see them this year.",neu,neutral,neu
Ses02M_script02_2,Ses02M_script02_2_F,"No we won't; it's pointless. It's like waiting up to see Santa Claus,",fru,negative,fru
Ses02M_script02_2,Ses02M_script02_2_F,I mean I feel like my whole life is going to be spent standing on the beach waiting for the fish to show up with my eyes open and my hands clasped expectantly and the fish won't show up.,ang,negative,ang
Ses02M_script02_2,Ses02M_script02_2_M,I thought you wanted to see them.,fru,negative,fru
Ses02M_script02_2,Ses02M_script02_2_F,You don't understand anything I'm saying.,fru,negative,fru
Ses02M_script02_2,Ses02M_script02_2_M,No of course not.,fru,negative,fru
Ses02M_script02_2,Ses02M_script02_2_F,"I did want to see them, I always do. I mean I keep thinking that this is going to be the time and it never is.",ang,negative,ang
Ses02M_script02_2,Ses02M_script02_2_M,"It's just fish, I mean nothing to get traumatized over.",,neutral,fru
Ses02M_script02_2,Ses02M_script02_2_F,For heavens sake this isn't about fish.,fru,negative,fru
Ses02M_script02_2,Ses02M_script02_2_M,All right. I've been trying to work this backwards but I cannot seem to pinpoint the moment that we took a turn for the worst.,fru,negative,fru
Ses02M_script02_2,Ses02M_script02_2_M,"You were fine during the phone call from Marge, dinner was okay, doing the dishes was no problem, let's see, I took a shower, you watched the news, you said",neu,neutral,neu
Ses02M_script02_2,Ses02M_script02_2_M,"""the Grunion are running tonight,"" I said ""great, let's go, I feel lucky,""",neu,neutral,neu
Ses02M_script02_2,Ses02M_script02_2_M,"okay so I'm getting on my jacket and putting out the animals, getting the car out of the garage-",neu,neutral,neu
Ses02M_script02_2,Ses02M_script02_2_F,Do you remember the first time we came to see it? It was about four years ago right after we got married.,sad,negative,sad
Ses02M_script02_2,Ses02M_script02_2_F,"We thought I was pregnant and we opened a bottle of champagne but no glasses, you asked me to dance, we kicked off our shoes and you popped the cork.",sad,negative,sad
Ses02M_script02_2,Ses02M_script02_2_F,And when we were dancing you said the softest most intimate things to me right into my ears so I could feel them as much as hear them,sad,negative,sad
Ses02M_script02_2,Ses02M_script02_2_F,"and I remember thinking that this is it you know. At last, at last I am as happy as I am supposed to be",sad,negative,sad
Ses02M_script02_2,Ses02M_script02_2_M,Wait a minute I've got it,,neutral,sad
Ses02M_script02_2,Ses02M_script02_2_F,"Just dancing barefoot in the sand, drinking champagne out of the bottle.",sad,negative,sad
Ses02M_script02_2,Ses02M_script02_2_M,"It was in the car, right? Driving past the Knickerbocker Liquor Locker you said, let's get some champagne and I said times are wasting or something like that, right?",exc,positive,exc
Ses02M_script02_2,Ses02M_script02_2_M,"Of course, I see it now; you want this to be like that other time, right? That's it, right?",exc,positive,exc
Ses02M_script02_2,Ses02M_script02_2_F,I'd rather not remember some things. I would rather not hope for some things.,sad,negative,sad
Ses02M_script02_2,Ses02M_script02_2_M,"Yea. Okay, sure, no. I see. Listen, you want to dance?",neu,neutral,neu
Ses02M_script02_2,Ses02M_script02_2_F,No.,sad,negative,sad
Ses02M_script02_2,Ses02M_script02_2_M,You want to go get some champagne?,neu,neutral,neu
Ses02M_script02_2,Ses02M_script02_2_F,No.,sad,negative,sad
Ses02M_script02_2,Ses02M_script02_2_M,Take off our shoes?,neu,neutral,neu
Ses02M_script02_2,Ses02M_script02_2_F,No.,,neutral,neu
Ses02M_script02_2,Ses02M_script02_2_M,"What, you want me to breathe in your ear?",,neutral,neu
Ses02M_script02_2,Ses02M_script02_2_F,No.,,neutral,neu
Ses02M_script02_2,Ses02M_script02_2_M,Get married again?,neu,neutral,neu
Ses02M_script02_2,Ses02M_script02_2_F,No.,fru,negative,fru
Ses02M_script02_2,Ses02M_script02_2_M,What? What? You want a divorce?,fru,negative,fru
Ses02M_script02_2,Ses02M_script02_2_F,No.,fru,negative,fru
Ses02M_script02_2,Ses02M_script02_2_M,A vacation?,fru,negative,fru
Ses02M_script02_2,Ses02M_script02_2_F,No.,fru,negative,fru
Ses02M_script02_2,Ses02M_script02_2_M,"A new carpet? A poodle, a ice cream, backrub, a suicide pact, what, what Carla, what the hell do you want?",fru,negative,fru
Ses02M_script02_2,Ses02M_script02_2_F,I want something to turn out the way that it supposed to.,fru,negative,fru
Ses02M_script02_2,Ses02M_script02_2_M,"Well welcome to the human race, all right. Do you think this is what I had in mind when I proposed? You think I had this great fantasy going that four years down the road we'd come to the beach and yell at each other over fish?",ang,negative,ang
Ses02M_script02_2,Ses02M_script02_2_M,"You think I knew that there be times when you'd look at me like I'm a used Kleenex, or that I'd look at you and think holy hell when is the next flight to Alaska?",,neutral,fru
Ses02M_script02_2,Ses02M_script02_2_M,"No, no, just like you I thought it was going to be all like peaches and roses and sand in our toes, and wind in our hair, and the fish will always come and the bills will pay themselves and we'll have three, fat, rosy kids and ha-ha baby the joke is on us",fru,negative,fru
Ses02M_script02_2,Ses02M_script02_2_M,"'cause you know what you get Carla, you know what you get? This.",fru,negative,fru
Ses02M_script02_2,Ses02M_script02_2_F,"This? What, what is this? This isn't even anything.",fru,negative,fru
Ses02M_script02_2,Ses02M_script02_2_M,"Yes, it is.",,neutral,fru
Ses02M_script02_2,Ses02M_script02_2_F,"I'm sure, this is standing on the beach, this is waiting, this is fighting.",fru,negative,fru
Ses02M_script02_2,Ses02M_script02_2_M,Right.,,neutral,fru
Ses02M_script02_2,Ses02M_script02_2_F,"Well, but this isn't anything like I thought anything would be like.",sad,negative,sad
Ses02M_script02_2,Ses02M_script02_2_M,"No, I know. Me neither.",sad,negative,sad
Ses02M_script02_2,Ses02M_script02_2_F,I mean it's -- this is just this. I mean it includes a lot and everything but isn't something else. Do you have any idea what I'm trying to say?,fru,negative,fru
Ses02M_script02_2,Ses02M_script02_2_M,I'm doing the best I can.,,neutral,sad
Ses02M_script02_2,Ses02M_script02_2_F,I know that Augie. Really I do.,,neutral,sad
Ses02M_script02_2,Ses02M_script02_2_F,"I know that you meant this to be special and nice, and there's the sand and the moon and everything but I just couldn't help thinking about being somewhere else.",sad,negative,sad
Ses02M_script02_2,Ses02M_script02_2_M,Maybe if you were with somebody else too.,sad,negative,sad
Ses02M_script02_2,Ses02M_script02_2_F,I didn't say that.,,neutral,sad
Ses02M_script02_2,Ses02M_script02_2_M,"No, I know. But still, I know I don't make you happy.",sad,negative,sad
Ses02M_script02_2,Ses02M_script02_2_F,"For heavens sake, whatever I'm doing I'd rather be doing it with you.",,negative,sad
Ses02M_script02_2,Ses02M_script02_2_M,Yeah?,,neutral,sad
Ses02M_script02_2,Ses02M_script02_2_F,Don't be ridiculous. I mean don't you know that?,hap,positive,hap
Ses02M_script02_2,Ses02M_script02_2_F,"You're the one who probably wishes he was with someone else, someone who knew how to enjoy herself and didn't take everything so hard.",sad,negative,sad
Ses02M_script02_2,Ses02M_script02_2_M,"Now that you mention it. No, I don't.",hap,positive,hap
Ses02M_script02_2,Ses02M_script02_2_F,"Okay. Fine, so we're in the wrong spot but we're with the right person.",,neutral,hap
Ses02M_script02_2,Ses02M_script02_2_M,I don't know it seemed like a pretty good spot to me. Look at the moon - view the moon view I got from here.,hap,positive,hap
Ses02M_script02_2,Ses02M_script02_2_F,"Yes, I noticed that. It looks pretty on the water doesn't it? Big old white moon.",,neutral,hap
Ses02M_script02_2,Ses02M_script02_2_M,What have we got here?,hap,positive,hap
Ses02M_script02_2,Ses02M_script02_2_F,"Augie, you brought refreshments.",,neutral,hap
Ses02M_script02_2,Ses02M_script02_2_M,It's not champagne.,,neutral,hap
Ses02M_script02_2,Ses02M_script02_2_F,"Well, I guess we don't need glasses.",hap,positive,hap
Ses02M_script02_2,Ses02M_script02_2_M,You still cold? Do you want my jacket? Do you want to go home?,,neutral,hap
Ses02M_script02_2,Ses02M_script02_2_F,No. No. I think you might be right. I think this may be the spot after all.,,neutral,hap
Ses02M_script02_2,Ses02M_script02_2_F,"Augie, I'm sorry.",sad,negative,sad
Ses02M_script02_2,Ses02M_script02_2_M,"Shh, if we're very quiet the fish might come.",hap,positive,hap
Ses02M_script02_2,Ses02M_script02_2_F,Or not.,hap,positive,hap
Ses02M_script02_2,Ses02M_script02_2_M,Or not.,hap,positive,hap
Ses02M_script02_2,Ses02M_script02_2_F,Hmm.,neu,neutral,neu
Ses02M_script03_1,Ses02M_script03_1_M,Good God.,,positive,neu
Ses02M_script03_1,Ses02M_script03_1_F,Do you think it's them?,,neutral,neu
Ses02M_script03_1,Ses02M_script03_1_M,I wonder.,,neutral,neu
Ses02M_script03_1,Ses02M_script03_1_F,"Well, nobody knows we're here except Freda and she wouldn't ring up.",,neutral,neu
Ses02M_script03_1,Ses02M_script03_1_M,Must be them then.,,neutral,neu
Ses02M_script03_1,Ses02M_script03_1_F,What are we going to do?,exc,positive,exc
Ses02M_script03_1,Ses02M_script03_1_M,"We're all right darling, aren't we whatever happens?",,negative,neu
Ses02M_script03_1,Ses02M_script03_1_F,Now and always sweet.,hap,positive,hap
Ses02M_script03_1,Ses02M_script03_1_M,I don't care then.,,neutral,exc
Ses02M_script03_1,Ses02M_script03_1_F,It's bound to come sooner or later.,,neutral,exc
Ses02M_script03_1,Ses02M_script03_1_M,Hello? Hello? What? Wrong number.,exc,positive,exc
Ses02M_script03_1,Ses02M_script03_1_F,Oh. It sends shivers down my spine.,exc,positive,exc
Ses02M_script03_1,Ses02M_script03_1_M,What do we do if they suddenly walk in on us?,,neutral,exc
Ses02M_script03_1,Ses02M_script03_1_F,Behave exquisitely.,hap,positive,hap
Ses02M_script03_1,Ses02M_script03_1_M,With the most perfect poise.,hap,positive,hap
Ses02M_script03_1,Ses02M_script03_1_F,"Yes, I should probably to a court curtsey.",hap,positive,hap
Ses02M_script03_1,Ses02M_script03_1_M,"Things that ought to matter dreadfully don't matter at all when one's is happy, do they?",hap,positive,hap
Ses02M_script03_1,Ses02M_script03_1_F,What's so horrible is that one can't stay happy.,,positive,hap
Ses02M_script03_1,Ses02M_script03_1_M,Oh darling don't say that.,sad,negative,sad
Ses02M_script03_1,Ses02M_script03_1_F,It's true; the whole business is a very poor joke.,,neutral,hap
Ses02M_script03_1,Ses02M_script03_1_M,Meaning that sacred and beautiful thing love?,hap,positive,hap
Ses02M_script03_1,Ses02M_script03_1_F,Yes. Meaning just that.,,neutral,hap
Ses02M_script03_1,Ses02M_script03_1_M,What does it all mean that's what I ask- that's what I ask myself in my ceaseless quest for ultimate truth? Good God what does it all mean?,hap,positive,hap
Ses02M_script03_1,Ses02M_script03_1_F,Don't laugh at me. I'm serious.,,neutral,hap
Ses02M_script03_1,Ses02M_script03_1_M,"You mustn't be serious my dear one, that's just what they want.",exc,positive,exc
Ses02M_script03_1,Ses02M_script03_1_F,Who's they?,exc,positive,exc
Ses02M_script03_1,Ses02M_script03_1_M,"All those futile moralists, who try to make life unbearable, laugh at them, be flippant. Laugh at everything all their sacred shibboleths",,neutral,exc
Ses02M_script03_1,Ses02M_script03_1_M,flippancy brings out the acid in their damned sweetness in light.,exc,positive,exc
Ses02M_script03_1,Ses02M_script03_1_F,"Well, if I laugh at everything then I must laugh at us too.",,neutral,exc
Ses02M_script03_1,Ses02M_script03_1_M,"Certainly you must, we figures of fun all right.",exc,positive,exc
Ses02M_script03_1,Ses02M_script03_1_F,"Well, shall we always want to bicker and fight?",,neutral,exc
Ses02M_script03_1,Ses02M_script03_1_M,"No, that desire will fade along with our passion.",sad,negative,sad
Ses02M_script03_1,Ses02M_script03_1_F,"Oh dear, should we like that?",sad,negative,sad
Ses02M_script03_1,Ses02M_script03_1_M,Depends on how well we play it.,,neutral,exc
Ses02M_script03_1,Ses02M_script03_1_F,"Well, what happens if one of us dies, does the one that's left still laugh?",,neutral,exc
Ses02M_script03_1,Ses02M_script03_1_M,"Yes, yes, with all his might.",exc,positive,exc
Ses02M_script03_1,Ses02M_script03_1_F,"Well that's serious enough, isn't it?",,neutral,exc
Ses02M_script03_1,Ses02M_script03_1_M,"No, no it isn't, death is very laughable, such a cunning little mystery, all done with mirrors.",exc,positive,exc
Ses02M_script03_1,Ses02M_script03_1_F,"Darling, I believe you're talking nonsense.",,neutral,exc
Ses02M_script03_1,Ses02M_script03_1_M,So is everyone else in the long run.,exc,positive,exc
Ses02M_script03_1,Ses02M_script03_1_M,"Let's be superficial and pity the poor philosophers, let's blow our trumpets and squeakers and enjoy the party as much as we can. Like quite idiotic, very small, school children. Let's savor the delight of the moment.",exc,positive,exc
Ses02M_script03_1,Ses02M_script03_1_M,Come kiss me darling before your body rots and worms pop in and out of your eye sockets.,exc,positive,exc
Ses02M_script03_1,Ses02M_script03_1_F,"Elliot, worms don't pop.",,neutral,exc
Ses02M_script03_1,Ses02M_script03_1_M,"I don't care what you do see. You can paint yourself green and dance naked in the Place Vendome, and rush off madly with all the men in the world and I shan't say a word, as long as you love me best.",,positive,exc
Ses02M_script03_1,Ses02M_script03_1_F,"Thank you dear, the same applies you, except that if I catch you so much as looking at another woman, I'll kill you.",,neutral,exc
Ses02M_script03_1,Ses02M_script03_1_M,You remember that awful scene we had in Venice?,hap,positive,hap
Ses02M_script03_1,Ses02M_script03_1_F,Which particular one?,hap,positive,hap
Ses02M_script03_1,Ses02M_script03_1_M,"The one when you bought that little, painted, wooden snake in the Piazza and put it on my bed.",,neutral,hap
Ses02M_script03_1,Ses02M_script03_1_F,"Oh Charles, that was his name Charles. It did wiggle so beautifully.",hap,positive,hap
Ses02M_script03_1,Ses02M_script03_1_M,"Horrible thing, I hated it.",,negative,hap
Ses02M_script03_1,Ses02M_script03_1_F,I know you did. You threw it out of the window into the Grand Canal; I don't think I'll ever forgive you for that.,hap,positive,hap
Ses02M_script03_1,Ses02M_script03_1_M,How long did that row last?,,neutral,hap
Ses02M_script03_1,Ses02M_script03_1_F,It went on intermittently for days.,hap,positive,hap
Ses02M_script03_1,Ses02M_script03_1_M,The worst one was in Cannes when your curling iron burned a hole in my new dressing gown.,,neutral,hap
Ses02M_script03_1,Ses02M_script03_1_F,It burned my comb too and all the towels in the bathroom.,hap,positive,hap
Ses02M_script03_1,Ses02M_script03_1_M,"That was a rouser, wasn't it?",hap,positive,hap
Ses02M_script03_1,Ses02M_script03_1_F,That was the first time you ever hit me.,,neutral,hap
Ses02M_script03_1,Ses02M_script03_1_M,I didn't hit you very hard.,,neutral,hap
Ses02M_script03_1,Ses02M_script03_1_F,The manager came in and found us rolling around on the floor biting and scratching like panthers.,hap,positive,hap
Ses02M_script03_1,Ses02M_script03_1_M,I'll never forget his face.,hap,positive,hap
Ses02M_script03_1,Ses02M_script03_1_F,"Oh it was ridiculous, completely ridiculous.",hap,positive,hap
Ses02M_script03_1,Ses02M_script03_1_M,We were very much younger then.,,neutral,hap
Ses02M_script03_1,Ses02M_script03_1_F,And very much sillier.,hap,positive,hap
Ses02M_script03_1,Ses02M_script03_1_M,As a matter of fact the real cause of that row was Peter Burden.,,neutral,hap
Ses02M_script03_2,Ses02M_script03_2_M,"As a matter of fact, the real cause of that row was Peter Burden.",neu,neutral,neu
Ses02M_script03_2,Ses02M_script03_2_F,You knew there was nothing in that.,exc,positive,exc
Ses02M_script03_2,Ses02M_script03_2_M,I knew nothing of the sort. You took presents from him.,ang,negative,ang
Ses02M_script03_2,Ses02M_script03_2_F,"Presents, just a trivial little broach.",exc,positive,exc
Ses02M_script03_2,Ses02M_script03_2_M,"Yes, I remember it well, bristling with diamonds in the worst possible taste.",,neutral,exc
Ses02M_script03_2,Ses02M_script03_2_F,No it wasn't. It was very pretty I still have it and I wear it often.,neu,neutral,neu
Ses02M_script03_2,Ses02M_script03_2_M,You went out of your way to torture me over Peter Burden.,ang,negative,ang
Ses02M_script03_2,Ses02M_script03_2_F,"No I didn't, you worked the whole thing up in your jealous imagination.",neu,neutral,neu
Ses02M_script03_2,Ses02M_script03_2_M,"You must admit he was in love with you, wasn't he?",,positive,neu
Ses02M_script03_2,Ses02M_script03_2_F,"Just a little perhaps, nothing serious.",,neutral,neu
Ses02M_script03_2,Ses02M_script03_2_M,You let him kiss you; you said you did.,ang,negative,ang
Ses02M_script03_2,Ses02M_script03_2_F,What of it?,neu,neutral,neu
Ses02M_script03_2,Ses02M_script03_2_M,What of it?,,neutral,neu
Ses02M_script03_2,Ses02M_script03_2_F,"It gave him a lot of pleasure, it didn't hurt me any.",neu,neutral,neu
Ses02M_script03_2,Ses02M_script03_2_M,What about me?,ang,negative,ang
Ses02M_script03_2,Ses02M_script03_2_F,"Well, if you hadn't been so nosey and suspicious you never wouldn't have known anything about it.",neu,neutral,neu
Ses02M_script03_2,Ses02M_script03_2_M,That's a nice point of view I must say.,,neutral,neu
Ses02M_script03_2,Ses02M_script03_2_F,I'm bored of this conversation.,fru,negative,fru
Ses02M_script03_2,Ses02M_script03_2_M,"Yes, me too, bored stiff. You want some Brandy?",,neutral,neu
Ses02M_script03_2,Ses02M_script03_2_F,No thanks.,neu,neutral,neu
Ses02M_script03_2,Ses02M_script03_2_M,I have a little I think.,neu,neutral,neu
Ses02M_script03_2,Ses02M_script03_2_F,I don't see why you want any you've already had two glasses.,,neutral,neu
Ses02M_script03_2,Ses02M_script03_2_M,"No particular reason. Anyhow, they are very small ones.",neu,neutral,neu
Ses02M_script03_2,Ses02M_script03_2_F,It just seems so silly to go on and on and on with such a thing.,neu,neutral,neu
Ses02M_script03_2,Ses02M_script03_2_M,You can hardly call three liquor glasses in a whole evening going on and on and on.,neu,neutral,neu
Ses02M_script03_2,Ses02M_script03_2_F,"Well, it's become a habit with you.",neu,neutral,neu
Ses02M_script03_2,Ses02M_script03_2_M,You needn't be so grand just because don't happen want any yourself right now.,,neutral,neu
Ses02M_script03_2,Ses02M_script03_2_F,Don't be so stupid.,,neutral,neu
Ses02M_script03_2,Ses02M_script03_2_M,"Really, Amanda.",,neutral,neu
Ses02M_script03_2,Ses02M_script03_2_F,What?,ang,negative,ang
Ses02M_script03_2,Ses02M_script03_2_M,Nothing.,fru,negative,fru
Ses02M_script03_2,Ses02M_script03_2_F,No I'm just making myself fascinating for you.,neu,neutral,neu
Ses02M_script03_2,Ses02M_script03_2_M,"Going out somewhere, dear?",neu,neutral,neu
Ses02M_script03_2,Ses02M_script03_2_F,It's a woman's job to allure the man,,neutral,neu
Ses02M_script03_2,Ses02M_script03_2_M,That reply has broken my heart.,,neutral,neu
Ses02M_script03_2,Ses02M_script03_2_F,"watch me a minute, will you?",,neutral,neu
Ses02M_script03_2,Ses02M_script03_2_M,"As a matter of fact, that's perfectly true.",neu,neutral,neu
Ses02M_script03_2,Ses02M_script03_2_F,"Oh, no it isn't.",fru,negative,fru
Ses02M_script03_2,Ses02M_script03_2_M,Yes it is.,,neutral,neu
Ses02M_script03_2,Ses02M_script03_2_F,Be quiet.,ang,negative,ang
Ses02M_script03_2,Ses02M_script03_2_M,It's a pity you didn't have any more Brandy it might have made you a little less disagreeable.,,neutral,fru
Ses02M_script03_2,Ses02M_script03_2_F,It doesn't seem to work such wonders with you.,,neutral,fru
Ses02M_script03_2,Ses02M_script03_2_M,"Snap, snap, snap, like a little adder.",fru,negative,fru
Ses02M_script03_2,Ses02M_script03_2_F,Adders don't snap they sting.,,neutral,fru
Ses02M_script03_2,Ses02M_script03_2_M,Oh nonsense they have a little bag of venom behind their fangs and they snap.,fru,negative,fru
Ses02M_script03_2,Ses02M_script03_2_F,They sting.,,neutral,fru
Ses02M_script03_2,Ses02M_script03_2_M,They snap.,fru,negative,fru
Ses02M_script03_2,Ses02M_script03_2_F,I don't care. Do you understand? I don't care. I don't care if they bark or roll about like hoops.,ang,negative,ang
Ses02M_script03_2,Ses02M_script03_2_M,"Tell me, did you see much of Peter Burden after our divorce?",neu,neutral,neu
Ses02M_script03_2,Ses02M_script03_2_F,"Yes, I did quite a lot.",neu,neutral,neu
Ses02M_script03_2,Ses02M_script03_2_M,I imagine you let him kiss you good deal more then.,,positive,ang
Ses02M_script03_2,Ses02M_script03_2_F,Mind your own business.,,neutral,ang
Ses02M_script03_2,Ses02M_script03_2_M,What riotous time you must have had.,ang,negative,ang
Ses02M_script03_2,Ses02M_script03_2_M,"No restraint at all, very enjoyable, never had much anyhow.",ang,negative,ang
Ses02M_script03_2,Ses02M_script03_2_F,You're quite insufferable. I expect it's because you're drunk.,,neutral,ang
Ses02M_script03_2,Ses02M_script03_2_M,I am not in the least drunk.,,neutral,ang
Ses02M_script03_2,Ses02M_script03_2_M,"I imagine, as I may have already mentioned, I've had three minute liquor glasses of Brandy the whole evening long a child of two couldn't get drunk on that.",,neutral,ang
Ses02M_script03_2,Ses02M_script03_2_F,On the contrary a child of two could get violently drunk on only one glass of Brandy.,,neutral,ang
Ses02M_script03_2,Ses02M_script03_2_M,"Oh very interesting. How about a child of four, a child of six or a child of nine?",,neutral,ang
Ses02M_script03_2,Ses02M_script03_2_F,Oh be quiet.,ang,negative,ang
Ses02M_script03_2,Ses02M_script03_2_M,"We can get a good little debate going about that, don't you think? Intemperate tots.",ang,negative,ang
Ses02M_script03_2,Ses02M_script03_2_F,"Not very funny my dear, you better have some more Brandy.",,neutral,ang
Ses02M_script03_2,Ses02M_script03_2_M,All right. I will.,neu,neutral,neu
Ses02M_script03_2,Ses02M_script03_2_M,Better turn that off I think.,neu,neutral,neu
Ses02M_script03_2,Ses02M_script03_2_F,Why?,,neutral,neu
Ses02M_script03_2,Ses02M_script03_2_M,Because it's late and it'll annoy the people upstairs.,,neutral,neu
Ses02M_script03_2,Ses02M_script03_2_F,There aren't any people upstairs it's a photographer's studio.,,neutral,neu
Ses02M_script03_2,Ses02M_script03_2_M,There are people downstairs I suppose?,,neutral,neu
Ses02M_script03_2,Ses02M_script03_2_F,They're away in Tunis.,,neutral,neu
Ses02M_script03_2,Ses02M_script03_2_M,This is no time of the year for Tunis.,,neutral,neu
Ses02M_script03_2,Ses02M_script03_2_F,"Turn it on again, please.",,neutral,neu
Ses02M_script03_2,Ses02M_script03_2_M,I'll do no such thing.,fru,negative,fru
Ses02M_script03_2,Ses02M_script03_2_F,"Very well, if you insist on being boorish and idiotic.",fru,negative,fru
Ses02M_script03_2,Ses02M_script03_2_M,Turn it off it's driving me mad.,,neutral,ang
Ses02M_script03_2,Ses02M_script03_2_F,You are far too temperamental. Try to control yourself.,ang,negative,ang
Ses02M_script03_2,Ses02M_script03_2_M,Turn it off.,ang,negative,ang
Ses02M_script03_2,Ses02M_script03_2_F,Stop it. Stop it. I hate you.,ang,negative,ang
Ses02M_script03_2,Ses02M_script03_2_M,"Amanda, listen. Listen.",ang,negative,ang
Ses02M_script03_2,Ses02M_script03_2_F,"Listen indeed. I'm sick and tired of listening to you, damn sadistic bully.",ang,negative,ang
Ses02M_script03_2,Ses02M_script03_2_M,Very amusing indeed.,ang,negative,ang
Ses02M_script03_2,Ses02M_script03_2_F,"Stop it. Stop it. I hate you, do you hear? You're overbearing and conceited and utterly impossible.",ang,negative,ang
Ses02M_script03_2,Ses02M_script03_2_M,"You're a vile tempered, loose living, wicked little beast and I hope I never see you again as long as I live.",ang,negative,ang
Ses02M_script03_2,Ses02M_script03_2_F,"This is the end, do you hear? The end finally and forever.",ang,negative,ang
Ses02M_script03_2,Ses02M_script03_2_M,You're not going like this.,ang,negative,ang
Ses02M_script03_2,Ses02M_script03_2_F,Oh yes I am.,ang,negative,ang
Ses02M_script03_2,Ses02M_script03_2_M,You're not.,ang,negative,ang
Ses02M_script03_2,Ses02M_script03_2_F,"Yes, I am. Let go of me you're cruel fiend and I hate and loathe you. Thank God I realized who you really are before I would ever, ever marry you again. I would never marry you again. I'd rather die in torment.",ang,negative,ang
Ses02M_script03_2,Ses02M_script03_2_M,Shut up.,ang,negative,ang
Ses02M_script03_2,Ses02M_script03_2_M,Shut up.,ang,negative,ang
Ses02M_script03_2,Ses02M_script03_2_M,I wouldn't marry you again if you came to me on your bended knees. You're a evil minded little vampire. I hope to God I never see you again as long as I live.,ang,negative,ang
Ses02M_script03_2,Ses02M_script03_2_F,You're a beast. I hate you. Stop it. Stop it.,ang,negative,ang
Ses03F_impro01,Ses03F_impro01_F,"God, finally I got to the line, the front of the line. I've been waiting there for like half an hour.",,neutral,neu
Ses03F_impro01,Ses03F_impro01_F,[BREATHING] It's so hot in here. Hoo.,,neutral,neu
Ses03F_impro01,Ses03F_impro01_M,Yeah.,,neutral,neu
Ses03F_impro01,Ses03F_impro01_M,"Oh, um-",neu,neutral,neu
Ses03F_impro01,Ses03F_impro01_F,What's wrong?,neu,neutral,neu
Ses03F_impro01,Ses03F_impro01_M,"You didn't fill this out right. All right. It says that you have to fill out the back sheet of this, but you filled out the yellow sheet of it.",neu,neutral,neu
Ses03F_impro01,Ses03F_impro01_F,"No, no, no, no, no, no. The lady over there, she told me to fill out the front and she said to wait in this line.",fru,negative,fru
Ses03F_impro01,Ses03F_impro01_M,Who?,neu,neutral,neu
Ses03F_impro01,Ses03F_impro01_F,I don't know. Some lady. Sonya or something.,fru,negative,fru
Ses03F_impro01,Ses03F_impro01_M,She- she probably doesn't even work here.,neu,neutral,neu
Ses03F_impro01,Ses03F_impro01_F,"Excuse me? No, no. I waited in the line over there..",fru,negative,fru
Ses03F_impro01,Ses03F_impro01_M,All right Uh-,neu,neutral,neu
Ses03F_impro01,Ses03F_impro01_F,and she told me to come over here and she said to fill out everything on the application and I did that.,fru,negative,fru
Ses03F_impro01,Ses03F_impro01_M,It's not right.,fru,negative,fru
Ses03F_impro01,Ses03F_impro01_F,"Look, I-- No, no, no, I--you don't understand. I have to go back to work.",fru,negative,fru
Ses03F_impro01,Ses03F_impro01_M,You just take--all right.,fru,negative,fru
Ses03F_impro01,Ses03F_impro01_M,"Well, you didn't fill this paper at work out right and it's going to take another fifteen minutes to do it and look at how long the line we got here so just-",fru,negative,fru
Ses03F_impro01,Ses03F_impro01_F,I am not-,fru,negative,fru
Ses03F_impro01,Ses03F_impro01_M,"okay, just go back and fill it out real quick and I'm sorry, you have to get back in line and wait. I can't let you cut.",fru,negative,fru
Ses03F_impro01,Ses03F_impro01_F,But you don't understand. I cannot get back in line because I have to go back to work. I will get fired if I don't leave here.,fru,negative,fru
Ses03F_impro01,Ses03F_impro01_M,"Well, maybe you should have got here earlier than so you had a lot of time to do this.",,neutral,fru
Ses03F_impro01,Ses03F_impro01_F,But I was at work and the lady told me to come and work it and to stand in the line.,,neutral,fru
Ses03F_impro01,Ses03F_impro01_M,I don't know who this lady is.,,neutral,fru
Ses03F_impro01,Ses03F_impro01_F,[LAUGHTER],fru,negative,fru
Ses03F_impro02,Ses03F_impro02_F,"How's it going, babe?",neu,neutral,neu
Ses03F_impro02,Ses03F_impro02_F,Yeah?,neu,neutral,neu
Ses03F_impro02,Ses03F_impro02_M,All right.,neu,neutral,neu
Ses03F_impro02,Ses03F_impro02_F,Good.,,positive,neu
Ses03F_impro02,Ses03F_impro02_F,"Hey listen,eh- I've been wanting to talk to you. I have something to tell you. How's Amy doing?",,neutral,neu
Ses03F_impro02,Ses03F_impro02_M,She's doing fine. She just took her first steps today actually. I videotaped it for you so you can watch it.,hap,positive,hap
Ses03F_impro02,Ses03F_impro02_F,yeah.,,neutral,neu
Ses03F_impro02,Ses03F_impro02_F,oh.,exc,positive,exc
Ses03F_impro02,Ses03F_impro02_F,"I really want to say that. Well I, so, you know, at the center department they called me in and I talked to-",,neutral,exc
Ses03F_impro02,Ses03F_impro02_M,"Oh, yeah? What did they say?",,neutral,exc
Ses03F_impro02,Ses03F_impro02_F,Well umm- actually they--I was promoted.,exc,positive,exc
Ses03F_impro02,Ses03F_impro02_M,"Oh, wow. That's great.",,positive,exc
Ses03F_impro02,Ses03F_impro02_F,And Uh- Yeah. Uh- They're going to need um- more nurses on call for uh- to go overseas to help out with the war.,sad,negative,sad
Ses03F_impro02,Ses03F_impro02_F,"And uh - seeing as I was uh- promoted and head of the department now, and so- well, they asked me to go.",,neutral,sad
Ses03F_impro02,Ses03F_impro02_F,yeah.,sad,negative,sad
Ses03F_impro02,Ses03F_impro02_M,when?,,neutral,sad
Ses03F_impro02,Ses03F_impro02_F,It's going- It's going to be probably in about three weeks.,sad,negative,sad
Ses03F_impro02,Ses03F_impro02_M,What? You can't do that. Three weeks?,,neutral,sad
Ses03F_impro02,Ses03F_impro02_F,yeah,sad,negative,sad
Ses03F_impro02,Ses03F_impro02_F,"Well, I'm leaving in three weeks, but-- Yeah.",,neutral,sad
Ses03F_impro02,Ses03F_impro02_M,"God, we're supposed to take a look at a house next week.",fru,negative,fru
Ses03F_impro02,Ses03F_impro02_F,Maybe we can still do that,fru,negative,fru
Ses03F_impro02,Ses03F_impro02_M,"I can't- No, I can't do this alone.",ang,negative,ang
Ses03F_impro02,Ses03F_impro02_F,"Yeah, and uh--",sad,negative,sad
Ses03F_impro02,Ses03F_impro02_M,Amy's starting school in a month.,,neutral,fru
Ses03F_impro02,Ses03F_impro02_F,"I know, but look, I have to take this. I mean, if I don't, I mean, I could get fired.",fru,negative,fru
Ses03F_impro02,Ses03F_impro02_F,And we know you need-we need the money. We couldn't even- purchase a house if I didn't take this.,fru,negative,fru
Ses03F_impro02,Ses03F_impro02_M,God.,fru,negative,fru
Ses03F_impro02,Ses03F_impro02_M,You know what happened to my cousin. She went and she never came back.,fru,negative,fru
Ses03F_impro02,Ses03F_impro02_F,"Honey, I'm going to come back. It's not like that.",sad,negative,sad
Ses03F_impro02,Ses03F_impro02_F,But it- it is for a year.,sad,negative,sad
Ses03F_impro02,Ses03F_impro02_M,Oh,fru,negative,fru
Ses03F_impro02,Ses03F_impro02_F,"Babe, I'm sorry. But I don't want to do.",sad,negative,sad
Ses03F_impro02,Ses03F_impro02_M,I can't-,fru,negative,fru
Ses03F_impro02,Ses03F_impro02_F,"You know as much as -as much as me that I-I want to stay here with you and Amy so bad, but I can't.",sad,negative,sad
Ses03F_impro02,Ses03F_impro02_M,You remember the last time you went? You know how hard it was for me? Now we have a kid.,,neutral,sad
Ses03F_impro02,Ses03F_impro02_F,"But you're so good with her. You know, she knows you better than she knows me 'cause I'm at work every day.",fru,negative,fru
Ses03F_impro02,Ses03F_impro02_M,I have to work.,sad,negative,sad
Ses03F_impro02,Ses03F_impro02_M,[BREATHING],fru,negative,fru
Ses03F_impro02,Ses03F_impro02_F,"Babe, I love you.",sad,negative,sad
Ses03F_impro02,Ses03F_impro02_M,You can't leave your daughter alone like this.,sad,negative,sad
Ses03F_impro02,Ses03F_impro02_F,"But she has you. I mean, that's what you're there for. You're my right-hand man.",sad,negative,sad
Ses03F_impro02,Ses03F_impro02_F,It's going to be okay.,sad,negative,sad
Ses03F_impro02,Ses03F_impro02_M,You can't postpone it?,sad,negative,sad
Ses03F_impro02,Ses03F_impro02_F,"No, I have to go.",sad,negative,sad
Ses03F_impro02,Ses03F_impro02_F,"Wait, you can write me and as you know, send me pictures.",sad,negative,sad
Ses03F_impro02,Ses03F_impro02_M,I don't know if I can handle you going another year.,sad,negative,sad
Ses03F_impro02,Ses03F_impro02_F,What do you mean?,sad,negative,sad
Ses03F_impro02,Ses03F_impro02_M,I don't know if I- if I could take it.,sad,negative,sad
Ses03F_impro02,Ses03F_impro02_F,"Look, I need you to be strong for me. 'Cause I can't be the only one that's strong right now, really, I--",sad,negative,sad
Ses03F_impro02,Ses03F_impro02_M,I can't be that strong. A whole year.,sad,negative,sad
Ses03F_impro02,Ses03F_impro02_M,"me, oh my god.",sad,negative,sad
Ses03F_impro02,Ses03F_impro02_F,"But we can work, you know, we--you can write me and we could see pictures",,neutral,sad
Ses03F_impro02,Ses03F_impro02_M,What if you don't come back?,fru,negative,fru
Ses03F_impro02,Ses03F_impro02_F,"and if we survive, if we survive that then babe, you know you know we could survive any--",sad,negative,sad
Ses03F_impro02,Ses03F_impro02_F,I will come back.,sad,negative,sad
Ses03F_impro02,Ses03F_impro02_M,"What am I supposed--oh, one out of five people aren't coming back.",,neutral,sad
Ses03F_impro02,Ses03F_impro02_M,It doesn't look very good.,sad,negative,sad
Ses03F_impro02,Ses03F_impro02_F,I can do it. I'm going to do it. And I'll be back safe and sound and-,,neutral,sad
Ses03F_impro02,Ses03F_impro02_F,we'll have all the money that we ever needed.,sad,negative,sad
Ses03F_impro02,Ses03F_impro02_F,And- And then I'll stop working and- I'll stay home with the baby.,sad,negative,sad
Ses03F_impro02,Ses03F_impro02_M,I don't want the money. I want-you here,sad,negative,sad
Ses03F_impro02,Ses03F_impro02_M,"we'll get money, all right? You don't need the job, all right?",,neutral,sad
Ses03F_impro02,Ses03F_impro02_M,If your life is going to be in danger and this family is going to be in danger we don't need the job. We'll find the money.,ang,negative,ang
Ses03F_impro02,Ses03F_impro02_F,It's all I ever knew how to do. I can't quit now.,sad,negative,sad
Ses03F_impro02,Ses03F_impro02_M,How are we supposed to tell Amy? How's she supposed to understand that?,sad,negative,sad
Ses03F_impro02,Ses03F_impro02_F,"Well, we- we tell her mommy's going on va- on a trip for for- a while.",sad,negative,sad
Ses03F_impro02,Ses03F_impro02_M,"How is she going to feel the first year in school, no mom.",sad,negative,sad
Ses03F_impro02,Ses03F_impro02_F,Don't do that to me.,sad,negative,sad
Ses03F_impro02,Ses03F_impro02_F,"It's hard enough already, Brian, I can't.",sad,negative,sad
Ses03F_impro02,Ses03F_impro02_M,I'm not thinking about just me; I'm thinking about our child.,,neutral,sad
Ses03F_impro02,Ses03F_impro02_F,I know.,sad,negative,sad
Ses03F_impro02,Ses03F_impro02_F,"I didn't expect this to happen. I never planned for this. Some things you just don't plan for, you know.",sad,negative,sad
Ses03F_impro02,Ses03F_impro02_F,"I'm sorry, babe.",sad,negative,sad
Ses03F_impro02,Ses03F_impro02_F,I'm so sorry.,sad,negative,sad
Ses03F_impro02,Ses03F_impro02_M,"All right, then.",sad,negative,sad
Ses03F_impro03,Ses03F_impro03_M,"Oh, my God, look at that. Huh-oh, how many carats is that?",exc,positive,exc
Ses03F_impro03,Ses03F_impro03_F,"I know. [LAUGHTER]. Dude, I don't know. It's- Probably. It's huge. I don't even know how to like wear it. My hand is like going down like really low. I can't believe it.",,neutral,exc
Ses03F_impro03,Ses03F_impro03_M,Like eighteen? [LAUGHTER],exc,positive,exc
Ses03F_impro03,Ses03F_impro03_M,"Oh, Jesus.",exc,positive,exc
Ses03F_impro03,Ses03F_impro03_M,Is it-,,neutral,exc
Ses03F_impro03,Ses03F_impro03_F,"I- Yeah, it's-",,neutral,exc
Ses03F_impro03,Ses03F_impro03_M,So how did he do it?,,neutral,exc
Ses03F_impro03,Ses03F_impro03_F,"Oh, man. So I was--okay, so we went to go see this show on Broadway, right? And it was The wed- the wed- The Lousy Chaperone. Have you seen that one?",,neutral,exc
Ses03F_impro03,Ses03F_impro03_M,yeah [LAUGHTER],exc,positive,exc
Ses03F_impro03,Ses03F_impro03_M,"Yeah, The Lousy Chaperone. [LAUGHTER] Uh huh.",exc,positive,exc
Ses03F_impro03,Ses03F_impro03_F,"Right. Right. Right. So, and there's like a whole like wedding scene in it. All right, not the--Drowsy, Drowsy [LAUGHTER] --not the Lousy. [LAUGHTER]. Um - So Drowsy. So I go to see this Drowsy Chaperone. And uh-",,neutral,exc
Ses03F_impro03,Ses03F_impro03_M,[LAUGHTER] Uh- Drowsy.,exc,positive,exc
Ses03F_impro03,Ses03F_impro03_F,"at the end of the performance, you know, like we're all clapping and stuff. And all of a sudden I look over and",exc,positive,exc
Ses03F_impro03,Ses03F_impro03_F,"Joe's gone. -where did he go, you know?",exc,positive,exc
Ses03F_impro03,Ses03F_impro03_M,Uh huh. Oh-,,neutral,exc
Ses03F_impro03,Ses03F_impro03_F,"And I'm like oh, he went to the- -the bathroom, but he didn't tell me, I didn't even notice him leaving. And all of a sudden, I swear to God, I'm sitting there and-",exc,positive,exc
Ses03F_impro03,Ses03F_impro03_F,he comes up onstage-- And the entire cast everyone just like,exc,positive,exc
Ses03F_impro03,Ses03F_impro03_M,oh-,,neutral,exc
Ses03F_impro03,Ses03F_impro03_F,goes up there and everyone's clapping and he's standing there and they put a spotlight on him.,exc,positive,exc
Ses03F_impro03,Ses03F_impro03_M,"Oh, my God.",exc,positive,exc
Ses03F_impro03,Ses03F_impro03_F,"And I'm like freaking out. I'm like what the hell's going on, you know. I don't know what's going on. And so he's like standing there and then all of a sudden they give him a microphone-",exc,positive,exc
Ses03F_impro03,Ses03F_impro03_F,and he just starts doing like this little spiel about me and like,,neutral,exc
Ses03F_impro03,Ses03F_impro03_F,"he asked me to marry him, like- onstage. I was like, I couldn't believe--and I had to walk up there and I was, like I think I tripped or something.",exc,positive,exc
Ses03F_impro03,Ses03F_impro03_M,Are you kidding me?,,neutral,exc
Ses03F_impro03,Ses03F_impro03_M,"Wha- What'd you say? You said yes, right? [LAUGHTER]",,neutral,exc
Ses03F_impro03,Ses03F_impro03_F,"Yeah, I said yes, but I, yeah, I mean,",exc,positive,exc
Ses03F_impro03,Ses03F_impro03_F,"I don't know- it just like took me, took me by surprise.",exc,positive,exc
Ses03F_impro03,Ses03F_impro03_F,He scored points.,hap,positive,hap
Ses03F_impro03,Ses03F_impro03_M,Did you get a standing ovation?,,neutral,exc
Ses03F_impro03,Ses03F_impro03_F,"Oh, yeah. Everyone--yeah. And people--friends of ours were in the audience, I didn't know about, like family members.",hap,positive,hap
Ses03F_impro03,Ses03F_impro03_F,Yeah. It was great.,exc,positive,exc
Ses03F_impro03,Ses03F_impro03_M,Are you serious?,,neutral,exc
Ses03F_impro03,Ses03F_impro03_F,"It was--I cried,",exc,positive,exc
Ses03F_impro03,Ses03F_impro03_M,"No, you deserve to cry. I mean, tears of happiness.",hap,positive,hap
Ses03F_impro03,Ses03F_impro03_F,"like a loser, I cried.",hap,positive,hap
Ses03F_impro03,Ses03F_impro03_F,"But, I don't know, I--it's so weird to think I'm marrying somebody 'cause I feel so young, you know?",hap,positive,hap
Ses03F_impro03,Ses03F_impro03_M,So where- where- where is this--have you talked about where it's going to be?,,neutral,hap
Ses03F_impro03,Ses03F_impro03_F,No. No plans. or any- and probably,hap,positive,hap
Ses03F_impro03,Ses03F_impro03_F,"like I think I want to get married--I want to have two weddings. One here, then one in Europe.",hap,positive,hap
Ses03F_impro03,Ses03F_impro03_M,Hawaii? No.,,neutral,hap
Ses03F_impro03,Ses03F_impro03_F,No. Hawaii's for honeymoons. But uh--,,neutral,hap
Ses03F_impro03,Ses03F_impro03_M,Oh. Like Paris? On the Eiffel Tower?,,neutral,hap
Ses03F_impro03,Ses03F_impro03_F,"Oh, maybe. I don't know. I've been there so many times. I think it's--we're going to get married in Spain and then we're going to get married here.",,neutral,hap
Ses03F_impro03,Ses03F_impro03_M,He's rich enough. Maybe you can rent out the Eiffel Tower for your--,,neutral,hap
Ses03F_impro03,Ses03F_impro03_M,"Oh, Jesus.",,neutral,hap
Ses03F_impro03,Ses03F_impro03_M,That's awesome. [LAUGHTER] Marriage.,exc,positive,exc
Ses03F_impro03,Ses03F_impro03_F,Yeah. I'm so excited. [LAUGHTER].,exc,positive,exc
Ses03F_impro04,Ses03F_impro04_F,"I don't know, Brian, if they uh--it's been three years.",fru,negative,fru
Ses03F_impro04,Ses03F_impro04_M,"Hey, you just got to keep on going.",neu,neutral,neu
Ses03F_impro04,Ses03F_impro04_F,"No, I don't know, I--maybe this isn't for me. You know, maybe this isn't the right business for me.",fru,negative,fru
Ses03F_impro04,Ses03F_impro04_M,"No, don't think like that.",neu,neutral,neu
Ses03F_impro04,Ses03F_impro04_F,"I just, I see all these other people getting commercials and work and it's like I'm not getting anything.",sad,negative,sad
Ses03F_impro04,Ses03F_impro04_F,I have no money behind me. Nothing. I'm twenty five and--,fru,negative,fru
Ses03F_impro04,Ses03F_impro04_M,Russel Crowe wasn't forty until he got his big stuff.,neu,neutral,neu
Ses03F_impro04,Ses03F_impro04_M,"If you really want to do it-I mean,",neu,neutral,neu
Ses03F_impro04,Ses03F_impro04_F,So I'll have to wait twenty five years-,fru,negative,fru
Ses03F_impro04,Ses03F_impro04_M,you got to do.,neu,neutral,neu
Ses03F_impro04,Ses03F_impro04_F,"-just going and auditioning and auditioning and rejection after refection, it's like--",fru,negative,fru
Ses03F_impro04,Ses03F_impro04_M,You could. You could. We just--,neu,neutral,neu
Ses03F_impro04,Ses03F_impro04_M,we're just pooling our funds together.,neu,neutral,neu
Ses03F_impro04,Ses03F_impro04_F,"I know, I just don't know if I can handle it. I mean, you're helping me so much financially it's like I can't survive on my own without you. I don't like that.",fru,negative,fru
Ses03F_impro04,Ses03F_impro04_M,You don't owe me anything.,neu,neutral,neu
Ses03F_impro04,Ses03F_impro04_F,I feel like I'm not doing anything. Like I'm not giving anything into this world.,fru,negative,fru
Ses03F_impro04,Ses03F_impro04_M,"You are, you're going to class, you're learning, you're getting better. When you finally get that role you're going to be prepared.",neu,neutral,neu
Ses03F_impro04,Ses03F_impro04_F,"Yeah, but what if I never make it? What if I studied all my life, this theatre, this acting, and I'm never going to get anywhere. I'm never going to be able to have a job.",fru,negative,fru
Ses03F_impro04,Ses03F_impro04_M,"Oh my God, Anna, you're still young. Don't even think about that.",neu,neutral,neu
Ses03F_impro04,Ses03F_impro04_F,Time is passing by. Every year it's,fru,negative,fru
Ses03F_impro04,Ses03F_impro04_F,a part left than I can do.,fru,negative,fru
Ses03F_impro04,Ses03F_impro04_M,"You're only twenty five, okay? Some people don't start until they're thirty five.",neu,neutral,neu
Ses03F_impro04,Ses03F_impro04_F,Really?,,neutral,fru
Ses03F_impro04,Ses03F_impro04_M,Yeah.,neu,neutral,neu
Ses03F_impro04,Ses03F_impro04_F,"I don't know, I just [BREATHING] I get frustrated",fru,negative,fru
Ses03F_impro04,Ses03F_impro04_M,What would you do- What would you do if you didn't? You can go to law school.,neu,neutral,neu
Ses03F_impro04,Ses03F_impro04_F,That's the thing. I don't know. I don't know anything.,fru,negative,fru
Ses03F_impro04,Ses03F_impro04_F,Law school? Maybe.,fru,negative,fru
Ses03F_impro04,Ses03F_impro04_F,"I don't know. I don't know anything other than this, though, is the problem. This is my life. This is what I built everything about, you know.",,neutral,neu
Ses03F_impro04,Ses03F_impro04_M,See? So you can't just quit now.,neu,neutral,neu
Ses03F_impro04,Ses03F_impro04_F,"I mean, I could go to law school, but I'm just not passionate about it, you know? Like I'm not--it doesn't drive me, it doesn't motivate me. I--",,neutral,fru
Ses03F_impro04,Ses03F_impro04_M,Have you been going to auditions and stuff?,neu,neutral,neu
Ses03F_impro04,Ses03F_impro04_F,"Yeah. I mean, I get a call-back and stuff, but-",fru,negative,fru
Ses03F_impro04,Ses03F_impro04_F,"I just, I need a break. I need something to break me out.",fru,negative,fru
Ses03F_impro04,Ses03F_impro04_M,How's the job? Still waiting tables at Denny's?,neu,neutral,neu
Ses03F_impro04,Ses03F_impro04_F,Yeah. Unfortunately.,,neutral,fru
Ses03F_impro04,Ses03F_impro04_F,"Yeah, so I go to--get an education for four years and I'm waiting tables at Denny's.",,neutral,fru
Ses03F_impro04,Ses03F_impro04_M,"Well, they tip well.",neu,neutral,neu
Ses03F_impro04,Ses03F_impro04_F,[BREATHING] Brian-,fru,negative,fru
Ses03F_impro04,Ses03F_impro04_F,it's not funny. I just don't know what I'm going to do.,sad,negative,sad
Ses03F_impro04,Ses03F_impro04_M,Maybe you could start teaching. I don't know.,neu,neutral,neu
Ses03F_impro04,Ses03F_impro04_F,"Yeah, I guess I could.",sad,negative,sad
Ses03F_impro04,Ses03F_impro04_M,"Go back to school. You know? Another three more years, get your master's.",neu,neutral,neu
Ses03F_impro04,Ses03F_impro04_F,Yeah,sad,negative,sad
Ses03F_impro04,Ses03F_impro04_M,"Close to thirty. Oof, it's going to be tough.",neu,neutral,neu
Ses03F_impro04,Ses03F_impro04_F,Thanks.,,neutral,neu
Ses03F_impro04,Ses03F_impro04_M,[LAUGHTER],,neutral,neu
Ses03F_impro04,Ses03F_impro04_F,[BREATHING],fru,negative,fru
Ses03F_impro05,Ses03F_impro05_F,"Look sir, I've been waiting for about an hour and my luggage still hasn't come. What's going on?",fru,negative,fru
Ses03F_impro05,Ses03F_impro05_M,"I'm sorry, Mrs. Rosenkrantz, but uh- I don't know what to tell you.",fru,negative,fru
Ses03F_impro05,Ses03F_impro05_F,"What do you mean, you don't know what to tell me? I have two luggage that I've been coming--they're coming--from France and I need them here. I'm home now. I need to go start working.",fru,negative,fru
Ses03F_impro05,Ses03F_impro05_M,Did you- Did you check with the lost and found?,fru,negative,fru
Ses03F_impro05,Ses03F_impro05_F,"Where? I don't know. The lost and found. What do you mean, lost and found?",ang,negative,ang
Ses03F_impro05,Ses03F_impro05_F,I had my luggage transferred here from Paris to L.A. and now I'm here and I need to be working and I have all my stuff in there.,fru,negative,fru
Ses03F_impro05,Ses03F_impro05_M,"Maybe it got lost. Did you think about that, mom?",fru,negative,fru
Ses03F_impro05,Ses03F_impro05_F,"Well, that's what I'm asking you. What--I don't know what happened to it.",fru,negative,fru
Ses03F_impro05,Ses03F_impro05_M,"Oh, not--we didn't lose it; maybe the airport lost it. Maybe someone stole it.",neu,neutral,neu
Ses03F_impro05,Ses03F_impro05_F,"Wait, sir. You're- You're completely not--what do you mean, stole it? How can they just steal it from an airplane? It was up in the air?",ang,negative,ang
Ses03F_impro05,Ses03F_impro05_M,"No, I mean, maybe in the little--going around thingy thing where bopper stole it from there.",fru,negative,fru
Ses03F_impro05,Ses03F_impro05_F,Okay. All I know is that I am supposed to have my language here right now. Right now. And it's not there. And you're supposed to help me because you work at the airport. So give me my luggage or tell me where the hell it is.,fru,negative,fru
Ses03F_impro05,Ses03F_impro05_M,Okay. What can we do is we can get your name and information and if it shows up we can send it to you so-- Wherever you stay,fru,negative,fru
Ses03F_impro05,Ses03F_impro05_F,"What do you mean, if it shows up? No, I need it now. I have my keys, I have my wallet, I have my money. I have thousands and thousands of dollars worth of stuff in there.",ang,negative,ang
Ses03F_impro05,Ses03F_impro05_F,Not to mention I have my work in there.,ang,negative,ang
Ses03F_impro05,Ses03F_impro05_M,"Well, I'll have you fill out some paperwork and see if you can get started on something.",fru,negative,fru
Ses03F_impro05,Ses03F_impro05_F,"And what if- what if it is lost? Well, what are you guys going to do for me?",ang,negative,ang
Ses03F_impro05,Ses03F_impro05_M,"You know, we'll file a complaint and we could possibly, you know, replace some of the things. I think-",,neutral,ang
Ses03F_impro05,Ses03F_impro05_M,and when you sign your ticket we could replace about fifteen percent of what's in the bag.,neu,neutral,neu
Ses03F_impro05,Ses03F_impro05_F,Fifteen percent?,ang,negative,ang
Ses03F_impro05,Ses03F_impro05_M,Up to a limit of twenty five dollars.,neu,neutral,neu
Ses03F_impro05,Ses03F_impro05_F,What? There- There's hundreds of thousands of dollars worth of stuff in there.,ang,negative,ang
Ses03F_impro05,Ses03F_impro05_M,"Whoa, maybe you should uh- have thought of a better way to send it than just in a bag, hmm? Did you think about that?",fru,negative,fru
Ses03F_impro05,Ses03F_impro05_F,"No, no, no. You don't understand. This is--these are my belongings in the luggage. And I went to Paris.",fru,negative,fru
Ses03F_impro05,Ses03F_impro05_F,"Sir, why are you laughing at me? This isn't funny.",fru,negative,fru
Ses03F_impro05,Ses03F_impro05_M,"I think that's kind of stupid, that you put a hundred thousands of dollars in the bag.",neu,neutral,neu
Ses03F_impro05,Ses03F_impro05_F,"Well I'm sorry, if I--no, it's not stupid. You are supposed to have my luggage.",,neutral,fru
Ses03F_impro05,Ses03F_impro05_M,Did you lock- Did you lock it even? You probably didn't even lock it.,fru,negative,fru
Ses03F_impro05,Ses03F_impro05_F,"No, they said I couldn't lock it.",ang,negative,ang
Ses03F_impro05,Ses03F_impro05_M,"[LAUGHTER], That's what they say.",,neutral,fru
Ses03F_impro05,Ses03F_impro05_F,Give me--I'm going to talk to your supervisor. Give me your supervisor. I want to talk to your supervisor right now.,ang,negative,ang
Ses03F_impro05,Ses03F_impro05_M,"Okay, let me get him.Oh, guess who the supervisor is? It's me.",neu,neutral,neu
Ses03F_impro05,Ses03F_impro05_M,"What, do you have questions?",neu,neutral,neu
Ses03F_impro05,Ses03F_impro05_F,"Well, get- I want the C.E.O. then.",ang,negative,ang
Ses03F_impro06,Ses03F_impro06_M,How you doing?,neu,neutral,neu
Ses03F_impro06,Ses03F_impro06_F,Okay.,sad,negative,sad
Ses03F_impro06,Ses03F_impro06_F,Yeah. Wow.,sad,negative,sad
Ses03F_impro06,Ses03F_impro06_M,We're all going to miss him.,neu,neutral,neu
Ses03F_impro06,Ses03F_impro06_F,"Mmm hmm. I never knew it was going to be this hard, you know.",sad,negative,sad
Ses03F_impro06,Ses03F_impro06_F,It's weird 'cause it's like you expected it to happen and eventually-,sad,negative,sad
Ses03F_impro06,Ses03F_impro06_F,"he had cancer, you know?",sad,negative,sad
Ses03F_impro06,Ses03F_impro06_M,"Mmm, Hmm.",,neutral,sad
Ses03F_impro06,Ses03F_impro06_F,"They thought he got--would get better and he did, and then it just- things turned bad.",sad,negative,sad
Ses03F_impro06,Ses03F_impro06_F,"Turned around for the worst, you know.",sad,negative,sad
Ses03F_impro06,Ses03F_impro06_M,"I didn't know him, Tricia, but uh- I heard that he was a great man.",sad,negative,sad
Ses03F_impro06,Ses03F_impro06_F,He was amazing.,sad,negative,sad
Ses03F_impro06,Ses03F_impro06_F,I loved that boy.,sad,negative,sad
Ses03F_impro06,Ses03F_impro06_F,"We did everything together, you know.",sad,negative,sad
Ses03F_impro06,Ses03F_impro06_F,"It's weird, I think. I feel so alone, you know? What am I going to do now? Now that he's gone.",sad,negative,sad
Ses03F_impro06,Ses03F_impro06_F,He's so young. It seems so--,sad,negative,sad
Ses03F_impro06,Ses03F_impro06_F,so wrong in so many ways.,sad,negative,sad
Ses03F_impro06,Ses03F_impro06_F,"His poor parents. You know, it's their only son.",sad,negative,sad
Ses03F_impro06,Ses03F_impro06_M,yeah.,neu,neutral,neu
Ses03F_impro06,Ses03F_impro06_F,"Kind of a whole year. I mean, he suffered with this, this monster, this thing, this disease.",sad,negative,sad
Ses03F_impro06,Ses03F_impro06_M,"He was in chemo the whole time, right?",sad,negative,sad
Ses03F_impro06,Ses03F_impro06_F,Yeah.,,neutral,sad
Ses03F_impro06,Ses03F_impro06_M,And he just got that baseball scholarship.,sad,negative,sad
Ses03F_impro06,Ses03F_impro06_F,"I know. He was, he had so much going for him.",sad,negative,sad
Ses03F_impro06,Ses03F_impro06_F,"So handsome, so young, so gifted.",sad,negative,sad
Ses03F_impro06,Ses03F_impro06_F,So talented.,sad,negative,sad
Ses03F_impro06,Ses03F_impro06_F,"Such a sweet person, you know?",sad,negative,sad
Ses03F_impro06,Ses03F_impro06_M,How's his parents doing?,sad,negative,sad
Ses03F_impro06,Ses03F_impro06_F,Not very good.,sad,negative,sad
Ses03F_impro06,Ses03F_impro06_F,"Can you imagine, though, you know, as a parent, just losing a kid? Twenty-two years old.",sad,negative,sad
Ses03F_impro06,Ses03F_impro06_F,"It's weird, I kind of feel like part of me is gone now, you know?",sad,negative,sad
Ses03F_impro06,Ses03F_impro06_F,Because this other half was just kind of like ripped away.,sad,negative,sad
Ses03F_impro06,Ses03F_impro06_M,"You guys were pretty close, weren't you?",sad,negative,sad
Ses03F_impro06,Ses03F_impro06_F,"He was like, he was like my brother, you know.",sad,negative,sad
Ses03F_impro06,Ses03F_impro06_F,He was my brother.,sad,negative,sad
Ses03F_impro06,Ses03F_impro06_F,"Just seems so unfair, is the way it is.",sad,negative,sad
Ses03F_impro06,Ses03F_impro06_F,"You know, he had that really pretty girlfriend for like about a year and-",sad,negative,sad
Ses03F_impro06,Ses03F_impro06_M,What was her name?,sad,negative,sad
Ses03F_impro06,Ses03F_impro06_F,Kelly. Kelly Uveny.,sad,negative,sad
Ses03F_impro06,Ses03F_impro06_M,Kelly.,,neutral,sad
Ses03F_impro06,Ses03F_impro06_F,They talked about getting married and--,sad,negative,sad
Ses03F_impro06,Ses03F_impro06_M,Trying to have a baby.,sad,negative,sad
Ses03F_impro06,Ses03F_impro06_F,"Yeah. But then when he got cancer and it got bad, you know, she just took off and-",sad,negative,sad
Ses03F_impro06,Ses03F_impro06_F,so I was there for him.,sad,negative,sad
Ses03F_impro06,Ses03F_impro06_M,Some people.,sad,negative,sad
Ses03F_impro06,Ses03F_impro06_M,"Yeah, but you were there all the hospital days. By his bed-",sad,negative,sad
Ses03F_impro06,Ses03F_impro06_F,"Yeah. God, I loved that kid.",sad,negative,sad
Ses03F_impro06,Ses03F_impro06_M,"So nice, so positive.",sad,negative,sad
Ses03F_impro06,Ses03F_impro06_F,yeah.,sad,negative,sad
Ses03F_impro06,Ses03F_impro06_M,We need more people like him.,sad,negative,sad
Ses03F_impro06,Ses03F_impro06_F,"Joe, do you think he knew I loved him?",sad,negative,sad
Ses03F_impro06,Ses03F_impro06_M,I don't know.,sad,negative,sad
Ses03F_impro06,Ses03F_impro06_F,"I never told him, I love you, but-",sad,negative,sad
Ses03F_impro06,Ses03F_impro06_F,I loved him so much.,sad,negative,sad
Ses03F_impro06,Ses03F_impro06_M,I don't know if Benny was smart like that- but-,sad,negative,sad
Ses03F_impro06,Ses03F_impro06_M,I'm sure he loved you too. He just didn't know it.,sad,negative,sad
Ses03F_impro06,Ses03F_impro06_F,"Yeah, man.",,neutral,sad
Ses03F_impro07,Ses03F_impro07_M,"Hey, Isabella.",neu,neutral,neu
Ses03F_impro07,Ses03F_impro07_F,"Hey, how's it going, Joe?",,neutral,neu
Ses03F_impro07,Ses03F_impro07_M,I'm all right.,neu,neutral,neu
Ses03F_impro07,Ses03F_impro07_F,"Uh-, So I got some good news.",hap,positive,hap
Ses03F_impro07,Ses03F_impro07_M,Yeah?,,neutral,neu
Ses03F_impro07,Ses03F_impro07_F,Yep.,,neutral,neu
Ses03F_impro07,Ses03F_impro07_M,You're not pregnant or anything.,neu,neutral,neu
Ses03F_impro07,Ses03F_impro07_F,Pregnant? What are you talking about? No.,,neutral,neu
Ses03F_impro07,Ses03F_impro07_M,"I know you've been trying to have a baby, right?",neu,neutral,neu
Ses03F_impro07,Ses03F_impro07_F,I have some better news than that.,hap,positive,hap
Ses03F_impro07,Ses03F_impro07_M,"Oh, really?",,neutral,neu
Ses03F_impro07,Ses03F_impro07_F,"Yes, What would you want more than anything in this world?",hap,positive,hap
Ses03F_impro07,Ses03F_impro07_M,A chocolate cake?,,neutral,hap
Ses03F_impro07,Ses03F_impro07_F,How about maybe for me to possibly stay in L.A.?,,neutral,hap
Ses03F_impro07,Ses03F_impro07_M,"Oh, wow. You got in?",,neutral,hap
Ses03F_impro07,Ses03F_impro07_M,Which one?,exc,positive,exc
Ses03F_impro07,Ses03F_impro07_F,"I got--U.S.C.. I got- Yeah, I got the acceptance letter.",exc,positive,exc
Ses03F_impro07,Ses03F_impro07_M,oh really?,,neutral,exc
Ses03F_impro07,Ses03F_impro07_M,You got in? Wow.,,neutral,exc
Ses03F_impro07,Ses03F_impro07_F,"Yes, me, I got in. Thank you very much.",exc,positive,exc
Ses03F_impro07,Ses03F_impro07_M,Good for you.,exc,positive,exc
Ses03F_impro07,Ses03F_impro07_F,"Yeah, I know, my mom called me. I was with my girlfriend in Boston, and uh- she got the letter and she called me, she said I don't know, do you want me to open it? And I was like yes, open it. And she opened it and she goes oh, I'm sorry, Nat.",exc,positive,exc
Ses03F_impro07,Ses03F_impro07_F,"And I was like what? She's like, you know, you didn't get in. Totally plays it off. Like I didn't get in. And I'm like, I start almost crying.",,neutral,exc
Ses03F_impro07,Ses03F_impro07_M,"Uh-huh, uh-huh.",,neutral,exc
Ses03F_impro07,Ses03F_impro07_F,"And my mom was like Natalie, Natalie, it's [GARBAGE], you know-",exc,positive,exc
Ses03F_impro07,Ses03F_impro07_M,oh yeah.,neu,neutral,neu
Ses03F_impro07,Ses03F_impro07_F,"and so, I mean, I got in.",hap,positive,hap
Ses03F_impro07,Ses03F_impro07_M,"Oh, Jesus. That is so amazing.",exc,positive,exc
Ses03F_impro07,Ses03F_impro07_F,So now I can stay here and now we can party. I know.,hap,positive,hap
Ses03F_impro07,Ses03F_impro07_M,Party. You want to get drunk tonight?,exc,positive,exc
Ses03F_impro07,Ses03F_impro07_F,"Yeah, why not.",exc,positive,exc
Ses03F_impro07,Ses03F_impro07_M,"Yeah, we're going to celebrate.",exc,positive,exc
Ses03F_impro07,Ses03F_impro07_F,"We're not twenty one yet, but whatever.",neu,neutral,neu
Ses03F_impro07,Ses03F_impro07_M,"Yeah, I'm only eighteen so it's--go get drunk.",,neutral,exc
Ses03F_impro07,Ses03F_impro07_F,"[LAUGHTER]. I'm so excited, Joe. Oh, man, I-- And I got in--I got into the school of theatre, so it's like-",exc,positive,exc
Ses03F_impro07,Ses03F_impro07_M,Shit. That's-,,neutral,exc
Ses03F_impro07,Ses03F_impro07_M,"Oh, my God. That's--I heard it's top five-- --in the Grauman scale or something.",,neutral,exc
Ses03F_impro07,Ses03F_impro07_F,Yeah. It's really cool.,hap,positive,hap
Ses03F_impro07,Ses03F_impro07_F,Yeah.,,neutral,exc
Ses03F_impro07,Ses03F_impro07_F,Top five in the nation.,hap,positive,hap
Ses03F_impro07,Ses03F_impro07_M,Who-whooooo. Miss Acti- Acting Pants.,exc,positive,exc
Ses03F_impro07,Ses03F_impro07_F,"Acting Pants? So what are you going to do? Are you--you're be--you're going to stay here, right?",exc,positive,exc
Ses03F_impro07,Ses03F_impro07_M,Acti- acting pants.,,neutral,exc
Ses03F_impro07,Ses03F_impro07_M,I got into film school at the Art Academy.,neu,neutral,neu
Ses03F_impro07,Ses03F_impro07_F,Awesome. We're both going to be in L.A.,exc,positive,exc
Ses03F_impro07,Ses03F_impro07_M,Uh-huh.,,neutral,exc
Ses03F_impro07,Ses03F_impro07_M,So I'm going to be--yeah. I'm going to make films; you're going to be in them.,exc,positive,exc
Ses03F_impro07,Ses03F_impro07_F,"I'm so excited. Yeah, I thought I was going to go to Boston, but then--",exc,positive,exc
Ses03F_impro07,Ses03F_impro07_M,Fuck Boston.,neu,neutral,neu
Ses03F_impro07,Ses03F_impro07_F,"Oh man, I'm so excited. So much to do.",hap,positive,hap
Ses03F_impro07,Ses03F_impro07_M,Boston smells bad. L.A. is so much cooler.,,negative,hap
Ses03F_impro07,Ses03F_impro07_F,"There's so much culture here, you know? It's just like-- --all great restaurants and-",,positive,hap
Ses03F_impro07,Ses03F_impro07_M,Yeah.,,neutral,hap
Ses03F_impro07,Ses03F_impro07_F,I'm just so excited to start my life.,hap,positive,hap
Ses03F_impro07,Ses03F_impro07_M,We should uh- go to Little Ethiopia.,neu,neutral,neu
Ses03F_impro07,Ses03F_impro07_F,"Oh, and you sit down and you have the sponge bread-- --and eat the--drink the beer. Ugh, I love that stuff. I'm so excited.",exc,positive,exc
Ses03F_impro07,Ses03F_impro07_M,Yeah.,,neutral,exc
Ses03F_impro07,Ses03F_impro07_F,Are you going to come stay in my dorm with me sometime?,exc,positive,exc
Ses03F_impro07,Ses03F_impro07_M,"Hell, yeah. Pass out.",exc,positive,exc
Ses03F_impro07,Ses03F_impro07_F,Yeah. I'll get like one of those little--,exc,positive,exc
Ses03F_impro07,Ses03F_impro07_F,Yeah. Those little-- --mattresses. I'll put it by my bed.,exc,positive,exc
Ses03F_impro07,Ses03F_impro07_M,-drunk.,exc,positive,exc
Ses03F_impro07,Ses03F_impro07_M,"No, I'll sleep in your bed. Cuddle up.",exc,positive,exc
Ses03F_impro07,Ses03F_impro07_F,"Oh, I don't think so. Hmm-mm. No.",,neutral,exc
Ses03F_impro07,Ses03F_impro07_M,Uh-oh.,exc,positive,exc
Ses03F_impro07,Ses03F_impro07_F,That's going to--that'll be reserved for somebody else.,neu,neutral,neu
Ses03F_impro07,Ses03F_impro07_M,"Oh, hey. Freshman slut. That's you gona need.",,neutral,exc
Ses03F_impro07,Ses03F_impro07_F,[LAUGHTER] Hello? I am not.,hap,positive,hap
Ses03F_impro07,Ses03F_impro07_M,"That's what you got to be though, freshman year.",,neutral,neu
Ses03F_impro07,Ses03F_impro07_F,"No, I don't. I'm not like that.",,neutral,exc
Ses03F_impro07,Ses03F_impro07_M,Yeah.,exc,positive,exc
Ses03F_impro07,Ses03F_impro07_M,"Well, get used to it.",neu,neutral,neu
Ses03F_impro07,Ses03F_impro07_F,"[LAUGHTER]. No, you'd get used to it.",hap,positive,hap
Ses03F_impro07,Ses03F_impro07_M,"Hey, I'm already getting used to it.",hap,positive,hap
Ses03F_impro07,Ses03F_impro07_F,"[LAUGHTER]. Oh, Joe, I'm so happy.",hap,positive,hap
Ses03F_impro07,Ses03F_impro07_M,"Me too, Isabella.",hap,positive,hap
Ses03F_impro08,Ses03F_impro08_M,"Hey, you stupid dumb shit machine, give me a fucking operator, huh?",ang,negative,ang
Ses03F_impro08,Ses03F_impro08_F,"Hello sir, can I help you?",neu,neutral,neu
Ses03F_impro08,Ses03F_impro08_M,"Yeah, I've been on the-with the machine for like thirty minutes--",,neutral,neu
Ses03F_impro08,Ses03F_impro08_M,"trying to get an answer, and no one's given me an answer. So what are you going to do about it?",,neutral,neu
Ses03F_impro08,Ses03F_impro08_F,I [GARBAGE],neu,neutral,neu
Ses03F_impro08,Ses03F_impro08_F,"Yes, sir, I'm very sorry, but we've had some trouble here. There's been a lot of calls and the system has-",neu,neutral,neu
Ses03F_impro08,Ses03F_impro08_M,"Fuck, do you think I have all day? Jesus",,neutral,neu
Ses03F_impro08,Ses03F_impro08_F,"Sir, please calm down. There's no reason to use profanity like that. It's not-",neu,neutral,neu
Ses03F_impro08,Ses03F_impro08_M,"Fine, sorry. Okay, my phone's been on the fritz for like three days. I can't get any incoming calls. What- What is going on?",fru,negative,fru
Ses03F_impro08,Ses03F_impro08_F,"Okay, and this is for Verizon? Your provider?",neu,neutral,neu
Ses03F_impro08,Ses03F_impro08_M,Yeah.,,neutral,neu
Ses03F_impro08,Ses03F_impro08_F,"Well, um- we have a little problem with the system going on. One of our satellites is down, and I-",neu,neutral,neu
Ses03F_impro08,Ses03F_impro08_M,You know what? I'm just going to- Patient? I'm a busy man.,ang,negative,ang
Ses03F_impro08,Ses03F_impro08_F,"You're going to have to just be patient with us, sir, as we",neu,neutral,neu
Ses03F_impro08,Ses03F_impro08_F,"Well, I know sir, and we all are busy.",neu,neutral,neu
Ses03F_impro08,Ses03F_impro08_F,But I'm going to definitely have to- uh--get your contact information,neu,neutral,neu
Ses03F_impro08,Ses03F_impro08_M,"-have to, have to what?",ang,negative,ang
Ses03F_impro08,Ses03F_impro08_M,What? It's my phone. You can't even call me on it. I don't have another phone.,ang,negative,ang
Ses03F_impro08,Ses03F_impro08_F,"Well, I don't-",,neutral,neu
Ses03F_impro08,Ses03F_impro08_F,"Okay, well, if you would like, um- we will be turning on the systems in probably about ten hours.",neu,neutral,neu
Ses03F_impro08,Ses03F_impro08_M,What? Are you kidding me?,ang,negative,ang
Ses03F_impro08,Ses03F_impro08_F,"Sir, I'm very sorry, but this is the way it is. This- We have no control over it. It's going to take- -but you have to be patient with us. You can use a calling card. We will give you a free calling card to use.",neu,neutral,neu
Ses03F_impro08,Ses03F_impro08_M,"Oh, my God.",ang,negative,ang
Ses03F_impro08,Ses03F_impro08_M,I- I'm going to kill myself right now.,ang,negative,ang
Ses03F_impro08,Ses03F_impro08_M,A free calling card?,ang,negative,ang
Ses03F_impro08,Ses03F_impro08_F,"Do you have a land line, sir?",neu,neutral,neu
Ses03F_impro08,Ses03F_impro08_M,"No, I don't have a land line.",,neutral,ang
Ses03F_impro08,Ses03F_impro08_F,"Okay, well, we will send you- We will reimburse you for the amount of minutes that you-",neu,neutral,neu
Ses03F_impro08,Ses03F_impro08_F,-on average would use.,neu,neutral,neu
Ses03F_impro08,Ses03F_impro08_M,"That's it? Okay, yeah. What else?",ang,negative,ang
Ses03F_impro08,Ses03F_impro08_F,"And we will probably send you a calling card. I'm very sorry. You're just going to have to be patient, sir.",neu,neutral,neu
Ses03F_impro08,Ses03F_impro08_M,"Okay, I need more than this. Are you going to give me a little bit more?",ang,negative,ang
Ses03F_impro08,Ses03F_impro08_F,"No, we don't just give you things. We're- we're-",neu,neutral,neu
Ses03F_impro08,Ses03F_impro08_F,we compensating you for all your-,neu,neutral,neu
Ses03F_impro08,Ses03F_impro08_M,So you take things from me and you expect me just to wait around.,fru,negative,fru
Ses03F_impro08,Ses03F_impro08_F,"No no, we're not taking anything from you sir. This is- This is unbeknownst to us. The problem had just happened.",fru,negative,fru
Ses03F_impro08,Ses03F_impro08_F,The satellite-is down in your area.,fru,negative,fru
Ses03F_impro08,Ses03F_impro08_M,"Okay, so you think you're going to- -get me back some minutes, and that's going to make up for three days of business that I lost? Okay, great.",fru,negative,fru
Ses03F_impro08,Ses03F_impro08_F,"No, three days, sir. It's not three days. It's- It's only been about a day now. Let's not exaggerate.",fru,negative,fru
Ses03F_impro08,Ses03F_impro08_M,"No, it's been--three days.",fru,negative,fru
Ses03F_impro08,Ses03F_impro08_M,"Fine, it's been a day. Okay?",fru,negative,fru
Ses03F_impro08,Ses03F_impro08_F,Three days?,neu,neutral,neu
Ses03F_impro08,Ses03F_impro08_F,A day?,neu,neutral,neu
Ses03F_impro08,Ses03F_impro08_M,A day's worth of business. You know how much I make in a day?,,neutral,neu
Ses03F_impro08,Ses03F_impro08_F,"I don't know, sir.",neu,neutral,neu
Ses03F_impro08,Ses03F_impro08_M,About three million dollars.,neu,neutral,neu
Ses03F_impro08,Ses03F_impro08_F,"Oh, well, I'm sorry about that. Umm- We-",neu,neutral,neu
Ses03F_impro08,Ses03F_impro08_M,"So, you're going to give me back ten dollars worth of minutes--",,neutral,neu
Ses03F_impro08,Ses03F_impro08_M,-to make up the three million dollars.,,neutral,neu
Ses03F_impro08,Ses03F_impro08_F,"Well, ten hours worth of minutes--",neu,neutral,neu
Ses03F_impro08,Ses03F_impro08_F,is what's going to happen.,neu,neutral,neu
Ses03F_impro08,Ses03F_impro08_M,"Ten hours? So, basically, a day's worth of minutes which I pay forty dollars a month from it.",,neutral,neu
Ses03F_impro08,Ses03F_impro08_M,Yeah.,,neutral,neu
Ses03F_impro08,Ses03F_impro08_F,"Sir,",neu,neutral,neu
Ses03F_impro08,Ses03F_impro08_M,So you're giving me a dollar back.,,neutral,neu
Ses03F_impro08,Ses03F_impro08_F,"what I would like what I'm advising you to do now is just to write down all of your problems that you-you feel that--You know, haven't been addressed, fax it to us-",neu,neutral,neu
Ses03F_impro08,Ses03F_impro08_M,"Oh, my God.",fru,negative,fru
Ses03F_impro08,Ses03F_impro08_F,and we will take care of it if anything happens. But all we can do now is ask for your patience.,neu,neutral,neu
Ses03F_impro08,Ses03F_impro08_F,Okay? Thank you for calling. Goodbye.,neu,neutral,neu
Ses03F_script01_1,Ses03F_script01_1_F,What's he going to say? Maybe we ought to talk to him before he sees it.,,neutral,neu
Ses03F_script01_1,Ses03F_script01_1_M,He saw it.,neu,neutral,neu
Ses03F_script01_1,Ses03F_script01_1_F,"What-how did he see it? I mean, I was the first one up. He was still in bed.",,neutral,neu
Ses03F_script01_1,Ses03F_script01_1_M,He was out there when it happened.,neu,neutral,neu
Ses03F_script01_1,Ses03F_script01_1_F,When?,,neutral,neu
Ses03F_script01_1,Ses03F_script01_1_M,"Um, about four this morning. Uh- I heard a crack and I looked out and I saw him standing there.",neu,neutral,neu
Ses03F_script01_1,Ses03F_script01_1_F,What was he doing out at four in the morning?,,neutral,neu
Ses03F_script01_1,Ses03F_script01_1_M,I don't know. But after it cracked he went back in the house and he cried in the kitchen.,neu,neutral,neu
Ses03F_script01_1,Ses03F_script01_1_F,Did you talk to him?,neu,neutral,neu
Ses03F_script01_1,Ses03F_script01_1_M,"No, I uh-, I figured the best thing to do was to leave him alone.",neu,neutral,neu
Ses03F_script01_1,Ses03F_script01_1_F,"He cried hard, huh?",neu,neutral,neu
Ses03F_script01_1,Ses03F_script01_1_M,I could hear it right through the floor.,neu,neutral,neu
Ses03F_script01_1,Ses03F_script01_1_F,What was he doing out there at that time? He was dreaming about him again. He's walking around at night again.,,neutral,neu
Ses03F_script01_1,Ses03F_script01_1_M,I guess he is.,neu,neutral,neu
Ses03F_script01_1,Ses03F_script01_1_F,"Could he-he's acting just like he did after he died, you know?",neu,neutral,neu
Ses03F_script01_1,Ses03F_script01_1_F,What's the meaning in that?,,neutral,neu
Ses03F_script01_1,Ses03F_script01_1_M,I don't know.,neu,neutral,neu
Ses03F_script01_1,Ses03F_script01_1_M,"But I know one thing, mom. We've made a terrible mistake with dad.",neu,neutral,neu
Ses03F_script01_1,Ses03F_script01_1_F,"Well, what do you mean? What?",,neutral,neu
Ses03F_script01_1,Ses03F_script01_1_M,Being dishonest with him. That kind of thing always pays off and now it's paying off.,neu,neutral,neu
Ses03F_script01_1,Ses03F_script01_1_F,"What do you mean, dishonest?",neu,neutral,neu
Ses03F_script01_1,Ses03F_script01_1_M,You know Larry's not coming back and I know that too. Why do we go on letting him think that we believe with him?,,neutral,neu
Ses03F_script01_1,Ses03F_script01_1_F,"What, you're going to argue with him?",fru,negative,fru
Ses03F_script01_1,Ses03F_script01_1_M,"No, I don't want to argue with him, but it's time that he realized that no one believes that Larry's coming back anymore.",fru,negative,fru
Ses03F_script01_1,Ses03F_script01_1_F,You can't tell him that.,fru,negative,fru
Ses03F_script01_1,Ses03F_script01_1_M,We got to tell him that.,fru,negative,fru
Ses03F_script01_1,Ses03F_script01_1_F,We can't. It just won't work.,fru,negative,fru
Ses03F_script01_1,Ses03F_script01_1_M,"You know, for God's sakes it's been three years. No one comes back after three years. It's insane.",fru,negative,fru
Ses03F_script01_1,Ses03F_script01_1_F,They do come back.,neu,neutral,neu
Ses03F_script01_1,Ses03F_script01_1_F,"I know, but he doesn't know that.",,neutral,fru
Ses03F_script01_1,Ses03F_script01_1_F,Three years has been a long time.,,neutral,fru
Ses03F_script01_1,Ses03F_script01_1_M,"All right. Just- Sit down, mom. I want to talk to you.",fru,negative,fru
Ses03F_script01_1,Ses03F_script01_1_F,"It's those Goddamn newspapers, you know? I mean, it's like every day they come out with this new person that comes along. And the next one's going to be Larry.",ang,negative,ang
Ses03F_script01_1,Ses03F_script01_1_M,"All right. All right. Just come on, sit down.",fru,negative,fru
Ses03F_script01_1,Ses03F_script01_1_F,What?,fru,negative,fru
Ses03F_script01_1,Ses03F_script01_1_M,"You know-you know why I asked Annie here, right?",neu,neutral,neu
Ses03F_script01_1,Ses03F_script01_1_F,Why?,neu,neutral,neu
Ses03F_script01_1,Ses03F_script01_1_M,You know.,neu,neutral,neu
Ses03F_script01_1,Ses03F_script01_1_F,"Well, I have an idea, but go on, tell me, what's the story?",,neutral,neu
Ses03F_script01_1,Ses03F_script01_1_M,I want to ask her to marry me.,neu,neutral,neu
Ses03F_script01_1,Ses03F_script01_1_F,"Well, that's only your business, Chris.",neu,neutral,neu
Ses03F_script01_1,Ses03F_script01_1_M,"Come on, you know that's not only my business.",fru,negative,fru
Ses03F_script01_1,Ses03F_script01_1_F,"Well, it is. I mean, what do you want me to do? You're grown up; you know what's going on in your mind.",fru,negative,fru
Ses03F_script01_1,Ses03F_script01_1_M,So it's all right. I'll just go ahead with it.,neu,neutral,neu
Ses03F_script01_1,Ses03F_script01_1_F,"Well, you better make sure your father's not- No- I'm just saying.",fru,negative,fru
Ses03F_script01_1,Ses03F_script01_1_M,"See, then it's not just my business. God, you have",ang,negative,ang
Ses03F_script01_1,Ses03F_script01_1_M,"-Oh, you infuriate me sometimes. You know, it's not just my business too if dad throws a fit.",ang,negative,ang
Ses03F_script01_1,Ses03F_script01_1_M,God. You have such a talent for ignoring things.,,neutral,fru
Ses03F_script01_1,Ses03F_script01_1_F,"Yeah, well I ignore what I got to ignore.",fru,negative,fru
Ses03F_script01_1,Ses03F_script01_1_F,And she-she's Larry's girl.,fru,negative,fru
Ses03F_script01_1,Ses03F_script01_1_M,"No, she is not Larry's girl.",,neutral,fru
Ses03F_script01_1,Ses03F_script01_1_F,"Well, from your father's point of view she is. I mean, he's still alive. You've got no right to take her.",fru,negative,fru
Ses03F_script01_1,Ses03F_script01_1_F,"If you go on from that point, I don't know where you go.",,neutral,fru
Ses03F_script01_1,Ses03F_script01_1_F,"'Cause listen, I'm telling you, I don't know where to go from there. Do you?",fru,negative,fru
Ses03F_script01_1,Ses03F_script01_1_M,"Oh, I don't know.",,neutral,fru
Ses03F_script01_1,Ses03F_script01_1_F,What do you want from me?,fru,negative,fru
Ses03F_script01_1,Ses03F_script01_1_M,"Every time I reach out for something I have to pull back because other people will suffer. My whole entire life, time and time after time.",sad,negative,sad
Ses03F_script01_1,Ses03F_script01_1_F,You're a considerate fella and there's nothing wrong in that.,neu,neutral,neu
Ses03F_script01_1,Ses03F_script01_1_M,To hell with that.,ang,negative,ang
Ses03F_script01_1,Ses03F_script01_1_F,There's nothing wrong with it.,neu,neutral,neu
Ses03F_script01_1,Ses03F_script01_1_M,I didn't ask Annie yet.,neu,neutral,neu
Ses03F_script01_1,Ses03F_script01_1_F,You didn't ask her yet?,fru,negative,fru
Ses03F_script01_1,Ses03F_script01_1_M,I wanted to get this settled first.,neu,neutral,neu
Ses03F_script01_1,Ses03F_script01_1_F,"Well, how do you know she's going to marry you? I mean, what if she feels the same way as your father?",,neutral,neu
Ses03F_script01_1,Ses03F_script01_1_M,Well then I guess it's over then. But from her letters I think she's forgotten him.,neu,neutral,neu
Ses03F_script01_1,Ses03F_script01_1_M,"I'll find out. But then after it's all over we'll thrash it out with dad, right?",neu,neutral,neu
Ses03F_script01_1,Ses03F_script01_1_M,"Mom, don't avoid me.",fru,negative,fru
Ses03F_script01_1,Ses03F_script01_1_F,"You know, the trouble is you've never had enough women. No, you never did.",fru,negative,fru
Ses03F_script01_1,Ses03F_script01_1_M,So what? I'm not fast with women.,fru,negative,fru
Ses03F_script01_1,Ses03F_script01_1_F,I don't understand why it has to be her.,fru,negative,fru
Ses03F_script01_1,Ses03F_script01_1_M,Because it is.,neu,neutral,neu
Ses03F_script01_1,Ses03F_script01_1_F,"That's a good answer, but it doesn't answer anything.",fru,negative,fru
Ses03F_script01_1,Ses03F_script01_1_M,I just-,fru,negative,fru
Ses03F_script01_1,Ses03F_script01_1_F,"I mean, you haven't seen her since the war. I mean, it's been five years.",fru,negative,fru
Ses03F_script01_1,Ses03F_script01_1_M,It just is. I-,neu,neutral,neu
Ses03F_script01_1,Ses03F_script01_1_M,"I grew up with her. Okay. All these years, when I think of someone I want to be my wife I think of Annie. What do you want, a diagram?",fru,negative,fru
Ses03F_script01_1,Ses03F_script01_1_F,"No, I don't want a diagram.",fru,negative,fru
Ses03F_script01_1,Ses03F_script01_1_F,"He thinks he's coming back. You go-go on and marry her, I mean, you're pronouncing her dead. And what's going to happen to your father, huh? I don't know. Do you?",fru,negative,fru
Ses03F_script01_1,Ses03F_script01_1_M,"Okay. All right, then.",fru,negative,fru
Ses03F_script01_1,Ses03F_script01_1_F,"Just, listen. Give it more thought, is all.",fru,negative,fru
Ses03F_script01_1,Ses03F_script01_1_M,"No, I've given it three years of thought.",fru,negative,fru
Ses03F_script01_1,Ses03F_script01_1_M,And I thought that if I waited then dad would forget about Larry and then we could have a regular wedding and everything happy.,,positive,fru
Ses03F_script01_1,Ses03F_script01_1_M,But if I can't have that here then I'll get out.,neu,neutral,neu
Ses03F_script01_1,Ses03F_script01_1_F,What the hell is this?,,neutral,fru
Ses03F_script01_1,Ses03F_script01_1_M,I'll get out. I'll marry her somewhere else. Maybe New York.,neu,neutral,neu
Ses03F_script01_1,Ses03F_script01_1_F,You're crazy.,,neutral,fru
Ses03F_script01_1,Ses03F_script01_1_M,I've been a sucker too long. I'm through with it.,,neutral,fru
Ses03F_script01_1,Ses03F_script01_1_F,You're what-you're going to leave the business? But you can't do that. What the hell is this?,fru,negative,fru
Ses03F_script01_1,Ses03F_script01_1_M,The business. The business doesn't inspire me.,fru,negative,fru
Ses03F_script01_1,Ses03F_script01_1_F,"Oh, you have to be inspired.",fru,negative,fru
Ses03F_script01_1,Ses03F_script01_1_M,Yes. I like it an hour out of the day. If I have to grub for money all day long at least that evening I want it beautiful. I want a wife. I want a family. I want some kids. I want to build something I can give myself to.,ang,negative,ang
Ses03F_script01_1,Ses03F_script01_1_M,"Now, Annie's in the middle of all that.",ang,negative,ang
Ses03F_script01_1,Ses03F_script01_1_M,"Now, where do I find it?",neu,neutral,neu
Ses03F_script01_1,Ses03F_script01_1_F,Tell me something.,neu,neutral,neu
Ses03F_script01_1,Ses03F_script01_1_F,You'd leave that business.,neu,neutral,neu
Ses03F_script01_1,Ses03F_script01_1_M,Yes. On this I would.,neu,neutral,neu
Ses03F_script01_1,Ses03F_script01_1_F,You can't do that.,fru,negative,fru
Ses03F_script01_1,Ses03F_script01_1_M,Then help me stay here.,neu,neutral,neu
Ses03F_script01_1,Ses03F_script01_1_F,"All right, but you can't do that. You can't talk like that.",fru,negative,fru
Ses03F_script01_1,Ses03F_script01_1_M,Okay. Just-,neu,neutral,neu
Ses03F_script01_1,Ses03F_script01_1_F,"We've worked all our lives for you. Only for you, Chris. The whole shootin' match is for you.",fru,negative,fru
Ses03F_script01_1,Ses03F_script01_1_M,"Yeah, I know, I know, just help me stay here, all right?",fru,negative,fru
Ses03F_script01_1,Ses03F_script01_1_F,I'm going to.,neu,neutral,neu
Ses03F_script01_1,Ses03F_script01_1_F,You just can't talk like that.,,neutral,neu
Ses03F_script01_1,Ses03F_script01_1_M,I am thinking like that.,neu,neutral,neu
Ses03F_script01_1,Ses03F_script01_1_F,"I don't know you, do I?",neu,neutral,neu
Ses03F_script01_1,Ses03F_script01_1_M,"No, you don't. I'm a pretty tough guy.",neu,neutral,neu
Ses03F_script01_1,Ses03F_script01_1_F,Yeah. I can see that.,neu,neutral,neu
Ses03F_script01_2,Ses03F_script01_2_F,Why did you invite her here?,ang,negative,ang
Ses03F_script01_2,Ses03F_script01_2_M,Why? Does that bother you?,,neutral,ang
Ses03F_script01_2,Ses03F_script01_2_F,She's been in New York for three-and-a-half years. She don't just suddenly come and-,ang,negative,ang
Ses03F_script01_2,Ses03F_script01_2_M,"Well, maybe, maybe he just wanted to see her.",neu,neutral,neu
Ses03F_script01_2,Ses03F_script01_2_F,You don't travel seven hundred miles just to see.,ang,negative,ang
Ses03F_script01_2,Ses03F_script01_2_M,"What do you mean? They lived next door to each other their entire lives. Why shouldn't he want to see her? Hey, don't look at me like that. I don't know anymore than you do.",,neutral,ang
Ses03F_script01_2,Ses03F_script01_2_F,He's not going to marry her.,,neutral,neu
Ses03F_script01_2,Ses03F_script01_2_M,How do you know he's even thinking about it?,neu,neutral,neu
Ses03F_script01_2,Ses03F_script01_2_F,It's got that about it.,ang,negative,ang
Ses03F_script01_2,Ses03F_script01_2_M,"Well, so what?",neu,neutral,neu
Ses03F_script01_2,Ses03F_script01_2_F,"What's going on here, Joe?",,neutral,neu
Ses03F_script01_2,Ses03F_script01_2_M,"Listen, kid-",fru,negative,fru
Ses03F_script01_2,Ses03F_script01_2_F,She's not Larry's girl. She knows that.,ang,negative,ang
Ses03F_script01_2,Ses03F_script01_2_M,You can't read her mind.,neu,neutral,neu
Ses03F_script01_2,Ses03F_script01_2_F,Then why is she married? Then why isn't she married? She's been in New York and there's hundreds of single men there.,,neutral,neu
Ses03F_script01_2,Ses03F_script01_2_F,"I'm sure hundreds of them asked her and told her that she's foolish, but no.",,neutral,neu
Ses03F_script01_2,Ses03F_script01_2_F,She's waited.,,neutral,neu
Ses03F_script01_2,Ses03F_script01_2_M,How do you know why she's waited?,neu,neutral,neu
Ses03F_script01_2,Ses03F_script01_2_F,"Because she thinks like me, that's why.",,neutral,neu
Ses03F_script01_2,Ses03F_script01_2_F,"She's faithful as a rock, don't you know. In my worst moments I can think of her-",sad,negative,sad
Ses03F_script01_2,Ses03F_script01_2_F,"I think again, that I'm-I'm right.",,neutral,neu
Ses03F_script01_2,Ses03F_script01_2_M,"Look, it's a nice day. What are we arguing for?",neu,neutral,neu
Ses03F_script01_2,Ses03F_script01_2_F,"Nobody in my house better ever dare-dare to challenge her faith. Maybe strangers, but not his father, not his brother.",ang,negative,ang
Ses03F_script01_2,Ses03F_script01_2_M,Calm yourself.,neu,neutral,neu
Ses03F_script01_2,Ses03F_script01_2_F,Because he's not coming back. Then what do I got to live for? I'll kill myself.,,neutral,ang
Ses03F_script01_2,Ses03F_script01_2_M,Calm yourself.,fru,negative,fru
Ses03F_script01_2,Ses03F_script01_2_F,"Don't, don't laugh at me, don't laugh at me.",ang,negative,ang
Ses03F_script01_2,Ses03F_script01_2_F,"Look at it. Because why, when she came here and she slept in his room, the memorial broke into pieces. Look at it, look at it, Joe.",ang,negative,ang
Ses03F_script01_2,Ses03F_script01_2_M,All right. All right. Calm yourself.,ang,negative,ang
Ses03F_script01_2,Ses03F_script01_2_F,"You got to believe, believe with me because I can't stand all alone.",,neutral,ang
Ses03F_script01_2,Ses03F_script01_2_M,Okay. Just calm yourself.,fru,negative,fru
Ses03F_script01_2,Ses03F_script01_2_F,"No, you've got to believe.",sad,negative,sad
Ses03F_script01_2,Ses03F_script01_2_F,"Believe, Joe. You above all people have got to believe.",,neutral,ang
Ses03F_script01_2,Ses03F_script01_2_M,"Why me, above all?",ang,negative,ang
Ses03F_script01_2,Ses03F_script01_2_M,Huh?,ang,negative,ang
Ses03F_script01_2,Ses03F_script01_2_M,Why me above all?,ang,negative,ang
Ses03F_script01_2,Ses03F_script01_2_F,You got to keep believing.,sad,negative,sad
Ses03F_script01_2,Ses03F_script01_2_M,"Look at you, you're shaking.",ang,negative,ang
Ses03F_script01_2,Ses03F_script01_2_F,I can't help it.,sad,negative,sad
Ses03F_script01_2,Ses03F_script01_2_M,What have I got to hide?,ang,negative,ang
Ses03F_script01_2,Ses03F_script01_2_M,"Huh? What the hell's the matter with you, Kate?",ang,negative,ang
Ses03F_script01_3,Ses03F_script01_3_F,You're the only one I know that still loves his parents.,hap,positive,hap
Ses03F_script01_3,Ses03F_script01_3_M,"Yeah. I know. It went out of style, didn't it?",hap,positive,hap
Ses03F_script01_3,Ses03F_script01_3_F,"No, it's all right. There's nothing wrong in that, you know.",hap,positive,hap
Ses03F_script01_3,Ses03F_script01_3_F,It's really lovely here. The air is sweet.,hap,positive,hap
Ses03F_script01_3,Ses03F_script01_3_M,You're not sorry you came?,neu,neutral,neu
Ses03F_script01_3,Ses03F_script01_3_F,No. I'm not sorry. It's-,sad,negative,sad
Ses03F_script01_3,Ses03F_script01_3_F,I can't stay.,,neutral,neu
Ses03F_script01_3,Ses03F_script01_3_M,Why not?,,neutral,neu
Ses03F_script01_3,Ses03F_script01_3_F,"Well, for one thing, your mother so much has told me to go. [LAUGHTER].",fru,negative,fru
Ses03F_script01_3,Ses03F_script01_3_M,Well-,neu,neutral,neu
Ses03F_script01_3,Ses03F_script01_3_F,"Look,",,neutral,neu
Ses03F_script01_3,Ses03F_script01_3_F,"you've been acting kind of, well, you know.",,neutral,neu
Ses03F_script01_3,Ses03F_script01_3_M,What?,neu,neutral,neu
Ses03F_script01_3,Ses03F_script01_3_F,"Well, you've been embarrassed ever since I came.",sad,negative,sad
Ses03F_script01_3,Ses03F_script01_3_M,"Yes, I guess I have been. But it's going from me now.",,neutral,neu
Ses03F_script01_3,Ses03F_script01_3_M,"Oh look, um, well, the thing is, I was planning on, planning on sort of sneaking up on you over a week or so, and they-they take it for granted we're all set.",hap,positive,hap
Ses03F_script01_3,Ses03F_script01_3_F,Yeah.,,neutral,sad
Ses03F_script01_3,Ses03F_script01_3_M,How did you know?,,neutral,hap
Ses03F_script01_3,Ses03F_script01_3_F,"Yeah, they would. Especially your mom.",,neutral,hap
Ses03F_script01_3,Ses03F_script01_3_M,"Well, uh- would you want to?",,neutral,hap
Ses03F_script01_3,Ses03F_script01_3_M,"I, I guess that's why I asked you to come.",hap,positive,hap
Ses03F_script01_3,Ses03F_script01_3_F,"Well, I mean,",hap,positive,hap
Ses03F_script01_3,Ses03F_script01_3_M,"Oh, Annie.",hap,positive,hap
Ses03F_script01_3,Ses03F_script01_3_F,"from her opinion, why else would I come here?",hap,positive,hap
Ses03F_script01_3,Ses03F_script01_3_M,"Annie, I love you.",hap,positive,hap
Ses03F_script01_3,Ses03F_script01_3_M,I love you a great deal.,hap,positive,hap
Ses03F_script01_3,Ses03F_script01_3_M,I-I love you. I have no imagination. That's all I know how to tell it.,hap,positive,hap
Ses03F_script01_3,Ses03F_script01_3_F,"Well, I guess that's why I came.",hap,positive,hap
Ses03F_script01_3,Ses03F_script01_3_M,"I'm embarrassing you. I didn't want to tell you it here. I wanted to go somewhere that would be brand-new to each other. It feels wrong here, don't you? This yard and this chair.",hap,positive,hap
Ses03F_script01_3,Ses03F_script01_3_M,I don't want to win you from anybody. I want you to be ready for me.,hap,positive,hap
Ses03F_script01_3,Ses03F_script01_3_F,"I've been ready for a long, long time.",hap,positive,hap
Ses03F_script01_3,Ses03F_script01_3_M,Then he's gone forever. You're sure?,,neutral,hap
Ses03F_script01_3,Ses03F_script01_3_F,Look,,neutral,hap
Ses03F_script01_3,Ses03F_script01_3_F,I was almost married two years ago.,,neutral,hap
Ses03F_script01_3,Ses03F_script01_3_M,Why didn't you?,,neutral,hap
Ses03F_script01_3,Ses03F_script01_3_F,'Cause you started to write me.,,neutral,hap
Ses03F_script01_3,Ses03F_script01_3_M,You felt something that far back?,hap,positive,hap
Ses03F_script01_3,Ses03F_script01_3_F,Every day since.,hap,positive,hap
Ses03F_script01_3,Ses03F_script01_3_M,Why didn't you let me know?,hap,positive,hap
Ses03F_script01_3,Ses03F_script01_3_F,"Well, I don't know, you didn't write until then and then when you did, what'd you say?",,neutral,hap
Ses03F_script01_3,Ses03F_script01_3_F,You always can be so ambiguous.,,neutral,hap
Ses03F_script01_3,Ses03F_script01_3_M,"Give me a kiss, Annie.",hap,positive,hap
Ses03F_script01_3,Ses03F_script01_3_M,Give me-,hap,positive,hap
Ses03F_script01_3,Ses03F_script01_3_M,"[LAUGHTER]. God, I kissed Annie. I kissed Annie. How long, how long I've been waiting to kiss you.",,neutral,hap
Ses03F_script01_3,Ses03F_script01_3_F,I don't know if I ever can forgive you for that. Why'd you wait so long? I sat in my room wondering if I was crazy for thinking about you.,hap,positive,hap
Ses03F_script01_3,Ses03F_script01_3_M,We're going to live now. I'm going to make you so happy.,hap,positive,hap
Ses03F_script01_3,Ses03F_script01_3_F,"Not like that, you're not.",,neutral,hap
Ses03F_script01_3,Ses03F_script01_3_M,I kissed you.,hap,positive,hap
Ses03F_script01_3,Ses03F_script01_3_F,"Like Larry's brother. Do it like you, Chris.",hap,positive,hap
Ses03F_script01_3,Ses03F_script01_3_F,What is it?,,neutral,hap
Ses03F_script01_3,Ses03F_script01_3_M,Let's drive somewhere. I want to be alone with you.,sad,negative,sad
Ses03F_script01_3,Ses03F_script01_3_F,No. What is it? Is it your mother?,sad,negative,sad
Ses03F_script01_3,Ses03F_script01_3_M,"No, no, no, no. Nothing like that.",neu,neutral,neu
Ses03F_script01_3,Ses03F_script01_3_F,"Well then tell me what's wrong. I mean, even in your letters there's something ashamed.",sad,negative,sad
Ses03F_script01_3,Ses03F_script01_3_M,"Yeah. I guess there is. I guess I was, but uh- it's going from me now.",sad,negative,sad
Ses03F_script01_3,Ses03F_script01_3_F,You should tell me.,sad,negative,sad
Ses03F_script01_3,Ses03F_script01_3_M,I don't know where to start.,sad,negative,sad
Ses03F_script01_3,Ses03F_script01_3_F,"But, Chris, it wouldn't work like this.",sad,negative,sad
Ses03F_script01_3,Ses03F_script01_3_M,You know when I went overseas. I said I was in command of a company.,sad,negative,sad
Ses03F_script01_3,Ses03F_script01_3_F,"Yeah, sure.",sad,negative,sad
Ses03F_script01_3,Ses03F_script01_3_M,"Well, I lost them.",sad,negative,sad
Ses03F_script01_3,Ses03F_script01_3_F,How many?,sad,negative,sad
Ses03F_script01_3,Ses03F_script01_3_M,Just about all.,sad,negative,sad
Ses03F_script01_3,Ses03F_script01_3_F,Geez.,sad,negative,sad
Ses03F_script01_3,Ses03F_script01_3_M,It takes a little while to toss that off. Because they weren't just men.,sad,negative,sad
Ses03F_script01_3,Ses03F_script01_3_M,"For instance, one time, it had to have been raining several days. There was this one kid, he came up to me and he gave me his last pair of dry socks. Put them in my pocket.",sad,negative,sad
Ses03F_script01_3,Ses03F_script01_3_M,"I mean, that's-that's only a little thing, but that's the kind of guys I had. They didn't just die. They killed themselves for each other. And I mean that exactly. A little more selfish and they'd still be here today.",sad,negative,sad
Ses03F_script01_3,Ses03F_script01_3_M,"And I, and I thought something watching them go down.",sad,negative,sad
Ses03F_script01_3,Ses03F_script01_3_M,"Everything was being destroyed, see, but there was one new thing that was being created. A kind of responsibility, man for man. You understand me?",sad,negative,sad
Ses03F_script01_3,Ses03F_script01_3_M,And to show that-to bring that onto the earth like some sort of monument standing right behind us where everyone could feel it and it would make a difference to him.,sad,negative,sad
Ses03F_script01_3,Ses03F_script01_3_M,And I came back here and it was incredible. There was no meaning in that here. The whole thing to them was a bus accident.,sad,negative,sad
Ses03F_script01_3,Ses03F_script01_3_M,And I went to work with dad and that rat race again. And I felt what you said-ashamed somehow. Because nobody was changed at all. It seemed to make a sucker out of a lot of guys.,sad,negative,sad
Ses03F_script01_3,Ses03F_script01_3_M,"And I felt wrong to be alive. To drive the car, to see the new checkbook, to see the new refrigerator. I mean, you can take those things out of the war. But you got to know that when you drive that car that that came out of the love a man can have for another man. And you got to be a little bit better because of that.",sad,negative,sad
Ses03F_script01_3,Ses03F_script01_3_M,"Otherwise, what you have here is loot; and there's blood on it.",sad,negative,sad
Ses03F_script01_3,Ses03F_script01_3_M,And I didn't want to take any of it.,sad,negative,sad
Ses03F_script01_3,Ses03F_script01_3_M,And I guess that included you.,sad,negative,sad
Ses03F_script01_3,Ses03F_script01_3_F,And you still feel that way?,sad,negative,sad
Ses03F_script01_3,Ses03F_script01_3_M,"I want you now, Annie.",,neutral,sad
Ses03F_script01_3,Ses03F_script01_3_F,"Because you can't feel that way, never again, Chris. You hear me? Never. I mean, the money and me too.",sad,negative,sad
Ses03F_script01_3,Ses03F_script01_3_F,"I mean, there's nothing wrong in that money, and your father put good planes up in the air and you should be proud of that. A man should be paid for that.",,positive,sad
Ses03F_script01_3,Ses03F_script01_3_M,"Annie,",hap,positive,hap
Ses03F_script01_3,Ses03F_script01_3_M,"Annie, I'm going to make a fortune for you.",hap,positive,hap
Ses03F_script01_3,Ses03F_script01_3_F,What am I going to do with a fortune?,hap,positive,hap
Ses03F_script02_1,Ses03F_script02_1_M,"Hey, what time is it? They're supposed to run around midnight, right? God, this is great, isn't it?",exc,positive,exc
Ses03F_script02_1,Ses03F_script02_1_M,Look at the night we got; couldn't be better.,exc,positive,exc
Ses03F_script02_1,Ses03F_script02_1_M,"You know actually, I wanted to go a little further up the coast to get away from all the, the people and the lights, and uh- but I thought we'd miss it. Hey, how you doing?",exc,positive,exc
Ses03F_script02_1,Ses03F_script02_1_F,Fine.,sad,negative,sad
Ses03F_script02_1,Ses03F_script02_1_M,"Oh, is that-is that-now, is that just foam, uhh, I can't even tell.",exc,positive,exc
Ses03F_script02_1,Ses03F_script02_1_M,"Oh, though if I can't tell it probably isn't them, right? It probably would be unmistakable, wouldn't you think? Hey, how you doing?",exc,positive,exc
Ses03F_script02_1,Ses03F_script02_1_M,"Oh, do you know what I forgot? I forgot my flashlight. How could I be so stupid. Oh, I-I should have brought my flashlight.",exc,positive,exc
Ses03F_script02_1,Ses03F_script02_1_F,What flashlight?,,neutral,exc
Ses03F_script02_1,Ses03F_script02_1_M,"Uh- you know, the flashlight. The silver one. There's only one, isn't there?",exc,positive,exc
Ses03F_script02_1,Ses03F_script02_1_F,That's not your flashlight; it's ours. It's mine too.,,neutral,exc
Ses03F_script02_1,Ses03F_script02_1_M,"Oh, well, sure.",,neutral,exc
Ses03F_script02_1,Ses03F_script02_1_F,"I don't understand why you're always saying oh, it's mine, it's mine. It's not like it's just your flashlight. I mean, how do you think that makes me feel?",ang,negative,ang
Ses03F_script02_1,Ses03F_script02_1_M,"No, of course. Yours and mine. Our flashlight. Yours and mine. Mi flashlight is su flashlight. Naturally.",,neutral,exc
Ses03F_script02_1,Ses03F_script02_1_M,We should have brought our flashlight. I can't believe we forgot to bring it.,exc,positive,exc
Ses03F_script02_1,Ses03F_script02_1_M,I hope the moon stays out.,exc,positive,exc
Ses03F_script02_1,Ses03F_script02_1_M,"Hey, do they always run during a full moon? I can't remember if it was full last year. Do you remember?",exc,positive,exc
Ses03F_script02_1,Ses03F_script02_1_F,Yes.,,neutral,exc
Ses03F_script02_1,Ses03F_script02_1_M,Are you cold? Do you want my jacket?,,neutral,exc
Ses03F_script02_1,Ses03F_script02_1_M,"We should have brought the blanket. Oh, why didn't we bring the blanket? Our blanket.",exc,positive,exc
Ses03F_script02_1,Ses03F_script02_1_M,"You know what would be good right now? A six-pack. Ah, I can't believe I forgot a six-pack. A six-pack would be just the ticket right about now.",exc,positive,exc
Ses03F_script02_1,Ses03F_script02_1_M,I'm so stupid. I'm like a little kid. I-it's amazing I get out of the house with my fly zipped. Oh- [LAUGHTER].,exc,positive,exc
Ses03F_script02_1,Ses03F_script02_1_M,I wonder if they can hear us talk. Or hear the vibrations in the sand when we move.,exc,positive,exc
Ses03F_script02_1,Ses03F_script02_1_F,I'm cold.,,neutral,exc
Ses03F_script02_1,Ses03F_script02_1_M,Do you want my jacket?,neu,neutral,neu
Ses03F_script02_1,Ses03F_script02_1_F,"It's past eleven, let's go home.",,neutral,exc
Ses03F_script02_1,Ses03F_script02_1_M,What? Are you kidding me? We just got here. We'd miss it. What's the point of coming down there if we just turn around and go home?,,neutral,exc
Ses03F_script02_1,Ses03F_script02_1_F,There is no point in coming down here.,,neutral,neu
Ses03F_script02_1,Ses03F_script02_1_M,Right.,neu,neutral,neu
Ses03F_script02_1,Ses03F_script02_1_F,That's my point.,,neutral,neu
Ses03F_script02_1,Ses03F_script02_1_M,"Yeah, that's my point too.",neu,neutral,neu
Ses03F_script02_1,Ses03F_script02_1_F,"Well, so let's go.",,neutral,neu
Ses03F_script02_1,Ses03F_script02_1_M,"No. No, no, no, that's not my point. My point is there's no point in coming down here if we just turn around and leave.",exc,positive,exc
Ses03F_script02_1,Ses03F_script02_1_M,"I mean, don't you want to see it?",neu,neutral,neu
Ses03F_script02_1,Ses03F_script02_1_F,Not particularly.,sad,negative,sad
Ses03F_script02_1,Ses03F_script02_1_M,Why not?,neu,neutral,neu
Ses03F_script02_1,Ses03F_script02_1_F,I don't know. I just don't.,sad,negative,sad
Ses03F_script02_1,Ses03F_script02_1_M,"Honey, this is a natural-this is a natural phenomenon. I mean, it only happens once a year. This is, this is a great opportunity. Think about the people in Kansas. They would have to get a plane ticket and hotel reservation to come and see this. We're only forty minutes away. This is too good to pass up.",,positive,sad
Ses03F_script02_1,Ses03F_script02_1_F,Pass up what? A bunch of fish. They swim up to the beach and they flop around and they swim away and then they die.,ang,negative,ang
Ses03F_script02_1,Ses03F_script02_1_M,Yeah. But that moment on the beach is the highlight of their little lives. And all that flopping around is laying eggs or what you-spawning or mating or something like that.,,neutral,sad
Ses03F_script02_1,Ses03F_script02_1_M,"I mean, this is the big night for these guys. Life's last orgy.",,neutral,sad
Ses03F_script02_1,Ses03F_script02_1_F,"I don't know why you're getting so excited. I mean, it's not like the landing of the moon or something. It's just fish. Fish that nobody eats.",fru,negative,fru
Ses03F_script02_1,Ses03F_script02_1_M,"Yeah, they do.",,neutral,sad
Ses03F_script02_1,Ses03F_script02_1_F,"Oh, God, Augie.",fru,negative,fru
Ses03F_script02_1,Ses03F_script02_1_M,"What, okay, then it's fish that do something no other fish do. Like the swallows in Capistrano or the lemmings who throw themselves off the cliffs.",,neutral,fru
Ses03F_script02_1,Ses03F_script02_1_M,"There's magic here and mystery and a little bit of the unexplainable. I mean, I don't see how you cannot be interested.",,neutral,fru
Ses03F_script02_1,Ses03F_script02_1_F,"I'm just not. I mean, I'm sorry, it just-they're still fish to me.",,neutral,fru
Ses03F_script02_1,Ses03F_script02_1_M,For real?,,neutral,fru
Ses03F_script02_1,Ses03F_script02_1_F,Yes.,,neutral,fru
Ses03F_script02_1,Ses03F_script02_1_M,I don't get it. The last time-the first time that we came to see it you said it was the best night of your life.,,neutral,fru
Ses03F_script02_1,Ses03F_script02_1_M,And then last year when we came to see it you ran out of the house so fast that you stubbed your toe. And you didn't even notice until you got in the car.,,neutral,fru
Ses03F_script02_1,Ses03F_script02_1_F,"Yes, and if you also remember, I got sand in my panties. We got into an argument about nothing. You got a sore throat and we never saw the grunions.",fru,negative,fru
Ses03F_script02_1,Ses03F_script02_1_M,We weren't in a good spot.,,positive,fru
Ses03F_script02_1,Ses03F_script02_1_F,"No, for God's sakes, we've never seen the grunions. We're not going to see them.",fru,negative,fru
Ses03F_script02_1,Ses03F_script02_1_M,"We just weren't in a good spot, all right? This is a much better spot. I have a good instinct for these things. Look, is that-",fru,negative,fru
Ses03F_script02_1,Ses03F_script02_1_M,"no, that's just seaweed, isn't it? This is great, isn't it?",,positive,fru
Ses03F_script02_1,Ses03F_script02_1_M,"I wouldn't miss this for anything. I mean, think about this. Okay, I know you're not interested, but just think about this for a minute.",exc,positive,exc
Ses03F_script02_1,Ses03F_script02_1_M,Somewhere out there there's this huge silver mass of fish heading this way. They don't know why. And we don't know why. Just some little instinctual time-release firecracker went off-went off in their bodies.,,neutral,exc
Ses03F_script02_1,Ses03F_script02_1_M,"And they all, all as one, turned as one and formed this line as big as the California coast and started swimming this way. Swimming as if that's the only thing that matters.",exc,positive,exc
Ses03F_script02_1,Ses03F_script02_1_M,"You know, they didn't ask it a question. They didn't, they didn't take a vote. They didn't have an invitation or a map; they just started swimming as one.",exc,positive,exc
Ses03F_script02_1,Ses03F_script02_1_M,"its single-mindedness with one mind. Urgency that's pure urge. You know, they don't give it a name.",exc,positive,exc
Ses03F_script02_1,Ses03F_script02_1_M,"They don't ask it a question. They just, they just, they don't know what drives them. They just turn as one and start the swim that brings them to here",exc,positive,exc
Ses03F_script02_1,Ses03F_script02_1_M,"where we stand for a massive celebration of sex and death. Oh, God, I'm giving myself goosebumps. Look, I'm all-all my hairs on my arms is sticking up.",exc,positive,exc
Ses03F_script02_1,Ses03F_script02_1_F,"Yeah, that's the wind.",,neutral,exc
Ses03F_script02_1,Ses03F_script02_1_M,So what do you think?,,neutral,exc
Ses03F_script02_1,Ses03F_script02_1_F,About what?,,neutral,exc
Ses03F_script02_1,Ses03F_script02_1_M,About what I just said.,neu,neutral,neu
Ses03F_script02_1,Ses03F_script02_1_F,It's ridiculous.,,neutral,exc
Ses03F_script02_2,Ses03F_script02_2_M,So what do you think?,,neutral,neu
Ses03F_script02_2,Ses03F_script02_2_F,About what?,neu,neutral,neu
Ses03F_script02_2,Ses03F_script02_2_M,About what I was just saying.,neu,neutral,neu
Ses03F_script02_2,Ses03F_script02_2_F,It's ridiculous.,,neutral,neu
Ses03F_script02_2,Ses03F_script02_2_M,It certainly is not. It is slightly exaggerated scientific fact.,fru,negative,fru
Ses03F_script02_2,Ses03F_script02_2_F,"It's so P.R. I mean, somebody's giving you a good bill about this wonderful event that's going to happen on the beach.",,positive,fru
Ses03F_script02_2,Ses03F_script02_2_M,"Well, I'm not the only one. Look at all these people.",fru,negative,fru
Ses03F_script02_2,Ses03F_script02_2_F,Exactly. Everyone else is told the same thing. It keeps them feeling excited. Keeps them coming back. Keeps them thinking life's going to start at any minute now.,,positive,fru
Ses03F_script02_2,Ses03F_script02_2_M,Are we talking about the same thing?,fru,negative,fru
Ses03F_script02_2,Ses03F_script02_2_F,I don't care. It's still fish to me.,,neutral,fru
Ses03F_script02_2,Ses03F_script02_2_M,"Carla, can I ask you something? Don't take this wrong, but are you having your period?",neu,neutral,neu
Ses03F_script02_2,Ses03F_script02_2_F,"Augie, Goddamn it, don't ask me that. You always ask me that. Why do you ask me that? I hate it. It's insulting.",ang,negative,ang
Ses03F_script02_2,Ses03F_script02_2_M,"Okay, then what's bugging you?",fru,negative,fru
Ses03F_script02_2,Ses03F_script02_2_F,"Look, it's-we just-we're looking at this evening in a different way, both of us. We both have different ideas of it.",fru,negative,fru
Ses03F_script02_2,Ses03F_script02_2_M,"There's nothing to it, alright? We come down here, the grunion arrive, they do their little fish business, we go ooh, ah, look at the fish, and then they go home and we go home.",fru,negative,fru
Ses03F_script02_2,Ses03F_script02_2_F,It's not like that.,,neutral,fru
Ses03F_script02_2,Ses03F_script02_2_M,We're not seeing the grunions?,neu,neutral,neu
Ses03F_script02_2,Ses03F_script02_2_F,"Look, Augie, we've never seen them. They're never going to come.",fru,negative,fru
Ses03F_script02_2,Ses03F_script02_2_M,We missed them twice. That's not ever.,fru,negative,fru
Ses03F_script02_2,Ses03F_script02_2_F,Twice is as many times as we've tried. That's ever.,,neutral,fru
Ses03F_script02_2,Ses03F_script02_2_M,We'll see them this time.,fru,negative,fru
Ses03F_script02_2,Ses03F_script02_2_F,"No, we won't.",,neutral,fru
Ses03F_script02_2,Ses03F_script02_2_F,"It's impossible. It's like waiting around. Waiting to see Santa Claus, you know?",,neutral,fru
Ses03F_script02_2,Ses03F_script02_2_F,Like I feel like my whole life I've been just standing on this beach with my hands clasped waiting for these fish to show up and these fish never show up.,ang,negative,ang
Ses03F_script02_2,Ses03F_script02_2_M,"God, I thought you wanted to see it.",fru,negative,fru
Ses03F_script02_2,Ses03F_script02_2_F,I do.,fru,negative,fru
Ses03F_script02_2,Ses03F_script02_2_F,"Look, I did. I always do. But it's like every time I try nothing ever happens.",fru,negative,fru
Ses03F_script02_2,Ses03F_script02_2_M,It's just fish. Nothing to get traumatized over.,fru,negative,fru
Ses03F_script02_2,Ses03F_script02_2_F,"For God's sake, Augie, this is not about fish.",fru,negative,fru
Ses03F_script02_2,Ses03F_script02_2_M,"I've been turning this thing over in my head trying to figure out when the point was when we took a turn for the worse, and I can't seem to pinpoint it.",fru,negative,fru
Ses03F_script02_2,Ses03F_script02_2_M,"You were fine during the phone call from Marge. Dinner was okay. Doing the dishes was no problem. Let's see. I took a shower. You were watching the news. You said Augie, I think the grunion are running. I said great, let's go. I feel lucky tonight.",fru,negative,fru
Ses03F_script02_2,Ses03F_script02_2_M,"And so I'm getting the animals, putting the animals out in the yard. I'm putting on my jacket, getting the car out of the garage-",fru,negative,fru
Ses03F_script02_2,Ses03F_script02_2_F,Do you remember the last time we came here?,sad,negative,sad
Ses03F_script02_2,Ses03F_script02_2_F,We thought I was pregnant.,sad,negative,sad
Ses03F_script02_2,Ses03F_script02_2_F,You brought a bottle of champagne.,sad,negative,sad
Ses03F_script02_2,Ses03F_script02_2_F,We took off our shoes and we danced barefoot in the sand. Under the moon.,hap,positive,hap
Ses03F_script02_2,Ses03F_script02_2_F,And you whispered so intimately in my ear so I could feel your words.,hap,positive,hap
Ses03F_script02_2,Ses03F_script02_2_F,"Oh, that moment-that was it.",hap,positive,hap
Ses03F_script02_2,Ses03F_script02_2_F,"I told myself finally, this is how happy I'm supposed to be.",sad,negative,sad
Ses03F_script02_2,Ses03F_script02_2_M,Wait a minute. I got it.,neu,neutral,neu
Ses03F_script02_2,Ses03F_script02_2_F,Dancing barefoot in the sand. Drinking out of a bottle of champagne.,hap,positive,hap
Ses03F_script02_2,Ses03F_script02_2_M,"It was driving past the Knickerbocker Liquor Locker, right? You said let's get some champagne, and I said time's-a-wasting or something like that.",,neutral,sad
Ses03F_script02_2,Ses03F_script02_2_M,"You want this to be like the other time, right? That's it. Right?",,neutral,sad
Ses03F_script02_2,Ses03F_script02_2_F,I don't want to remember something.,sad,negative,sad
Ses03F_script02_2,Ses03F_script02_2_F,Hope for some things.,sad,negative,sad
Ses03F_script02_2,Ses03F_script02_2_M,"Right. I got it. Of course. Listen, do you want to dance?",,neutral,sad
Ses03F_script02_2,Ses03F_script02_2_F,No.,sad,negative,sad
Ses03F_script02_2,Ses03F_script02_2_M,Do you want me to get some champagne?,,neutral,sad
Ses03F_script02_2,Ses03F_script02_2_F,No.,sad,negative,sad
Ses03F_script02_2,Ses03F_script02_2_M,Take off our shoes?,,neutral,sad
Ses03F_script02_2,Ses03F_script02_2_F,"No, no.",sad,negative,sad
Ses03F_script02_2,Ses03F_script02_2_M,What? What? Do you want me to breathe in your ear?,fru,negative,fru
Ses03F_script02_2,Ses03F_script02_2_F,No.,fru,negative,fru
Ses03F_script02_2,Ses03F_script02_2_M,Do you want to get married again? What? What? Do you want to get a divorce?,fru,negative,fru
Ses03F_script02_2,Ses03F_script02_2_F,No.,fru,negative,fru
Ses03F_script02_2,Ses03F_script02_2_F,No.,ang,negative,ang
Ses03F_script02_2,Ses03F_script02_2_M,A vacation?,fru,negative,fru
Ses03F_script02_2,Ses03F_script02_2_F,No.,fru,negative,fru
Ses03F_script02_2,Ses03F_script02_2_M,A new carpet? A poodle?,fru,negative,fru
Ses03F_script02_2,Ses03F_script02_2_M,"A-a back rub, some ice cream, a suicide pact. What the hell do you want, Carla?",ang,negative,ang
Ses03F_script02_2,Ses03F_script02_2_F,I want things to turn out the way that they're supposed to be.,fru,negative,fru
Ses03F_script02_2,Ses03F_script02_2_M,"Jesus, welcome to the human race.",fru,negative,fru
Ses03F_script02_2,Ses03F_script02_2_M,Did you think this is how I thought it was going to turn out? Do you think I had some great fantasy down the line? That four years down the line that we'd come to the beach and argue with each other over fish?,,positive,fru
Ses03F_script02_2,Ses03F_script02_2_M,"No, I was just like you. I thought it was going to be all peaches and roses and everything great. And the wind in our hair and the sand in our toes, and the fish will always come and the bills will pay themselves, and we'll have three big fat rosy kids. And oh God.",fru,negative,fru
Ses03F_script02_2,Ses03F_script02_2_M,"You know what you get? The jokes on us, baby. Because do you know what you get? Huh? Carla? Do you know what you get? You get this.",fru,negative,fru
Ses03F_script02_2,Ses03F_script02_2_F,This what? What is this? This is nothing.,fru,negative,fru
Ses03F_script02_2,Ses03F_script02_2_M,"Yes, it is.",fru,negative,fru
Ses03F_script02_2,Ses03F_script02_2_F,"No, it's not. It's standing on the beach waiting and fighting.",ang,negative,ang
Ses03F_script02_2,Ses03F_script02_2_M,Right.,fru,negative,fru
Ses03F_script02_2,Ses03F_script02_2_F,Things have never turned out anything the way that I thought they would be.,sad,negative,sad
Ses03F_script02_2,Ses03F_script02_2_M,"No, I know. Me neither.",fru,negative,fru
Ses03F_script02_2,Ses03F_script02_2_F,"I mean, this is, this is everything, and it's a lot, but",,neutral,fru
Ses03F_script02_2,Ses03F_script02_2_F,it's not something else. Do you know what I'm trying to say?,sad,negative,sad
Ses03F_script02_2,Ses03F_script02_2_M,"Well, I'm doing the best I can.",fru,negative,fru
Ses03F_script02_2,Ses03F_script02_2_F,"I know you are, Augie, and I know you wanted this evening to be nice, but I can't help thinking of being somewhere else.",sad,negative,sad
Ses03F_script02_2,Ses03F_script02_2_M,"Yeah, maybe if you were with someone else too.",fru,negative,fru
Ses03F_script02_2,Ses03F_script02_2_F,I didn't say that.,sad,negative,sad
Ses03F_script02_2,Ses03F_script02_2_M,"No, I know. But I know I don't make you happy.",,positive,fru
Ses03F_script02_2,Ses03F_script02_2_F,"Augie, anything I do I'd rather be doing with you.",fru,negative,fru
Ses03F_script02_2,Ses03F_script02_2_M,Yeah?,,neutral,fru
Ses03F_script02_2,Ses03F_script02_2_F,"God, don't you know that? I mean, you're the one that probably wants to be with somebody else. Somebody that didn't take herself so seriously, could enjoy herself more.",fru,negative,fru
Ses03F_script02_2,Ses03F_script02_2_M,"Actually now that you mention it, no, I don't.",hap,positive,hap
Ses03F_script02_2,Ses03F_script02_2_F,"Well, I guess we're just in the wrong spart-spot with the right person.",hap,positive,hap
Ses03F_script02_2,Ses03F_script02_2_M,"Seemed like a pretty good spot to me. I mean, look at the view of the moon we've got from here.",hap,positive,hap
Ses03F_script02_2,Ses03F_script02_2_F,I noticed that. It's beautiful.,hap,positive,hap
Ses03F_script02_2,Ses03F_script02_2_F,You can see right over the water.,hap,positive,hap
Ses03F_script02_2,Ses03F_script02_2_F,"God, big old white moon.",,neutral,hap
Ses03F_script02_2,Ses03F_script02_2_M,Look what we got here.,hap,positive,hap
Ses03F_script02_2,Ses03F_script02_2_F,You brought refreshments?,,neutral,hap
Ses03F_script02_2,Ses03F_script02_2_M,It's not champagne.,hap,positive,hap
Ses03F_script02_2,Ses03F_script02_2_F,At least we won't need glasses.,hap,positive,hap
Ses03F_script02_2,Ses03F_script02_2_M,Are you still cold? Do you want to go home?,neu,neutral,neu
Ses03F_script02_2,Ses03F_script02_2_F,So I was thinking you might be right.,,neutral,hap
Ses03F_script02_2,Ses03F_script02_2_F,Maybe this is the right place after all.,hap,positive,hap
Ses03F_script02_2,Ses03F_script02_2_F,"I'm sorry, Augie.",sad,negative,sad
Ses03F_script02_2,Ses03F_script02_2_M,Shh.,neu,neutral,neu
Ses03F_script02_2,Ses03F_script02_2_M,If we're very quiet the fish might come.,hap,positive,hap
Ses03F_script02_2,Ses03F_script02_2_F,Or not.,,neutral,hap
Ses03F_script02_2,Ses03F_script02_2_M,Or not.,hap,positive,hap
Ses03F_script03_1,Ses03F_script03_1_M,Oh.,,neutral,neu
Ses03F_script03_1,Ses03F_script03_1_F,[BREATHING],neu,neutral,neu
Ses03F_script03_1,Ses03F_script03_1_M,Good God.,,positive,neu
Ses03F_script03_1,Ses03F_script03_1_F,Do you think it's them?,neu,neutral,neu
Ses03F_script03_1,Ses03F_script03_1_M,I wonder.,,neutral,neu
Ses03F_script03_1,Ses03F_script03_1_F,"I mean, nobody knows we're here except for Freda and she wouldn't ring up.",,neutral,neu
Ses03F_script03_1,Ses03F_script03_1_M,It must be them then.,,neutral,neu
Ses03F_script03_1,Ses03F_script03_1_F,What are we to do?,,neutral,neu
Ses03F_script03_1,Ses03F_script03_1_M,"We're all right, aren't we darling? Whatever happens.",neu,neutral,neu
Ses03F_script03_1,Ses03F_script03_1_F,"Yes. Now and always, sweet.",,neutral,neu
Ses03F_script03_1,Ses03F_script03_1_M,Then I don't care.,neu,neutral,neu
Ses03F_script03_1,Ses03F_script03_1_F,It was bound to come sooner or later.,,neutral,neu
Ses03F_script03_1,Ses03F_script03_1_M,"Hello? Hello? What? Ugh, wrong number.",,neutral,neu
Ses03F_script03_1,Ses03F_script03_1_F,"[LAUGHTER] God, it sent shivers up my spine.",,neutral,neu
Ses03F_script03_1,Ses03F_script03_1_M,"things that should matter dreadfully don't seem to matter at all when one's happy, do they?",exc,positive,exc
Ses03F_script03_1,Ses03F_script03_1_F,"Um terrible thing is one can't stay happy. Well, it's true. I mean, the whole business is a very poor joke.",,positive,neu
Ses03F_script03_1,Ses03F_script03_1_M,"Ooh darling, don't say that.",,neutral,neu
Ses03F_script03_1,Ses03F_script03_1_M,"You mean that sacred and beautiful thing, love?",,positive,exc
Ses03F_script03_1,Ses03F_script03_1_F,"Yes, meaning just that.",,neutral,exc
Ses03F_script03_1,Ses03F_script03_1_M,What does it all mean? That's what I ask myself in my quest for ultimate truth. What does it all mean?,,neutral,exc
Ses03F_script03_1,Ses03F_script03_1_F,Don't laugh at me. I'm serious.,exc,positive,exc
Ses03F_script03_1,Ses03F_script03_1_M,"[LAUGHTER]. You mustn't be serious, my dear one, that's what they want.",exc,positive,exc
Ses03F_script03_1,Ses03F_script03_1_F,Who's they?,,neutral,exc
Ses03F_script03_1,Ses03F_script03_1_M,All the futile moralists who try to make life unbearable. Laugh at them. Be flippant. Laugh at all the sacred shibboleths. Flippancy brings out the acid in their damn sweetness and light.,,neutral,exc
Ses03F_script03_1,Ses03F_script03_1_F,"Well, if I laugh at everything I'm going to have to laugh at us too.",,neutral,exc
Ses03F_script03_1,Ses03F_script03_1_M,"Ooh, certainly you must. We're figures of fun, all right.",exc,positive,exc
Ses03F_script03_1,Ses03F_script03_1_F,"So how long is it going to last? This ludicrous, overbearing love of ours?",,positive,exc
Ses03F_script03_1,Ses03F_script03_1_M,Who knows?,,neutral,exc
Ses03F_script03_1,Ses03F_script03_1_F,Shall we always want to bicker and fight?,,neutral,exc
Ses03F_script03_1,Ses03F_script03_1_M,No. The fire will fade along with our passion.,,neutral,exc
Ses03F_script03_1,Ses03F_script03_1_F,"Oh dear, well, shall we want that?",sad,negative,sad
Ses03F_script03_1,Ses03F_script03_1_M,Depends on how well we play it.,,neutral,exc
Ses03F_script03_1,Ses03F_script03_1_F,"Well, what if happens if one of us is to die? Does the one that's left still laugh?",sad,negative,sad
Ses03F_script03_1,Ses03F_script03_1_M,"Yes, yes. Yes, he must with all his might.",,neutral,sad
Ses03F_script03_1,Ses03F_script03_1_F,"Well, that's serious enough.",,neutral,sad
Ses03F_script03_1,Ses03F_script03_1_M,"No. No, it isn't. Death's very laughable. A cunning little mystery. All done with mirrors.",,neutral,sad
Ses03F_script03_1,Ses03F_script03_1_F,"Darling, I believe you're talking nonsense.",,neutral,sad
Ses03F_script03_1,Ses03F_script03_1_M,So is everyone else in the long run. Let's be superficial and pity the poor philosophers.,,neutral,sad
Ses03F_script03_1,Ses03F_script03_1_M,"Let's blow strumpets, blow-blow trumpets and squeakers and party as much as we can like small quite idiotic school children. Let's savor the delight of the moment. Come, kiss me darling, before worms pop in and out of your eye sockets.",exc,positive,exc
Ses03F_script03_1,Ses03F_script03_1_F,"Elliott, worms don't pop.",,neutral,exc
Ses03F_script03_1,Ses03F_script03_1_M,"I don't care what you do, see? As long-you can paint yourself bright green all over and dance naked in the Place Vendome and rush off madly with all the men in the world and I shan't say a word as long as you love me best.",,positive,exc
Ses03F_script03_1,Ses03F_script03_1_F,"Thank you, dear. The same applies to you. Except that if I ever so much as catch you looking at another woman I'll kill you.",exc,positive,exc
Ses03F_script03_1,Ses03F_script03_1_M,Remember that awful scene we had in Venice?,exc,positive,exc
Ses03F_script03_1,Ses03F_script03_1_F,Which particular one?,,neutral,exc
Ses03F_script03_1,Ses03F_script03_1_M,The one when you bought that little painted wooden snake in the Piazza and put it in my bed.,,neutral,exc
Ses03F_script03_1,Ses03F_script03_1_F,Oh Charles. That was his name. Charles. He did wiggle so beautifully.,hap,positive,hap
Ses03F_script03_1,Ses03F_script03_1_M,Horrible little thing. I hated it.,,negative,exc
Ses03F_script03_1,Ses03F_script03_1_F,I know you did. You threw it out the window and into the Grand Canal. I don't think I'll ever forgive you for that.,,neutral,exc
Ses03F_script03_1,Ses03F_script03_1_M,How long did that row last?,,neutral,exc
Ses03F_script03_1,Ses03F_script03_1_F,It went on intermittently for days.,,neutral,exc
Ses03F_script03_1,Ses03F_script03_1_M,The worst one was in Cannes when your-your curling iron burnt a hole in my dressing gown.,,neutral,exc
Ses03F_script03_1,Ses03F_script03_1_F,"Well, I burnt a hole in my comb too, and all the towels in the bathroom. [LAUGHTER].",,neutral,exc
Ses03F_script03_1,Ses03F_script03_1_F,yeah. And that was the first time you ever hit me.,hap,positive,hap
Ses03F_script03_1,Ses03F_script03_1_M,"That was a rouser, wasn't it?",exc,positive,exc
Ses03F_script03_1,Ses03F_script03_1_F,The manager came in and found us rolling on the floor and biting and scratching like panthers. [LAUGHTER],hap,positive,hap
Ses03F_script03_1,Ses03F_script03_1_M,I didn't hit you very hard.,,neutral,hap
Ses03F_script03_1,Ses03F_script03_1_F,I know. Oh man. Couldn't believe it.,exc,positive,exc
Ses03F_script03_1,Ses03F_script03_1_M,"Oh, I will never forget his face. Ooh-rah [LAUGHTER].",,neutral,hap
Ses03F_script03_1,Ses03F_script03_1_M,We were very much younger then.,,neutral,hap
Ses03F_script03_1,Ses03F_script03_1_F,"Yeah, and very much sillier.",,neutral,hap
Ses03F_script03_1,Ses03F_script03_1_M,"Oh, the real cause of that row was Peter Burden.",,neutral,hap
Ses03F_script03_2,Ses03F_script03_2_M,"As a matter of fact, the real cause of that row was Peter Burden.",ang,negative,ang
Ses03F_script03_2,Ses03F_script03_2_F,You knew there was nothing in that.,,neutral,ang
Ses03F_script03_2,Ses03F_script03_2_M,I knew nothing of the sort. You took presents from him.,ang,negative,ang
Ses03F_script03_2,Ses03F_script03_2_F,Presents? It was only a small trivial little broach.,,neutral,ang
Ses03F_script03_2,Ses03F_script03_2_M,I remember it well. Bristling with diamonds. In the worst possible taste.,ang,negative,ang
Ses03F_script03_2,Ses03F_script03_2_F,Not at all. It was very pretty. And I wear it all the time. I still have it.,,neutral,ang
Ses03F_script03_2,Ses03F_script03_2_M,You went out of your way to torture me over Peter Burden.,,neutral,ang
Ses03F_script03_2,Ses03F_script03_2_F,"No, I didn't. You made that up all in your jealous imagination.",,neutral,ang
Ses03F_script03_2,Ses03F_script03_2_M,You must admit that he was in love with you.,,positive,ang
Ses03F_script03_2,Ses03F_script03_2_F,"Just a little perhaps, but it was nothing serious.",neu,neutral,neu
Ses03F_script03_2,Ses03F_script03_2_M,You let him kiss you. You said so.,ang,negative,ang
Ses03F_script03_2,Ses03F_script03_2_F,"Well, what of it?",,neutral,ang
Ses03F_script03_2,Ses03F_script03_2_M,What of it?,,neutral,ang
Ses03F_script03_2,Ses03F_script03_2_F,"Oh come on, it gave him a lot of pleasure and it didn't harm me.",,neutral,ang
Ses03F_script03_2,Ses03F_script03_2_M,What about me?,ang,negative,ang
Ses03F_script03_2,Ses03F_script03_2_F,"Well, if you hadn't been so suspicious and nosey you'd have never known anything about it.",,neutral,ang
Ses03F_script03_2,Ses03F_script03_2_M,"That's a nice point of view, I must say.",ang,negative,ang
Ses03F_script03_2,Ses03F_script03_2_F,"Well, it's true.",neu,neutral,neu
Ses03F_script03_2,Ses03F_script03_2_M,Are you bored with this conversation?,neu,neutral,neu
Ses03F_script03_2,Ses03F_script03_2_F,"I definitely, most definitely am.",,neutral,neu
Ses03F_script03_2,Ses03F_script03_2_M,So am I. Bored stiff. Want some brandy?,neu,neutral,neu
Ses03F_script03_2,Ses03F_script03_2_F,"No, thanks.",,neutral,neu
Ses03F_script03_2,Ses03F_script03_2_M,"I'll have a little, I think.",neu,neutral,neu
Ses03F_script03_2,Ses03F_script03_2_F,I don't see why you want it; you've already had two glasses.,,neutral,neu
Ses03F_script03_2,Ses03F_script03_2_M,"No particular reason. Anyhow, they were very small ones.",neu,neutral,neu
Ses03F_script03_2,Ses03F_script03_2_F,I don't see what's the point of going on and on about something like this.,,neutral,neu
Ses03F_script03_2,Ses03F_script03_2_M,"Oh, my-you can hardly call three minute liquor glasses in the evening going on and on and on.",,neutral,neu
Ses03F_script03_2,Ses03F_script03_2_F,It's become a habit with you.,neu,neutral,neu
Ses03F_script03_2,Ses03F_script03_2_M,You needn't be so grand just because you don't happen to want some yourself at the moment.,ang,negative,ang
Ses03F_script03_2,Ses03F_script03_2_F,Don't be so stupid.,ang,negative,ang
Ses03F_script03_2,Ses03F_script03_2_M,"Really, Amanda.",ang,negative,ang
Ses03F_script03_2,Ses03F_script03_2_F,What?,ang,negative,ang
Ses03F_script03_2,Ses03F_script03_2_M,Nothing.,ang,negative,ang
Ses03F_script03_2,Ses03F_script03_2_M,"Going somewhere, dear?",ang,negative,ang
Ses03F_script03_2,Ses03F_script03_2_F,No. Just making myself fascinating for you.,,neutral,ang
Ses03F_script03_2,Ses03F_script03_2_M,That reply has broken my heart.,,neutral,ang
Ses03F_script03_2,Ses03F_script03_2_F,"It's a woman's job to allure the man. Watch me, won't you, a minute?",neu,neutral,neu
Ses03F_script03_2,Ses03F_script03_2_M,"As a matter of fact, that's perfectly true.",,neutral,ang
Ses03F_script03_2,Ses03F_script03_2_F,"No, it isn't.",ang,negative,ang
Ses03F_script03_2,Ses03F_script03_2_M,"Yes, it is.",ang,negative,ang
Ses03F_script03_2,Ses03F_script03_2_F,"No, it's not. I don't care.",,neutral,ang
Ses03F_script03_2,Ses03F_script03_2_M,It's a pity you didn't have more brandy. It might have made you a little less disagreeable.,,neutral,ang
Ses03F_script03_2,Ses03F_script03_2_F,"Well, it didn't seem to do such wonders with you, now did it?",,neutral,ang
Ses03F_script03_2,Ses03F_script03_2_M,"Oh, snap, snap, snap, like a little adder.",,neutral,ang
Ses03F_script03_2,Ses03F_script03_2_F,"Adders don't snap, they sting.",fru,negative,fru
Ses03F_script03_2,Ses03F_script03_2_M,"Yes, they do. They have a big bag of venom behind their fangs and they snap.",,neutral,ang
Ses03F_script03_2,Ses03F_script03_2_F,They sting.,fru,negative,fru
Ses03F_script03_2,Ses03F_script03_2_M,They snap.,ang,negative,ang
Ses03F_script03_2,Ses03F_script03_2_F,"I don't care. I don't care, do you understand? I don't care if they bark, if they roll over on the floor like hoops.",ang,negative,ang
Ses03F_script03_2,Ses03F_script03_2_M,"Uhh,",,neutral,ang
Ses03F_script03_2,Ses03F_script03_2_M,did you see much of Peter Burden after our divorce?,ang,negative,ang
Ses03F_script03_2,Ses03F_script03_2_F,"Yes, I did, quite a lot actually.",,neutral,ang
Ses03F_script03_2,Ses03F_script03_2_M,"I imagine that you let him kiss you quite a bit more then, didn't you?",ang,negative,ang
Ses03F_script03_2,Ses03F_script03_2_F,Mind your business.,fru,negative,fru
Ses03F_script03_2,Ses03F_script03_2_M,You had a riotous-must have had a riotous time. No restraint at all. Very enjoyable. You never had much anyhow.,ang,negative,ang
Ses03F_script03_2,Ses03F_script03_2_F,You are quite insufferable. I suppose it's because you're drunk.,ang,negative,ang
Ses03F_script03_2,Ses03F_script03_2_M,I'm not in the least bit drunk.,ang,negative,ang
Ses03F_script03_2,Ses03F_script03_2_F,You've always had a weak head.,fru,negative,fru
Ses03F_script03_2,Ses03F_script03_2_M,"Okay. As I mentioned before, I said I had three very minute liquor glasses. That's hardly enough to get a child of two drunk.",ang,negative,ang
Ses03F_script03_2,Ses03F_script03_2_F,"On the contrary, a child of two can get violently drunk on only one glass of brandy.",,neutral,fru
Ses03F_script03_2,Ses03F_script03_2_M,"Oh, very interesting indeed. How about a child of four or a child of six or a child of nine. We might have a splendid little debate about this intemperate tots.",,neutral,fru
Ses03F_script03_2,Ses03F_script03_2_F,Do shut up. Shut up.,fru,negative,fru
Ses03F_script03_2,Ses03F_script03_2_F,I don't want to talk about this anymore.,fru,negative,fru
Ses03F_script03_2,Ses03F_script03_2_M,You better turn that off.,,neutral,fru
Ses03F_script03_2,Ses03F_script03_2_F,Why?,,neutral,fru
Ses03F_script03_2,Ses03F_script03_2_M,It's very late and it will annoy the people upstairs.,,neutral,fru
Ses03F_script03_2,Ses03F_script03_2_F,There aren't any people upstairs. It's a photographer's studio.,,neutral,fru
Ses03F_script03_2,Ses03F_script03_2_M,"Well, I suppose the people downstairs then.",ang,negative,ang
Ses03F_script03_2,Ses03F_script03_2_F,They're away in Tunis.,,neutral,fru
Ses03F_script03_2,Ses03F_script03_2_M,This is no time of the year for Tunis.,neu,neutral,neu
Ses03F_script03_2,Ses03F_script03_2_F,"Turn it on again, please.",,neutral,ang
Ses03F_script03_2,Ses03F_script03_2_M,"No, I will do no such thing.",,neutral,ang
Ses03F_script03_2,Ses03F_script03_2_F,Turn it on.,ang,negative,ang
Ses03F_script03_2,Ses03F_script03_2_M,No.,,neutral,ang
Ses03F_script03_2,Ses03F_script03_2_F,You've always had far too temperamental for yourself. You should try to control it.,,neutral,ang
Ses03F_script03_2,Ses03F_script03_2_M,Turn it off.,ang,negative,ang
Ses03F_script03_2,Ses03F_script03_2_F,I will not. Go away. Go away. I hate you.,ang,negative,ang
Ses03F_script03_2,Ses03F_script03_2_M,"Oh, very amusing, indeed. Amanda, listen-",ang,negative,ang
Ses03F_script03_2,Ses03F_script03_2_F,"Listen, indeed. No, no, no, no. I am sick and tired of listening to you, you sadistic bully.",ang,negative,ang
Ses03F_script03_2,Ses03F_script03_2_M,Very amusing indeed.,ang,negative,ang
Ses03F_script03_2,Ses03F_script03_2_F,"Stop it, stop it, I hate you, I loath you, you are overbearing and conceited and utterly impossible.",ang,negative,ang
Ses03F_script03_2,Ses03F_script03_2_M,"You know, you're a vile, ill-tempered, wicked little beast and I hope that I never see you again as long as I live.",ang,negative,ang
Ses03F_script03_2,Ses03F_script03_2_F,This is the end. Do you hear? The end. Now and forever.,ang,negative,ang
Ses03F_script03_2,Ses03F_script03_2_M,"No, you're not going out like this. No you're not.",ang,negative,ang
Ses03F_script03_2,Ses03F_script03_2_F,"Oh, yes I am.",ang,negative,ang
Ses03F_script03_2,Ses03F_script03_2_F,"Yes I am. Let go of me. I hate you and I loath you. God, I can't believe I just finally realized how you are. I am never marry you. Never. Never, never, never. I would rather die in torment.",ang,negative,ang
Ses03F_script03_2,Ses03F_script03_2_M,"Oh, shut up. Shut up. Shut up.",ang,negative,ang
Ses03F_script03_2,Ses03F_script03_2_M,"I wouldn't marry you again if you came back crawling to me on your hands and knees because you're vile. You're a mean, evil-minded little vampire and I hope to God I never set eyes on you again.",ang,negative,ang
Ses03F_script03_2,Ses03F_script03_2_F,"Beast or brute cad, swine beast beast brute.",ang,negative,ang
Ses03M_impro01,Ses03M_impro01_M,"Hey listen here missy, I've been in this line for an hour and now I'm finally here. So you're going to take my application.",fru,negative,fru
Ses03M_impro01,Ses03M_impro01_F,Is that a demand sir?,neu,neutral,neu
Ses03M_impro01,Ses03M_impro01_M,It's not a demand it's a request. Will you just take it? Come on.,fru,negative,fru
Ses03M_impro01,Ses03M_impro01_F,I must see it before I just take it.,,neutral,fru
Ses03M_impro01,Ses03M_impro01_M,Oh. Look at it.,,neutral,fru
Ses03M_impro01,Ses03M_impro01_F,"Sir, you completely filled this out wrong.",fru,negative,fru
Ses03M_impro01,Ses03M_impro01_F,No. You filled out the back part. You were supposed to fill out the front portion only.,neu,neutral,neu
Ses03M_impro01,Ses03M_impro01_M,What?,,neutral,fru
Ses03M_impro01,Ses03M_impro01_M,What are you talking about? It says fill out that part.,ang,negative,ang
Ses03M_impro01,Ses03M_impro01_F,"No, no, no, no, no. You're going to have to go back over on the other side-- --second door, up the stairs...",fru,negative,fru
Ses03M_impro01,Ses03M_impro01_M,Okay.,fru,negative,fru
Ses03M_impro01,Ses03M_impro01_M,Oh my God. Can you just transfer it yourself?,fru,negative,fru
Ses03M_impro01,Ses03M_impro01_F,No I can't just transfer it myself sir. You got to do this. Everyone else is doing the same thing.,fru,negative,fru
Ses03M_impro01,Ses03M_impro01_M,You don't know! you can't write? You don't know how to write?,fru,negative,fru
Ses03M_impro01,Ses03M_impro01_F,Excuse me sir?,fru,negative,fru
Ses03M_impro01,Ses03M_impro01_M,What's wrong with you people? God.,fru,negative,fru
Ses03M_impro01,Ses03M_impro01_F,I think you're being a little condescending.,fru,negative,fru
Ses03M_impro01,Ses03M_impro01_F,You need to go back over there and fill it out again.,fru,negative,fru
Ses03M_impro01,Ses03M_impro01_M,The information is on there. Here I'll just fill it out right here.,fru,negative,fru
Ses03M_impro01,Ses03M_impro01_F,"No, no, no, because there are other people in line. You have to go get a complete new application.",fru,negative,fru
Ses03M_impro01,Ses03M_impro01_M,"This will take like a minute, okay? Jesus.",fru,negative,fru
Ses03M_impro01,Ses03M_impro01_F,"No, no, no. Sir,you need to get out of the line--",,neutral,fru
Ses03M_impro01,Ses03M_impro01_M,I'm not going anywhere. I'm staying right here.,ang,negative,ang
Ses03M_impro01,Ses03M_impro01_F,"Well I'm going to have to call- security because sir, you- there are hundreds of people waiting in line at this D.M.V.-- --We're closing in about half an hour...",,neutral,fru
Ses03M_impro01,Ses03M_impro01_M,"Hey,uh-- Well that's too bad cause I'm getting my license right now.",ang,negative,ang
Ses03M_impro01,Ses03M_impro01_F,"You will get your license, sir, you have to go fill out-- --another copy...excuse me?",fru,negative,fru
Ses03M_impro01,Ses03M_impro01_M,Give me my--,fru,negative,fru
Ses03M_impro01,Ses03M_impro01_M,"Hey, no, give me that back.",ang,negative,ang
Ses03M_impro01,Ses03M_impro01_F,No. Now I'm going to take this from you because you are obviously misleading,,neutral,fru
Ses03M_impro01,Ses03M_impro01_M,-- No. I'm not waiting...I'm not coming back again. I don't have time to come back five days.,ang,negative,ang
Ses03M_impro01,Ses03M_impro01_F,No. You couldn't go get another one.,,neutral,fru
Ses03M_impro01,Ses03M_impro01_F,Well then you won't have a license will you?,,neutral,fru
Ses03M_impro01,Ses03M_impro01_M,I'll have a license.,fru,negative,fru
Ses03M_impro01,Ses03M_impro01_F,Well not from this department you won't.,fru,negative,fru
Ses03M_impro01,Ses03M_impro01_M,Yes I will. I'll have this [GARBAGE],ang,negative,ang
Ses03M_impro01,Ses03M_impro01_F,Sir-,fru,negative,fru
Ses03M_impro01,Ses03M_impro01_M,just as I want. Ugh.,fru,negative,fru
Ses03M_impro01,Ses03M_impro01_F,Sir? I'm going to ask you one more time and then I'm going to call my supervisor,fru,negative,fru
Ses03M_impro01,Ses03M_impro01_F,who will proceed to call-- security if you can't remove yourself--,fru,negative,fru
Ses03M_impro01,Ses03M_impro01_M,Fine. Call your supervisor. Ask supervisor over,ang,negative,ang
Ses03M_impro01,Ses03M_impro01_M,and I'll tell her how you've been behaving.,fru,negative,fru
Ses03M_impro01,Ses03M_impro01_F,Really?,fru,negative,fru
Ses03M_impro01,Ses03M_impro01_M,How would you like that hmm?,fru,negative,fru
Ses03M_impro01,Ses03M_impro01_F,"She's not actually in the building. She's only on the phone. Sir, please leave this line immediately.",fru,negative,fru
Ses03M_impro01,Ses03M_impro01_M,"Oh, okay. Wow.",fru,negative,fru
Ses03M_impro01,Ses03M_impro01_M,No. I'm not going anywhere. I'm staying here-- I am filling out right now okay just calm down. I'm filling out right now-- Just take the god damn piece of paper.,ang,negative,ang
Ses03M_impro01,Ses03M_impro01_F,Okay. I'm going to call security. Security!,ang,negative,ang
Ses03M_impro01,Ses03M_impro01_F,"I have it. I'm taking it. Doesn't mean I'm going to do anything with it.--Get out of my line! This is my line. Get out. All these people--Sir, you are causing a mob in this department.",,neutral,fru
Ses03M_impro01,Ses03M_impro01_M,Okey This is a new one. Take the new one.,,neutral,fru
Ses03M_impro01,Ses03M_impro01_M,Do you own the D.M.V.?,,neutral,fru
Ses03M_impro01,Ses03M_impro01_M,I'm sorry she's--these people they just want to get their license--,fru,negative,fru
Ses03M_impro01,Ses03M_impro01_F,"No, You cannot get your license. You filled out the wrong part of the form.",fru,negative,fru
Ses03M_impro01,Ses03M_impro01_M,What are you talking about? Just transfer it over. I filled out the new one.,,neutral,fru
Ses03M_impro01,Ses03M_impro01_F,"This entire time you're fighting with me sir, you could've finished the form and already been half way-- No. Get out.",ang,negative,ang
Ses03M_impro01,Ses03M_impro01_M,I did finish one. Take it.,ang,negative,ang
Ses03M_impro01,Ses03M_impro01_M,What is wrong with you?,ang,negative,ang
Ses03M_impro02,Ses03M_impro02_M,Hey sweetie.,sad,negative,sad
Ses03M_impro02,Ses03M_impro02_M,Hey.,sad,negative,sad
Ses03M_impro02,Ses03M_impro02_F,Um.,hap,positive,hap
Ses03M_impro02,Ses03M_impro02_F,"How's it- going? Oh I'm so tired. Oh, I just woke up. Mmm.",,neutral,sad
Ses03M_impro02,Ses03M_impro02_F,What's going on?,,neutral,sad
Ses03M_impro02,Ses03M_impro02_M,"Uh, -Um",sad,negative,sad
Ses03M_impro02,Ses03M_impro02_F,Why the sad face?,hap,positive,hap
Ses03M_impro02,Ses03M_impro02_M,they need me out there sooner than I thought,sad,negative,sad
Ses03M_impro02,Ses03M_impro02_F,Where? Who? What are you talking about?,,neutral,sad
Ses03M_impro02,Ses03M_impro02_M,They want to deploy me next week.,sad,negative,sad
Ses03M_impro02,Ses03M_impro02_F,Next week?,,neutral,sad
Ses03M_impro02,Ses03M_impro02_F,Overseas?,,neutral,sad
Ses03M_impro02,Ses03M_impro02_M,For--,sad,negative,sad
Ses03M_impro02,Ses03M_impro02_F,For how long this time?,,neutral,sad
Ses03M_impro02,Ses03M_impro02_M,They said anywhere from two to three years.,sad,negative,sad
Ses03M_impro02,Ses03M_impro02_F,What? What do you mean two to three years? Don't they know that you have a wife and an expectant child?,,neutral,sad
Ses03M_impro02,Ses03M_impro02_M,I told them that but they--,,neutral,sad
Ses03M_impro02,Ses03M_impro02_F,Honey--,fru,negative,fru
Ses03M_impro02,Ses03M_impro02_M,--need me on the specialist honey.,fru,negative,fru
Ses03M_impro02,Ses03M_impro02_F,You can't. We need you. I need you.,fru,negative,fru
Ses03M_impro02,Ses03M_impro02_M,"I don't want to go but,-",fru,negative,fru
Ses03M_impro02,Ses03M_impro02_F,I don't care about the money.,fru,negative,fru
Ses03M_impro02,Ses03M_impro02_M,but they said they'd increase my pay by triple-there promotion.,fru,negative,fru
Ses03M_impro02,Ses03M_impro02_F,And you're leaving next week so you won't even be here for Anna's birth?,,neutral,fru
Ses03M_impro02,Ses03M_impro02_M,No.,sad,negative,sad
Ses03M_impro02,Ses03M_impro02_F,Do this whole thing by myself?,sad,negative,sad
Ses03M_impro02,Ses03M_impro02_M,Honey you're not going to be by yourself--,sad,negative,sad
Ses03M_impro02,Ses03M_impro02_M,"We'll have internet set up, we'll get web cameras and everything. My whole family's here too.",neu,neutral,neu
Ses03M_impro02,Ses03M_impro02_F,Carry her for nine months and then yes.,sad,negative,sad
Ses03M_impro02,Ses03M_impro02_M,Honey.,,neutral,sad
Ses03M_impro02,Ses03M_impro02_F,It's not the same thing. It's not like having you here.,sad,negative,sad
Ses03M_impro02,Ses03M_impro02_F,I can't do this.,sad,negative,sad
Ses03M_impro02,Ses03M_impro02_M,"You can do it. Alright? You can, you can be strong, you can be strong for both of us alright?",neu,neutral,neu
Ses03M_impro02,Ses03M_impro02_F,I'm sick of being strong-- --for us.,sad,negative,sad
Ses03M_impro02,Ses03M_impro02_M,I don't know what to do.,sad,negative,sad
Ses03M_impro02,Ses03M_impro02_M,I don't want to - I don't- I don't want to go.,fru,negative,fru
Ses03M_impro02,Ses03M_impro02_M,What am I supposed to do?,fru,negative,fru
Ses03M_impro02,Ses03M_impro02_F,You can say no?,fru,negative,fru
Ses03M_impro02,Ses03M_impro02_M,You know I can't say no.,sad,negative,sad
Ses03M_impro02,Ses03M_impro02_F,You could. You really could. You could-- --get into another line of work. I could start working after Anna's born?,fru,negative,fru
Ses03M_impro02,Ses03M_impro02_M,The last guy who said no was fired.,fru,negative,fru
Ses03M_impro02,Ses03M_impro02_M,I put in fifteen years in this job.,fru,negative,fru
Ses03M_impro02,Ses03M_impro02_F,I know.,fru,negative,fru
Ses03M_impro02,Ses03M_impro02_M,I'm so close. Five more years and I retire-,fru,negative,fru
Ses03M_impro02,Ses03M_impro02_M,and we'll have that happy life.,fru,negative,fru
Ses03M_impro02,Ses03M_impro02_F,Happiness for me is having you here with me,,neutral,fru
Ses03M_impro02,Ses03M_impro02_F,"and watch our child grow, see her take her first steps, her first words.",sad,negative,sad
Ses03M_impro02,Ses03M_impro02_M,Honey after a year I can be back.,sad,negative,sad
Ses03M_impro02,Ses03M_impro02_F,You said two years.,sad,negative,sad
Ses03M_impro02,Ses03M_impro02_M,They want me there two years but I could probably get,sad,negative,sad
Ses03M_impro02,Ses03M_impro02_M,maybe get some vacation-- --once it quiets down there.,sad,negative,sad
Ses03M_impro02,Ses03M_impro02_F,A whole year? --We're not talking about like a couple months here. I mean this is a whole year.,sad,negative,sad
Ses03M_impro02,Ses03M_impro02_M,I know. I know. But they really need some good guys there.,sad,negative,sad
Ses03M_impro02,Ses03M_impro02_F,What could happen in a year?,sad,negative,sad
Ses03M_impro02,Ses03M_impro02_F,And this isn't the first time you know? I mean you always...sending you off to different places and...,sad,negative,sad
Ses03M_impro02,Ses03M_impro02_M,Well that's the kind of work I'm in honey.,sad,negative,sad
Ses03M_impro02,Ses03M_impro02_F,I don't know if that's how I want to live my life.,sad,negative,sad
Ses03M_impro02,Ses03M_impro02_M,It's just going to be--it's going to go faster than you think.,sad,negative,sad
Ses03M_impro02,Ses03M_impro02_F,"Joe I'm serious I don't want to have to have a little girl to tell...asking every day where's daddy, where's daddy and have to tell her that he's away--",sad,negative,sad
Ses03M_impro02,Ses03M_impro02_F,far away and he won't be here.,sad,negative,sad
Ses03M_impro02,Ses03M_impro02_M,You tell her-- [BREATHING],sad,negative,sad
Ses03M_impro02,Ses03M_impro02_F,I'm done. I can't honey.,sad,negative,sad
Ses03M_impro02,Ses03M_impro02_M,What do you mean?,sad,negative,sad
Ses03M_impro02,Ses03M_impro02_F,It's over.,sad,negative,sad
Ses03M_impro02,Ses03M_impro02_M,What?,,neutral,sad
Ses03M_impro02,Ses03M_impro02_F,Honey I can't do it anymore.,sad,negative,sad
Ses03M_impro02,Ses03M_impro02_M,Are you kidding me? No.,,neutral,sad
Ses03M_impro02,Ses03M_impro02_F,I need you here. Anna needs you.,sad,negative,sad
Ses03M_impro02,Ses03M_impro02_M,So I have--you want me to choose between you guys or my career?,fru,negative,fru
Ses03M_impro02,Ses03M_impro02_F,yeah.,sad,negative,sad
Ses03M_impro02,Ses03M_impro02_M,What am I going to do?,fru,negative,fru
Ses03M_impro02,Ses03M_impro02_F,"Priorities honey, priorities.",fru,negative,fru
Ses03M_impro02,Ses03M_impro02_M,I want to--what am I going to do if I leave this job?,fru,negative,fru
Ses03M_impro02,Ses03M_impro02_F,You're smart. You could go back to school--,fru,negative,fru
Ses03M_impro02,Ses03M_impro02_F,finish your Master's that you were started never finished.,fru,negative,fru
Ses03M_impro02,Ses03M_impro02_M,Fine. I'll see if I can talk to them.,fru,negative,fru
Ses03M_impro03,Ses03M_impro03_M,Hey.,exc,positive,exc
Ses03M_impro03,Ses03M_impro03_F,Hey.,,neutral,exc
Ses03M_impro03,Ses03M_impro03_M,"Esmeralda, guess what?",exc,positive,exc
Ses03M_impro03,Ses03M_impro03_F,What?,exc,positive,exc
Ses03M_impro03,Ses03M_impro03_M,[LAUGHTER] Guess who just got hitched?,exc,positive,exc
Ses03M_impro03,Ses03M_impro03_F,Shut up. Oh my God. Really? Just like that? You just asked the question and what...how did you ask?,,neutral,exc
Ses03M_impro03,Ses03M_impro03_M,This guy. Yeah. Can you believe it? She said yes too. Yeah. She said yes.,exc,positive,exc
Ses03M_impro03,Ses03M_impro03_M,Okay we were at Chuck E. Cheese.,exc,positive,exc
Ses03M_impro03,Ses03M_impro03_F,"Chuck E. Cheese? Ah, man that is so lame.",exc,positive,exc
Ses03M_impro03,Ses03M_impro03_F,Are you serious [GARBAGE] man?,exc,positive,exc
Ses03M_impro03,Ses03M_impro03_M,Get the big pizza--and I put it in the pizza and she ate so [GARBAGE],,neutral,exc
Ses03M_impro03,Ses03M_impro03_F,Oh like that one movie. What's that one movie I just saw? No. Where she like swallows the...,exc,positive,exc
Ses03M_impro03,Ses03M_impro03_M,American Pie? Ah.,,neutral,exc
Ses03M_impro03,Ses03M_impro03_F,"oh, I don't remember. Everybody Says I Love You with Drew Barrymore...no you haven't seen it? Okay.",exc,positive,exc
Ses03M_impro03,Ses03M_impro03_M,"Yeah. It sounds like a chick flick. Anyways so, she gets the ring and she goes,",,neutral,exc
Ses03M_impro03,Ses03M_impro03_F,Yeah. Well...,,neutral,exc
Ses03M_impro03,Ses03M_impro03_M,"Barry what's this? And I go, I don't know. She goes--",,neutral,exc
Ses03M_impro03,Ses03M_impro03_F,She calls you Barry?,,neutral,exc
Ses03M_impro03,Ses03M_impro03_M,That's my name.,,neutral,exc
Ses03M_impro03,Ses03M_impro03_F,"Oh, okay. Well I call you Joe cause you're middle name Joseph.",,neutral,exc
Ses03M_impro03,Ses03M_impro03_M,"Barry Joe, B.J. [LAUGHTER] Oh you dirty, dirty girl. you're so dirty.",,neutral,exc
Ses03M_impro03,Ses03M_impro03_F,[LAUGHTER] So nasty. No you... dirty me?,exc,positive,exc
Ses03M_impro03,Ses03M_impro03_F,Okay.,,neutral,exc
Ses03M_impro03,Ses03M_impro03_M,"Ah...Anyways, so she took the ring and she goes, is this real? So I was like, of course--",exc,positive,exc
Ses03M_impro03,Ses03M_impro03_M,Sara and I--,hap,positive,hap
Ses03M_impro03,Ses03M_impro03_F,She actually asked if it was real? I would've probably asked the same thing considering you were in Chuck E. Cheese.,hap,positive,hap
Ses03M_impro03,Ses03M_impro03_M,Come on. It was her birthday.,exc,positive,exc
Ses03M_impro03,Ses03M_impro03_F,Because of Chuck E. Cheese?,,neutral,hap
Ses03M_impro03,Ses03M_impro03_F,"Oh, man. How old are you? Five?",,neutral,hap
Ses03M_impro03,Ses03M_impro03_M,She wanted...she always wants something spontaneous.,hap,positive,hap
Ses03M_impro03,Ses03M_impro03_F,"Yeah. That's, you know, okay.",neu,neutral,neu
Ses03M_impro03,Ses03M_impro03_M,"I couldn't, I couldn't afford the Red Lobster. [LAUGHTER] What anyway?",hap,positive,hap
Ses03M_impro03,Ses03M_impro03_F,"Oh god! You are damn cheap, cheap, cheap. Anyways, moving on. It's not like you're poor. I mean your dad makes... okey",hap,positive,hap
Ses03M_impro03,Ses03M_impro03_M,So Okay then and.,hap,positive,hap
Ses03M_impro03,Ses03M_impro03_M,"I got all the character animals to do a conga line,",hap,positive,hap
Ses03M_impro03,Ses03M_impro03_M,"dim down the lights and uh, I got on one of the tables pulled her up.",hap,positive,hap
Ses03M_impro03,Ses03M_impro03_F,You had the mouse?,hap,positive,hap
Ses03M_impro03,Ses03M_impro03_F,Isn't it a rat? It's a rat. Chuck E. Cheese?,neu,neutral,neu
Ses03M_impro03,Ses03M_impro03_M,Yeah.,hap,positive,hap
Ses03M_impro03,Ses03M_impro03_M,"Chucky...I don't know. I don't know. Anyways, I pull her up and I go, I go Sarah",hap,positive,hap
Ses03M_impro03,Ses03M_impro03_F,Okay. [LAUGHTER],,neutral,hap
Ses03M_impro03,Ses03M_impro03_M,"You're my guiding light, then they put on that song the I've had the time of my life, that song.",hap,positive,hap
Ses03M_impro03,Ses03M_impro03_F,Oh my God.,,neutral,hap
Ses03M_impro03,Ses03M_impro03_F,"Okay, that is really cheesy Joe.",hap,positive,hap
Ses03M_impro03,Ses03M_impro03_M,"And I go, I want to spend the rest of my life with you.",,neutral,hap
Ses03M_impro03,Ses03M_impro03_F,Oh that's kind of sweet.,hap,positive,hap
Ses03M_impro03,Ses03M_impro03_M,And I love you baby. And I want you to marry me.,,positive,hap
Ses03M_impro03,Ses03M_impro03_F,"Wait, wait, wait I want you to marry me? No, shouldn't you like be more like a question like, would you marry me? Not like I want you to marry me. It's like a demand.",exc,positive,exc
Ses03M_impro03,Ses03M_impro03_F,"You marry me. I man I Jane, you Tarzan.",exc,positive,exc
Ses03M_impro03,Ses03M_impro03_M,"No. Well that's what I said, spur of the moment--and she goes, she goes,",,neutral,hap
Ses03M_impro03,Ses03M_impro03_M,sure. And that was it.,,neutral,hap
Ses03M_impro03,Ses03M_impro03_F,She said sure?,hap,positive,hap
Ses03M_impro03,Ses03M_impro03_F,Sure? Who says sure? You say yes...I don't like--,hap,positive,hap
Ses03M_impro03,Ses03M_impro03_M,"Yeah, she goes--",,neutral,hap
Ses03M_impro03,Ses03M_impro03_M,Cause she was a little confused at first but then she said yes.,,neutral,hap
Ses03M_impro03,Ses03M_impro03_F,How long have you guys been going out?,hap,positive,hap
Ses03M_impro03,Ses03M_impro03_M,About two and a half weeks.,neu,neutral,neu
Ses03M_impro03,Ses03M_impro03_F,What?,,neutral,hap
Ses03M_impro03,Ses03M_impro03_M,Two and ... We love each other. Yeah.,hap,positive,hap
Ses03M_impro03,Ses03M_impro03_F,What?,,neutral,hap
Ses03M_impro03,Ses03M_impro03_F,Okay. I haven't seen you in about two and a half years and I come back and you're getting engaged to somebody you only knew for,,neutral,hap
Ses03M_impro03,Ses03M_impro03_M,"You got to meet her, she's wonderful.",hap,positive,hap
Ses03M_impro03,Ses03M_impro03_F,"No, no, no. You don't get married in two and a half weeks. It doesn't work that way. You don't even have sex----in two and a half weeks.",,neutral,hap
Ses03M_impro03,Ses03M_impro03_M,She just graduated from high school and----she's planning to apply for colleges----and stuff.She's so great. She has so much life and energy and stuff.,hap,positive,hap
Ses03M_impro03,Ses03M_impro03_F,What? Oh my god.,,neutral,hap
Ses03M_impro03,Ses03M_impro03_F,She must be hot.,hap,positive,hap
Ses03M_impro03,Ses03M_impro03_F,"Yeah, that's it. She's hot and you are- getting married.",,neutral,hap
Ses03M_impro03,Ses03M_impro03_M,"Yeah, she is good-looking.",hap,positive,hap
Ses03M_impro03,Ses03M_impro03_F,I cannot believe you. Why do you want to get married? You're a boy. You're a little boy.,,neutral,hap
Ses03M_impro03,Ses03M_impro03_M,I'm twenty eight years old.,neu,neutral,neu
Ses03M_impro03,Ses03M_impro03_F,You still act like a boy. And men take a lot longer to grow----I will tell you.,neu,neutral,neu
Ses03M_impro03,Ses03M_impro03_M,Well that's why I'm dating someone who's just eighteen years old. Jesus. I think she's ready to have kids already.,,neutral,neu
Ses03M_impro03,Ses03M_impro03_F,Oh man.,,neutral,neu
Ses03M_impro03,Ses03M_impro03_F,What? Eighteen?,,neutral,neu
Ses03M_impro03,Ses03M_impro03_M,I'm so excited. It's going to be great.,exc,positive,exc
Ses03M_impro03,Ses03M_impro03_F,I can't believe you. I can't believe it. Well I'm going to be there. I'll be at that wedding but I'll be in the back.,,neutral,neu
Ses03M_impro03,Ses03M_impro03_M,She just...she just...we're in a good position too. She just got promoted to assistant manager at Jack In The Box,,positive,neu
Ses03M_impro03,Ses03M_impro03_M,-and so... yeah.,,neutral,neu
Ses03M_impro03,Ses03M_impro03_F,Wow. Very promising. Yeah. Very promising future and what are you doing?,,neutral,neu
Ses03M_impro03,Ses03M_impro03_M,I'm still working at my parents' restaurant. Busing tables.,neu,neutral,neu
Ses03M_impro03,Ses03M_impro03_F,Alright. Yeah. Have a kid. Make a beautiful life.,,neutral,neu
Ses03M_impro03,Ses03M_impro03_M,Oh that's great. My mom said we can move in with her again if we run out of money.,hap,positive,hap
Ses03M_impro03,Ses03M_impro03_F,"You, You are too much, I can't handle it.",,neutral,neu
Ses03M_impro03,Ses03M_impro03_M,I'm so happy.,,positive,neu
Ses03M_impro04,Ses03M_impro04_F,What's going on man? What's wrong?,,neutral,sad
Ses03M_impro04,Ses03M_impro04_M,I'm just so tired all the time.,sad,negative,sad
Ses03M_impro04,Ses03M_impro04_F,"Well have you been trying to get a job, look for a job or...?",neu,neutral,neu
Ses03M_impro04,Ses03M_impro04_M,I've been looking for like eight months.,fru,negative,fru
Ses03M_impro04,Ses03M_impro04_F,I know. It- It's really tough out there. It's really hard to find a job.,fru,negative,fru
Ses03M_impro04,Ses03M_impro04_M,"I'm tired of the same excuses. No, no you're not qualified enough, wish you had more education.",fru,negative,fru
Ses03M_impro04,Ses03M_impro04_F,Well what are you looking for? I mean--,neu,neutral,neu
Ses03M_impro04,Ses03M_impro04_M,Last time someone told me I was too qualified.,,neutral,fru
Ses03M_impro04,Ses03M_impro04_F,"Well, okay. Well that's--",neu,neutral,neu
Ses03M_impro04,Ses03M_impro04_M,Cause I went to Harvard.,ang,negative,ang
Ses03M_impro04,Ses03M_impro04_F,"Well, that's what? For what job? Who...what jobs are you looking for?",,neutral,fru
Ses03M_impro04,Ses03M_impro04_M,I applied as restaurant manager at P.F. Chang. I applied at----Macy's store manager. Tried to get investment banking job with Deloitte and Touche. I'm trying everywhere.,fru,negative,fru
Ses03M_impro04,Ses03M_impro04_F,"But, Listen--",,neutral,fru
Ses03M_impro04,Ses03M_impro04_F,"Yeah. Well it seems to me, you know, you just got to keep going out there, you know, pushing through. You got a Harvard degree. I mean, you can get a job anywhere.",,neutral,fru
Ses03M_impro04,Ses03M_impro04_M,You know what? I've been working at temp jobs for the past six months. You know how degrading it is?,fru,negative,fru
Ses03M_impro04,Ses03M_impro04_F,Yeah.,sad,negative,sad
Ses03M_impro04,Ses03M_impro04_M,To be a receptionist? Oh I spent forty thousand dollar a year for my college degree and I'm a receptionist. God.,,neutral,fru
Ses03M_impro04,Ses03M_impro04_F,Yeah.,sad,negative,sad
Ses03M_impro04,Ses03M_impro04_M,I'm smarter than half the people I work for.,ang,negative,ang
Ses03M_impro04,Ses03M_impro04_F,"Well, what do you...what would ideally like to do, you know?",,neutral,fru
Ses03M_impro04,Ses03M_impro04_M,I don't know astronaut? I don't know something crazy like that.,fru,negative,fru
Ses03M_impro04,Ses03M_impro04_F,Well what'd you major in?,exc,positive,exc
Ses03M_impro04,Ses03M_impro04_M,Biomedical Engineering.,fru,negative,fru
Ses03M_impro04,Ses03M_impro04_F,"You-You can't be working as a restaurant manager, I mean, come on.",,neutral,fru
Ses03M_impro04,Ses03M_impro04_M,"I don't want to do engineering though. It's so...I had the internship what, last summer,",fru,negative,fru
Ses03M_impro04,Ses03M_impro04_M,"and I was pulling my hair out and it was like, oh my God. So I just had to finish the major so now they're like, why are you an engineering major, and why are you working, trying to work at a restaurant. And it's like I don't know just give me the damn job.",fru,negative,fru
Ses03M_impro04,Ses03M_impro04_F,Look I'm sorry-,,neutral,fru
Ses03M_impro04,Ses03M_impro04_M,Why all these questions?,fru,negative,fru
Ses03M_impro04,Ses03M_impro04_F,"You know if you need any help finding a place I can, I can talk to my work you know I work at that law firm downtown and I can ask if they're looking for anybody.",,neutral,fru
Ses03M_impro04,Ses03M_impro04_M,Oh yeah? What kind of jobs they got?,neu,neutral,neu
Ses03M_impro04,Ses03M_impro04_F,I am...just like a law clerk.,neu,neutral,neu
Ses03M_impro04,Ses03M_impro04_M,I don't want to be a law clerk.,,neutral,neu
Ses03M_impro04,Ses03M_impro04_F,Yeah.,,neutral,neu
Ses03M_impro04,Ses03M_impro04_F,"Well, I'm moving up. I mean it could be...",neu,neutral,neu
Ses03M_impro04,Ses03M_impro04_M,"To be a lawyer? You go to law school now? God this is, all these dead ends.",fru,negative,fru
Ses03M_impro04,Ses03M_impro04_M,And plus my car is breaking down-,fru,negative,fru
Ses03M_impro04,Ses03M_impro04_M,-they're evicting me from my apartment.,fru,negative,fru
Ses03M_impro04,Ses03M_impro04_F,"Well it doesn't make any sense though. Like, with a Harvard degree you should be able to--",,neutral,fru
Ses03M_impro04,Ses03M_impro04_M,Yeah. I know. You'd think I would be able to be C.E.O. of a company right?,,neutral,fru
Ses03M_impro04,Ses03M_impro04_F,"Just, you got to hang in there. Can you ask your parents for help or anybody?",,neutral,fru
Ses03M_impro04,Ses03M_impro04_M,"No. I'm not going to...yeah, they'd laugh in my face.",fru,negative,fru
Ses03M_impro04,Ses03M_impro04_F,"Just for a little bit, you know? Cause I-I guarantee you're going to find something. When you find something it's just going to be huge and you're going to get money.",,neutral,fru
Ses03M_impro04,Ses03M_impro04_M,No. I got a sixteen hundred on my S.A.T..,fru,negative,fru
Ses03M_impro04,Ses03M_impro04_F,Something-- How are you going...?,,neutral,fru
Ses03M_impro04,Ses03M_impro04_M,I'm freaking----typing sixty words a minute.,fru,negative,fru
Ses03M_impro04,Ses03M_impro04_F,How many words a minute?,,neutral,fru
Ses03M_impro04,Ses03M_impro04_M,"Sixty words. Sixty words a minute. Hey how are you doing Mr. Smith? Oh, you know, it's just like God, I just want to shoot you Mr. Smith.",fru,negative,fru
Ses03M_impro04,Ses03M_impro04_F,Sixty words a minute. That's a min...a word per min uh second.,,neutral,fru
Ses03M_impro04,Ses03M_impro04_M,Yeah. It's alright. But--,neu,neutral,neu
Ses03M_impro04,Ses03M_impro04_F,You could be an amazing receptionist.,,neutral,fru
Ses03M_impro04,Ses03M_impro04_M,I'm not cut to be a receptionist.,fru,negative,fru
Ses03M_impro04,Ses03M_impro04_M,No.,sad,negative,sad
Ses03M_impro04,Ses03M_impro04_M,"Oh yeah. I will be a full time receptionist. Harvard degree, sixteen hundred on my S.A.T.--",fru,negative,fru
Ses03M_impro04,Ses03M_impro04_F,"Well... If you need something, I mean, you're just going to---can get a temporary thing right now and then look for something--",neu,neutral,neu
Ses03M_impro04,Ses03M_impro04_M,--you know? Head of the Science Club.,fru,negative,fru
Ses03M_impro04,Ses03M_impro04_M,"That's what I've been doing, temporary things",fru,negative,fru
Ses03M_impro04,Ses03M_impro04_F,Oh I know. But--,fru,negative,fru
Ses03M_impro04,Ses03M_impro04_F,"-it's going to get better I promise you. You just got to hang in there. Everyone, I mean, you know?",neu,neutral,neu
Ses03M_impro04,Ses03M_impro04_M,Yeah.,,neutral,fru
Ses03M_impro04,Ses03M_impro04_M,Maybe I'll just kill myself.,sad,negative,sad
Ses03M_impro04,Ses03M_impro04_F,What? You can't...what? Now come on. Stop it. Don't be talking like that.,,neutral,sad
Ses03M_impro04,Ses03M_impro04_M,I was just joking...,sad,negative,sad
Ses03M_impro04,Ses03M_impro04_M,I don't know.,,neutral,sad
Ses03M_impro04,Ses03M_impro04_F,"My, what I would do was just, you know, what about can you call Harvard and see...don't they have connections? Don't they have like career center and you can find some stuff that's going on?",,neutral,sad
Ses03M_impro04,Ses03M_impro04_M,Yeah. I--they said Brian you're too smart. You don't need us.,fru,negative,fru
Ses03M_impro04,Ses03M_impro04_M,Go out and take over the world by yourself and I'm like what?,fru,negative,fru
Ses03M_impro04,Ses03M_impro04_F,Well obviously it's not working. Just cause you got sixteen hundred on your S.A.T. doesn't guarantee you a job. I mean it should really but--,fru,negative,fru
Ses03M_impro04,Ses03M_impro04_M,"I don't know. I don't know. I know I'm just going to have to keep on looking, keep on searching-",fru,negative,fru
Ses03M_impro04,Ses03M_impro04_M,"and I'm never going to find anything probably but I'll just keep working hard at it-- Yeah. Okay. Positive, I'm going to do good, find that job.",fru,negative,fru
Ses03M_impro04,Ses03M_impro04_F,You got to be positive man. You got to try to just--,neu,neutral,neu
Ses03M_impro04,Ses03M_impro04_F,But you got to be real about it. You have to...,neu,neutral,neu
Ses03M_impro04,Ses03M_impro04_M,Yeah. I got eighteen hundred on my S.A.T..,fru,negative,fru
Ses03M_impro04,Ses03M_impro04_F,Sixteen hundred.,neu,neutral,neu
Ses03M_impro04,Ses03M_impro04_M,Same difference.,neu,neutral,neu
Ses03M_impro04,Ses03M_impro04_M,Twenty-one hundred on my S.A.T..,,neutral,neu
Ses03M_impro04,Ses03M_impro04_F,Twenty-one hundred?,neu,neutral,neu
Ses03M_impro04,Ses03M_impro04_M,But I'm doomed. Yeah I got so good I was over twenty one hundred. Now what am I doing?,fru,negative,fru
Ses03M_impro04,Ses03M_impro04_M,"Like, wow you're really smart we're going to give you an extra [GARBAGE].",hap,positive,hap
Ses03M_impro05a,Ses03M_impro05a_F,Can I help you sir?,neu,neutral,neu
Ses03M_impro05a,Ses03M_impro05a_M,Yes you can help me. Where is my luggage?,ang,negative,ang
Ses03M_impro05a,Ses03M_impro05a_F,"Well, let me just check on that for you. Where are you coming--?",neu,neutral,neu
Ses03M_impro05a,Ses03M_impro05a_M,Yeah. You do that. I'm coming from Baltimore. You know where that is?,ang,negative,ang
Ses03M_impro05a,Ses03M_impro05a_F,"Sir, yes it's in Maryland. It's okay...well, I'm...just let me check here.",neu,neutral,neu
Ses03M_impro05a,Ses03M_impro05a_M,I had eight hundred pounds of luggage.,ang,negative,ang
Ses03M_impro05a,Ses03M_impro05a_F,Okay. Sir? Can you...if you just give me one moment and let me just check okay?,fru,negative,fru
Ses03M_impro05a,Ses03M_impro05a_M,Okay. Check.,ang,negative,ang
Ses03M_impro05a,Ses03M_impro05a_F,"Alright. And you're coming-- Wait, hold on sir. You're coming from Baltimore into LAX right?",fru,negative,fru
Ses03M_impro05a,Ses03M_impro05a_M,Is it there?,ang,negative,ang
Ses03M_impro05a,Ses03M_impro05a_M,Yes.,ang,negative,ang
Ses03M_impro05a,Ses03M_impro05a_F,Okay and this is direct flight?,neu,neutral,neu
Ses03M_impro05a,Ses03M_impro05a_M,You don't know where we're at?,ang,negative,ang
Ses03M_impro05a,Ses03M_impro05a_M,God.,ang,negative,ang
Ses03M_impro05a,Ses03M_impro05a_F,I'm asking you if this is direct flight from Baltimore to LAX or if you have to stop--,fru,negative,fru
Ses03M_impro05a,Ses03M_impro05a_M,You know I've been waiting here for four hours for my luggage,,neutral,ang
Ses03M_impro05a,Ses03M_impro05a_M,"and it's not here, they told me to go to this person, go to this person. Now I'm at this person.",,neutral,ang
Ses03M_impro05a,Ses03M_impro05a_F,You're at me and I'm going to try to help you out sir but you just have to cooperate with me--,neu,neutral,neu
Ses03M_impro05a,Ses03M_impro05a_M,Okay. What do you want?,ang,negative,ang
Ses03M_impro05a,Ses03M_impro05a_F,How many pieces of luggage do you have checked in?,neu,neutral,neu
Ses03M_impro05a,Ses03M_impro05a_M,Eight. And they're all gone.,ang,negative,ang
Ses03M_impro05a,Ses03M_impro05a_F,Eight pieces of luggage. Okay.,neu,neutral,neu
Ses03M_impro05a,Ses03M_impro05a_M,And what are you going to do about it? You going to call someone? You going to send me somewhere else?,ang,negative,ang
Ses03M_impro05a,Ses03M_impro05a_F,No. I'm just going to check--,fru,negative,fru
Ses03M_impro05a,Ses03M_impro05a_M,It's my mother's funeral tomorrow and the urn is in the suitcase.,ang,negative,ang
Ses03M_impro05a,Ses03M_impro05a_F,I'm sorry sir.,neu,neutral,neu
Ses03M_impro05a,Ses03M_impro05a_M,Yeah.,ang,negative,ang
Ses03M_impro05a,Ses03M_impro05a_F,I'm very sorry but let's check on this immediately. This is definitely an emergency. It seems--,neu,neutral,neu
Ses03M_impro05a,Ses03M_impro05a_M,What am I going to do tomorrow without the urn?,,neutral,neu
Ses03M_impro05a,Ses03M_impro05a_F,Sir it seems to me that your luggage is um- is not here,,neutral,ang
Ses03M_impro05a,Ses03M_impro05a_M,"Oh, oh, that's a good deduction.",ang,negative,ang
Ses03M_impro05a,Ses03M_impro05a_F,Yes--it is,neu,neutral,neu
Ses03M_impro05a,Ses03M_impro05a_M,"Sherlock Holmes. God, where's my luggage?",ang,negative,ang
Ses03M_impro05a,Ses03M_impro05a_F,"Sir, Please please, I would ask you to just calm down for a second--",fru,negative,fru
Ses03M_impro05a,Ses03M_impro05a_M,Calm down? It's my mother's funeral tomorrow. I'm the one responsible for this.,ang,negative,ang
Ses03M_impro05a,Ses03M_impro05a_F,"Okay. We will find your luggage. Apparently because it somehow...what flight you were taking, you were on Delta?",neu,neutral,neu
Ses03M_impro05a,Ses03M_impro05a_M,Yes. You are a Delta representative.,,neutral,ang
Ses03M_impro05a,Ses03M_impro05a_F,"Yes, I am.",,neutral,ang
Ses03M_impro05a,Ses03M_impro05a_M,What is the matter with you?,ang,negative,ang
Ses03M_impro05a,Ses03M_impro05a_F,"Sir, I just...you need to calm down is what needs to happen right now.",ang,negative,ang
Ses03M_impro05a,Ses03M_impro05a_M,Don't yell at me.,ang,negative,ang
Ses03M_impro05a,Ses03M_impro05a_F,"Okay. I'm not. I'm sorry, I am being--",fru,negative,fru
Ses03M_impro05a,Ses03M_impro05a_F,"calm. Sir, okay basically what- what's going to happen here is you're going to give me your contact information and we will contact you--",fru,negative,fru
Ses03M_impro05a,Ses03M_impro05a_M,Oh my God. I think a blood vessel burst in my head.,ang,negative,ang
Ses03M_impro05a,Ses03M_impro05a_F,"Please, please",neu,neutral,neu
Ses03M_impro05a,Ses03M_impro05a_F,"sir, listen to me. Your luggage is still in Baltimore.",,neutral,ang
Ses03M_impro05a,Ses03M_impro05a_M,What?,ang,negative,ang
Ses03M_impro05a,Ses03M_impro05a_F,Okay. We can get it here in about seven to ten business days.,neu,neutral,neu
Ses03M_impro05a,Ses03M_impro05a_M,What? Are you kidding me?,ang,negative,ang
Ses03M_impro05a,Ses03M_impro05a_F,"Yes. Well, because--",neu,neutral,neu
Ses03M_impro05a,Ses03M_impro05a_M,Give- Give me your manager right now.,ang,negative,ang
Ses03M_impro05a,Ses03M_impro05a_F,I am the manager sir.,neu,neutral,neu
Ses03M_impro05a,Ses03M_impro05a_M,"You're the manager? You don't know where you work for, you don't know where you're at and you're the manager?",ang,negative,ang
Ses03M_impro05a,Ses03M_impro05a_F,Sir I know where I work for but I was checking because you cannot--,,neutral,ang
Ses03M_impro05a,Ses03M_impro05a_M,Whose daughter are you?,ang,negative,ang
Ses03M_impro05a,Ses03M_impro05a_F,Sir?,fru,negative,fru
Ses03M_impro05a,Ses03M_impro05a_M,Sir. Sir. Sir. Sir,ang,negative,ang
Ses03M_impro05a,Ses03M_impro05a_F,What is your name?,ang,negative,ang
Ses03M_impro05a,Ses03M_impro05a_M,My name is Brent Caption.,ang,negative,ang
Ses03M_impro05a,Ses03M_impro05a_M,Now what are you going to do about it?,exc,positive,exc
Ses03M_impro05b,Ses03M_impro05b_F,Can I help you sir?,neu,neutral,neu
Ses03M_impro05b,Ses03M_impro05b_M,Yeah.,,neutral,neu
Ses03M_impro05b,Ses03M_impro05b_M,I've been here for four hours and I don't know where one piece of my luggage is,fru,negative,fru
Ses03M_impro05b,Ses03M_impro05b_F,Okay. Well let's...well I'm going to go ahead and check on that for you. You're coming from...where are you coming from?,neu,neutral,neu
Ses03M_impro05b,Ses03M_impro05b_M,Baltimore.,fru,negative,fru
Ses03M_impro05b,Ses03M_impro05b_F,Baltimore and this is a direct flight to LAX,neu,neutral,neu
Ses03M_impro05b,Ses03M_impro05b_M,Yes.,fru,negative,fru
Ses03M_impro05b,Ses03M_impro05b_F,Okay. Let's look up here,neu,neutral,neu
Ses03M_impro05b,Ses03M_impro05b_M,You know and they've looked it up before and it's not there.,fru,negative,fru
Ses03M_impro05b,Ses03M_impro05b_F,Okay. Well you um-...,neu,neutral,neu
Ses03M_impro05b,Ses03M_impro05b_M,Now what are you going to do for me different? Hmm?,fru,negative,fru
Ses03M_impro05b,Ses03M_impro05b_F,"What I can do for you is uh we can uh report lost, lost property.",neu,neutral,neu
Ses03M_impro05b,Ses03M_impro05b_M,You can report lost property?,fru,negative,fru
Ses03M_impro05b,Ses03M_impro05b_F,Yes.,neu,neutral,neu
Ses03M_impro05b,Ses03M_impro05b_M,"Okay. I'm leaving LA tomorrow for San Diego, driving there. So, I'm going to leave without all my lost property? That's what you want me to do? um",fru,negative,fru
Ses03M_impro05b,Ses03M_impro05b_F,"Well sir, if if...what I believe has happened is most of the flight was left--",neu,neutral,neu
Ses03M_impro05b,Ses03M_impro05b_F,the luggage was left in Baltimore. Therefore--,neu,neutral,neu
Ses03M_impro05b,Ses03M_impro05b_M,Most of the...,ang,negative,ang
Ses03M_impro05b,Ses03M_impro05b_F,"Like the luggage, the luggage on the flight.",neu,neutral,neu
Ses03M_impro05b,Ses03M_impro05b_M,Wow. This is an incompetent airline isn't it? Are you--?,,neutral,neu
Ses03M_impro05b,Ses03M_impro05b_F,No actually it was...this is the first time this has ever happened. I don't know what happened--,neu,neutral,neu
Ses03M_impro05b,Ses03M_impro05b_M,"Are you going to refund us for our luggage, refund us for our tickets for this?",fru,negative,fru
Ses03M_impro05b,Ses03M_impro05b_F,We- I mean-,,neutral,neu
Ses03M_impro05b,Ses03M_impro05b_F,"Well, we can give you um- hotel lodging for a night if that--",neu,neutral,neu
Ses03M_impro05b,Ses03M_impro05b_M,I'm going to San Diego tomorrow to stay with my family. What do I need hotel lodging for hmmm? Can you tell me that?,ang,negative,ang
Ses03M_impro05b,Ses03M_impro05b_F,For tonight- For tonight sir. Would you need to stay somewhere tonight?,neu,neutral,neu
Ses03M_impro05b,Ses03M_impro05b_M,Tonight no. I'm driving tomorrow. Tonight I'm staying with a friend alright? I don't need hotel reservations...where? What hotel?,,neutral,neu
Ses03M_impro05b,Ses03M_impro05b_F,We can do Holiday Inn or...?,neu,neutral,neu
Ses03M_impro05b,Ses03M_impro05b_M,Wow. Thank you. Holiday Inn. Wow. Thank...the flight cost five hundred dollars.,ang,negative,ang
Ses03M_impro05b,Ses03M_impro05b_F,Sir I understand that but just--,neu,neutral,neu
Ses03M_impro05b,Ses03M_impro05b_M,"Okay, so you can put me in Holiday Inn for twenty dollar a night?",ang,negative,ang
Ses03M_impro05b,Ses03M_impro05b_F,Did you have your name tags on the luggage?,neu,neutral,neu
Ses03M_impro05b,Ses03M_impro05b_M,Of course I had my name tags on the luggage.,ang,negative,ang
Ses03M_impro05b,Ses03M_impro05b_F,"Okay. So if you can just give me your name, your name and your address and your phone number I can contact you as soon as we find out more information.",neu,neutral,neu
Ses03M_impro05b,Ses03M_impro05b_M,Soon as you...that's not good enough okay?,ang,negative,ang
Ses03M_impro05b,Ses03M_impro05b_F,"Sir, please calm down.",fru,negative,fru
Ses03M_impro05b,Ses03M_impro05b_M,I need you to help me out here. Can you get on the phone and get the luggage over on the fastest flight you can and then maybe I won't get you fired.,fru,negative,fru
Ses03M_impro05b,Ses03M_impro05b_M,"If not, I'm going to get your name, I'm going to talk to your boss, whoever...I'm never going to fly...my business is never going to fly Delta again.",fru,negative,fru
Ses03M_impro05b,Ses03M_impro05b_F,Okay.,,neutral,fru
Ses03M_impro05b,Ses03M_impro05b_F,What is your business?,neu,neutral,neu
Ses03M_impro05b,Ses03M_impro05b_M,I work for IBM.,neu,neutral,neu
Ses03M_impro05b,Ses03M_impro05b_F,"Okay. Sir? I am sorry to tell you this but this does happen. Uh- This is not uh- really,",neu,neutral,neu
Ses03M_impro05b,Ses03M_impro05b_F,"I mean, our airline's fault. I don't know what happened, misplaced, something happened but we will get you--",neu,neutral,neu
Ses03M_impro05b,Ses03M_impro05b_M,"You misplace a lot of, eight pieces of luggage.",ang,negative,ang
Ses03M_impro05b,Ses03M_impro05b_F,"Well, the entire flight, sir, the luggage was placed on another plane that never actually left Baltimore.",neu,neutral,neu
Ses03M_impro05b,Ses03M_impro05b_F,Uh no I'm not.,neu,neutral,neu
Ses03M_impro05b,Ses03M_impro05b_M,Are you kidding me?,ang,negative,ang
Ses03M_impro05b,Ses03M_impro05b_M,Who are you going to fire because of that?,ang,negative,ang
Ses03M_impro05b,Ses03M_impro05b_F,"Well we have some people back there that need some firing so, but I would just really appreciate--",neu,neutral,neu
Ses03M_impro05b,Ses03M_impro05b_M,"Wow. This has never happened before. I've not lost,",ang,negative,ang
Ses03M_impro05b,Ses03M_impro05b_M,in all thousand flights I've been on probably I can't even count how many flights I've been on. This has never happened before.,ang,negative,ang
Ses03M_impro05b,Ses03M_impro05b_M,This is the worst customer service I've ever gotten before.,ang,negative,ang
Ses03M_impro05b,Ses03M_impro05b_F,Yeah.,,neutral,ang
Ses03M_impro05b,Ses03M_impro05b_F,Okay sir. I'm sorry you can--um-,fru,negative,fru
Ses03M_impro05b,Ses03M_impro05b_M,Okay. Get on the phone and figure out where my luggage is and tell me when it's going to get there alright?,ang,negative,ang
Ses03M_impro05b,Ses03M_impro05b_F,We already have been confirmed that it will be arriving in--uh--in about two days.,fru,negative,fru
Ses03M_impro05b,Ses03M_impro05b_M,"And and, in about...",ang,negative,ang
Ses03M_impro05b,Ses03M_impro05b_M,Two days I'll be in San Diego and how's it going to get to me in San Diego? You going to make sure it gets to the San Diego airport?,fru,negative,fru
Ses03M_impro05b,Ses03M_impro05b_F,"Uh, we can't--",fru,negative,fru
Ses03M_impro05b,Ses03M_impro05b_M,Can you get it to the San Diego airport? You get someone to drive it to my place alright? Then I get a refund for some...I get a free flight alright? I get free whatever.,ang,negative,ang
Ses03M_impro05b,Ses03M_impro05b_F,"Yes sir, Yes.",neu,neutral,neu
Ses03M_impro05b,Ses03M_impro05b_F,We can have them direct your luggage to San Diego.,neu,neutral,neu
Ses03M_impro05b,Ses03M_impro05b_M,Okay. And you're going to give me what for my inconvenience?,fru,negative,fru
Ses03M_impro05b,Ses03M_impro05b_F,Uh--,neu,neutral,neu
Ses03M_impro05b,Ses03M_impro05b_F,Some refreshments in the lobby?,neu,neutral,neu
Ses03M_impro05b,Ses03M_impro05b_M,Some peanuts? Wow. That helps a lot.,ang,negative,ang
Ses03M_impro05b,Ses03M_impro05b_M,"Thanks you, thank you I don't have my luggage so you gave me a Holiday Inn stay and peanuts. Wow. You know what?",ang,negative,ang
Ses03M_impro05b,Ses03M_impro05b_F,eh- we actually--,fru,negative,fru
Ses03M_impro05b,Ses03M_impro05b_M,I will never do business with Delta again.,ang,negative,ang
Ses03M_impro06,Ses03M_impro06_F,How's it going? How are you feeling?,sad,negative,sad
Ses03M_impro06,Ses03M_impro06_M,I ah--,sad,negative,sad
Ses03M_impro06,Ses03M_impro06_M,alright.,sad,negative,sad
Ses03M_impro06,Ses03M_impro06_F,Hanging in there?,sad,negative,sad
Ses03M_impro06,Ses03M_impro06_M,Yeah.,sad,negative,sad
Ses03M_impro06,Ses03M_impro06_F,So sad.,sad,negative,sad
Ses03M_impro06,Ses03M_impro06_M,It just feels like I was talking to him yesterday.,sad,negative,sad
Ses03M_impro06,Ses03M_impro06_F,Yeah.,sad,negative,sad
Ses03M_impro06,Ses03M_impro06_F,You guys were real close huh?,sad,negative,sad
Ses03M_impro06,Ses03M_impro06_M,He was my only friend growing up.,sad,negative,sad
Ses03M_impro06,Ses03M_impro06_M,no one else would talk to me but he would.,sad,negative,sad
Ses03M_impro06,Ses03M_impro06_M,He was supposed to be the best man at my wedding.,sad,negative,sad
Ses03M_impro06,Ses03M_impro06_F,I'm so sorry.,sad,negative,sad
Ses03M_impro06,Ses03M_impro06_M,Yeah.,sad,negative,sad
Ses03M_impro06,Ses03M_impro06_M,You know I was always the one to tell him to be more wild you know?,sad,negative,sad
Ses03M_impro06,Ses03M_impro06_F,Yeah.,,neutral,sad
Ses03M_impro06,Ses03M_impro06_M,And he just took it overboard.,sad,negative,sad
Ses03M_impro06,Ses03M_impro06_F,What happened? What went wrong?,sad,negative,sad
Ses03M_impro06,Ses03M_impro06_M,You know a stupid case of drunk driving it's just...,sad,negative,sad
Ses03M_impro06,Ses03M_impro06_M,"and the worst part of it is that he was in the car with his girlfriend,",sad,negative,sad
Ses03M_impro06,Ses03M_impro06_M,his girlfriend got killed too.,sad,negative,sad
Ses03M_impro06,Ses03M_impro06_F,Oh man.,sad,negative,sad
Ses03M_impro06,Ses03M_impro06_M,And the car that he hit was his family.,sad,negative,sad
Ses03M_impro06,Ses03M_impro06_F,How are they?,sad,negative,sad
Ses03M_impro06,Ses03M_impro06_M,The mother and father died--,sad,negative,sad
Ses03M_impro06,Ses03M_impro06_M,and the kids are paralyzed in a coma right now.,sad,negative,sad
Ses03M_impro06,Ses03M_impro06_M,and just going to the funeral it's-,sad,negative,sad
Ses03M_impro06,Ses03M_impro06_M,"-do I miss him or do I hate him, you know?",sad,negative,sad
Ses03M_impro06,Ses03M_impro06_F,Yeah. Like I mean if you need anyone to talk to or anything I'm here for you okay?,sad,negative,sad
Ses03M_impro06,Ses03M_impro06_M,Thanks.,,neutral,sad
Ses03M_impro06,Ses03M_impro06_F,We're all here for you.,sad,negative,sad
Ses03M_impro06,Ses03M_impro06_M,I was supposed to see him last summer,sad,negative,sad
Ses03M_impro06,Ses03M_impro06_M,then I got busy with work and stuff and three years go by,sad,negative,sad
Ses03M_impro06,Ses03M_impro06_M,and then something like this happens you know?,sad,negative,sad
Ses03M_impro06,Ses03M_impro06_M,I mean I haven't even talked to him on the phone for the past three months.,sad,negative,sad
Ses03M_impro06,Ses03M_impro06_M,He's supposed to be my best friend.,sad,negative,sad
Ses03M_impro06,Ses03M_impro06_F,I know.,sad,negative,sad
Ses03M_impro06,Ses03M_impro06_F,just things happen in life and you just...there's just no explanation you know? We just don't...,sad,negative,sad
Ses03M_impro06,Ses03M_impro06_M,It's so fucked up.,sad,negative,sad
Ses03M_impro06,Ses03M_impro06_F,Yeah.,sad,negative,sad
Ses03M_impro06,Ses03M_impro06_F,I'm so sorry.,sad,negative,sad
Ses03M_impro06,Ses03M_impro06_M,Why is that?,sad,negative,sad
Ses03M_impro06,Ses03M_impro06_M,He was studying to be a doctor.,sad,negative,sad
Ses03M_impro06,Ses03M_impro06_M,"I mean he was...he wanted to help people in poor countries, that is his goal. He didn't care about the money. He just wanted to go and help people.",sad,negative,sad
Ses03M_impro06,Ses03M_impro06_M,What the...what am I doing?,sad,negative,sad
Ses03M_impro06,Ses03M_impro06_M,Working for corporate America? Wow.,sad,negative,sad
Ses03M_impro06,Ses03M_impro06_M,He actually wanted to do something.,sad,negative,sad
Ses03M_impro06,Ses03M_impro06_F,"Well now you can follow his footsteps, you know? Carry out what he wanted to do.",sad,negative,sad
Ses03M_impro06,Ses03M_impro06_M,I can't do that.,sad,negative,sad
Ses03M_impro06,Ses03M_impro06_F,Well sure you could.,sad,negative,sad
Ses03M_impro06,Ses03M_impro06_M,You should've met him.,sad,negative,sad
Ses03M_impro06,Ses03M_impro06_M,He is the greatest...everyone liked him.,sad,negative,sad
Ses03M_impro06,Ses03M_impro06_F,Yeah.,sad,negative,sad
Ses03M_impro06,Ses03M_impro06_F,I would've loved to.,sad,negative,sad
Ses03M_impro06,Ses03M_impro06_F,Now I can't.,sad,negative,sad
Ses03M_impro07,Ses03M_impro07_M,Hey.,,neutral,hap
Ses03M_impro07,Ses03M_impro07_F,Hey. How's it going? I haven't seen you in awhile.,hap,positive,hap
Ses03M_impro07,Ses03M_impro07_M,Pretty good Susanna.,,positive,hap
Ses03M_impro07,Ses03M_impro07_F,What's going on Joe?,hap,positive,hap
Ses03M_impro07,Ses03M_impro07_M,Guess who got into U.S.C.?,exc,positive,exc
Ses03M_impro07,Ses03M_impro07_F,Um--,,neutral,exc
Ses03M_impro07,Ses03M_impro07_M,"Me. Yeah, I did.",exc,positive,exc
Ses03M_impro07,Ses03M_impro07_F,No way. Are you serious? Oh my God. Congratulations. I'm so excited.,,positive,exc
Ses03M_impro07,Ses03M_impro07_M,Yeah.,exc,positive,exc
Ses03M_impro07,Ses03M_impro07_M,I got into the...,exc,positive,exc
Ses03M_impro07,Ses03M_impro07_M,I got into cinema production.,exc,positive,exc
Ses03M_impro07,Ses03M_impro07_F,No. You didn't get into production. There's no way.,,neutral,exc
Ses03M_impro07,Ses03M_impro07_M,Yeah.,exc,positive,exc
Ses03M_impro07,Ses03M_impro07_M,No. It's like it's harder than getting into Harvard.,exc,positive,exc
Ses03M_impro07,Ses03M_impro07_F,I know. Oh my God. Oh my God Joe I am so happy for you. Well you know what that means?,,positive,exc
Ses03M_impro07,Ses03M_impro07_M,What does that mean?,neu,neutral,neu
Ses03M_impro07,Ses03M_impro07_F,You're going to be here and I'm going to be in LA so we can be together now. I mean we can be in the same city.,exc,positive,exc
Ses03M_impro07,Ses03M_impro07_M,Holy shit...,exc,positive,exc
Ses03M_impro07,Ses03M_impro07_F,We can party. We can have fun.,exc,positive,exc
Ses03M_impro07,Ses03M_impro07_M,This will be like high school but even better.,exc,positive,exc
Ses03M_impro07,Ses03M_impro07_F,Yeah. Hopefully it won't be like high school.,hap,positive,hap
Ses03M_impro07,Ses03M_impro07_F,"Oh man I am so proud of you, that is...how did you get...I mean what did you do? How did you find out or what...?",exc,positive,exc
Ses03M_impro07,Ses03M_impro07_M,I-I came home and my mom was like Joe uh-,,neutral,exc
Ses03M_impro07,Ses03M_impro07_M,"I have some bad news. I was like what? She's like not really you got into U.S.C. and I was like, I was like oh my God. I was about to tear my own hair out.",exc,positive,exc
Ses03M_impro07,Ses03M_impro07_F,Oh man.,hap,positive,hap
Ses03M_impro07,Ses03M_impro07_M,Yeah. This is so crazy. I mean I didn't get into any other school but I got into the school I wanted.,hap,positive,hap
Ses03M_impro07,Ses03M_impro07_F,Did you say yes yet? I mean have you sent in your answer?,hap,positive,hap
Ses03M_impro07,Ses03M_impro07_M,Oh my God the first minute I got it I sent it back in.,exc,positive,exc
Ses03M_impro07,Ses03M_impro07_F,All right.,hap,positive,hap
Ses03M_impro07,Ses03M_impro07_M,So...,exc,positive,exc
Ses03M_impro07,Ses03M_impro07_F,"This is so great, you know, because I gone fit on downtown so I'm going to be like right here. I think I'm going to be living at City Lights downtown.",hap,positive,hap
Ses03M_impro07,Ses03M_impro07_M,This is so exciting. This is like a new chapter in our lives.,exc,positive,exc
Ses03M_impro07,Ses03M_impro07_F,"Yeah, it really is.",hap,positive,hap
Ses03M_impro07,Ses03M_impro07_M,"We're doing what we want to do, then four years later we're going to be working professionals, making money, sipping martinis every day.",exc,positive,exc
Ses03M_impro07,Ses03M_impro07_F,God hopefully.,,neutral,exc
Ses03M_impro07,Ses03M_impro07_F,Man I'm just so happy for you. I just--,exc,positive,exc
Ses03M_impro07,Ses03M_impro07_M,Thank you,exc,positive,exc
Ses03M_impro07,Ses03M_impro07_F,"Well, I'm happy for you but I'm happy for me cause that means you're going to stay.",hap,positive,hap
Ses03M_impro07,Ses03M_impro07_M,And tonight my parents want to take me out to sushi and they said I could bring you.,exc,positive,exc
Ses03M_impro07,Ses03M_impro07_F,Oh great. I would love to go.,exc,positive,exc
Ses03M_impro07,Ses03M_impro07_M,Yeah.,,neutral,exc
Ses03M_impro07,Ses03M_impro07_M,Yeah and they said get whatever you want and...,exc,positive,exc
Ses03M_impro07,Ses03M_impro07_F,Mmmm some miso soup.,hap,positive,hap
Ses03M_impro07,Ses03M_impro07_M,Some miso soup. You can get whatever. You can get a vat full of miso soup. God.,exc,positive,exc
Ses03M_impro07,Ses03M_impro07_F,Ah man.,,neutral,exc
Ses03M_impro07,Ses03M_impro07_M,This is going to be so great. I have so many great ideas.,exc,positive,exc
Ses03M_impro07,Ses03M_impro07_F,Yeah. Did you...I mean do send in like how long after you send in your application did you hear?,,neutral,exc
Ses03M_impro07,Ses03M_impro07_M,to start off.,,neutral,exc
Ses03M_impro07,Ses03M_impro07_M,"It took them, oh man, it took them like, I mean what it's like April now and any letters that come in April are usually the rejection letters so I was just like...",hap,positive,hap
Ses03M_impro07,Ses03M_impro07_F,You were like...,,neutral,exc
Ses03M_impro07,Ses03M_impro07_M,I was struck.,,neutral,exc
Ses03M_impro07,Ses03M_impro07_F,Oh my God. I am so proud of you.,neu,neutral,neu
Ses03M_impro08a,Ses03M_impro08a_M,Hello. This is Viacom Services. How can I help you?,neu,neutral,neu
Ses03M_impro08a,Ses03M_impro08a_F,"Hello? God finally somebody, look, this is ridiculous. I've been waiting online for like a half an hour now.",fru,negative,fru
Ses03M_impro08a,Ses03M_impro08a_M,"I'm sorry ma'am, what can I help you with?",neu,neutral,neu
Ses03M_impro08a,Ses03M_impro08a_F,"Look my, my phone isn't working. I don't understand what's going on. I am trying to call out. I'm not receiving any calls",fru,negative,fru
Ses03M_impro08a,Ses03M_impro08a_F,"and I need assistance with my...not only is my work phone, it's my home phone and look,",fru,negative,fru
Ses03M_impro08a,Ses03M_impro08a_F,this is my business. This is how I make money is through my phone. It needs to be working. Can you please help me?,fru,negative,fru
Ses03M_impro08a,Ses03M_impro08a_M,Okay. Can you give me the last four digits of your social security number so I can verify who I'm speaking with?,neu,neutral,neu
Ses03M_impro08a,Ses03M_impro08a_F,two two six six.,neu,neutral,neu
Ses03M_impro08a,Ses03M_impro08a_M,Okay. And your name is?,neu,neutral,neu
Ses03M_impro08a,Ses03M_impro08a_F,Olivia.,fru,negative,fru
Ses03M_impro08a,Ses03M_impro08a_M,Olivia. Um. Okay. So how long has this problem been?,neu,neutral,neu
Ses03M_impro08a,Ses03M_impro08a_F,"This has been going on for the past two weeks. I called every single day. Nobody is helping me. You guys tell me the same thing over and over, call again, call again, call again--",fru,negative,fru
Ses03M_impro08a,Ses03M_impro08a_M,So what exactly is the problem?,neu,neutral,neu
Ses03M_impro08a,Ses03M_impro08a_F,"I don't, I don't know what the problem is. That's what I want you guys to...why is my service not turned on? And I paid my bills on time. I don't understand.",fru,negative,fru
Ses03M_impro08a,Ses03M_impro08a_M,Um- I think part of it has to do with the network being down. It's been having some trouble the last few weeks--,neu,neutral,neu
Ses03M_impro08a,Ses03M_impro08a_F,"Okay. Well that is, that is fine and all. I don't care. I really don't care because I want my phone to work that's all.",fru,negative,fru
Ses03M_impro08a,Ses03M_impro08a_F,"That is I am paying you guys for service and I'm not getting any service. I get, I get just dropped calls all the time and now it's completely not working at all. I can't even call out, nine one one probably wouldn't even work.",fru,negative,fru
Ses03M_impro08a,Ses03M_impro08a_M,I understand--we're not-,neu,neutral,neu
Ses03M_impro08a,Ses03M_impro08a_M,No. Okay. We're not charging you for any of these months. We're going to give you three months free.,neu,neutral,neu
Ses03M_impro08a,Ses03M_impro08a_F,Well you better. You better give me a whole freaking new phone that's what you better do.,fru,negative,fru
Ses03M_impro08a,Ses03M_impro08a_M,We can give you a new phone--,neu,neutral,neu
Ses03M_impro08a,Ses03M_impro08a_F,I want a camera phone actually.,fru,negative,fru
Ses03M_impro08a,Ses03M_impro08a_M,We can do that. We can do that. You just have to sign a one-year contract though with the--,neu,neutral,neu
Ses03M_impro08a,Ses03M_impro08a_F,"No, no, no... I'm done with these contract business because this is what can happen.",fru,negative,fru
Ses03M_impro08a,Ses03M_impro08a_F,"You sign the contract and then down the line the phone doesn't work and you're stuck, you can't go to a new...no. No contracts for me. You give me a new phone.",ang,negative,ang
Ses03M_impro08a,Ses03M_impro08a_M,"Besides, it's sort of out of hands at the moment----The whole electrical power outage.",fru,negative,fru
Ses03M_impro08a,Ses03M_impro08a_F,I want to talk to a supervisor,ang,negative,ang
Ses03M_impro08a,Ses03M_impro08a_F,I would like to talk to your supervisor. Obviously you're incompetent and don't understand what I'm asking.,ang,negative,ang
Ses03M_impro08a,Ses03M_impro08a_M,"Um- Let me connect you to my supervisor. Actually, he's out right now so I'm supervisor until he comes back. Um-",neu,neutral,neu
Ses03M_impro08a,Ses03M_impro08a_F,What?,fru,negative,fru
Ses03M_impro08a,Ses03M_impro08a_M,"So you could----speak with me some more, you could call back later on maybe.",neu,neutral,neu
Ses03M_impro08a,Ses03M_impro08a_F,That's ridiculous. You know?,fru,negative,fru
Ses03M_impro08a,Ses03M_impro08a_F,"No I don't want to call back, you put me on hold for like hours and hours----and it's money, money, money, money and out of my pocket, out of my pocket--",fru,negative,fru
Ses03M_impro08a,Ses03M_impro08a_M,I didn't put you on hold.,fru,negative,fru
Ses03M_impro08a,Ses03M_impro08a_M,There are a lot of people calling us having problems. Every phone company is having the same problems ma'am,fru,negative,fru
Ses03M_impro08a,Ses03M_impro08a_F,Every phone...every single phone company?,fru,negative,fru
Ses03M_impro08a,Ses03M_impro08a_M,"Mmm hmmm. Mmm hmmm. The power outages, everything, hurricane Katrina. Everything's really messed up.",neu,neutral,neu
Ses03M_impro08a,Ses03M_impro08a_F,This is ridiculous.Well what are we supposed to do? We starve then because I can't use my phone cause,ang,negative,ang
Ses03M_impro08a,Ses03M_impro08a_F,"I am a realtor and this is my business. People are calling me all the time but you know, and I don't have a land line. I can't afford to have a land line",ang,negative,ang
Ses03M_impro08a,Ses03M_impro08a_M,don't you-,neu,neutral,neu
Ses03M_impro08a,Ses03M_impro08a_M,I'm really sorry ma'am. There's not----a lot we can do for it.,neu,neutral,neu
Ses03M_impro08a,Ses03M_impro08a_F,That you better be sorry.,ang,negative,ang
Ses03M_impro08a,Ses03M_impro08a_F,Well you're not helping me at all. God this is so frustrating.,fru,negative,fru
Ses03M_impro08a,Ses03M_impro08a_M,"What I can do for you, if you want to make a call right now I could contact you through our computer. I can call through my phone and you can speak through me.",neu,neutral,neu
Ses03M_impro08a,Ses03M_impro08a_F,What? No. That's way too complicated. Look--,fru,negative,fru
Ses03M_impro08a,Ses03M_impro08a_F,you need to fix my phone. I don't care what you have to do--,fru,negative,fru
Ses03M_impro08a,Ses03M_impro08a_M,I'm sorry it has to do with an electrical power outage and stuff--,neu,neutral,neu
Ses03M_impro08a,Ses03M_impro08a_F,"Well then go up the freaking pole and fix it like, you need to help me. You don't understand I'm in dire, dire need of a phone right now.",,neutral,fru
Ses03M_impro08a,Ses03M_impro08a_M,"Well, okay I'm going to give you a free phone card that you can use at any payphone and that's on us. Okay?",neu,neutral,neu
Ses03M_impro08a,Ses03M_impro08a_F,"Yeah yeah, woman going out in South Central on the payphone at night. Oh that's real safe.",fru,negative,fru
Ses03M_impro08a,Ses03M_impro08a_M,"I'm, I'm sorry you chose to live there um--",neu,neutral,neu
Ses03M_impro08a,Ses03M_impro08a_F,"No, no, no. I didn't choose to live here. I work there. Okay? Yeah. work work work",fru,negative,fru
Ses03M_impro08a,Ses03M_impro08a_M,okay.,,neutral,fru
Ses03M_impro08a,Ses03M_impro08a_M,Well I'm sure maybe there's a phone at work you could use.,neu,neutral,neu
Ses03M_impro08a,Ses03M_impro08a_F,"We can't call out. We can't make out-- line. I don't work, I work at another office.",fru,negative,fru
Ses03M_impro08a,Ses03M_impro08a_F,A law firm. Thank you very much.,fru,negative,fru
Ses03M_impro08a,Ses03M_impro08a_M,All right um--,neu,neutral,neu
Ses03M_impro08a,Ses03M_impro08a_F,"I work out of my home as a realtor and because I don't have a land line, I need a phone and because of now I don't have one I don't know what to do. And you're not helping me at all.",fru,negative,fru
Ses03M_impro08a,Ses03M_impro08a_F,"In fact, give me your name sir, what's your name again?",fru,negative,fru
Ses03M_impro08a,Ses03M_impro08a_M,My name is Sara.,neu,neutral,neu
Ses03M_impro08a,Ses03M_impro08a_F,Okay. Sara what?,fru,negative,fru
Ses03M_impro08a,Ses03M_impro08a_M,Sara Brown.,neu,neutral,neu
Ses03M_impro08a,Ses03M_impro08a_F,"Sara Brown. Sara Brown, um- yeah, I'm going to get off the phone with you. And then I'm going to call back and I'm going to give your supervisor your name because you're obviously incompetent to work here.",fru,negative,fru
Ses03M_impro08a,Ses03M_impro08a_M,Okay.,,neutral,fru
Ses03M_impro08a,Ses03M_impro08a_M,"You know maam, we record this conversation so anything you say can be proven in a law of court so keep that in mind.",neu,neutral,neu
Ses03M_impro08a,Ses03M_impro08a_F,"What are you, what are you a police officer now? You know, like I'm done, I'm over it. Goodbye and I hope that you lose your job.",fru,negative,fru
Ses03M_impro08b,Ses03M_impro08b_F,Hello.,,neutral,neu
Ses03M_impro08b,Ses03M_impro08b_M,Hello?,neu,neutral,neu
Ses03M_impro08b,Ses03M_impro08b_F,Oh God I finally got...you know how long I've been waiting on line? You put on hold for like five hours. Geez.,fru,negative,fru
Ses03M_impro08b,Ses03M_impro08b_M,I'm sorry ma'am. What's the nature of your problem? But first can I get you to tell me your first and last name?,neu,neutral,neu
Ses03M_impro08b,Ses03M_impro08b_F,I've already been through this five times with these people. I've been calling every single day.,fru,negative,fru
Ses03M_impro08b,Ses03M_impro08b_M,I know I just need to verify every time. I'm sorry.,neu,neutral,neu
Ses03M_impro08b,Ses03M_impro08b_F,Olivia Brown.,fru,negative,fru
Ses03M_impro08b,Ses03M_impro08b_M,Alright Ms. Brown what's the nature of your problem?,neu,neutral,neu
Ses03M_impro08b,Ses03M_impro08b_F,Well my phone isn't working and it hasn't been working for the last five days.,fru,negative,fru
Ses03M_impro08b,Ses03M_impro08b_M,Oh. I'm sorry. Um- Did you drop it in water?,neu,neutral,neu
Ses03M_impro08b,Ses03M_impro08b_F,"Yeah, yeah, yeah you better be sorry.",ang,negative,ang
Ses03M_impro08b,Ses03M_impro08b_F,No I did not drop my phone in water. I'm not five years old and just dropped my phone anywhere I see it. Okay this is my business.,ang,negative,ang
Ses03M_impro08b,Ses03M_impro08b_F,Okay? And it [GARBAGE]. My business is failing because my phone isn't working and I don't have a land line and I really can't handle this right now.,fru,negative,fru
Ses03M_impro08b,Ses03M_impro08b_M,Okay.,,neutral,ang
Ses03M_impro08b,Ses03M_impro08b_M,"Um- well it's probably easy. Can you any more symptoms either you're not receiving calls----ok, you're not receiving calls, not getting calls.",neu,neutral,neu
Ses03M_impro08b,Ses03M_impro08b_F,"the symptoms- This [GARBAGE] a doctor's office. I'm not receiving calls...I can't receive- no, it's, it cuts me off--",fru,negative,fru
Ses03M_impro08b,Ses03M_impro08b_M,Is the phone turned on?,neu,neutral,neu
Ses03M_impro08b,Ses03M_impro08b_F,Yes the phone turns on. No I mean I'm using it not turning on the phone. Of course it turns on.,fru,negative,fru
Ses03M_impro08b,Ses03M_impro08b_M,"Well, um- okay. Your sim card is in- didn't fall out-",neu,neutral,neu
Ses03M_impro08b,Ses03M_impro08b_F,No- I don't have a sim card because it's Verizon and you guys don't use sim cards.,fru,negative,fru
Ses03M_impro08b,Ses03M_impro08b_M,Alright. Um- Well that could be the problem. cause--,neu,neutral,neu
Ses03M_impro08b,Ses03M_impro08b_M,you might have an older phone where we would use sim cards but probably not.,neu,neutral,neu
Ses03M_impro08b,Ses03M_impro08b_F,"Okay no. Sir, this is the deal. My phone isn't working and I don't care what the problem is but it needs to work. That's why I'm paying you guys to fix it.",fru,negative,fru
Ses03M_impro08b,Ses03M_impro08b_M,Okay. How about this we'll send you a brand new camera phone with palm pilot-- and-,neu,neutral,neu
Ses03M_impro08b,Ses03M_impro08b_F,I don't know even how to use that stuff it's too complicated. I just want my flip phone to work----that's all I need,fru,negative,fru
Ses03M_impro08b,Ses03M_impro08b_M,"So we'll send it- And we'll give you, how about a free year's service?",neu,neutral,neu
Ses03M_impro08b,Ses03M_impro08b_F,"Look, I am on the road all the time. Do you understand how important? I'm a woman, a single mother by herself working...what?",fru,negative,fru
Ses03M_impro08b,Ses03M_impro08b_M,Tell them my name. My name is Brent Backersen.,neu,neutral,neu
Ses03M_impro08b,Ses03M_impro08b_F,"Brent Backersen, I am writing this down, Brent Backersen. Alright.",fru,negative,fru
Ses03M_impro08b,Ses03M_impro08b_M,Okay. Tell them my - my ID number is two one three five.,neu,neutral,neu
Ses03M_impro08b,Ses03M_impro08b_M,"Tell them that. You can go in, get a brand new phone, they'll hook you up with service even give you a free three months--",neu,neutral,neu
Ses03M_impro08b,Ses03M_impro08b_F,"I, I, I don't want a contract. Okay. I don't want any contracts.",fru,negative,fru
Ses03M_impro08b,Ses03M_impro08b_M,It will be free. No contract okay?,neu,neutral,neu
Ses03M_impro08b,Ses03M_impro08b_F,Really? No contract?,fru,negative,fru
Ses03M_impro08b,Ses03M_impro08b_M,"Go in there, yeah, go in there. Tell them Brent Backersen sent you.",neu,neutral,neu
Ses03M_impro08b,Ses03M_impro08b_F,I want the best freaking camera phone there is though. I want the really good kind--,,positive,neu
Ses03M_impro08b,Ses03M_impro08b_M,"the top of the line camera phone, game boy, anything you want. For free. And palm pilot.",neu,neutral,neu
Ses03M_impro08b,Ses03M_impro08b_F,And palm pilot.,,neutral,neu
Ses03M_impro08b,Ses03M_impro08b_F,And charger and accessories and I want a cover that's pink.,,neutral,neu
Ses03M_impro08b,Ses03M_impro08b_M,They might only have orange.,neu,neutral,neu
Ses03M_impro08b,Ses03M_impro08b_F,no,,neutral,neu
Ses03M_impro08b,Ses03M_impro08b_M,"Okay. They can figure out pink for you. So go in there and just tell them that and they'll hook you up with other goodies, stuff like that free service, no contract, no nothing. Just for being a good customer",neu,neutral,neu
Ses03M_impro08b,Ses03M_impro08b_M,and battling through with us.,neu,neutral,neu
Ses03M_impro08b,Ses03M_impro08b_F,"Alright. Well- I guess - I guess that's okay but,",neu,neutral,neu
Ses03M_impro08b,Ses03M_impro08b_F,you better promise me.,,neutral,neu
Ses03M_impro08b,Ses03M_impro08b_M,Yes. You just tell them Brent Backersen sent you.,neu,neutral,neu
Ses03M_impro08b,Ses03M_impro08b_F,Okay.,neu,neutral,neu
Ses03M_impro08b,Ses03M_impro08b_M,Alright? Great. Have a nice evening.,neu,neutral,neu
Ses03M_impro08b,Ses03M_impro08b_F,Alright Thanks.,neu,neutral,neu
Ses03M_script01_1,Ses03M_script01_1_F,What's he going to say? Maybe we ought to talk to him before he sees it.,neu,neutral,neu
Ses03M_script01_1,Ses03M_script01_1_M,He saw it.,sad,negative,sad
Ses03M_script01_1,Ses03M_script01_1_F,"What do you mean. He couldn't have seen it. I was the first one up, he was still in bed.",,neutral,sad
Ses03M_script01_1,Ses03M_script01_1_M,He was out there when it happened.,sad,negative,sad
Ses03M_script01_1,Ses03M_script01_1_F,When?,,neutral,sad
Ses03M_script01_1,Ses03M_script01_1_M,About four in the morning. I heard a crack and I looked out and he was standing right there when it happened.,sad,negative,sad
Ses03M_script01_1,Ses03M_script01_1_F,Well what was he doing out at four in the morning?,,neutral,sad
Ses03M_script01_1,Ses03M_script01_1_M,I don't know. But after it cracked he ran back into the house and he cried in the kitchen.,sad,negative,sad
Ses03M_script01_1,Ses03M_script01_1_F,Did you talk to him?,sad,negative,sad
Ses03M_script01_1,Ses03M_script01_1_M,No. I figured the best thing to do was leave him alone.,sad,negative,sad
Ses03M_script01_1,Ses03M_script01_1_F,He cried hard?,sad,negative,sad
Ses03M_script01_1,Ses03M_script01_1_M,I could hear it right through the floor.,sad,negative,sad
Ses03M_script01_1,Ses03M_script01_1_F,"God, what was he doing out there anyway?",,neutral,sad
Ses03M_script01_1,Ses03M_script01_1_F,Starting to dream about him again. He's walking around at night again.,fru,negative,fru
Ses03M_script01_1,Ses03M_script01_1_M,I guess he is.,sad,negative,sad
Ses03M_script01_1,Ses03M_script01_1_F,"He's getting just like he did after he died, you know? What, what, what's the meaning of this?",sad,negative,sad
Ses03M_script01_1,Ses03M_script01_1_M,"I don't know. But I know one thing mom, we made a terrible mistake with dad.",sad,negative,sad
Ses03M_script01_1,Ses03M_script01_1_F,What?,,neutral,sad
Ses03M_script01_1,Ses03M_script01_1_M,Being dishonest with him. That kind of thing always pays off and now it's paying off.,fru,negative,fru
Ses03M_script01_1,Ses03M_script01_1_F,What do you mean dishonest?,,neutral,sad
Ses03M_script01_1,Ses03M_script01_1_M,You know that Larry's not coming back and I know that too. Why we both go on letting him think that we both believe with him.,ang,negative,ang
Ses03M_script01_1,Ses03M_script01_1_F,What are you going to do? You want to argue with him?,,neutral,ang
Ses03M_script01_1,Ses03M_script01_1_M,"No I don't want to argue with him but, it's time that he realizes that nobody believes Larry's coming back anymore.",fru,negative,fru
Ses03M_script01_1,Ses03M_script01_1_M,"Why shouldn't he walk around and dream at him at night. Walk around. Why shouldn't he walk around? Why shouldn't he dream of him, walk around at night waiting for him? Do we contradict him? Do we say flat out that we don't have anymore hope?",ang,negative,ang
Ses03M_script01_1,Ses03M_script01_1_M,That we haven't had any hope for years now?,ang,negative,ang
Ses03M_script01_1,Ses03M_script01_1_F,You can't say that to him.,,neutral,fru
Ses03M_script01_1,Ses03M_script01_1_M,We got to say it to him.,,neutral,fru
Ses03M_script01_1,Ses03M_script01_1_F,How are you going to prove it? Can you prove it?,fru,negative,fru
Ses03M_script01_1,Ses03M_script01_1_M,Larry's been gone for three years. For god sakes no one comes back after three years. It's insane.,fru,negative,fru
Ses03M_script01_1,Ses03M_script01_1_F,"To you maybe, to me, but not to your father. I mean,",,neutral,fru
Ses03M_script01_1,Ses03M_script01_1_F,he still thinks he's alive still. I mean you could talk yourself blue in the face and there's no body and there's no grave so where are you?,fru,negative,fru
Ses03M_script01_1,Ses03M_script01_1_M,"Listen mom, just, sit down. I want to talk to you.",fru,negative,fru
Ses03M_script01_1,Ses03M_script01_1_F,No. It's his god damned newspapers is what it is. Now every month there's a new boy comes home and Larry's going to be the next one.,ang,negative,ang
Ses03M_script01_1,Ses03M_script01_1_M,Alright. Alright. Alright just listen.,fru,negative,fru
Ses03M_script01_1,Ses03M_script01_1_M,"You know why I asked Annie here, right?",neu,neutral,neu
Ses03M_script01_1,Ses03M_script01_1_F,Why?,ang,negative,ang
Ses03M_script01_1,Ses03M_script01_1_M,You know.,,neutral,neu
Ses03M_script01_1,Ses03M_script01_1_F,Well I have an idea but I don't know. What's the story?,,neutral,neu
Ses03M_script01_1,Ses03M_script01_1_M,I want to ask her to marry me.,neu,neutral,neu
Ses03M_script01_1,Ses03M_script01_1_F,Well that's your business Chris.,,neutral,neu
Ses03M_script01_1,Ses03M_script01_1_M,You know it's not just my business.,fru,negative,fru
Ses03M_script01_1,Ses03M_script01_1_F,"Well what do you want me to do? I mean, you're old enough to know your own mind.",ang,negative,ang
Ses03M_script01_1,Ses03M_script01_1_M,Okay. So then it's alright. I'll go ahead with it.,neu,neutral,neu
Ses03M_script01_1,Ses03M_script01_1_F,"Well, I mean, you got to make sure your dad's not going--",neu,neutral,neu
Ses03M_script01_1,Ses03M_script01_1_M,Oh see then it's just not my business. God you infuriate me sometimes. Isn't my business too if dad throws a fit? Huh? God you have such a talent for ignoring things.,ang,negative,ang
Ses03M_script01_1,Ses03M_script01_1_F,Well I'm just saying--,fru,negative,fru
Ses03M_script01_1,Ses03M_script01_1_F,You know I ignore what I got to ignore.,,neutral,fru
Ses03M_script01_1,Ses03M_script01_1_F,She's not...she's Larry's girl.,,neutral,fru
Ses03M_script01_1,Ses03M_script01_1_M,She's not Larry's girl.,fru,negative,fru
Ses03M_script01_1,Ses03M_script01_1_F,From your father's point of view he is still alive and if you try and take her that's just not fair. You can't do that.,fru,negative,fru
Ses03M_script01_1,Ses03M_script01_1_M,I don't know why it is but every time I reach out for something I want I have to pull back,fru,negative,fru
Ses03M_script01_1,Ses03M_script01_1_F,"And-And-And if you go on from there if you know already to go on from there, then you can. But I'm telling you something that I don't know where to go. You got it? I mean, do you?",fru,negative,fru
Ses03M_script01_1,Ses03M_script01_1_M,Because other people will suffer.,,neutral,fru
Ses03M_script01_1,Ses03M_script01_1_M,"My whole entire, bloody life time and time again.",fru,negative,fru
Ses03M_script01_1,Ses03M_script01_1_F,You're a considerate fellow. There is nothing wrong in that.,,neutral,fru
Ses03M_script01_1,Ses03M_script01_1_M,Well to hell with that.,ang,negative,ang
Ses03M_script01_1,Ses03M_script01_1_F,Did you ask Annie yet?,neu,neutral,neu
Ses03M_script01_1,Ses03M_script01_1_M,I wanted to get this settled first.,neu,neutral,neu
Ses03M_script01_1,Ses03M_script01_1_F,And what if she doesn't marry you huh? What if she feels the same way your father does?,,neutral,neu
Ses03M_script01_1,Ses03M_script01_1_M,Then I guess that's the end of it.,neu,neutral,neu
Ses03M_script01_1,Ses03M_script01_1_M,But from her letters I think she's forgotten him. I'll find out.,sad,negative,sad
Ses03M_script01_1,Ses03M_script01_1_M,"And then we'll thrash it out with dad right? Mom, don't avoid me.",neu,neutral,neu
Ses03M_script01_1,Ses03M_script01_1_F,"Look, you never had seen many, many women. You know? I mean...",neu,neutral,neu
Ses03M_script01_1,Ses03M_script01_1_M,Well so what? I'm just not fast with women.,,neutral,neu
Ses03M_script01_1,Ses03M_script01_1_F,Well I just don't see why it has to be Annie.,fru,negative,fru
Ses03M_script01_1,Ses03M_script01_1_M,Because it is.,fru,negative,fru
Ses03M_script01_1,Ses03M_script01_1_F,"Well that's a good answer but, it doesn't answer anything. You haven't seen her since you left to go to the war and it's been five years.",,positive,fru
Ses03M_script01_1,Ses03M_script01_1_M,It's just...that's just the way it is. That's how I feel. You know these years when I think of someone I want to marry I think of Annie. What do you want a diagram?,fru,negative,fru
Ses03M_script01_1,Ses03M_script01_1_F,No I don't want a diagram.,fru,negative,fru
Ses03M_script01_1,Ses03M_script01_1_F,"He thinks he's coming back. And you go off and marry that girl and you're just pronouncing him dead and what's going to happen to him? I don't know. Do you? I mean, I don't know.",fru,negative,fru
Ses03M_script01_1,Ses03M_script01_1_M,Alright then.,fru,negative,fru
Ses03M_script01_1,Ses03M_script01_1_F,"Look, just give it some thought okay?",,neutral,fru
Ses03M_script01_1,Ses03M_script01_1_M,I've given it three years of thought and I thought that if I waited then dad would forget about Larry and then we could have a regular wedding and everything happy.,sad,negative,sad
Ses03M_script01_1,Ses03M_script01_1_M,But if I can't have that here I'll get out.,neu,neutral,neu
Ses03M_script01_1,Ses03M_script01_1_F,What the hell is this?,,neutral,neu
Ses03M_script01_1,Ses03M_script01_1_M,I'll get out. I'll marry her somewhere else. Maybe New York.,neu,neutral,neu
Ses03M_script01_1,Ses03M_script01_1_F,Are you crazy?,,neutral,neu
Ses03M_script01_1,Ses03M_script01_1_M,I've been a good son too long. A good sucker and I'm through with it.,ang,negative,ang
Ses03M_script01_1,Ses03M_script01_1_F,You're just going to leave the business? You have a business here. You can't do that.,ang,negative,ang
Ses03M_script01_1,Ses03M_script01_1_M,The business doesn't inspire me.,ang,negative,ang
Ses03M_script01_1,Ses03M_script01_1_F,"Oh, you have to be inspired.",,neutral,ang
Ses03M_script01_1,Ses03M_script01_1_M,Yes. I like it an hour out of the day. If I have to grub for money all day long at least at evening I want it beautiful. I want a family. I want a wife. I want some kids. I want to build something I can give myself to.,ang,negative,ang
Ses03M_script01_1,Ses03M_script01_1_M,Now Annie is in the middle of all that. Where do I find it?,fru,negative,fru
Ses03M_script01_1,Ses03M_script01_1_F,Tell me something. You can leave this business?,sad,negative,sad
Ses03M_script01_1,Ses03M_script01_1_M,Yes. On this I would.,neu,neutral,neu
Ses03M_script01_1,Ses03M_script01_1_F,You can't talk like that.,,neutral,fru
Ses03M_script01_1,Ses03M_script01_1_M,Then help me stay here.,,neutral,sad
Ses03M_script01_1,Ses03M_script01_1_F,Alright but you can't talk like that you hear?,fru,negative,fru
Ses03M_script01_1,Ses03M_script01_1_F,"I mean what the hell have we worked for then? I mean, it's all for you Chris. The whole shooting match is for you.",ang,negative,ang
Ses03M_script01_1,Ses03M_script01_1_M,I know. Just you help me stay here.,sad,negative,sad
Ses03M_script01_1,Ses03M_script01_1_F,Alright but you don't talk like that you hear? You don't.,fru,negative,fru
Ses03M_script01_1,Ses03M_script01_1_M,I am thinking like that.,sad,negative,sad
Ses03M_script01_1,Ses03M_script01_1_F,I don't understand you do I?,sad,negative,sad
Ses03M_script01_1,Ses03M_script01_1_M,No you don't. I'm a pretty tough guy.,sad,negative,sad
Ses03M_script01_1,Ses03M_script01_1_F,Yeah. I can see that.,sad,negative,sad
Ses03M_script01_2,Ses03M_script01_2_F,Why did he invite her here?,ang,negative,ang
Ses03M_script01_2,Ses03M_script01_2_M,Why does that bother you?,fru,negative,fru
Ses03M_script01_2,Ses03M_script01_2_F,Well she's been away for three and a half years in New York and suddenly she just shows up.,ang,negative,ang
Ses03M_script01_2,Ses03M_script01_2_M,"Well maybe, maybe he just wanted to see her.",neu,neutral,neu
Ses03M_script01_2,Ses03M_script01_2_F,Nobody travels seven hundred miles just see.,,neutral,fru
Ses03M_script01_2,Ses03M_script01_2_M,uh-uh What do you mean? They grew up next to each other their entire lives. Why shouldn't he want to see her?,fru,negative,fru
Ses03M_script01_2,Ses03M_script01_2_M,Hey don't look at me like that. I don't know anymore than you.,fru,negative,fru
Ses03M_script01_2,Ses03M_script01_2_F,He's not going to marry her.,,neutral,fru
Ses03M_script01_2,Ses03M_script01_2_M,Who said he even thought about that?,neu,neutral,neu
Ses03M_script01_2,Ses03M_script01_2_F,I see it. It has the appearance of it.,,neutral,fru
Ses03M_script01_2,Ses03M_script01_2_M,"Well, so what?",neu,neutral,neu
Ses03M_script01_2,Ses03M_script01_2_F,What's going on here Joe?,,neutral,neu
Ses03M_script01_2,Ses03M_script01_2_M,Now listen kid...,fru,negative,fru
Ses03M_script01_2,Ses03M_script01_2_F,No. She's not his girl Joe and she knows that.,ang,negative,ang
Ses03M_script01_2,Ses03M_script01_2_M,You can't read her mind.,,neutral,neu
Ses03M_script01_2,Ses03M_script01_2_F,"Then why is still single? I mean there's plenty of single men in New York. Why isn't she married by now? Probably a hundred men has told her that she's foolish but, she's waiting.",,neutral,ang
Ses03M_script01_2,Ses03M_script01_2_M,How do you know why she's waited? Hmmm?,neu,neutral,neu
Ses03M_script01_2,Ses03M_script01_2_F,"Because she knows what I know, that's why.",,neutral,neu
Ses03M_script01_2,Ses03M_script01_2_F,"I mean, her faith is stronger than a rock.",ang,negative,ang
Ses03M_script01_2,Ses03M_script01_2_F,"My worst times I think about her, you know, and I",sad,negative,sad
Ses03M_script01_2,Ses03M_script01_2_F,it's like I know as long as she's waiting I'm right again.,sad,negative,sad
Ses03M_script01_2,Ses03M_script01_2_M,Look at how nice the day is. What are we arguing for?,fru,negative,fru
Ses03M_script01_2,Ses03M_script01_2_F,"No. Nobody in my house better dare and challenge her faith. You know and maybe strangers but not his father, not his brother.",ang,negative,ang
Ses03M_script01_2,Ses03M_script01_2_M,What do you want me to do? What do you want?,fru,negative,fru
Ses03M_script01_2,Ses03M_script01_2_F,I want-I want you to act like he's still alive. I mean don't think I haven't seen the way that you've been since he invited her here.,,neutral,fru
Ses03M_script01_2,Ses03M_script01_2_M,But Kate...,fru,negative,fru
Ses03M_script01_2,Ses03M_script01_2_F,But I won't have any of this nonsense because you know what happens? If he doesn't come back I'll kill myself.,,neutral,fru
Ses03M_script01_2,Ses03M_script01_2_F,"Laugh, laugh at me but I will. Because you know what happened when she came here? When she came back she slept in his room, the memorial broke into pieces. Joe, look. Look at it. You got to believe with me.",ang,negative,ang
Ses03M_script01_2,Ses03M_script01_2_M,Okay. Calm yourself. Just calm yourself.,fru,negative,fru
Ses03M_script01_2,Ses03M_script01_2_F,I can't do it all alone.,,neutral,fru
Ses03M_script01_2,Ses03M_script01_2_M,"Calm yourself, alright?",,neutral,ang
Ses03M_script01_2,Ses03M_script01_2_F,"Look, it was just last week that Detroit, some boy came back he had been away longer than Larry, you can read it for yourself. You above all people have got to believe.",sad,negative,sad
Ses03M_script01_2,Ses03M_script01_2_M,"Alright, alright, calm yourself okay? Calm yourself. Wait, wait. What do you mean, me above all?",ang,negative,ang
Ses03M_script01_2,Ses03M_script01_2_F,"Look, just keep believing okay?",,neutral,ang
Ses03M_script01_2,Ses03M_script01_2_M,"Wait, what does that mean? Me above all?",ang,negative,ang
Ses03M_script01_2,Ses03M_script01_2_M,"Look at you, you're shaking.",ang,negative,ang
Ses03M_script01_2,Ses03M_script01_2_F,I can't help it.,sad,negative,sad
Ses03M_script01_2,Ses03M_script01_2_M,What do I got to hide? Huh? What the hell's the matter with you Kate?,ang,negative,ang
Ses03M_script01_3,Ses03M_script01_3_F,You're the only one I know that still loves his parents.,,positive,neu
Ses03M_script01_3,Ses03M_script01_3_M,I know. It sort of went out of style didn't it?,,neutral,neu
Ses03M_script01_3,Ses03M_script01_3_F,"No. It's alright. It's a good thing, you know?",,positive,neu
Ses03M_script01_3,Ses03M_script01_3_F,It's lovely here.,,positive,neu
Ses03M_script01_3,Ses03M_script01_3_F,The air is so sweet.,,neutral,neu
Ses03M_script01_3,Ses03M_script01_3_M,You're not sorry you came?,neu,neutral,neu
Ses03M_script01_3,Ses03M_script01_3_F,No. I'm not sorry. But I'm not going to stay.,sad,negative,sad
Ses03M_script01_3,Ses03M_script01_3_M,Why?,,neutral,neu
Ses03M_script01_3,Ses03M_script01_3_F,First of all your mother so much as told me to go.,,neutral,sad
Ses03M_script01_3,Ses03M_script01_3_M,Well...,,neutral,sad
Ses03M_script01_3,Ses03M_script01_3_F,"Look,",sad,negative,sad
Ses03M_script01_3,Ses03M_script01_3_F,"you saw the way that she acted and then well, I mean, you, you were acting kind of...",sad,negative,sad
Ses03M_script01_3,Ses03M_script01_3_M,What?,neu,neutral,neu
Ses03M_script01_3,Ses03M_script01_3_F,"Well, I don't know, embarrassed of her since I came.",sad,negative,sad
Ses03M_script01_3,Ses03M_script01_3_M,Well the trouble is I was planning on sneaking up on you over a week or so and they take it for granted that we're all set.,,neutral,sad
Ses03M_script01_3,Ses03M_script01_3_F,"Yeah. I know they would, especially your mother.",,neutral,sad
Ses03M_script01_3,Ses03M_script01_3_M,How did you know?,,neutral,sad
Ses03M_script01_3,Ses03M_script01_3_F,"Well what other reason, from her point of view, would I be coming here?",,neutral,sad
Ses03M_script01_3,Ses03M_script01_3_M,"So, would you want to?",,neutral,sad
Ses03M_script01_3,Ses03M_script01_3_M,"I mean, that's the reason why I asked you here.",hap,positive,hap
Ses03M_script01_3,Ses03M_script01_3_F,"Well,",hap,positive,hap
Ses03M_script01_3,Ses03M_script01_3_M,Oh Annie. I love you. I love you a great deal.,,positive,hap
Ses03M_script01_3,Ses03M_script01_3_M,I love you.,hap,positive,hap
Ses03M_script01_3,Ses03M_script01_3_F,I guess that's why I came.,hap,positive,hap
Ses03M_script01_3,Ses03M_script01_3_M,I don't...I have no imagination that's the only way I know how to tell it.,,neutral,hap
Ses03M_script01_3,Ses03M_script01_3_M,I'm embarrassing you. I didn't want to tell you this here. I wanted to drive someplace brand new where we'd be brand new to each other. It feels wrong here don't you?,,neutral,hap
Ses03M_script01_3,Ses03M_script01_3_M,"This yard and this chair. I don't want to win you from anything, I want you to be ready for me.",,neutral,hap
Ses03M_script01_3,Ses03M_script01_3_F,"Look, I've been ready for a long, long time now.",hap,positive,hap
Ses03M_script01_3,Ses03M_script01_3_M,"Then he's gone forever, you sure?",,neutral,hap
Ses03M_script01_3,Ses03M_script01_3_F,"Look, I almost got married two years ago.",hap,positive,hap
Ses03M_script01_3,Ses03M_script01_3_M,Why didn't you?,,neutral,hap
Ses03M_script01_3,Ses03M_script01_3_F,You started to write me.,hap,positive,hap
Ses03M_script01_3,Ses03M_script01_3_M,You felt something that far back.,hap,positive,hap
Ses03M_script01_3,Ses03M_script01_3_F,Every day since.,hap,positive,hap
Ses03M_script01_3,Ses03M_script01_3_M,Why didn't you let me know?,,neutral,hap
Ses03M_script01_3,Ses03M_script01_3_F,"I was waiting for you Chris, I mean, till then you never wrote and then when you did what did you say?",hap,positive,hap
Ses03M_script01_3,Ses03M_script01_3_F,You'd always be so ambiguous.,hap,positive,hap
Ses03M_script01_3,Ses03M_script01_3_M,"Give me a kiss Ann, just give me...",hap,positive,hap
Ses03M_script01_3,Ses03M_script01_3_M,"Oh God. Annie, I kissed Annie. I kissed Annie.",exc,positive,exc
Ses03M_script01_3,Ses03M_script01_3_F,I'll never forgive you for that.,hap,positive,hap
Ses03M_script01_3,Ses03M_script01_3_M,"How long, how long I've been waiting to do that.",,neutral,hap
Ses03M_script01_3,Ses03M_script01_3_F,"I mean, Why did you wait all these years? There I was sitting around and wondering if I was crazy for thinking about you.",hap,positive,hap
Ses03M_script01_3,Ses03M_script01_3_M,We're going to live now. I'm going to make you so happy.,hap,positive,hap
Ses03M_script01_3,Ses03M_script01_3_F,Not like that you're not.,hap,positive,hap
Ses03M_script01_3,Ses03M_script01_3_M,I kissed you.,,neutral,hap
Ses03M_script01_3,Ses03M_script01_3_F,Like Larry's brother. Do it like you Chris.,,neutral,hap
Ses03M_script01_3,Ses03M_script01_3_M,"Nothing. Hey, let's drive somewhere. I want to be alone with you.",sad,negative,sad
Ses03M_script01_3,Ses03M_script01_3_F,What is it?,,neutral,hap
Ses03M_script01_3,Ses03M_script01_3_F,"No, what is it? Your mother?",,neutral,hap
Ses03M_script01_3,Ses03M_script01_3_M,"No, nothing, nothing like that.",,neutral,hap
Ses03M_script01_3,Ses03M_script01_3_F,"Tell me what's wrong. I mean, even in your letters you seemed ashamed.",,neutral,hap
Ses03M_script01_3,Ses03M_script01_3_M,"Well, yes I guess I've been ashamed but, it's going from me.",,neutral,hap
Ses03M_script01_3,Ses03M_script01_3_F,You got to tell me.,,neutral,hap
Ses03M_script01_3,Ses03M_script01_3_M,I don't know where to start.,,neutral,hap
Ses03M_script01_3,Ses03M_script01_3_F,Okay. It wouldn't work like this?,,neutral,hap
Ses03M_script01_3,Ses03M_script01_3_M,You remember overseas I was in command of a company?,sad,negative,sad
Ses03M_script01_3,Ses03M_script01_3_F,"Yeah, sure.",,neutral,sad
Ses03M_script01_3,Ses03M_script01_3_M,Well I lost them.,sad,negative,sad
Ses03M_script01_3,Ses03M_script01_3_F,How many?,sad,negative,sad
Ses03M_script01_3,Ses03M_script01_3_M,Just about all.,sad,negative,sad
Ses03M_script01_3,Ses03M_script01_3_F,Geez.,sad,negative,sad
Ses03M_script01_3,Ses03M_script01_3_M,Takes a little while to toss that off cause they weren't just men.,sad,negative,sad
Ses03M_script01_3,Ses03M_script01_3_M,"For instance, one time this...it had been raining several days and this one kid, he came up to me, he gave me his last pair of dry socks, put them in my pocket.",sad,negative,sad
Ses03M_script01_3,Ses03M_script01_3_M,"That's just a little thing but that's the kind of guys I had. They didn't just die, they killed themselves for each other and I mean that exactly.",sad,negative,sad
Ses03M_script01_3,Ses03M_script01_3_M,A little more selfish and they'd still be here today. And I got this idea watching them go down. See everything was being destroyed but there was one new thing that was being created.,sad,negative,sad
Ses03M_script01_3,Ses03M_script01_3_M,"It was a kind of responsibility, man for man. You understand me?",sad,negative,sad
Ses03M_script01_3,Ses03M_script01_3_M,And to show that and to bring that onto the earth again like some sort of monument standing right behind all of us and we could feel it and it would make a difference to him.,sad,negative,sad
Ses03M_script01_3,Ses03M_script01_3_M,And then I came here and it was incredible. There was no meaning in it here. The whole thing to them was a kind of bus accident.,sad,negative,sad
Ses03M_script01_3,Ses03M_script01_3_M,"And I went to work with dad and that rat race again and I felt what you said, ashamed. Somehow because nobody was changed at all.",sad,negative,sad
Ses03M_script01_3,Ses03M_script01_3_M,"It seemed to make a sucker out of a lot of guys. I felt wrong to be alive. I felt wrong to have that new checkbook,",sad,negative,sad
Ses03M_script01_3,Ses03M_script01_3_M,"open that new bank account, drive the new car and see the new refrigerator",sad,negative,sad
Ses03M_script01_3,Ses03M_script01_3_M,"cause you can take those things out of the war. But you got to know, when you drive that car that it came out of the love that a man can have for a man and you got to be a little bit better because of that.",sad,negative,sad
Ses03M_script01_3,Ses03M_script01_3_M,Otherwise what you have is loot and there's blood on it.,sad,negative,sad
Ses03M_script01_3,Ses03M_script01_3_M,And I didn't want to take any of it and I guess that included you.,sad,negative,sad
Ses03M_script01_3,Ses03M_script01_3_F,And you still feel that way?,sad,negative,sad
Ses03M_script01_3,Ses03M_script01_3_M,I want you now Annie.,,neutral,sad
Ses03M_script01_3,Ses03M_script01_3_F,Cause you must not feel that way again. You hear me? You can't. You deserve everything you have Chris.,,neutral,sad
Ses03M_script01_3,Ses03M_script01_3_F,"that includes me too, I mean and the money, you have right to that money. Your father put planes up in the air, good planes and he deserves it, you should be proud of that. A man should be paid for that.",sad,negative,sad
Ses03M_script01_3,Ses03M_script01_3_M,[GARBAGE] Annie,,neutral,sad
Ses03M_script01_3,Ses03M_script01_3_M,Annie I'm going to make a fortune for you.,hap,positive,hap
Ses03M_script01_3,Ses03M_script01_3_F,What am I going to do with a fortune?,hap,positive,hap
Ses03M_script01_3,Ses03M_script01_3_M,Buy some hats?,hap,positive,hap
Ses03M_script02_1,Ses03M_script02_1_M,"Hey, what time is it? This pokes around midnight right? God this is great isn't it?",exc,positive,exc
Ses03M_script02_1,Ses03M_script02_1_M,Look at the night we got. I wouldn't trade this for anything.,exc,positive,exc
Ses03M_script02_1,Ses03M_script02_1_M,You know actually I wanted to go a little further up the coast and get away from all the lights and people but I was afraid you'd miss it. How are you doing?,exc,positive,exc
Ses03M_script02_1,Ses03M_script02_1_F,Fine.,,neutral,exc
Ses03M_script02_1,Ses03M_script02_1_M,"Is that, is that, nah, is that just Paul? I can't even tell.",exc,positive,exc
Ses03M_script02_1,Ses03M_script02_1_M,"But if I can't tell, it probably isn't them isn't it? Probably would be unmistakable wouldn't you think? How are you doing?",exc,positive,exc
Ses03M_script02_1,Ses03M_script02_1_M,"Oh, you know what I forgot? I forgot my flashlight. How could I be so stupid? I should've brought my flashlight.",exc,positive,exc
Ses03M_script02_1,Ses03M_script02_1_F,What flashlight?,,neutral,exc
Ses03M_script02_1,Ses03M_script02_1_M,"You know, the flashlight, the silver one? There's only one isn't there?",,neutral,exc
Ses03M_script02_1,Ses03M_script02_1_F,It's not your flashlight.,,neutral,exc
Ses03M_script02_1,Ses03M_script02_1_M,"Well, whose is it?",,neutral,exc
Ses03M_script02_1,Ses03M_script02_1_F,It's ours. Mine too.,,neutral,exc
Ses03M_script02_1,Ses03M_script02_1_M,"Well, sure.",,neutral,exc
Ses03M_script02_1,Ses03M_script02_1_F,"Well, you keep saying it's my flashlight like it's only your flashlight. I mean, how do you think that makes me feel?",,neutral,exc
Ses03M_script02_1,Ses03M_script02_1_M,"No. Of course, our flashlight. Yours and mine. Me flashlight is su flashlight, naturally.",,neutral,exc
Ses03M_script02_1,Ses03M_script02_1_M,How could we have not thought to bring it? I hope the moon stays out.,,neutral,exc
Ses03M_script02_1,Ses03M_script02_1_M,Was it a full moon last year when they were running? I can't remember. Do you remember?,,neutral,exc
Ses03M_script02_1,Ses03M_script02_1_F,Yes.,neu,neutral,neu
Ses03M_script02_1,Ses03M_script02_1_M,Are you cold? Do you want my jacket?,,neutral,exc
Ses03M_script02_1,Ses03M_script02_1_M,"We should've brought the blanket, our blanket.",,neutral,exc
Ses03M_script02_1,Ses03M_script02_1_M,"God. Oh, you know what would be good right about now? A six-pack. A six-pack would be just the ticket.",exc,positive,exc
Ses03M_script02_1,Ses03M_script02_1_M,"I'm so stupid, I should've brought a six-pack. God, I'm like a little kid. It's amazing I get out of the house with my fly zipped up. Oh- [LAUGHTER]",exc,positive,exc
Ses03M_script02_1,Ses03M_script02_1_M,I wonder if they can hear us talk? Or feel the vibrations in the sand when we move around?,exc,positive,exc
Ses03M_script02_1,Ses03M_script02_1_F,"Look, I'm cold.",,neutral,exc
Ses03M_script02_1,Ses03M_script02_1_M,Do you want my jacket?,neu,neutral,neu
Ses03M_script02_1,Ses03M_script02_1_F,"It's past eleven, let's go.",fru,negative,fru
Ses03M_script02_1,Ses03M_script02_1_M,What? Are you kidding me? We just got here. We miss it. What's the point of coming down here if we just turn around and go home?,,neutral,fru
Ses03M_script02_1,Ses03M_script02_1_F,There is no point in coming down here.,fru,negative,fru
Ses03M_script02_1,Ses03M_script02_1_M,Right.,,neutral,fru
Ses03M_script02_1,Ses03M_script02_1_F,That's my point.,fru,negative,fru
Ses03M_script02_1,Ses03M_script02_1_M,That's my point too...No. No. That's not my point. My point is what's the point if we come down here if we just turn around and leave?,fru,negative,fru
Ses03M_script02_1,Ses03M_script02_1_F,So let's go.,,neutral,fru
Ses03M_script02_1,Ses03M_script02_1_M,"I mean, don't you want to see it?",,neutral,fru
Ses03M_script02_1,Ses03M_script02_1_F,Not particularly.,,neutral,fru
Ses03M_script02_1,Ses03M_script02_1_M,Why not?,,neutral,fru
Ses03M_script02_1,Ses03M_script02_1_F,I don't know. I just don't.,,neutral,fru
Ses03M_script02_1,Ses03M_script02_1_M,"Honey, this is a natural phenomenon. It only happens once a year. I mean think about the people in Kansas, they would have to get hotel reservations and plane tickets to come and see this. We're only forty minutes away. This is too good to pass up.",exc,positive,exc
Ses03M_script02_1,Ses03M_script02_1_F,"Pass up what? These fish swim up to shore, on the beach and then they flop around a little, they swim away and then they die.",fru,negative,fru
Ses03M_script02_1,Ses03M_script02_1_M,"Well this is like the highlight, the one night of their lives and that flopping around, that's laying eggs or spawning or mating or whatever you call it.",exc,positive,exc
Ses03M_script02_1,Ses03M_script02_1_M,"But this is the big night for these guys. Their last, life's last orgy.",exc,positive,exc
Ses03M_script02_1,Ses03M_script02_1_F,"What are you getting so excited about? I mean, it's not like it's like the landing on the moon or something. I mean, it's just fish, fish that nobody eats.",,positive,exc
Ses03M_script02_1,Ses03M_script02_1_M,Yeah they do.,exc,positive,exc
Ses03M_script02_1,Ses03M_script02_1_F,Augie.,fru,negative,fru
Ses03M_script02_1,Ses03M_script02_1_M,"Okay. But it's fish that do something that no other fish do. Like the swallows in Capistrano or the Lemmings that throw themselves off the cliffs, there's magic here and some mystery and a little bit of unexplainable.",exc,positive,exc
Ses03M_script02_1,Ses03M_script02_1_M,"I mean, I can't see how you can not be interested.",,neutral,exc
Ses03M_script02_1,Ses03M_script02_1_F,I'm just not.,neu,neutral,neu
Ses03M_script02_1,Ses03M_script02_1_M,For real?,,neutral,exc
Ses03M_script02_1,Ses03M_script02_1_F,Yes.,,neutral,exc
Ses03M_script02_1,Ses03M_script02_1_M,"I don't get it. I mean the first time we came to see it, you said it was the best night of your life.",,neutral,exc
Ses03M_script02_1,Ses03M_script02_1_M,And last year when we came you ran out of the house so fast you stubbed your toe and you didn't even notice it until we got in the car.,,neutral,exc
Ses03M_script02_1,Ses03M_script02_1_F,"You also could remember that I got sand in my panties, we got in an argument over nothing, you got a sore throat and we didn't even get to see the Grunions.",fru,negative,fru
Ses03M_script02_1,Ses03M_script02_1_M,Okay. We're in a good spot.,,positive,exc
Ses03M_script02_1,Ses03M_script02_1_F,You didn't see them the first time either.,fru,negative,fru
Ses03M_script02_1,Ses03M_script02_1_M,"We just weren't in the good spot. This is a much better spot. You know, I have a good instincts for these things.",fru,negative,fru
Ses03M_script02_1,Ses03M_script02_1_M,"Look, is that...no is that just seaweed?",exc,positive,exc
Ses03M_script02_1,Ses03M_script02_1_M,"You know, this is great isn't it? You know, I wouldn't trade this for anything.",exc,positive,exc
Ses03M_script02_1,Ses03M_script02_1_M,"I mean, think about this, I know you're not interested but just think about this for a minute.",exc,positive,exc
Ses03M_script02_1,Ses03M_script02_1_M,"Somewhere out there, there's this huge silver mass of fish heading this way, they don't why, we don't know why, they just some little instinctual fire cracker went off in their bodies...",exc,positive,exc
Ses03M_script02_1,Ses03M_script02_1_M,"...like and they all just turned at once and formed a line as long as the California coast and started swimming this way. They didn't, you know, they didn't make a decision, they didn't, you know, have boats or anything. No one sent them an invitation or a map, they just started swimming as if that's the only thing that matters.",exc,positive,exc
Ses03M_script02_1,Ses03M_script02_1_M,"It's single mindedness with no mind. It's urgency that's pure urge and they don't, they don't ask it a question, they don't give it a name, they just swim.",exc,positive,exc
Ses03M_script02_1,Ses03M_script02_1_M,They just start swimming to this place right here where we stand for massive celebration of sex and death.,exc,positive,exc
Ses03M_script02_1,Ses03M_script02_1_M,"Oh, I'm giving myself goose bumps. Look, all my hairs are standing up.",exc,positive,exc
Ses03M_script02_1,Ses03M_script02_1_F,That's the wind.,,neutral,exc
Ses03M_script02_1,Ses03M_script02_1_M,[BREATHING] So what do you think?,exc,positive,exc
Ses03M_script02_1,Ses03M_script02_1_F,About what?,,neutral,exc
Ses03M_script02_1,Ses03M_script02_1_M,About what I just said?,exc,positive,exc
Ses03M_script02_1,Ses03M_script02_1_F,It's ridiculous.,,neutral,exc
Ses03M_script02_1,Ses03M_script02_1_M,It certainly is not. It's,fru,negative,fru
Ses03M_script02_2,Ses03M_script02_2_M,So what do you think?,exc,positive,exc
Ses03M_script02_2,Ses03M_script02_2_F,About what?,ang,negative,ang
Ses03M_script02_2,Ses03M_script02_2_M,About what I just said?,fru,negative,fru
Ses03M_script02_2,Ses03M_script02_2_F,It's ridiculous.,ang,negative,ang
Ses03M_script02_2,Ses03M_script02_2_M,It certainly is not. It's a slightly exaggerated scientific fact.,fru,negative,fru
Ses03M_script02_2,Ses03M_script02_2_F,"It's PR. I mean, somebody sold you a good bill about this wonderful event that going to happen on the beach.",ang,negative,ang
Ses03M_script02_2,Ses03M_script02_2_M,I'm not the only one. Look at all these people.,fru,negative,fru
Ses03M_script02_2,Ses03M_script02_2_F,"Yeah. Everyone else was sold the same thing. I mean, look, it keeps us excited, it keeps us coming back for more and you know, keeps us thinking life's going to start any minute now.",ang,negative,ang
Ses03M_script02_2,Ses03M_script02_2_M,Are we talking about the same thing?,fru,negative,fru
Ses03M_script02_2,Ses03M_script02_2_F,"Look, I'm sorry but it's still just fish to me.",ang,negative,ang
Ses03M_script02_2,Ses03M_script02_2_M,I thought you wanted to see it.,fru,negative,fru
Ses03M_script02_2,Ses03M_script02_2_F,It's just...,,neutral,fru
Ses03M_script02_2,Ses03M_script02_2_F,"Look, we just have different ideas of what this night is supposed to be like.",,neutral,fru
Ses03M_script02_2,Ses03M_script02_2_M,"There's nothing to it. The Grunions arrive, they do their little fish business, you know? We go oh, ahh, look at the fish and they go home and we go home.",fru,negative,fru
Ses03M_script02_2,Ses03M_script02_2_F,"For heavens sake, grow up. We're not going to see the Grunions.",fru,negative,fru
Ses03M_script02_2,Ses03M_script02_2_M,Why not?,fru,negative,fru
Ses03M_script02_2,Ses03M_script02_2_F,"We never do, do we? Have we ever?",fru,negative,fru
Ses03M_script02_2,Ses03M_script02_2_M,"Oh my gosh. We missed them twice, that's hardly ever.",fru,negative,fru
Ses03M_script02_2,Ses03M_script02_2_F,Okay. Twice is as many times as we've tried and that's ever.,ang,negative,ang
Ses03M_script02_2,Ses03M_script02_2_M,"Carla, can I ask you something?",fru,negative,fru
Ses03M_script02_2,Ses03M_script02_2_F,What?,,neutral,fru
Ses03M_script02_2,Ses03M_script02_2_M,"Don't take this wrong but, are you having your period?",fru,negative,fru
Ses03M_script02_2,Ses03M_script02_2_F,"Augie, god dammit, don't ask me that. You always ask me that. I hate it when you ask me that. It's insulting.",ang,negative,ang
Ses03M_script02_2,Ses03M_script02_2_M,What's bugging you then?,fru,negative,fru
Ses03M_script02_2,Ses03M_script02_2_F,"Look, it's pointless. It's...we're not going to see the Grunions I mean, it's like waiting around to see Santa Claus, you know, it's...",fru,negative,fru
Ses03M_script02_2,Ses03M_script02_2_F,"Listen, I've waiting my entire life on this beach just standing there waiting for this fish to show up and these fish never show up.",ang,negative,ang
Ses03M_script02_2,Ses03M_script02_2_M,I thought you wanted to see it.,fru,negative,fru
Ses03M_script02_2,Ses03M_script02_2_F,"God, you don't understand anything.",fru,negative,fru
Ses03M_script02_2,Ses03M_script02_2_M,"No, of course not.",fru,negative,fru
Ses03M_script02_2,Ses03M_script02_2_F,"I do. I always do. I keep thinking, this time will be the time and it never is.",fru,negative,fru
Ses03M_script02_2,Ses03M_script02_2_M,"Well, we're going to see it.",neu,neutral,neu
Ses03M_script02_2,Ses03M_script02_2_F,"No we won't. I mean, God, this isn't about the fish Augie.",ang,negative,ang
Ses03M_script02_2,Ses03M_script02_2_M,"What...I've been trying to, I've been trying to figure out the point where we went wrong and I can't seem to pinpoint that moment.",fru,negative,fru
Ses03M_script02_2,Ses03M_script02_2_M,"You were fine during the phone call with Marge, dinner was okay, doing the dishes was no problem.",,neutral,fru
Ses03M_script02_2,Ses03M_script02_2_M,"Let's see I took a shower, you were watching the news, you said hey, hey the Grunions are running tonight and I said great let's go, I feel lucky tonight.",neu,neutral,neu
Ses03M_script02_2,Ses03M_script02_2_M,"And then I'm putting the animals out in the yard, I'm pulling the car out of the garage, putting my jacket on.",fru,negative,fru
Ses03M_script02_2,Ses03M_script02_2_F,"Look, do you remember the first time we came here?",fru,negative,fru
Ses03M_script02_2,Ses03M_script02_2_F,We thought I was pregnant.,sad,negative,sad
Ses03M_script02_2,Ses03M_script02_2_F,We brought a bottle of champagne and we took off our shoes and danced barefoot in the sand...,,neutral,fru
Ses03M_script02_2,Ses03M_script02_2_F,Under the moon and you whispered so softly into my ear so I could feel your words.,,neutral,fru
Ses03M_script02_2,Ses03M_script02_2_F,"And I thought, this is it. This is how happy I'm supposed to be.",,positive,fru
Ses03M_script02_2,Ses03M_script02_2_M,Wait a minute. I've got it.,neu,neutral,neu
Ses03M_script02_2,Ses03M_script02_2_F,What? Dancing barefoot in the sand? Drinking out of a bottle of champagne?,,neutral,neu
Ses03M_script02_2,Ses03M_script02_2_M,It was in the car right? Driving past the Knickerbocker Liquor Locker...,neu,neutral,neu
Ses03M_script02_2,Ses03M_script02_2_M,And you said let's get some champagne and I said time's a wasting or something like that.,neu,neutral,neu
Ses03M_script02_2,Ses03M_script02_2_M,You want this to be like the other time right? That's it right?,neu,neutral,neu
Ses03M_script02_2,Ses03M_script02_2_F,I'd rather not remember something...,sad,negative,sad
Ses03M_script02_2,Ses03M_script02_2_F,Rather not hope for something.,sad,negative,sad
Ses03M_script02_2,Ses03M_script02_2_M,"Okay, right. I got it. Sure. Of course. Listen, do you want to dance?",,neutral,sad
Ses03M_script02_2,Ses03M_script02_2_F,No.,sad,negative,sad
Ses03M_script02_2,Ses03M_script02_2_M,Do you want me to get some champagne?,fru,negative,fru
Ses03M_script02_2,Ses03M_script02_2_F,No.,fru,negative,fru
Ses03M_script02_2,Ses03M_script02_2_M,Take off our shoes?,fru,negative,fru
Ses03M_script02_2,Ses03M_script02_2_F,No.,fru,negative,fru
Ses03M_script02_2,Ses03M_script02_2_M,What? Do you want me to breathe in your ear?,fru,negative,fru
Ses03M_script02_2,Ses03M_script02_2_F,No.,fru,negative,fru
Ses03M_script02_2,Ses03M_script02_2_M,Do you want to get married again? What? What? Do you want a divorce? A vacation? What? A carpet? A poodle? A basket of fruit? What? A suicide pact? What the hell do you want Carla?,,neutral,fru
Ses03M_script02_2,Ses03M_script02_2_F,No...No...No...,fru,negative,fru
Ses03M_script02_2,Ses03M_script02_2_F,No...,fru,negative,fru
Ses03M_script02_2,Ses03M_script02_2_F,I want things to turn out the way that they're supposed to be.,ang,negative,ang
Ses03M_script02_2,Ses03M_script02_2_M,Welcome to the human race.,ang,negative,ang
Ses03M_script02_2,Ses03M_script02_2_M,Do you think that this is what I had in mind? That four years down the line that we'd get married and come to the beach and argue with each other over fish? No.,ang,negative,ang
Ses03M_script02_2,Ses03M_script02_2_M,I was just like you. I thought it was going to be all peaches and roses and everything great and the sand in our toes and the wind in our hair and the fish will always come and the bills will pay themselves and we'd have three big fat rosy kids...,ang,negative,ang
Ses03M_script02_2,Ses03M_script02_2_M,...and you know? Baby the jokes on us. Because you know what you get? Do you know what you get Carla? You get this.,ang,negative,ang
Ses03M_script02_2,Ses03M_script02_2_F,"This what...what's this? This isn't anything. Alright. Sure. Standing on the beach, fighting and waiting.",fru,negative,fru
Ses03M_script02_2,Ses03M_script02_2_M,Yes it is.,ang,negative,ang
Ses03M_script02_2,Ses03M_script02_2_M,Right.,ang,negative,ang
Ses03M_script02_2,Ses03M_script02_2_F,Cause everything isn't anything like I thought it would be.,ang,negative,ang
Ses03M_script02_2,Ses03M_script02_2_M,No. I know. Me neither.,,neutral,ang
Ses03M_script02_2,Ses03M_script02_2_F,This is just this. You know? I mean it's a lot and everything but it isn't somewhere else. Do you know what I'm trying to say?,sad,negative,sad
Ses03M_script02_2,Ses03M_script02_2_M,I'm trying to do the best I can.,fru,negative,fru
Ses03M_script02_2,Ses03M_script02_2_F,I know you are Augie. I know you wanted this evening to be nice.,sad,negative,sad
Ses03M_script02_2,Ses03M_script02_2_F,I can't help thinking about being somewhere else.,sad,negative,sad
Ses03M_script02_2,Ses03M_script02_2_M,Maybe if you were with someone else too.,sad,negative,sad
Ses03M_script02_2,Ses03M_script02_2_F,I didn't say that.,sad,negative,sad
Ses03M_script02_2,Ses03M_script02_2_M,I know. But I know I don't make you happy.,sad,negative,sad
Ses03M_script02_2,Ses03M_script02_2_F,"Augie, whatever I'm doing I'd rather be doing with you.",sad,negative,sad
Ses03M_script02_2,Ses03M_script02_2_M,Yeah?,,neutral,sad
Ses03M_script02_2,Ses03M_script02_2_F,Yeah. Don't you know that?,,neutral,sad
Ses03M_script02_2,Ses03M_script02_2_F,If anybody wants to be with anybody else it's probably you. Probably somebody who enjoys herself a little more and is not so hard.,sad,negative,sad
Ses03M_script02_2,Ses03M_script02_2_M,"Actually, now that you mention it, no I don't.",,neutral,sad
Ses03M_script02_2,Ses03M_script02_2_F,"Well, I guess this is the wrong spot for the right people.",sad,negative,sad
Ses03M_script02_2,Ses03M_script02_2_M,It seemed like a good spot to me.,,positive,sad
Ses03M_script02_2,Ses03M_script02_2_M,I mean look at the view of the moon we got from here.,hap,positive,hap
Ses03M_script02_2,Ses03M_script02_2_F,Yeah. I noticed that. It's real pretty on the water.,hap,positive,hap
Ses03M_script02_2,Ses03M_script02_2_F,Big old white moon.,,neutral,hap
Ses03M_script02_2,Ses03M_script02_2_M,"Hey, look what we got here.",hap,positive,hap
Ses03M_script02_2,Ses03M_script02_2_F,Oh you brought refreshments.,hap,positive,hap
Ses03M_script02_2,Ses03M_script02_2_M,It's not champagne.,,neutral,hap
Ses03M_script02_2,Ses03M_script02_2_F,Well at least we won't need glasses.,,neutral,hap
Ses03M_script02_2,Ses03M_script02_2_M,Are you still cold? Do you want to go home?,,neutral,hap
Ses03M_script02_2,Ses03M_script02_2_F,No I'm beginning to think you might be right.,hap,positive,hap
Ses03M_script02_2,Ses03M_script02_2_F,I think this may be the place for us after all.,hap,positive,hap
Ses03M_script02_2,Ses03M_script02_2_F,I am sorry Augie.,hap,positive,hap
Ses03M_script02_2,Ses03M_script02_2_M,Shh. If we're very quiet the fish might come.,hap,positive,hap
Ses03M_script02_2,Ses03M_script02_2_F,Or not.,hap,positive,hap
Ses03M_script02_2,Ses03M_script02_2_M,Or not.,hap,positive,hap
Ses03M_script03_1,Ses03M_script03_1_M,Good God.,,positive,neu
Ses03M_script03_1,Ses03M_script03_1_F,Do you think it's them?,,neutral,neu
Ses03M_script03_1,Ses03M_script03_1_M,I wonder.,,neutral,neu
Ses03M_script03_1,Ses03M_script03_1_F,And nobody knows we're here except for Freda and she wouldn't ring up.,,neutral,neu
Ses03M_script03_1,Ses03M_script03_1_M,Well it must be them then.,,neutral,neu
Ses03M_script03_1,Ses03M_script03_1_F,What are you going to do?,,neutral,neu
Ses03M_script03_1,Ses03M_script03_1_M,We're fine right? Aren't we? Whatever happens darling.,,negative,neu
Ses03M_script03_1,Ses03M_script03_1_F,Now and always sweet.,exc,positive,exc
Ses03M_script03_1,Ses03M_script03_1_M,I don't care then.,exc,positive,exc
Ses03M_script03_1,Ses03M_script03_1_F,"I mean, it was, it's bound to come out sooner or later.",exc,positive,exc
Ses03M_script03_1,Ses03M_script03_1_M,Hello? Hello? What?,,neutral,exc
Ses03M_script03_1,Ses03M_script03_1_F,That sent shivers up my spine.,exc,positive,exc
Ses03M_script03_1,Ses03M_script03_1_M,"No, wrong number.",exc,positive,exc
Ses03M_script03_1,Ses03M_script03_1_M,What are we to do if they suddenly walk in on us?,,neutral,exc
Ses03M_script03_1,Ses03M_script03_1_F,Behave exquisitely.,exc,positive,exc
Ses03M_script03_1,Ses03M_script03_1_M,With the most perfect poise?,,neutral,exc
Ses03M_script03_1,Ses03M_script03_1_F,Certainly. And I shall probably do a court courtesy.,,neutral,exc
Ses03M_script03_1,Ses03M_script03_1_M,um- Things that should matter dreadfully don't seem to matter at all when one's happy do they?,,positive,exc
Ses03M_script03_1,Ses03M_script03_1_F,What is so horrible is that one cannot stay happy.,,positive,exc
Ses03M_script03_1,Ses03M_script03_1_M,"Oh, darling. Don't say that.",,neutral,exc
Ses03M_script03_1,Ses03M_script03_1_F,"It's true. I mean, the whole business it's a very poor joke.",,neutral,exc
Ses03M_script03_1,Ses03M_script03_1_M,"You mean that, that sacred and beautiful thing love?",,positive,exc
Ses03M_script03_1,Ses03M_script03_1_F,Yes. I mean just that.,,neutral,exc
Ses03M_script03_1,Ses03M_script03_1_M,What does that all mean? That's what I asked myself on my quest for ultimate truth. What does it all mean?,,neutral,exc
Ses03M_script03_1,Ses03M_script03_1_F,Don't laugh at me. I'm serious.,,neutral,exc
Ses03M_script03_1,Ses03M_script03_1_M,"[LAUGHTER] Oh, darling. You mustn't be serious, that's just what they want.",,neutral,exc
Ses03M_script03_1,Ses03M_script03_1_F,Who's they?,,neutral,exc
Ses03M_script03_1,Ses03M_script03_1_M,All the futile moralists who try to make life unbearable. Laugh at them. Be flippant.,,neutral,exc
Ses03M_script03_1,Ses03M_script03_1_M,Laugh at all their sacred shibboleths. Flippancy brings the acid in their damn sweetness and light.,,neutral,exc
Ses03M_script03_1,Ses03M_script03_1_F,So if I'm to laugh at everything then I must laugh at us too.,,neutral,exc
Ses03M_script03_1,Ses03M_script03_1_M,"Oh, certainly, you must. We're figures of fun alright.",,neutral,exc
Ses03M_script03_1,Ses03M_script03_1_F,How long will it last? This ludicrous overbearing love of ours?,,positive,exc
Ses03M_script03_1,Ses03M_script03_1_M,Who knows?,,neutral,exc
Ses03M_script03_1,Ses03M_script03_1_F,Shall we always want to bicker and fight?,,neutral,exc
Ses03M_script03_1,Ses03M_script03_1_M,No. That fire will fade along with our passion.,,neutral,exc
Ses03M_script03_1,Ses03M_script03_1_F,"Well, dear, shall we want that?",,neutral,exc
Ses03M_script03_1,Ses03M_script03_1_M,"Well, it depends on how well we've played.",,neutral,exc
Ses03M_script03_1,Ses03M_script03_1_F,"What happens if one of us dies? I mean, does the other one still laugh?",,neutral,exc
Ses03M_script03_1,Ses03M_script03_1_M,"Of course, yes, yes, with all his might.",,neutral,exc
Ses03M_script03_1,Ses03M_script03_1_F,That's serious enough.,sad,negative,sad
Ses03M_script03_1,Ses03M_script03_1_M,"No. No it isn't. That's very laughable, a cunning little mystery all done with mirrors.",,neutral,exc
Ses03M_script03_1,Ses03M_script03_1_F,Darling I believe you're talking nonsense.,,neutral,exc
Ses03M_script03_1,Ses03M_script03_1_M,"Oh, and who isn't talking nonsense?",,neutral,exc
Ses03M_script03_1,Ses03M_script03_1_M,Let's be superficial and pity the poor philosophers hmmm? Let's blow trumpets and squeakers and party as much as we can like quite idiotic school children.,,neutral,exc
Ses03M_script03_1,Ses03M_script03_1_M,Let's savor the delight of the moment. Come kiss me darling before worms pop in and out of your eye sockets.,,neutral,exc
Ses03M_script03_1,Ses03M_script03_1_F,"Elliot, worms don't pop.",,neutral,exc
Ses03M_script03_1,Ses03M_script03_1_M,"I don't care what you do, you see? As long, no I don't care what you do, see?",,neutral,exc
Ses03M_script03_1,Ses03M_script03_1_M,You can put green paint all over your body and dance naked in the Place Vendome and rush off madly with all the men in the world and I shan't say a word as long as you love me best.,,positive,exc
Ses03M_script03_1,Ses03M_script03_1_F,Thank you dear. The same applies to you...,,neutral,exc
Ses03M_script03_1,Ses03M_script03_1_F,...only if you ever so much as look at another woman I'll kill you.,,neutral,exc
Ses03M_script03_1,Ses03M_script03_1_M,Remember that awful scene we had in Venice?,,neutral,exc
Ses03M_script03_1,Ses03M_script03_1_F,Which particular one?,,neutral,exc
Ses03M_script03_1,Ses03M_script03_1_M,The one when you bought a little painted wooden snake in the Piazza and put it in my bed.,,neutral,exc
Ses03M_script03_1,Ses03M_script03_1_F,"Charles, that was his name, Charles. Oh, God he was so wiggled so beautifully.",,neutral,exc
Ses03M_script03_1,Ses03M_script03_1_M,Horrible little thing.,,neutral,exc
Ses03M_script03_1,Ses03M_script03_1_F,Yeah. I know you did. You threw it out the window and into the Grand Canal. I don't think I'll ever forgive you for that.,,neutral,exc
Ses03M_script03_1,Ses03M_script03_1_M,I hated it.,,negative,exc
Ses03M_script03_1,Ses03M_script03_1_M,How long did that rile last?,,neutral,exc
Ses03M_script03_1,Ses03M_script03_1_F,It went on intermittently for days.,,neutral,exc
Ses03M_script03_1,Ses03M_script03_1_M,"Oh, the worst one was in Cannes when you-",,neutral,exc
Ses03M_script03_1,Ses03M_script03_1_F,I burnt a hole in my comb too and all the towels in the bathroom.,,neutral,exc
Ses03M_script03_1,Ses03M_script03_1_M,you're curling iron burnt a hole in my dressing gown.,,neutral,exc
Ses03M_script03_1,Ses03M_script03_1_M,That was a rouser wasn't it?,,neutral,exc
Ses03M_script03_1,Ses03M_script03_1_F,[LAUGHTER] Yeah. That was the first time you ever hit me.,,neutral,exc
Ses03M_script03_1,Ses03M_script03_1_M,I didn't hit you very hard.,neu,neutral,neu
Ses03M_script03_1,Ses03M_script03_1_F,"The manager came in and saw us rolling on the floor, scratching and biting like panthers.",,neutral,exc
Ses03M_script03_1,Ses03M_script03_1_M,I will never forget his face. Ooh-rah [LAUGHTER].,,neutral,exc
Ses03M_script03_1,Ses03M_script03_1_F,"How ridiculous. How utterly, utterly ridiculous.",,neutral,exc
Ses03M_script03_1,Ses03M_script03_1_M,We were very much younger then.,,neutral,exc
Ses03M_script03_1,Ses03M_script03_1_F,And much sillier too.,,neutral,exc
Ses03M_script03_1,Ses03M_script03_1_M,The real cause of that rile was Peter Burden.,,neutral,exc
Ses03M_script03_2,Ses03M_script03_2_M,Yes. The real cause of that rile was Peter Burden.,neu,neutral,neu
Ses03M_script03_2,Ses03M_script03_2_F,"Oh, come on, you knew there was nothing in that.",neu,neutral,neu
Ses03M_script03_2,Ses03M_script03_2_M,I knew nothing of the sort. You took presents from him.,,neutral,neu
Ses03M_script03_2,Ses03M_script03_2_F,Presents? A trivial little broach.,ang,negative,ang
Ses03M_script03_2,Ses03M_script03_2_M,Mmm Hmm. I remember it well. Bristling with diamonds in the worst possible taste.,,neutral,neu
Ses03M_script03_2,Ses03M_script03_2_F,Not at all. It was very pretty. I still have it and I wear it often.,,neutral,neu
Ses03M_script03_2,Ses03M_script03_2_M,You went out of your way to torture me over Peter Burden.,ang,negative,ang
Ses03M_script03_2,Ses03M_script03_2_F,No I didn't. You made up the whole thing in your jealous imagination.,neu,neutral,neu
Ses03M_script03_2,Ses03M_script03_2_M,You must admit he was in love with you.,ang,negative,ang
Ses03M_script03_2,Ses03M_script03_2_F,Just a little perhaps but nothing serious.,neu,neutral,neu
Ses03M_script03_2,Ses03M_script03_2_M,You let him kiss you. You said so. What of it?,ang,negative,ang
Ses03M_script03_2,Ses03M_script03_2_F,Well what of it?,,neutral,ang
Ses03M_script03_2,Ses03M_script03_2_F,"Well it didn't harm him, in fact, it pleasured him a lot and it didn't hurt me.",neu,neutral,neu
Ses03M_script03_2,Ses03M_script03_2_M,And what about me?,ang,negative,ang
Ses03M_script03_2,Ses03M_script03_2_F,"Well, if you hadn't been so suspicious and nosey you would've never known anything.",,neutral,ang
Ses03M_script03_2,Ses03M_script03_2_M,"Oh, that's a nice point of view I must say.",ang,negative,ang
Ses03M_script03_2,Ses03M_script03_2_F,"Look, I'm bored with this conversation.",,neutral,ang
Ses03M_script03_2,Ses03M_script03_2_M,"Yeah, so am I. Bored stiff.",ang,negative,ang
Ses03M_script03_2,Ses03M_script03_2_M,You want some brandy?,neu,neutral,neu
Ses03M_script03_2,Ses03M_script03_2_F,No thanks.,,neutral,ang
Ses03M_script03_2,Ses03M_script03_2_M,I'll have a little I think.,neu,neutral,neu
Ses03M_script03_2,Ses03M_script03_2_F,I don't know why you want it. You've already had two glasses.,ang,negative,ang
Ses03M_script03_2,Ses03M_script03_2_M,No particular reason. Anyhow they were very small ones.,ang,negative,ang
Ses03M_script03_2,Ses03M_script03_2_F,I don't see what you have to go on and on with this kind of thing.,ang,negative,ang
Ses03M_script03_2,Ses03M_script03_2_M,Oh my...just because I just...okay...,ang,negative,ang
Ses03M_script03_2,Ses03M_script03_2_M,...having three small minute liquor glasses in the evening is hardly going on and on and on.,,neutral,ang
Ses03M_script03_2,Ses03M_script03_2_F,It's become a habit with you.,neu,neutral,neu
Ses03M_script03_2,Ses03M_script03_2_M,You needn't be so grand just because you don't happen to want any yourself at the moment.,ang,negative,ang
Ses03M_script03_2,Ses03M_script03_2_F,Don't be so stupid.,,neutral,ang
Ses03M_script03_2,Ses03M_script03_2_M,Really Amanda.,fru,negative,fru
Ses03M_script03_2,Ses03M_script03_2_F,What?,ang,negative,ang
Ses03M_script03_2,Ses03M_script03_2_M,Nothing.,fru,negative,fru
Ses03M_script03_2,Ses03M_script03_2_F,[BREATHING],,neutral,fru
Ses03M_script03_2,Ses03M_script03_2_M,Going out somewhere dear?,fru,negative,fru
Ses03M_script03_2,Ses03M_script03_2_F,"No, just making myself beautiful for you.",neu,neutral,neu
Ses03M_script03_2,Ses03M_script03_2_M,That reply has broken my heart.,,neutral,neu
Ses03M_script03_2,Ses03M_script03_2_F,That's the woman's job to lure the man. Watch me a moment won't you?,neu,neutral,neu
Ses03M_script03_2,Ses03M_script03_2_M,Actually that's perfectly true.,neu,neutral,neu
Ses03M_script03_2,Ses03M_script03_2_F,No it isn't.,,neutral,neu
Ses03M_script03_2,Ses03M_script03_2_M,Yes it is.,neu,neutral,neu
Ses03M_script03_2,Ses03M_script03_2_F,"Oh, be quiet.",,neutral,neu
Ses03M_script03_2,Ses03M_script03_2_F,I think you should have some more brandy...,,neutral,neu
Ses03M_script03_2,Ses03M_script03_2_M,I think that,neu,neutral,neu
Ses03M_script03_2,Ses03M_script03_2_F,...cause really,,neutral,neu
Ses03M_script03_2,Ses03M_script03_2_F,it doesn't seem to be working on you.,,neutral,neu
Ses03M_script03_2,Ses03M_script03_2_M,"perhaps maybe you should've had more brandy, it might've made you a little less disagreeable.",,neutral,neu
Ses03M_script03_2,Ses03M_script03_2_F,Well it really hasn't worked wonders with you.,,neutral,neu
Ses03M_script03_2,Ses03M_script03_2_M,"Hmm, snap, snap, snap like a little adder.",,neutral,neu
Ses03M_script03_2,Ses03M_script03_2_F,"Adders don't snap, they sting.",ang,negative,ang
Ses03M_script03_2,Ses03M_script03_2_M,Yes they do. They have a bag of venom behind their fangs and they snap.,,neutral,neu
Ses03M_script03_2,Ses03M_script03_2_F,They sting.,ang,negative,ang
Ses03M_script03_2,Ses03M_script03_2_M,They snap.,fru,negative,fru
Ses03M_script03_2,Ses03M_script03_2_F,I don't care. I don't care. Do you understand? I don't care if they roll around and bark like hoops.,,neutral,neu
Ses03M_script03_2,Ses03M_script03_2_M,Did you see much of Peter Burden after our divorce?,,neutral,ang
Ses03M_script03_2,Ses03M_script03_2_F,"Yes, I did. Quite a lot.",,neutral,ang
Ses03M_script03_2,Ses03M_script03_2_M,I suppose you let him kiss you a great deal more then?,,positive,ang
Ses03M_script03_2,Ses03M_script03_2_F,Mind your business.,ang,negative,ang
Ses03M_script03_2,Ses03M_script03_2_M,"Mmm, you must've had a riotous time. No restraint at all, very enjoyable. You never had much anyhow.",,positive,ang
Ses03M_script03_2,Ses03M_script03_2_F,You're quite insufferable. I expect it's because you're drunk.,ang,negative,ang
Ses03M_script03_2,Ses03M_script03_2_M,I'm not in the least bit drunk.,ang,negative,ang
Ses03M_script03_2,Ses03M_script03_2_F,You've always had a weak head.,ang,negative,ang
Ses03M_script03_2,Ses03M_script03_2_M,"Okay, like I mentioned before I had three very small, minute liquor glasses of brandy. That's not even enough to get a child of two drunk.",ang,negative,ang
Ses03M_script03_2,Ses03M_script03_2_F,"On the contrary, a child of two can get violently drunk off just one glass of brandy.",ang,negative,ang
Ses03M_script03_2,Ses03M_script03_2_M,"Oh, what an interesting topic. What about a child of four and a child of six? A child of nine?",ang,negative,ang
Ses03M_script03_2,Ses03M_script03_2_F,Shut up.,ang,negative,ang
Ses03M_script03_2,Ses03M_script03_2_M,We might be able to bring up a splendid little debate about this intemperate tots.,ang,negative,ang
Ses03M_script03_2,Ses03M_script03_2_F,"Not very funny dear. In fact, maybe you better have some more brandy.",ang,negative,ang
Ses03M_script03_2,Ses03M_script03_2_M,"Oh, thanks. I think I will.",ang,negative,ang
Ses03M_script03_2,Ses03M_script03_2_M,You better turn that off.,ang,negative,ang
Ses03M_script03_2,Ses03M_script03_2_F,Why?,,neutral,ang
Ses03M_script03_2,Ses03M_script03_2_M,Because people upstairs will get annoyed.,,negative,ang
Ses03M_script03_2,Ses03M_script03_2_F,There aren't any people upstairs. This is a photographer's studio.,,neutral,ang
Ses03M_script03_2,Ses03M_script03_2_M,Well there are people downstairs I suppose.,,neutral,ang
Ses03M_script03_2,Ses03M_script03_2_F,They are away in Tunis.,neu,neutral,neu
Ses03M_script03_2,Ses03M_script03_2_M,"Oh, this is no time to be in here for Tunis.",,neutral,ang
Ses03M_script03_2,Ses03M_script03_2_F,"Turn it on again, please.",fru,negative,fru
Ses03M_script03_2,Ses03M_script03_2_M,No I'll do no such thing.,ang,negative,ang
Ses03M_script03_2,Ses03M_script03_2_F,Very well. If you insist on being a boorish and idiotic.,ang,negative,ang
Ses03M_script03_2,Ses03M_script03_2_M,"Come on, turn it off. It's driving me mad.",ang,negative,ang
Ses03M_script03_2,Ses03M_script03_2_F,You are far too temperamental. Try to control yourself.,ang,negative,ang
Ses03M_script03_2,Ses03M_script03_2_M,Turn it--Turn it off.,ang,negative,ang
Ses03M_script03_2,Ses03M_script03_2_F,Go away. Go away. I hate you.,ang,negative,ang
Ses03M_script03_2,Ses03M_script03_2_M,Very amusing indeed.,ang,negative,ang
Ses03M_script03_2,Ses03M_script03_2_F,"I hate you. Listen I'm sick and tired of listening to you, you sadistic bully.",ang,negative,ang
Ses03M_script03_2,Ses03M_script03_2_M,"You know what? You're a vile, little, evil-minded, little, wicked beast and I never want to see you again.",ang,negative,ang
Ses03M_script03_2,Ses03M_script03_2_F,"This is the end. Understand? This is the end, here and now, forever and always.",ang,negative,ang
Ses03M_script03_2,Ses03M_script03_2_M,You're not going nowhere. No you're not.,ang,negative,ang
Ses03M_script03_2,Ses03M_script03_2_F,"Oh, yes I am. Yes I am and you can't stop me.",ang,negative,ang
Ses03M_script03_2,Ses03M_script03_2_M,Just shut up.,ang,negative,ang
Ses03M_script03_2,Ses03M_script03_2_M,shut up. shut up. I would-I would never marry you again if you came crawling back to me on your hands and knees because you're an evil-minded little vampire and I hope to God I never see you again.,ang,negative,ang
Ses03M_script03_2,Ses03M_script03_2_F,"Listen, you're a cruel fiend and I hate, loathe you. Thank God finally, finally thank God I've realized just how horrible you are--and marry you? Marry you? Never. I will never marry you. I will die die in torment-",ang,negative,ang
Ses03M_script03_2,Ses03M_script03_2_F,Beast. Brute. Cad. Swine. Beast. Beast. Brute. Devil. Sorry.,ang,negative,ang
Ses03M_script03_2,Ses03M_script03_2_M,Oh.,ang,negative,ang
Ses04F_impro01,Ses04F_impro01_F,"Hi. Um, excuse me I've been to, like, five of the desks here and nobody seems to be able to tell me what it is I need to do. I've been here for over an hour. Can you possibly help me?",,neutral,fru
Ses04F_impro01,Ses04F_impro01_M,"Uh, lets- What do you need exactly?",fru,negative,fru
Ses04F_impro01,Ses04F_impro01_F,Well I filled out all the forms and I've given them to everyone and they keep sending me to someone else.,fru,negative,fru
Ses04F_impro01,Ses04F_impro01_M,"You need a new license, is that what you're telling me?",fru,negative,fru
Ses04F_impro01,Ses04F_impro01_F,Yes. I'm just trying to get a new license.,fru,negative,fru
Ses04F_impro01,Ses04F_impro01_M,Let me see the form. Just let me see the form. Yeah. You filled this out wrong. I can't - I can't - I can't do anything with this.,fru,negative,fru
Ses04F_impro01,Ses04F_impro01_F,Okay. I did-,fru,negative,fru
Ses04F_impro01,Ses04F_impro01_M,Ma'am I cannot help you. You need to fill out a new form and you need to get in the back of the line.,fru,negative,fru
Ses04F_impro01,Ses04F_impro01_F,I did exactly what they told me to do.,ang,negative,ang
Ses04F_impro01,Ses04F_impro01_F,I have done everything everyone in this entire place has told me to do. I've been here for over an hour. They make me wait in line. Every single time I start over again.,fru,negative,fru
Ses04F_impro01,Ses04F_impro01_M,Ma'am I can't help you. Do you understand?,fru,negative,fru
Ses04F_impro01,Ses04F_impro01_F,I have a life. I have things to do. I have places to go. Can you not just put this through please?,fru,negative,fru
Ses04F_impro01,Ses04F_impro01_M,I've got a life too ma'am,ang,negative,ang
Ses04F_impro01,Ses04F_impro01_M,and I got to - i got to work here all day long. Okay. I've got to deal with you people all day.,fru,negative,fru
Ses04F_impro01,Ses04F_impro01_M,So what I need you to do is I need you to fill out this form correctly and go to the back of the line.,fru,negative,fru
Ses04F_impro01,Ses04F_impro01_F,"Okay, that's nice. That's nice but I have done everything you people have told me to do. I don't understand why you can't just help me get this done. It's simple, right? License. I need it. Can we just do this please?",fru,negative,fru
Ses04F_impro01,Ses04F_impro01_M,There's nothing I can do for you. Do you understand that? Nothing.,ang,negative,ang
Ses04F_impro01,Ses04F_impro01_M,"What I need you to do is go to the back of the line,",fru,negative,fru
Ses04F_impro01,Ses04F_impro01_F,I've been to the back of the line five times.,ang,negative,ang
Ses04F_impro01,Ses04F_impro01_M,fill out this form and wait,fru,negative,fru
Ses04F_impro01,Ses04F_impro01_M,You're going to have to go back again.,ang,negative,ang
Ses04F_impro01,Ses04F_impro01_F,Okay. What is it that I did wrong on the form that I have to start all over again?,ang,negative,ang
Ses04F_impro01,Ses04F_impro01_M,This whole area here you didn't initial,,neutral,ang
Ses04F_impro01,Ses04F_impro01_M,and you filled out-,fru,negative,fru
Ses04F_impro01,Ses04F_impro01_F,"Okay. Well, I can do that right here right now without going to the back of the line again. See look initialed. All done. Ready to go.",ang,negative,ang
Ses04F_impro01,Ses04F_impro01_M,Ma'am I have other people waiting in line right now. I have other people waiting in line right now.,ang,negative,ang
Ses04F_impro01,Ses04F_impro01_F,I have been waiting for over an hour.,fru,negative,fru
Ses04F_impro01,Ses04F_impro01_M,This whole area of the form was not supposed to be filled out and you put the address in the wrong place,fru,negative,fru
Ses04F_impro01,Ses04F_impro01_M,"Uhh, and you spelled your own name wrong. So I need you to take that",fru,negative,fru
Ses04F_impro01,Ses04F_impro01_F,I'm not starting over again. No I have done this five times. I am not starting over again.,ang,negative,ang
Ses04F_impro01,Ses04F_impro01_M,"and, uh, throw it away. I need you to fill out a new form.",fru,negative,fru
Ses04F_impro01,Ses04F_impro01_M,Ma'am you're going to have- you- look. You really- you really,fru,negative,fru
Ses04F_impro01,Ses04F_impro01_F,Look can you not just help me?,fru,negative,fru
Ses04F_impro01,Ses04F_impro01_M,I can't help you right now. Do you understand that?,,neutral,fru
Ses04F_impro01,Ses04F_impro01_F,I mean look she's -she's perfectly nice. She doesn't mind waiting for a couple of minutes because I've been here all day. I have a job to get back to. I have kids to pick up from school. I can't just stay here.,ang,negative,ang
Ses04F_impro01,Ses04F_impro01_M,Look I'm going on my lunch break right now. So you're just going to have to take this form and go to the back of the line.,,neutral,ang
Ses04F_impro01,Ses04F_impro01_F,No. No. No. No. You have to help me.,,neutral,ang
Ses04F_impro01,Ses04F_impro01_M,like I said before right now.,ang,negative,ang
Ses04F_impro01,Ses04F_impro01_F,This is your job is to help people like me who need to get a new license.,ang,negative,ang
Ses04F_impro01,Ses04F_impro01_F,That's like the whole purpose of you being here.,,neutral,ang
Ses04F_impro01,Ses04F_impro01_M,Ma'am you are testing my patience. Do you understand me?,fru,negative,fru
Ses04F_impro01,Ses04F_impro01_F,I- I- I'm testing your patience?,,neutral,ang
Ses04F_impro01,Ses04F_impro01_M,You're testing my goddamn patience.,ang,negative,ang
Ses04F_impro01,Ses04F_impro01_F,I'm testing your patience?,ang,negative,ang
Ses04F_impro01,Ses04F_impro01_M,"I work in this fucking building all day. And I'm sick of it, okay?",ang,negative,ang
Ses04F_impro01,Ses04F_impro01_F,Yeah. You have to be here all day.,,neutral,ang
Ses04F_impro01,Ses04F_impro01_F,I don't need to be. I need to go and do other things with my time. Okay.,ang,negative,ang
Ses04F_impro01,Ses04F_impro01_F,"Please just put the form in, take the picture, let me get my license and get the hell out of here. Please.",ang,negative,ang
Ses04F_impro01,Ses04F_impro01_M,I've walked away already. I'm not here anymore.,,neutral,ang
Ses04F_impro02,Ses04F_impro02_M,So you're leaving tomorrow.,sad,negative,sad
Ses04F_impro02,Ses04F_impro02_F,Yeah. They just called.,sad,negative,sad
Ses04F_impro02,Ses04F_impro02_M,This is really-this is unfair.,sad,negative,sad
Ses04F_impro02,Ses04F_impro02_F,I know.,sad,negative,sad
Ses04F_impro02,Ses04F_impro02_M,I don't see [BREATHING],fru,negative,fru
Ses04F_impro02,Ses04F_impro02_F,I don't know what to say. I don't want to go but I don't have a lot of choice.,sad,negative,sad
Ses04F_impro02,Ses04F_impro02_M,"I mean we both knew that this was going to happen. It's just that I feel that, you know, I don't want Susie growing up without a mother.",fru,negative,fru
Ses04F_impro02,Ses04F_impro02_M,"And, uh, I'm afraid that if you, you know, when you leave, you won't come back.",sad,negative,sad
Ses04F_impro02,Ses04F_impro02_F,I'm going to come back. I need you to believe that.,sad,negative,sad
Ses04F_impro02,Ses04F_impro02_M,You don't know that.,fru,negative,fru
Ses04F_impro02,Ses04F_impro02_F,I need you to believe that too. How am I supposed to believe everything's going to be okay if you don't?,,neutral,sad
Ses04F_impro02,Ses04F_impro02_M,"I'll believe it, but- I'll believe it but it- I don't know that that's going to happen.",fru,negative,fru
Ses04F_impro02,Ses04F_impro02_F,Well you have to have faith because I don't have a choice and I have to go.,sad,negative,sad
Ses04F_impro02,Ses04F_impro02_M,You do have a choice. You don't have to go.,,neutral,sad
Ses04F_impro02,Ses04F_impro02_F,Do you think I want to leave you?,sad,negative,sad
Ses04F_impro02,Ses04F_impro02_M,You have a choice.,fru,negative,fru
Ses04F_impro02,Ses04F_impro02_F,I have to do this. I don't want to leave. Do you think I want to miss seeing her grow up?,sad,negative,sad
Ses04F_impro02,Ses04F_impro02_M,I know. It's just you don't have to do this for a living you know.,fru,negative,fru
Ses04F_impro02,Ses04F_impro02_M,You're a smart person. There are other things you can do.,fru,negative,fru
Ses04F_impro02,Ses04F_impro02_F,Look we both knew what this meant when I signed on,fru,negative,fru
Ses04F_impro02,Ses04F_impro02_F,And now- and now it's really shitty timing but now I have to go.,sad,negative,sad
Ses04F_impro02,Ses04F_impro02_F,I mean I'm the one who has to leave here. I'm the one who has to leave the two of you. At least you get to be together.,fru,negative,fru
Ses04F_impro02,Ses04F_impro02_M,It's just not going to work out without you here.,,neutral,sad
Ses04F_impro02,Ses04F_impro02_F,What's that supposed to mean?,sad,negative,sad
Ses04F_impro02,Ses04F_impro02_M,I mean we can't-we're not a complete family without you here.,sad,negative,sad
Ses04F_impro02,Ses04F_impro02_F,Well I'll come back. What is that supposed to mean? You're not willing to wait for me to come back?,ang,negative,ang
Ses04F_impro02,Ses04F_impro02_M,Of course I'm going to wait. I just- I just don't like the idea of this happening because this isn't the last time this is going to happen. You're going to go on more tours and stuff. I just- I can't-,fru,negative,fru
Ses04F_impro02,Ses04F_impro02_M,I can't deal with this emotionally.,fru,negative,fru
Ses04F_impro02,Ses04F_impro02_F,What do you want me to do?,fru,negative,fru
Ses04F_impro02,Ses04F_impro02_M,I want you to leave. I want you to leave the service.,fru,negative,fru
Ses04F_impro02,Ses04F_impro02_F,Well I can't very well do it today. I still have to leave tomorrow.,fru,negative,fru
Ses04F_impro02,Ses04F_impro02_M,You can do it today. You don't have to do anything. You don't have to do anything you don't want to do.,fru,negative,fru
Ses04F_impro02,Ses04F_impro02_F,"You're not making this any easier for me, you know. I'm the one who has to go and you're really not helping.",fru,negative,fru
Ses04F_impro02,Ses04F_impro02_M,Look I'm just telling you that you don't have to go.,fru,negative,fru
Ses04F_impro02,Ses04F_impro02_F,I do have to go. And I need to know that you're here waiting for me and that you believe that I'm coming back.,fru,negative,fru
Ses04F_impro02,Ses04F_impro02_M,That's all I'm saying... No you don't.,ang,negative,ang
Ses04F_impro02,Ses04F_impro02_F,Thanks that helps.,ang,negative,ang
Ses04F_impro02,Ses04F_impro02_M,It's just really unfair. This is- this is bullshit.,fru,negative,fru
Ses04F_impro02,Ses04F_impro02_F,I feel much better now.,ang,negative,ang
Ses04F_impro02,Ses04F_impro02_M,"You're acting like, you know, you're the one who's going all through, you know, all this shit and it's really- it's really not.",ang,negative,ang
Ses04F_impro02,Ses04F_impro02_F,I know I'm leaving you here with all the responsibility but at least you get to be with her.,fru,negative,fru
Ses04F_impro02,Ses04F_impro02_M,Yeah. Of course I do because I didn't enlist in this stupid thing. Why don't you just get out now and then-,ang,negative,ang
Ses04F_impro02,Ses04F_impro02_F,I will but I can't right now.,fru,negative,fru
Ses04F_impro02,Ses04F_impro02_M,Yes- You don't have to go. What are they going to do? Huh? Put a gun to your head?,,neutral,fru
Ses04F_impro02,Ses04F_impro02_F,You know- you know how this works. I have to go.,,neutral,fru
Ses04F_impro02,Ses04F_impro02_M,Then go. We'll be here when you get back.,fru,negative,fru
Ses04F_impro02,Ses04F_impro02_F,That's how you want to leave it?,ang,negative,ang
Ses04F_impro02,Ses04F_impro02_M,"I don't know how else to leave it. What, do you want me to lie to you?",sad,negative,sad
Ses04F_impro02,Ses04F_impro02_M,You want me tell you that I'm okay with it?,sad,negative,sad
Ses04F_impro02,Ses04F_impro02_F,I want you to be okay with it as much as you can be. I mean it's not a great situation but we don't have an option here.,sad,negative,sad
Ses04F_impro02,Ses04F_impro02_M,Well I can't be okay with it the same way you can't not go. It just doesn't work that way.,sad,negative,sad
Ses04F_impro02,Ses04F_impro02_F,Fine.,sad,negative,sad
Ses04F_impro03,Ses04F_impro03_F,I have something to tell you.,exc,positive,exc
Ses04F_impro03,Ses04F_impro03_M,What? You seem so excited.,neu,neutral,neu
Ses04F_impro03,Ses04F_impro03_F,It's really exciting. Don't you want to guess?,exc,positive,exc
Ses04F_impro03,Ses04F_impro03_M,"Uh, you got a new car, a new house. Uh, a dog.",neu,neutral,neu
Ses04F_impro03,Ses04F_impro03_F,Look.,exc,positive,exc
Ses04F_impro03,Ses04F_impro03_M,Are you serious? You're getting married.,,neutral,exc
Ses04F_impro03,Ses04F_impro03_F,Yes. He finally proposed. I'm getting married.,exc,positive,exc
Ses04F_impro03,Ses04F_impro03_M,Holy shit that's amazing.,exc,positive,exc
Ses04F_impro03,Ses04F_impro03_F,I know. I'm so-,exc,positive,exc
Ses04F_impro03,Ses04F_impro03_M,Congratulations.,exc,positive,exc
Ses04F_impro03,Ses04F_impro03_F,Thank you. [LAUGHTER],exc,positive,exc
Ses04F_impro03,Ses04F_impro03_M,"I'm invited, right.",exc,positive,exc
Ses04F_impro03,Ses04F_impro03_F,You think. [LAUGHTER],exc,positive,exc
Ses04F_impro03,Ses04F_impro03_M,"I'll have to, uh, I'll have to get myself a new tux. My, uh, the old one is a little worn and dirty. That's awesome. Where are you guys going to have it?",,positive,exc
Ses04F_impro03,Ses04F_impro03_F,"Well actually we were just talking about today and I don't really want to do like the traditional church thing, you know. So we are going to get married in the meadow.",exc,positive,exc
Ses04F_impro03,Ses04F_impro03_F,Do you remember up by Yosemite? Yeah.,,neutral,exc
Ses04F_impro03,Ses04F_impro03_M,"Well, that's- that's- that's beautiful. That's a beautiful place to do it.",,neutral,exc
Ses04F_impro03,Ses04F_impro03_F,We're going to get married in the middle of a meadow. [LAUGHTER],exc,positive,exc
Ses04F_impro03,Ses04F_impro03_F,"Everybody's going to come up. We're going to stay in all the pretty cabins up there and, um, everybody's going to have, you know, really flowery sort of naturey stuff.",hap,positive,hap
Ses04F_impro03,Ses04F_impro03_F,So pretty.,exc,positive,exc
Ses04F_impro03,Ses04F_impro03_M,That's great,,positive,exc
Ses04F_impro03,Ses04F_impro03_M,I hope- they're not like,,neutral,exc
Ses04F_impro03,Ses04F_impro03_F,Very Midsummer Night's wedding.,hap,positive,hap
Ses04F_impro03,Ses04F_impro03_M,"Right. Nice. That's great. I hope while we're up there nobody gets attacked by any, like, bears or wolves or anything.",,positive,exc
Ses04F_impro03,Ses04F_impro03_F,Thanks. Thanks a lot. You're really helping the Excitement here. I hope no one dies.,exc,positive,exc
Ses04F_impro03,Ses04F_impro03_M,"Well no, I am- I'm trying to be positive",,neutral,exc
Ses04F_impro03,Ses04F_impro03_M,I'm trying to be positive. I'm trying to say I hope that doesn't happen.,,neutral,exc
Ses04F_impro03,Ses04F_impro03_F,"Okey Well- well-, you know what? I was hoping that you would help",exc,positive,exc
Ses04F_impro03,Ses04F_impro03_M,We're going to be in the middle of the wilderness. These kind of things happen,,neutral,exc
Ses04F_impro03,Ses04F_impro03_F,plan everything. So then you can make sure that no one gets attacked by bears.,exc,positive,exc
Ses04F_impro03,Ses04F_impro03_M,Yeah. I'll help plan.,exc,positive,exc
Ses04F_impro03,Ses04F_impro03_F,Yeah?,exc,positive,exc
Ses04F_impro03,Ses04F_impro03_M,Yeah.,,neutral,exc
Ses04F_impro03,Ses04F_impro03_F,Really?,exc,positive,exc
Ses04F_impro03,Ses04F_impro03_M,Sure.,,neutral,exc
Ses04F_impro03,Ses04F_impro03_F,"Okay. It's going to be in, like, six months. So we don't have a really long time.",exc,positive,exc
Ses04F_impro03,Ses04F_impro03_M,"I'm thinking greens, lots of greens. Greens and browns. We're nature.",,neutral,exc
Ses04F_impro03,Ses04F_impro03_F,Okay.,,neutral,exc
Ses04F_impro03,Ses04F_impro03_F,No. No browns.,,neutral,exc
Ses04F_impro03,Ses04F_impro03_M,Why not browns?,neu,neutral,neu
Ses04F_impro03,Ses04F_impro03_F,It's a wedding.,,neutral,exc
Ses04F_impro03,Ses04F_impro03_M,"It's a light brown, tanish.",neu,neutral,neu
Ses04F_impro03,Ses04F_impro03_F,Blue for the sky.,,neutral,neu
Ses04F_impro03,Ses04F_impro03_F,Come on.,,neutral,neu
Ses04F_impro03,Ses04F_impro03_M,I just think browns are really what you want to go with. I mean I think there's more contrast between brown and green than there is-,neu,neutral,neu
Ses04F_impro03,Ses04F_impro03_F,who- Who's getting married though?,,neutral,neu
Ses04F_impro03,Ses04F_impro03_M,I know but you just asked me to-,neu,neutral,neu
Ses04F_impro03,Ses04F_impro03_F,to help plan because I'm getting married. [LAUGHTER],,neutral,neu
Ses04F_impro03,Ses04F_impro03_M,So we're going to go greens and browns.,,neutral,neu
Ses04F_impro03,Ses04F_impro03_F,No.,,neutral,neu
Ses04F_impro03,Ses04F_impro03_M,"Come on. Please will you do the greens and browns, just the browns for me?",fru,negative,fru
Ses04F_impro03,Ses04F_impro03_M,Just for me. Come on. I'm your best friend.,,neutral,neu
Ses04F_impro03,Ses04F_impro03_F,It's not your wedding. You can-,,neutral,neu
Ses04F_impro03,Ses04F_impro03_M,I'm your best friend,,neutral,neu
Ses04F_impro03,Ses04F_impro03_F,You know what? You know what?,,neutral,neu
Ses04F_impro03,Ses04F_impro03_M,Give me the browns.,,neutral,neu
Ses04F_impro03,Ses04F_impro03_F,"You can't ruin my mood today. If you want to wear a brown tux, you go ahead and wear a brown tux",,neutral,neu
Ses04F_impro03,Ses04F_impro03_M,Okay. Fine. So green and what?,neu,neutral,neu
Ses04F_impro03,Ses04F_impro03_F,but bridesmaids aren't wearing brown and I'm not wearing brown.,,neutral,neu
Ses04F_impro03,Ses04F_impro03_M,Blue?,neu,neutral,neu
Ses04F_impro03,Ses04F_impro03_F,Maybe,,neutral,neu
Ses04F_impro03,Ses04F_impro03_M,"Okay, fine. Greens and blues.",neu,neutral,neu
Ses04F_impro03,Ses04F_impro03_F,I like blue.,,neutral,neu
Ses04F_impro03,Ses04F_impro03_M,Greens and blues and maybe a little light yellow?,neu,neutral,neu
Ses04F_impro03,Ses04F_impro03_F,That would work.,,neutral,neu
Ses04F_impro03,Ses04F_impro03_M,Yeah?,neu,neutral,neu
Ses04F_impro03,Ses04F_impro03_F,"Throw in a little- little, uh, trim in yellow. Maybe some yellow flowers.",exc,positive,exc
Ses04F_impro03,Ses04F_impro03_M,"Okay. That sounds good. Um, and, uh, we're going to get like a five, uh, story cake, right?",neu,neutral,neu
Ses04F_impro03,Ses04F_impro03_F,"Yeah. I hadn't actually thought about the cake yet, but",,neutral,neu
Ses04F_impro03,Ses04F_impro03_M,"I mean, you know, you're going to have at least, like, two hundred and fifty people come. So we're going to need, you know, just a huge buffet.",neu,neutral,neu
Ses04F_impro03,Ses04F_impro03_F,Yes.,exc,positive,exc
Ses04F_impro03,Ses04F_impro03_M,"Fried chicken, mashed potatoes.",neu,neutral,neu
Ses04F_impro03,Ses04F_impro03_F,See this is why you have to help.,,neutral,neu
Ses04F_impro03,Ses04F_impro03_F,because you're going to take care of everything. You're going to think of all the details that I forget.,exc,positive,exc
Ses04F_impro03,Ses04F_impro03_M,Well I can't be in charge of this. I mean I got things I got to do.,neu,neutral,neu
Ses04F_impro03,Ses04F_impro03_F,Well right but you can help.,,neutral,exc
Ses04F_impro03,Ses04F_impro03_M,Well this is really exciting. I mean- I just- I couldn't be happier right now.,exc,positive,exc
Ses04F_impro03,Ses04F_impro03_M,I'm thrilled. God.,exc,positive,exc
Ses04F_impro03,Ses04F_impro03_F,Ha ha ha.,exc,positive,exc
Ses04F_impro03,Ses04F_impro03_F,Ha ha.,exc,positive,exc
Ses04F_impro03,Ses04F_impro03_M,Just ecstatic. I can't believe you're my best friend,exc,positive,exc
Ses04F_impro03,Ses04F_impro03_F,Just couldn't be any cooler.,exc,positive,exc
Ses04F_impro03,Ses04F_impro03_M,"You're my best friend, we're growing up and now you're getting married. that's amazing",exc,positive,exc
Ses04F_impro03,Ses04F_impro03_F,I know. I've been waiting forever. I can't believe it's finally happening.,exc,positive,exc
Ses04F_impro03,Ses04F_impro03_M,Wow. I just- I- I- I feel like I'm going to faint.,exc,positive,exc
Ses04F_impro03,Ses04F_impro03_M,I'm so- all the blood,exc,positive,exc
Ses04F_impro03,Ses04F_impro03_F,You don't look like you're going to faint.,exc,positive,exc
Ses04F_impro03,Ses04F_impro03_M,"has just rushed to my head, and I, and I mean honestly.",exc,positive,exc
Ses04F_impro03,Ses04F_impro03_M,I'm getting a little weak in the knees.,exc,positive,exc
Ses04F_impro03,Ses04F_impro03_F,So- So when are you getting married Mr. Excited?,exc,positive,exc
Ses04F_impro03,Ses04F_impro03_M,"You know that I've never-I- I have a long run of bad relationships but, you know, I mean, you got to work through it. It's fine.",,negative,exc
Ses04F_impro03,Ses04F_impro03_F,What about Kathy? I mean you guys have been dating for a while.,,neutral,exc
Ses04F_impro03,Ses04F_impro03_M,"Yeah, but",,neutral,exc
Ses04F_impro03,Ses04F_impro03_F,You haven't ruined it yet.,exc,positive,exc
Ses04F_impro03,Ses04F_impro03_M,"Yeah. I know but it's, you know, maybe we'll get married. I don't know. Should be pretty-",,neutral,exc
Ses04F_impro03,Ses04F_impro03_F,You really like,exc,positive,exc
Ses04F_impro03,Ses04F_impro03_M,"I don't know. Okay. I mean gosh. There's just- look there's a lot of pressure in getting married, okay.",neu,neutral,neu
Ses04F_impro03,Ses04F_impro03_F,What? She could be just as excited as I am right now.,,positive,exc
Ses04F_impro03,Ses04F_impro03_F,You could make her that excited. You really like her. You guys have been together for a really long time now.,exc,positive,exc
Ses04F_impro03,Ses04F_impro03_M,"Oh, I've made her that excited.",,positive,exc
Ses04F_impro03,Ses04F_impro03_F,[LAUGHTER] That's more than I needed to know.,exc,positive,exc
Ses04F_impro03,Ses04F_impro03_M,What? You've heard me talk about it before.,,neutral,exc
Ses04F_impro03,Ses04F_impro03_F,[laughter],exc,positive,exc
Ses04F_impro03,Ses04F_impro03_M,I'm a monster in bed.,,neutral,exc
Ses04F_impro04,Ses04F_impro04_M,Hey. Get out of the way. I'm watching TV.,,neutral,neu
Ses04F_impro04,Ses04F_impro04_F,That's helpful.,neu,neutral,neu
Ses04F_impro04,Ses04F_impro04_F,I just don't think I can do this anymore. It's been a really long time and it's not like I'm not trying.,fru,negative,fru
Ses04F_impro04,Ses04F_impro04_M,Well I guess you're not trying hard enough.,neu,neutral,neu
Ses04F_impro04,Ses04F_impro04_F,I am try- it's been three years,fru,negative,fru
Ses04F_impro04,Ses04F_impro04_F,and I have gone everywhere I can think of. I have given resumes. I have done interviews. I've tried to pull in favors. I've asked everybody I know for help. I don't know what else to do.,fru,negative,fru
Ses04F_impro04,Ses04F_impro04_M,"Just, I don't know, maybe you're not smart enough.",neu,neutral,neu
Ses04F_impro04,Ses04F_impro04_M,I mean I don't know just go out and keep trying. Just-,neu,neutral,neu
Ses04F_impro04,Ses04F_impro04_M,I don't know.,neu,neutral,neu
Ses04F_impro04,Ses04F_impro04_F,"Okay but I've been trying for three years. Three years and I haven't gotten a bite much less actually gotten hired, and I am smart enough. Thank you very much.",fru,negative,fru
Ses04F_impro04,Ses04F_impro04_M,"Hey. Look, I mean- you know.",neu,neutral,neu
Ses04F_impro04,Ses04F_impro04_F,I'm really good at what I do. I just don't know how to make someone else see that.,ang,negative,ang
Ses04F_impro04,Ses04F_impro04_M,Look bananas don't grow overnight. Okay.,neu,neutral,neu
Ses04F_impro04,Ses04F_impro04_F,What? Who says that? Bananas don't grow overnight.,ang,negative,ang
Ses04F_impro04,Ses04F_impro04_M,You need that- Time-,neu,neutral,neu
Ses04F_impro04,Ses04F_impro04_M,"You know- You need to just- you need, I mean it takes time to get a good job. I mean-",neu,neutral,neu
Ses04F_impro04,Ses04F_impro04_F,Okay. I think three years is a little excessive.,fru,negative,fru
Ses04F_impro04,Ses04F_impro04_M,"look at me, like, you know. I mean, Hey, I- it took me, you know, like six years to get where I am now. I mean-",neu,neutral,neu
Ses04F_impro04,Ses04F_impro04_F,"Yeah but you weren't unemployed for three years trying to find any job. I mean at this point I'm going to go drive a cab or, you know, work at the gas station or something. I don't even- I don't know what to do anymore.",ang,negative,ang
Ses04F_impro04,Ses04F_impro04_M,I don't know. I mean whatever.,fru,negative,fru
Ses04F_impro04,Ses04F_impro04_F,Nothing I'm trying seems to work. Just-,fru,negative,fru
Ses04F_impro04,Ses04F_impro04_M,Clearly.,,neutral,ang
Ses04F_impro04,Ses04F_impro04_F,Okay that's helpful. Thanks.,,neutral,fru
Ses04F_impro04,Ses04F_impro04_M,Look I'm sorry okay. It's just-,,neutral,fru
Ses04F_impro04,Ses04F_impro04_F,Clearly everything you're doing is completely wrong.,ang,negative,ang
Ses04F_impro04,Ses04F_impro04_M,"I mean, well I mean i don't know; it doesn't really affect my life, you know.",neu,neutral,neu
Ses04F_impro04,Ses04F_impro04_F,Well don't you understand that this is-,fru,negative,fru
Ses04F_impro04,Ses04F_impro04_M,"Yeah, I understand, but-",neu,neutral,neu
Ses04F_impro04,Ses04F_impro04_F,I don't even- I mean you have to have some kind of an idea. Something you could possibly throw out there that I could maybe use.,ang,negative,ang
Ses04F_impro04,Ses04F_impro04_M,"I don't know. Well like, I don't know. I mean-",neu,neutral,neu
Ses04F_impro04,Ses04F_impro04_F,I mean it's not like this is an,ang,negative,ang
Ses04F_impro04,Ses04F_impro04_F,extreme request. I want to find a job. Everybody wants to find a job. It's really not that.,ang,negative,ang
Ses04F_impro04,Ses04F_impro04_M,Clearly- cle- clearly you're doing something wrong.,neu,neutral,neu
Ses04F_impro04,Ses04F_impro04_F,"Okay. Okay, Fine.",ang,negative,ang
Ses04F_impro04,Ses04F_impro04_M,"'Cause if you've been looking, you've been applying for jobs for three years. And-",neu,neutral,neu
Ses04F_impro04,Ses04F_impro04_F,Okey So I'm doing something wrong. What am I doing wrong?,ang,negative,ang
Ses04F_impro04,Ses04F_impro04_F,I'm really good at what I do. I'm smart. I'm trained. I have the education. I'm talented. I cannot-,ang,negative,ang
Ses04F_impro04,Ses04F_impro04_M,Are you- I mean do you like get dressed up and everything when you go to the job interview?,neu,neutral,neu
Ses04F_impro04,Ses04F_impro04_F,Well yeah I mean I like take a shower and stuff.,fru,negative,fru
Ses04F_impro04,Ses04F_impro04_M,"And you like- you know, you shave your legs and everything?",neu,neutral,neu
Ses04F_impro04,Ses04F_impro04_F,[LAUGHTER] Yeah. Usually.,fru,negative,fru
Ses04F_impro04,Ses04F_impro04_M,"and I want- I mean you know you've got to, like, do your hair. I mean- I don't know, it's like,",neu,neutral,neu
Ses04F_impro04,Ses04F_impro04_F,"Yeah, I- I make my",fru,negative,fru
Ses04F_impro04,Ses04F_impro04_F,I make myself very presentable before I go to any kind of interview.,fru,negative,fru
Ses04F_impro04,Ses04F_impro04_M,"you know what I mean? You know, it's like they say presentation is, like eighty percent.",neu,neutral,neu
Ses04F_impro04,Ses04F_impro04_M,or some- some large percent of- of success.,neu,neutral,neu
Ses04F_impro04,Ses04F_impro04_F,"Uhuh. Uhuh. Yeah, yeah. Good quote.",fru,negative,fru
Ses04F_impro04,Ses04F_impro04_M,"Because I don't know I mean just, you know, just keep- keep- keep at it. Keep trying. Go-",neu,neutral,neu
Ses04F_impro04,Ses04F_impro04_F,Buck-O. That's really helpful. Just keep chugging along. The little engine that could.,fru,negative,fru
Ses04F_impro04,Ses04F_impro04_M,"What do you want me to? Look, Hey look if I could- Don't get all sassy.",,neutral,fru
Ses04F_impro04,Ses04F_impro04_F,Well you- just you're doing something wrong.,ang,negative,ang
Ses04F_impro04,Ses04F_impro04_M,"Look if I could give you a job,if I could give you a job I would but I mean I'm not in that position. I'm-",fru,negative,fru
Ses04F_impro04,Ses04F_impro04_F,Well maybe you could help. I mean you've got a job. I'm willing to look outside of my realm. I could try something else.,fru,negative,fru
Ses04F_impro04,Ses04F_impro04_M,"Hey, I'd love to help you but I- you don't have the kind of training that I-",neu,neutral,neu
Ses04F_impro04,Ses04F_impro04_F,I'll get it. I just need a job. I don't care what it is.,fru,negative,fru
Ses04F_impro04,Ses04F_impro04_M,"So, go to McDonalds.",fru,negative,fru
Ses04F_impro04,Ses04F_impro04_F,Well I mean I need to make a little bit more than the minimum wage fry flipper.,fru,negative,fru
Ses04F_impro04,Ses04F_impro04_M,Well you've got to start somewhere. I mean-,neu,neutral,neu
Ses04F_impro04,Ses04F_impro04_F,I did start somewhere. I worked my way up. I'm not going to start at the bottom again.,fru,negative,fru
Ses04F_impro04,Ses04F_impro04_M,Well you're going to have to. You don't really have an option. What's your problem?,fru,negative,fru
Ses04F_impro04,Ses04F_impro04_F,What's my problem? What's my problem? I don't have a job.,ang,negative,ang
Ses04F_impro04,Ses04F_impro04_M,I don't know it's like I'm trying to be-,neu,neutral,neu
Ses04F_impro04,Ses04F_impro04_F,I thought I was pretty clear about what the problem was.,ang,negative,ang
Ses04F_impro04,Ses04F_impro04_M,I'm trying to be helpful.,neu,neutral,neu
Ses04F_impro04,Ses04F_impro04_M,"I'm trying to be helpful and you're just, like, coming at me with, like, attacks.",,neutral,neu
Ses04F_impro04,Ses04F_impro04_F,Well maybe you could be a little helpful. I mean obviously you don't have any problems so would it really take so much time out of your day to just go ahead and help somebody else.,fru,negative,fru
Ses04F_impro04,Ses04F_impro04_M,I'm trying to watch TV.,neu,neutral,neu
Ses04F_impro04,Ses04F_impro04_M,I'm trying to watch TV. TV.,,neutral,neu
Ses04F_impro04,Ses04F_impro04_F,That's important. That's really important.,fru,negative,fru
Ses04F_impro05,Ses04F_impro05_M,Welcome to Northwest Airlines. How can I help you?,fru,negative,fru
Ses04F_impro05,Ses04F_impro05_F,You guys lost my bag.,fru,negative,fru
Ses04F_impro05,Ses04F_impro05_M,Did you file a complaint already?,fru,negative,fru
Ses04F_impro05,Ses04F_impro05_F,Yeah. Yeah I did.,fru,negative,fru
Ses04F_impro05,Ses04F_impro05_M,Where? Did you do it at the front desk or by the baggage claims?,fru,negative,fru
Ses04F_impro05,Ses04F_impro05_F,"I-I don't know. The place where they told me to go. Look they told me to come talk to you because you guys lost my bag. Not it's late. Not it will be here soon, lost it completely. What are you going to do about that?",fru,negative,fru
Ses04F_impro05,Ses04F_impro05_M,"Ma'am, first of all I'd like you to calm down. Second of all-",fru,negative,fru
Ses04F_impro05,Ses04F_impro05_F,Look that bag has my entire life in it and you just lost it.,fru,negative,fru
Ses04F_impro05,Ses04F_impro05_M,I understand that ma'am.,,neutral,fru
Ses04F_impro05,Ses04F_impro05_F,"Lost it just, like, I mean,",ang,negative,ang
Ses04F_impro05,Ses04F_impro05_M,"Ma'am, I understand that.",fru,negative,fru
Ses04F_impro05,Ses04F_impro05_F,it's not like it just disappeared into thin air. Somebody wasn't paying attention,ang,negative,ang
Ses04F_impro05,Ses04F_impro05_F,"because my bag was very easy to keep track of. It's got big, you know, rainbow colored crap all over it and no one was paying attention because now it's just gone.",ang,negative,ang
Ses04F_impro05,Ses04F_impro05_M,"I understand that. The best I can do for you, at this moment, is give you fifty dollar check courtesy of Northwest Airlines for inconveniencing you in losing your luggage.",fru,negative,fru
Ses04F_impro05,Ses04F_impro05_F,Wait. What?,,neutral,ang
Ses04F_impro05,Ses04F_impro05_M,"At this moment in time, all I can do for you is give you-",fru,negative,fru
Ses04F_impro05,Ses04F_impro05_F,No. No. I heard- I heard what you said.,ang,negative,ang
Ses04F_impro05,Ses04F_impro05_F,"You're kidding me, right. You're going to give me fifty dollars to completely cover my bag, everything that was in it, the inconvenience that I've gone through. I paid for my ticket. All I expect is to safely get to my destination with my stuff. Is that so much to ask? I mean I really don't think that's that big a deal to ask you guys to have my bag in the place where I leave and then put my bag where I end up.",ang,negative,ang
Ses04F_impro05,Ses04F_impro05_M,you're getting very excited right now,fru,negative,fru
Ses04F_impro05,Ses04F_impro05_F,"Yeah, well that's got everything I have in it.",ang,negative,ang
Ses04F_impro05,Ses04F_impro05_M,"I understand that, ma'am but there's not really much I can do for you right now.",fru,negative,fru
Ses04F_impro05,Ses04F_impro05_F,Look fifty dollars is unacceptable. My bag itself cost over a hundred and fifty dollars. You can't just give me fifty dollar gift certificate to Percoes or whatever the hell and then send me off like that's- that's good enough. Like that's all I needed was fifty dollars. My bag is worth more than that.,ang,negative,ang
Ses04F_impro05,Ses04F_impro05_M,What I need you to do is file another complaint form. There's a form that you can fill out over by the front desk near the baggage claim.,fru,negative,fru
Ses04F_impro05,Ses04F_impro05_M,If you'd like to take that over to the front desk- Ma'am.,fru,negative,fru
Ses04F_impro05,Ses04F_impro05_M,We're just talking over each other.,fru,negative,fru
Ses04F_impro05,Ses04F_impro05_M,We're not going to communicate anything this way.,fru,negative,fru
Ses04F_impro05,Ses04F_impro05_F,I expect your airline who was responsible for my bag to give me the equivalent of the bag and all of the things in it.,ang,negative,ang
Ses04F_impro05,Ses04F_impro05_M,Ma'am in flying with Northwest Airlines you agreed to,fru,negative,fru
Ses04F_impro05,Ses04F_impro05_M,sign away your luggage to the,fru,negative,fru
Ses04F_impro05,Ses04F_impro05_F,I didn't sign anything. I didn't sign anything. And you people have got to make-,ang,negative,ang
Ses04F_impro05,Ses04F_impro05_M,"It's part of the small- it's part of the agreement when you're purchasing an airline ticket, there's- when you-",fru,negative,fru
Ses04F_impro05,Ses04F_impro05_F,You have to make amends for what you did for losing my bag and all of my stuff. Fifty dollars is unacceptable.,ang,negative,ang
Ses04F_impro05,Ses04F_impro05_M,"Ma'am, please calm down. When you purchase a ticket, there is a terms and agreement,",fru,negative,fru
Ses04F_impro05,Ses04F_impro05_F,No. No. I don't know. You know what? I'm going to call my lawyer. You know what? That's what I'm going to do. I'm going to call my lawyer and have him get down here and explain to you that this is an unacceptable option.,ang,negative,ang
Ses04F_impro05,Ses04F_impro05_M,terms and conditions- in the agreement of purchasing a ticket. Most people frequently look it over,fru,negative,fru
Ses04F_impro05,Ses04F_impro05_M,The best that we can do for you is give you-,fru,negative,fru
Ses04F_impro05,Ses04F_impro05_M,Ma'am.,fru,negative,fru
Ses04F_impro05,Ses04F_impro05_F,I want to talk to your supervisor.,ang,negative,ang
Ses04F_impro05,Ses04F_impro05_M,I am- I am- I am my own supervisor.,fru,negative,fru
Ses04F_impro05,Ses04F_impro05_F,"I've had enough. I want to talk to-no, no unacceptable I want to your supervisor. I am done with this.",ang,negative,ang
Ses04F_impro05,Ses04F_impro05_M,"I am the supervisor, ma'am.",fru,negative,fru
Ses04F_impro05,Ses04F_impro05_F,"Really, you don't work for anybody. It's just you?",ang,negative,ang
Ses04F_impro05,Ses04F_impro05_M,I am the current manager on duty.,fru,negative,fru
Ses04F_impro05,Ses04F_impro05_F,"Okay. Well I want to call whoever you report to, whoever your boss is because I have had enough with this airline and I am finished waiting for my fifty dollar gift certificate.",ang,negative,ang
Ses04F_impro05,Ses04F_impro05_M,"Ma'am, I own Northwest Airlines.",fru,negative,fru
Ses04F_impro06,Ses04F_impro06_M,"Hey, I'm, uh. I'm really sorry about what happened. I don't um- I mean what you can you do? I mean it's-",sad,negative,sad
Ses04F_impro06,Ses04F_impro06_F,Thanks.,sad,negative,sad
Ses04F_impro06,Ses04F_impro06_M,"When I was seven, my- my grandmother died and I really- I don't know, I mean it was really hard to let go but the important thing is- is that you do let go and your realize that, you know, they- you know, they- this person had fun while they were- while they were here and, uh, you know, you work- you work through it.",sad,negative,sad
Ses04F_impro06,Ses04F_impro06_F,"You know it's just, I just, you know, I mean it just happened. I just, like- I just keep expecting him to walk in, you know.",sad,negative,sad
Ses04F_impro06,Ses04F_impro06_M,Mmhmm. Yeah. Yeah. I mean it's- it's hard. It's hard.,sad,negative,sad
Ses04F_impro06,Ses04F_impro06_F,"I just- I just thought he would have longer, you know, because I'm- I mean when he found out he was sick, we knew that wasn't good but I just- I just thought that it would take longer, you know?",sad,negative,sad
Ses04F_impro06,Ses04F_impro06_M,Yeah.,sad,negative,sad
Ses04F_impro06,Ses04F_impro06_M,"Well I mean, you know, I mean it was I mean with that kind of condition,",neu,neutral,neu
Ses04F_impro06,Ses04F_impro06_F,Yeah. I know. I know.,sad,negative,sad
Ses04F_impro06,Ses04F_impro06_M,"you know, it's inevitable and I mean honestly it's- it's almost like",sad,negative,sad
Ses04F_impro06,Ses04F_impro06_M,"you know, you don't- you know, how long do you want the person to go through that, you know.",neu,neutral,neu
Ses04F_impro06,Ses04F_impro06_M,It's sort of- it's almost better off to rest in peace than he is to live in pain.,neu,neutral,neu
Ses04F_impro06,Ses04F_impro06_F,"Yeah, I know. But I'd rather have him here with me, you know. It's just not fair. I mean he- he didn't get to do like anything. I mean he was-",sad,negative,sad
Ses04F_impro06,Ses04F_impro06_F,"He was only twenty four and just so many things that we were going to do, you know, and now he won't get to do them and he won't get to be here when I do. You know, like I'll get married some day and he won't be there, like, he won't get to see that.",sad,negative,sad
Ses04F_impro06,Ses04F_impro06_M,Yeah.,sad,negative,sad
Ses04F_impro06,Ses04F_impro06_F,It just doesn't seem fair.,sad,negative,sad
Ses04F_impro06,Ses04F_impro06_M,"It's not fair but I mean that's, you know, the course of life is that, you know, you meet people and you lose them.",sad,negative,sad
Ses04F_impro06,Ses04F_impro06_M,You're okay,sad,negative,sad
Ses04F_impro06,Ses04F_impro06_F,Thank you for being here.,sad,negative,sad
Ses04F_impro06,Ses04F_impro06_M,You know I think- I think we should celebrate because I think that's what he would have wanted.,sad,negative,sad
Ses04F_impro06,Ses04F_impro06_F,[LAUGHTER] You're probably right. He probably would be pissed if we were all sitting around being upset about it. He'd want us to have a party.,hap,positive,hap
Ses04F_impro06,Ses04F_impro06_M,Yeah.,neu,neutral,neu
Ses04F_impro06,Ses04F_impro06_F,And to drink in his honor. [LAUGHTER],hap,positive,hap
Ses04F_impro06,Ses04F_impro06_M,"That's right. That's right. I mean he would want us to, you know, celebrate the life that he- that he lived and, you know, enjoy the rest of ours as much as we can.",sad,negative,sad
Ses04F_impro06,Ses04F_impro06_F,"Yeah, I know.",sad,negative,sad
Ses04F_impro06,Ses04F_impro06_M,So-,sad,negative,sad
Ses04F_impro07,Ses04F_impro07_M,"Hey, what's up?",neu,neutral,neu
Ses04F_impro07,Ses04F_impro07_F,Guess what came today?,exc,positive,exc
Ses04F_impro07,Ses04F_impro07_M,What?,exc,positive,exc
Ses04F_impro07,Ses04F_impro07_F,My acceptance letter.,exc,positive,exc
Ses04F_impro07,Ses04F_impro07_M,Get out.,,neutral,exc
Ses04F_impro07,Ses04F_impro07_F,From U.S.C..,exc,positive,exc
Ses04F_impro07,Ses04F_impro07_M,You serious?,,neutral,exc
Ses04F_impro07,Ses04F_impro07_F,"Yes, I am.",exc,positive,exc
Ses04F_impro07,Ses04F_impro07_M,"Oh, my god what happened. You got in. Otherwise you wouldn't be so happy. [LAUGHTER]",,positive,exc
Ses04F_impro07,Ses04F_impro07_F,"Well yeah, that's the general idea. [LAUGHTER]",exc,positive,exc
Ses04F_impro07,Ses04F_impro07_M,That's awesome. Congratulations.,exc,positive,exc
Ses04F_impro07,Ses04F_impro07_F,Big bad acceptance packet with all the information. I'm going to U.S.C..,exc,positive,exc
Ses04F_impro07,Ses04F_impro07_M,That's amazing. Wow.,exc,positive,exc
Ses04F_impro07,Ses04F_impro07_F,I know. [LAUGHTER],exc,positive,exc
Ses04F_impro07,Ses04F_impro07_M,You're going to have to get like a nine millimeter because U.S.C.'s like in South Central.,,neutral,exc
Ses04F_impro07,Ses04F_impro07_F,"[LAUGHTER] Yeah, uh. No.",exc,positive,exc
Ses04F_impro07,Ses04F_impro07_F,[LAUGHTER] It's safe around there.,exc,positive,exc
Ses04F_impro07,Ses04F_impro07_M,"No, seriously. No, seriously, you should do it.",,neutral,exc
Ses04F_impro07,Ses04F_impro07_F,The campus is beautiful. I'm so excited.,exc,positive,exc
Ses04F_impro07,Ses04F_impro07_M,I know but you should get like a taser or something. I mean walking around the campus at night-,neu,neutral,neu
Ses04F_impro07,Ses04F_impro07_F,"Do you want to buy me some mace for my, you know, going away present?",exc,positive,exc
Ses04F_impro07,Ses04F_impro07_M,I'll get you- I'll get you a bottle of mace.,,neutral,exc
Ses04F_impro07,Ses04F_impro07_F,There we go. Perfect.,exc,positive,exc
Ses04F_impro07,Ses04F_impro07_M,And a taser and a knife.,,neutral,exc
Ses04F_impro07,Ses04F_impro07_F,And a taser. Excellent. Just make sure it's a big knife.,exc,positive,exc
Ses04F_impro07,Ses04F_impro07_M,And you'll be fully loaded.,,neutral,exc
Ses04F_impro07,Ses04F_impro07_F,I don't want any of those little puny ones.,exc,positive,exc
Ses04F_impro07,Ses04F_impro07_M,"So, um- so what are you going to- what are you going to major in?",neu,neutral,neu
Ses04F_impro07,Ses04F_impro07_F,Well I was thinking maybe underwater basket weaving.,exc,positive,exc
Ses04F_impro07,Ses04F_impro07_M,"Underwater basket weaving, my god.",,neutral,exc
Ses04F_impro07,Ses04F_impro07_F,"U.S.C. has a major in that, right.",exc,positive,exc
Ses04F_impro07,Ses04F_impro07_M,They have- they have that,,neutral,exc
Ses04F_impro07,Ses04F_impro07_F,They have - U.S.C. has everything because U.S.C. is the best school ever.,exc,positive,exc
Ses04F_impro07,Ses04F_impro07_M,they have that as a major?,neu,neutral,neu
Ses04F_impro07,Ses04F_impro07_M,That's ridiculous. I don't believe that.,neu,neutral,neu
Ses04F_impro07,Ses04F_impro07_F,Okay. Well I'm lying but-,exc,positive,exc
Ses04F_impro07,Ses04F_impro07_M,"Seriously, what's your major?",neu,neutral,neu
Ses04F_impro07,Ses04F_impro07_F,"Well, I haven't decided yet. I want to try some things out.",exc,positive,exc
Ses04F_impro07,Ses04F_impro07_M,So you're undecided?,neu,neutral,neu
Ses04F_impro07,Ses04F_impro07_F,Yeah.,,neutral,neu
Ses04F_impro07,Ses04F_impro07_M,"Hey, that's cool.",neu,neutral,neu
Ses04F_impro07,Ses04F_impro07_F,"I know 'cause then I can do whatever I want, right. I can try classes in this and then try classes in that and then pick whatever I like best.",,negative,neu
Ses04F_impro07,Ses04F_impro07_M,"No, no. It's totally cool. I mean, like, this friend of mine he was- he's been undecided now for, like, the past like eleven years of his life.",neu,neutral,neu
Ses04F_impro07,Ses04F_impro07_F,okay. Well I'm not going to be undecided forever. [LAUGHTER],exc,positive,exc
Ses04F_impro07,Ses04F_impro07_M,"Uh, well-",neu,neutral,neu
Ses04F_impro07,Ses04F_impro07_F,And it's so close so you can come visit me all the time.,exc,positive,exc
Ses04F_impro07,Ses04F_impro07_M,You- you- you'll find.,neu,neutral,neu
Ses04F_impro07,Ses04F_impro07_M,"Yeah, I know. That's right. Yeah, yeah. Because I live in LA.",,neutral,neu
Ses04F_impro07,Ses04F_impro07_F,Right.,,neutral,neu
Ses04F_impro07,Ses04F_impro07_M,and I like living in LA.,,neutral,neu
Ses04F_impro07,Ses04F_impro07_F,"So this works out perfectly. Because I was worried if I didn't get in to U.S.C., then I would have to go somewhere far away and then-",exc,positive,exc
Ses04F_impro07,Ses04F_impro07_M,"You'd have to, like go somewhere else, and, you know, we would be apart, and that would suck.",neu,neutral,neu
Ses04F_impro07,Ses04F_impro07_F,I would miss you.,,neutral,neu
Ses04F_impro07,Ses04F_impro07_F,Yeah. But now we don't have to.,,neutral,exc
Ses04F_impro07,Ses04F_impro07_M,Right.,,neutral,exc
Ses04F_impro07,Ses04F_impro07_F,Everything worked out perfectly.,exc,positive,exc
Ses04F_impro07,Ses04F_impro07_M,That's awesome.,exc,positive,exc
Ses04F_impro07,Ses04F_impro07_F,I know. We should have a party.,exc,positive,exc
Ses04F_impro07,Ses04F_impro07_M,We should have a party.,,neutral,exc
Ses04F_impro07,Ses04F_impro07_F,An I got accepted to U.S.C. party.,exc,positive,exc
Ses04F_impro07,Ses04F_impro07_M,You got accepted-what? to a U.S.C. party?,,neutral,exc
Ses04F_impro07,Ses04F_impro07_F,No. An I got accepted to U.S.C. party. [LAUGHTER],exc,positive,exc
Ses04F_impro07,Ses04F_impro07_M,"Oh, that's right. Okay, I see. Right, right, right.",neu,neutral,neu
Ses04F_impro07,Ses04F_impro07_M,A party celebrating your acceptance.,neu,neutral,neu
Ses04F_impro07,Ses04F_impro07_F,Right. Now you're with me.,exc,positive,exc
Ses04F_impro07,Ses04F_impro07_M,That's cool.,neu,neutral,neu
Ses04F_impro07,Ses04F_impro07_F,That is why I got accepted.,exc,positive,exc
Ses04F_impro07,Ses04F_impro07_M,"Well, that's really cool that you're going to be staying in the same city and everything. so umm",exc,positive,exc
Ses04F_impro07,Ses04F_impro07_F,I know.,exc,positive,exc
Ses04F_impro07,Ses04F_impro07_M,"I don't know are you, like, I don't know. Are you, like, available or anything?",neu,neutral,neu
Ses04F_impro07,Ses04F_impro07_F,[LAUGHTER] Are you asking me on a date?,,neutral,exc
Ses04F_impro07,Ses04F_impro07_M,"Well I mean I don't know. It's like you know I kind of had a crush on you throughout high school and, like",exc,positive,exc
Ses04F_impro07,Ses04F_impro07_M,"I don't know I just thought that, you know, maybe we could, you know, I don't know. It's like, you know, just test the waters anyway. I don't see what the problem is.",exc,positive,exc
Ses04F_impro07,Ses04F_impro07_F,What- what did you have in mind?,exc,positive,exc
Ses04F_impro07,Ses04F_impro07_M,"Movies- movie, we'll go to a movie and a dinner and- and",exc,positive,exc
Ses04F_impro07,Ses04F_impro07_M,"actually, you know, there's this- there's this really cool restaurant, um, I don't know if you- it's Red Lobster. It's like down on",exc,positive,exc
Ses04F_impro07,Ses04F_impro07_F,[LAUGHTER],exc,positive,exc
Ses04F_impro07,Ses04F_impro07_M,Vermont.,exc,positive,exc
Ses04F_impro07,Ses04F_impro07_F,You just did not ask me on a date to Red Lobster.,,neutral,exc
Ses04F_impro07,Ses04F_impro07_M,"Wait, you've been there before?",exc,positive,exc
Ses04F_impro07,Ses04F_impro07_F,On occasion I've heard of it.,exc,positive,exc
Ses04F_impro07,Ses04F_impro07_M,"Oh, so well then you know that it's awesome.",exc,positive,exc
Ses04F_impro07,Ses04F_impro07_F,Yeah. Totally.,exc,positive,exc
Ses04F_impro07,Ses04F_impro07_M,"Right, so we'll go there and then- and then we'll get some ice cream and maybe we'll go putt-putt golfing.",exc,positive,exc
Ses04F_impro07,Ses04F_impro07_F,I am totally down with the ice cream.,exc,positive,exc
Ses04F_impro07,Ses04F_impro07_M,Okay. Putt-putt golfing?,neu,neutral,neu
Ses04F_impro07,Ses04F_impro07_F,"Eh, we can work that part out.",exc,positive,exc
Ses04F_impro07,Ses04F_impro07_M,"Yeah, you want to go. No, you want to go. You want to go.",exc,positive,exc
Ses04F_impro07,Ses04F_impro07_F,Alright.,exc,positive,exc
Ses04F_impro07,Ses04F_impro07_M,I can see it in your eyes. You want to go.,exc,positive,exc
Ses04F_impro07,Ses04F_impro07_F,I think that'd be really fun actually.,,neutral,exc
Ses04F_impro07,Ses04F_impro07_M,Yeah. So we'll do that and then- and then- and then tomorrow we'll have your,,neutral,exc
Ses04F_impro07,Ses04F_impro07_F,party.,exc,positive,exc
Ses04F_impro07,Ses04F_impro07_M,your I got into U.S.C. graduate party. Yeah.,,neutral,exc
Ses04F_impro07,Ses04F_impro07_F,Well look at that. What a great day. I got into college and I got asked out on a date.,,positive,exc
Ses04F_impro07,Ses04F_impro07_M,Good. Alright we're so happy.,exc,positive,exc
Ses04F_impro07,Ses04F_impro07_F,Yay for me.,,neutral,exc
Ses04F_impro07,Ses04F_impro07_M,"That's right. Um, so U.S.C. is a really nice school.",exc,positive,exc
Ses04F_impro07,Ses04F_impro07_F,I know.,exc,positive,exc
Ses04F_impro07,Ses04F_impro07_M,Are you going to take out loans or-,neu,neutral,neu
Ses04F_impro07,Ses04F_impro07_F,Okay well that's not a happy part. We don't want to talk about that.,exc,positive,exc
Ses04F_impro07,Ses04F_impro07_M,"Well hey, it's okay, fine, gees.",,neutral,exc
Ses04F_impro07,Ses04F_impro07_F,"Well no. I mean I have some scholarships and some financial aid and stuff but I'll have to, you know, I'll get a job",exc,positive,exc
Ses04F_impro07,Ses04F_impro07_F,while I'm in school. It'll be good.,exc,positive,exc
Ses04F_impro07,Ses04F_impro07_M,Sweet.,,neutral,exc
Ses04F_impro07,Ses04F_impro07_F,Yeah. It will work out. Maybe I could work at Red Lobster.,exc,positive,exc
Ses04F_impro07,Ses04F_impro07_M,"Well, it's not far.",,neutral,exc
Ses04F_impro07,Ses04F_impro07_F,I know. Right down the street.,exc,positive,exc
Ses04F_impro07,Ses04F_impro07_M,"That's right. There's lots of like, there's lots of doughnut shops, like, everywhere.",,neutral,exc
Ses04F_impro07,Ses04F_impro07_F,"Right, there's always that option. The doughnut thing.",,neutral,exc
Ses04F_impro07,Ses04F_impro07_M,I mean There's pretty much doughnut shops everywhere in LA.,,neutral,exc
Ses04F_impro07,Ses04F_impro07_F,Right,,neutral,exc
Ses04F_impro07,Ses04F_impro07_M,"But, um-",neu,neutral,neu
Ses04F_impro07,Ses04F_impro07_F,and like most places really.,,neutral,neu
Ses04F_impro07,Ses04F_impro07_M,"I mean, like, I don't know. I'm just saying if you need to make some extra cash. You can, you know",neu,neutral,neu
Ses04F_impro07,Ses04F_impro07_F,Work at a doughnut shop.,,neutral,neu
Ses04F_impro07,Ses04F_impro07_M,Or library.,neu,neutral,neu
Ses04F_impro07,Ses04F_impro07_F,"Maybe on campus, I hear they have jobs on campus.",,neutral,neu
Ses04F_impro07,Ses04F_impro07_M,I just said the library,neu,neutral,neu
Ses04F_impro07,Ses04F_impro07_M,"or, um, campus cruiser. You can drive people around.",neu,neutral,neu
Ses04F_impro07,Ses04F_impro07_F,Excellent. Drive drunk people around because you know that's all campus cruisers for.,exc,positive,exc
Ses04F_impro07,Ses04F_impro07_M,Right or you can run for student counsel.,neu,neutral,neu
Ses04F_impro07,Ses04F_impro07_F,"Okay. No, that's dorky.",exc,positive,exc
Ses04F_impro07,Ses04F_impro07_M,Dorky?,neu,neutral,neu
Ses04F_impro07,Ses04F_impro07_F,Yeah.,exc,positive,exc
Ses04F_impro07,Ses04F_impro07_M,It's important.,neu,neutral,neu
Ses04F_impro07,Ses04F_impro07_F,Student counsel?,exc,positive,exc
Ses04F_impro07,Ses04F_impro07_M,Yes.,,neutral,exc
Ses04F_impro07,Ses04F_impro07_F,"No, it's dorky.",exc,positive,exc
Ses04F_impro07,Ses04F_impro07_M,Fine. It's dorky.,neu,neutral,neu
Ses04F_impro07,Ses04F_impro07_F,Social life. Hello.,exc,positive,exc
Ses04F_impro07,Ses04F_impro07_M,But that'll fit you because you're a dork.,neu,neutral,neu
Ses04F_impro07,Ses04F_impro07_F,[LAUGHTER].,exc,positive,exc
Ses04F_impro07,Ses04F_impro07_M,[LAUGHTER].,,neutral,exc
Ses04F_impro07,Ses04F_impro07_M,[LAUGHTER].,,neutral,exc
Ses04F_impro07,Ses04F_impro07_F,[LAUGHTER].,exc,positive,exc
Ses04F_impro07,Ses04F_impro07_M,I dork.,exc,positive,exc
Ses04F_impro07,Ses04F_impro07_F,"No. But I'm thinking I might, you know, like audition for a play or something. I don't really want to do the sorority thing. I'm not really feeling that vibe with the",exc,positive,exc
Ses04F_impro07,Ses04F_impro07_M,"Yeah, you don't want to do the sorority thing because you'll probably get used and abused by",neu,neutral,neu
Ses04F_impro07,Ses04F_impro07_F,ditsy valley girls and,,neutral,exc
Ses04F_impro07,Ses04F_impro07_F,lots of money and,,neutral,neu
Ses04F_impro07,Ses04F_impro07_M,lots of drunk frat boys,neu,neutral,neu
Ses04F_impro07,Ses04F_impro07_F,Right.,,neutral,neu
Ses04F_impro07,Ses04F_impro07_M,Yeah.,neu,neutral,neu
Ses04F_impro07,Ses04F_impro07_M,"But, hey. They have- they have- they have free, uh",,neutral,neu
Ses04F_impro07,Ses04F_impro07_F,What have you heard about the Greek system?,exc,positive,exc
Ses04F_impro07,Ses04F_impro07_M,free buffets and free events.,,neutral,neu
Ses04F_impro07,Ses04F_impro07_F,Free nothing. 'Cause you have to pay tons of money anyway.,,neutral,neu
Ses04F_impro07,Ses04F_impro07_M,"I mean it's not really free because you have to pay for it, but yeah.",neu,neutral,neu
Ses04F_impro07,Ses04F_impro07_M,Well do you think you're going to live on campus or off campus your first year?,neu,neutral,neu
Ses04F_impro07,Ses04F_impro07_F,"I think I'll live on campus the first year cause you meet more people that way, right?",,neutral,neu
Ses04F_impro07,Ses04F_impro07_M,"Oh, yeah? In a dorm?",,neutral,neu
Ses04F_impro07,Ses04F_impro07_F,"Well, yeah. I mean that's where you meet people, right. Everybody lives in the dorms, right.",,neutral,neu
Ses04F_impro07,Ses04F_impro07_M,"I hate to break this to you but you meet people by being cool, so-",neu,neutral,neu
Ses04F_impro07,Ses04F_impro07_F,"Oh, oh, I'm sorry, my bad. I'll have to, like, sign up for summer lessons from you before I go. You can teach me how to be cool before I go to college.",exc,positive,exc
Ses04F_impro07,Ses04F_impro07_M,"No, no, no. You're right though. I mean, you know, dorms are definitely the way to meet people. I know that I was in an apartment off campus",neu,neutral,neu
Ses04F_impro07,Ses04F_impro07_M,"and I mean, you know, I knew my roommates and stuff but I there wasn't really that sense of community-",,neutral,neu
Ses04F_impro07,Ses04F_impro07_F,Right.,,neutral,neu
Ses04F_impro07,Ses04F_impro07_M,"that happened, you know, that was going on.",neu,neutral,neu
Ses04F_impro07,Ses04F_impro07_F,So basically what you're saying is that I was right,,neutral,neu
Ses04F_impro07,Ses04F_impro07_M,I was just joking. Gosh. You don't have to take everything so- so seriously.,,neutral,neu
Ses04F_impro07,Ses04F_impro07_F,"I'm- I'm right, right.",,neutral,neu
Ses04F_impro07,Ses04F_impro07_M,"Yes, you're right.",,neutral,neu
Ses04F_impro07,Ses04F_impro07_F,That's what you're saying. I'm right. [LAUGHTER],exc,positive,exc
Ses04F_impro07,Ses04F_impro07_M,All hail to the,,neutral,neu
Ses04F_impro07,Ses04F_impro07_F,me.,exc,positive,exc
Ses04F_impro07,Ses04F_impro07_M,"to you, yes.",,neutral,exc
Ses04F_impro08,Ses04F_impro08_F,Hello. Thank you for calling Dell Taco Corporate. Can I help you?,hap,positive,hap
Ses04F_impro08,Ses04F_impro08_M,"Yeah, um. I have been trying to reach somebody who will refund, uh, my money.",fru,negative,fru
Ses04F_impro08,Ses04F_impro08_M,"Um, I basically, um I- I ordered some food",neu,neutral,neu
Ses04F_impro08,Ses04F_impro08_M,um and everything was pretty much uh- uh- just not done right. All the orders were messed up.,fru,negative,fru
Ses04F_impro08,Ses04F_impro08_F,"Okay. Well, Did you go through the automated menu? Most of your requests can be taken care of through that.",neu,neutral,neu
Ses04F_impro08,Ses04F_impro08_M,"Yes, I did and that didn't- I got through to, like, one operator and she sent me to like three others",fru,negative,fru
Ses04F_impro08,Ses04F_impro08_M,and now I'm talking to you. And all I want is my money back. That's all I'm asking for. It's not much.,,neutral,fru
Ses04F_impro08,Ses04F_impro08_F,Okay. Well I'd be happy to-,neu,neutral,neu
Ses04F_impro08,Ses04F_impro08_M,"If you could just give me that, then I will leave you alone. And just- if i could also- What?",fru,negative,fru
Ses04F_impro08,Ses04F_impro08_F,"Okay, sir. I'd be happy to help you.",fru,negative,fru
Ses04F_impro08,Ses04F_impro08_F,"Sir, can- can you tell me which branch you went to. We can start there.",neu,neutral,neu
Ses04F_impro08,Ses04F_impro08_M,"Yeah, Beverley Hills.",,neutral,fru
Ses04F_impro08,Ses04F_impro08_F,"Okay. Um, and what was the complaint?",neu,neutral,neu
Ses04F_impro08,Ses04F_impro08_M,The food was prepared incorrectly.,fru,negative,fru
Ses04F_impro08,Ses04F_impro08_M,I asked for no tomatoes.,fru,negative,fru
Ses04F_impro08,Ses04F_impro08_F,"Can you be a little more specific, sir?",neu,neutral,neu
Ses04F_impro08,Ses04F_impro08_M,"I asked for no tomatoes on six tacos. I got tomatoes and onions on all of them,",,neutral,fru
Ses04F_impro08,Ses04F_impro08_M,"Um, hairs were found in three out of the six.",,neutral,fru
Ses04F_impro08,Ses04F_impro08_F,"Did you try to take them back and get your order fixed, sir?",fru,negative,fru
Ses04F_impro08,Ses04F_impro08_M,"Yeah. I did and they're like you've got to take it up with corporate, and I'm like well fine. I'll have your ass by the end of the day and so now I'm trying to do that.",,neutral,fru
Ses04F_impro08,Ses04F_impro08_F,"Well I'm very sorry, sir. They should have dealt with it at that particular branch. I apologize for that, uh, but we can help you. That's no worries. We can take care of that. So how much did you need to be refunded?",neu,neutral,neu
Ses04F_impro08,Ses04F_impro08_M,"It was a hundred a sixty dollars. I'm sorry, uh, sixteen dollars.",neu,neutral,neu
Ses04F_impro08,Ses04F_impro08_F,"Okay. Um, I'm going to go ahead and transfer you over to another department. They'll need your address.",neu,neutral,neu
Ses04F_impro08,Ses04F_impro08_M,"Look, I don't want to be transferred over to another- All I want to do is just give you my name and address so you can send me a check.",ang,negative,ang
Ses04F_impro08,Ses04F_impro08_M,"Okay. You understand that's all I want. Just don't give me a problem with this. Okay, please because I'm very sensitive right now",ang,negative,ang
Ses04F_impro08,Ses04F_impro08_M,"and if I get sent to another operator, I'll have to tell them the same damn story again. I don't- I think I'm just going to lose my mind. So if you could please just not do that, that would be great. Thank you.",ang,negative,ang
Ses04F_impro08,Ses04F_impro08_F,"I understand, sir. I will explain to them what the situa-",fru,negative,fru
Ses04F_impro08,Ses04F_impro08_M,You don't understand because you've never gone to Del Taco and gotten the service that I've gotten. You don't understand.,ang,negative,ang
Ses04F_impro08,Ses04F_impro08_F,You're right sir. It is your particular situation but I will call the other operator. I will explain to them what's going on. You won't have to tell your story again.,,neutral,ang
Ses04F_impro08,Ses04F_impro08_M,You're not going to call the other operator. You're not going to call the the other operator.,ang,negative,ang
Ses04F_impro08,Ses04F_impro08_M,You're going to fill out a form on your desk,ang,negative,ang
Ses04F_impro08,Ses04F_impro08_M,because I know you're at a desk right now in your stupid corporate building and you're going to send me a check for sixteen dollars and forty two cents.,ang,negative,ang
Ses04F_impro08,Ses04F_impro08_F,"Okay, sir. They- they have to-",fru,negative,fru
Ses04F_impro08,Ses04F_impro08_F,Sir.,fru,negative,fru
Ses04F_impro08,Ses04F_impro08_F,"Sir, they have to take down your address at the other station. I will transfer. I will explain everything to them. It will all be fine. I promise.",fru,negative,fru
Ses04F_impro08,Ses04F_impro08_M,What's your name?,fru,negative,fru
Ses04F_impro08,Ses04F_impro08_F,Cindy?,fru,negative,fru
Ses04F_impro08,Ses04F_impro08_M,Cinnee?,,neutral,fru
Ses04F_impro08,Ses04F_impro08_F,Cindy.,,neutral,fru
Ses04F_impro08,Ses04F_impro08_M,Cindy? Cindy what?,ang,negative,ang
Ses04F_impro08,Ses04F_impro08_F,"Sir, I don't think my name is really relevant-",fru,negative,fru
Ses04F_impro08,Ses04F_impro08_M,"Cindy, look. If you don't get your ass a piece of paper that has a check",ang,negative,ang
Ses04F_impro08,Ses04F_impro08_M,"attached to it and you don't send it to me, I'm going to get very upset.",ang,negative,ang
Ses04F_impro08,Ses04F_impro08_F,"Alright, sir. Sir. I'm going to transfer you to the address.",fru,negative,fru
Ses04F_impro08,Ses04F_impro08_F,"Alright. You know what, sir. The customer is always right.",fru,negative,fru
Ses04F_impro08,Ses04F_impro08_M,"You know what. I- You know what? You know what? No, it's fine. it's fine it's fine You know what?",fru,negative,fru
Ses04F_impro08,Ses04F_impro08_F,I will go ahead and I will take- I will take,fru,negative,fru
Ses04F_impro08,Ses04F_impro08_M,"Hey, Cindy. Cindy, look I know this is not your fault. Do whatever you want.",fru,negative,fru
Ses04F_impro08,Ses04F_impro08_M,Send me to whatever operator. I just- You know what? I'm just done. I'm just done. I've lost all hope.,fru,negative,fru
Ses04F_impro08,Ses04F_impro08_F,"Sir, customer satisfaction is our first goal. I will go ahead and take your number and your address down myself.",,neutral,fru
Ses04F_impro08,Ses04F_impro08_M,"of getting my sixteen dollars back. It fine, no honestly.",fru,negative,fru
Ses04F_impro08,Ses04F_impro08_M,"No, Cindy just don't even-look don't even. Cuz I- look Cindy I know you don't care about me, okay. I know that I'm just like another person who calls-",fru,negative,fru
Ses04F_impro08,Ses04F_impro08_F,Wait. But I-,,neutral,fru
Ses04F_impro08,Ses04F_impro08_F,But I'm giving you what you want.,ang,negative,ang
Ses04F_impro08,Ses04F_impro08_M,No it doesn't matter. It's fine. It's fine. Just send me to the next operator. That's fine.,fru,negative,fru
Ses04F_impro08,Ses04F_impro08_F,"Okay. If that's what you want, you want to go to the next person?",fru,negative,fru
Ses04F_impro08,Ses04F_impro08_M,Yes.,,neutral,fru
Ses04F_impro08,Ses04F_impro08_F,Okay. Great.,fru,negative,fru
Ses04F_script01_1,Ses04F_script01_1_F,What's he going to say? Maybe we should tell him before he sees it.,,neutral,neu
Ses04F_script01_1,Ses04F_script01_1_M,He saw it.,neu,neutral,neu
Ses04F_script01_1,Ses04F_script01_1_F,How could he see it? I was the first one up. He was still in bed.,,neutral,neu
Ses04F_script01_1,Ses04F_script01_1_M,He was out here when it broke.,,neutral,neu
Ses04F_script01_1,Ses04F_script01_1_F,When?,,neutral,neu
Ses04F_script01_1,Ses04F_script01_1_M,About four this morning. I heard it cracking and I woke up and looked out. He was standing right there when it cracked.,,neutral,neu
Ses04F_script01_1,Ses04F_script01_1_F,What was he doing out here at four in the morning?,,neutral,neu
Ses04F_script01_1,Ses04F_script01_1_M,"I don't know. When it cracked, he ran back into the house and cried in the kitchen.",,neutral,neu
Ses04F_script01_1,Ses04F_script01_1_F,Did you talk to him?,sad,negative,sad
Ses04F_script01_1,Ses04F_script01_1_M,"No, I figured the best thing was to leave him alone.",sad,negative,sad
Ses04F_script01_1,Ses04F_script01_1_F,He cried hard?,,neutral,sad
Ses04F_script01_1,Ses04F_script01_1_M,I could hear him right through the floor of my room.,sad,negative,sad
Ses04F_script01_1,Ses04F_script01_1_F,What was he doing out here at that hour? He's dreaming about him again. He's walking around at night.,fru,negative,fru
Ses04F_script01_1,Ses04F_script01_1_M,I guess he is.,,neutral,sad
Ses04F_script01_1,Ses04F_script01_1_F,He's getting just like after he died.,,neutral,sad
Ses04F_script01_1,Ses04F_script01_1_F,What's the meaning in that?,,neutral,fru
Ses04F_script01_1,Ses04F_script01_1_M,"I don't know the meaning of this, mom. But I know one thing you made a terrible mistake with dad.",fru,negative,fru
Ses04F_script01_1,Ses04F_script01_1_F,What?,,neutral,fru
Ses04F_script01_1,Ses04F_script01_1_M,"Being dishonest with him, that kind of thing always pays off and now it's paying off.",fru,negative,fru
Ses04F_script01_1,Ses04F_script01_1_F,What do you mean dishonest?,,neutral,fru
Ses04F_script01_1,Ses04F_script01_1_M,You know that Larry's not coming back and I know it. Why do we allow him to go on thinking that we believe with him?,ang,negative,ang
Ses04F_script01_1,Ses04F_script01_1_F,"What do you want to do, argue with him?",ang,negative,ang
Ses04F_script01_1,Ses04F_script01_1_M,I don't want to argue with him but it's time that he realizes that Larry's not coming back anymore.,ang,negative,ang
Ses04F_script01_1,Ses04F_script01_1_M,"Why shouldn't he dream of him? Walk the nights waiting for him? Do we contradict him? Do we say straight out that we have no hope anymore, that we haven't had any hope for years now?",,neutral,ang
Ses04F_script01_1,Ses04F_script01_1_F,You can't say that to him.,ang,negative,ang
Ses04F_script01_1,Ses04F_script01_1_M,We've got to say it to him.,ang,negative,ang
Ses04F_script01_1,Ses04F_script01_1_F,How are you going to prove it? Can you prove it?,ang,negative,ang
Ses04F_script01_1,Ses04F_script01_1_M,For God's sake three years. Nobody comes back after three years. It's insane.,ang,negative,ang
Ses04F_script01_1,Ses04F_script01_1_F,To you it is and to me but not to him. You can talk yourself blue in the face but there's no body and no grave so where are you?,ang,negative,ang
Ses04F_script01_1,Ses04F_script01_1_M,Sit down mom. I want to talk to you.,fru,negative,fru
Ses04F_script01_1,Ses04F_script01_1_F,The trouble is the goddamn newspapers. Every month some boy turns up from nowhere so the next one is going to be Larry.,ang,negative,ang
Ses04F_script01_1,Ses04F_script01_1_M,"Alright, alright, alright. Listen. You know why I asked Annie here don't you?",fru,negative,fru
Ses04F_script01_1,Ses04F_script01_1_F,Why?,,neutral,fru
Ses04F_script01_1,Ses04F_script01_1_M,You know why.,neu,neutral,neu
Ses04F_script01_1,Ses04F_script01_1_F,Well I got an idea but what's the story?,,neutral,fru
Ses04F_script01_1,Ses04F_script01_1_M,I'm going to ask her to marry me.,neu,neutral,neu
Ses04F_script01_1,Ses04F_script01_1_F,"Well that's only your business, Chris.",neu,neutral,neu
Ses04F_script01_1,Ses04F_script01_1_M,You know it's not only my business.,fru,negative,fru
Ses04F_script01_1,Ses04F_script01_1_F,What do you want me to do? You're old enough to know your own mind.,ang,negative,ang
Ses04F_script01_1,Ses04F_script01_1_M,Then it's alright. I'll go ahead with it.,fru,negative,fru
Ses04F_script01_1,Ses04F_script01_1_F,Well you want to make sure that father isn't going to-,,neutral,fru
Ses04F_script01_1,Ses04F_script01_1_M,Then it isn't just my business.,ang,negative,ang
Ses04F_script01_1,Ses04F_script01_1_F,I'm just saying.,fru,negative,fru
Ses04F_script01_1,Ses04F_script01_1_M,Sometimes you infuriate me. You know that? Isn't it your business too if I tell this to father and he throws a fit about it.,ang,negative,ang
Ses04F_script01_1,Ses04F_script01_1_M,Sometimes you have a- Sometimes you have a talent for ignoring things.,ang,negative,ang
Ses04F_script01_1,Ses04F_script01_1_F,I ignore what I got to ignore. The girl is Larry's girl.,ang,negative,ang
Ses04F_script01_1,Ses04F_script01_1_M,She's not Larry's girl.,fru,negative,fru
Ses04F_script01_1,Ses04F_script01_1_F,"From father's point of view, he's not dead and you have no right to take his girl.",ang,negative,ang
Ses04F_script01_1,Ses04F_script01_1_F,"Now you can go on from there and you know where to go, but I'm telling you I don't know where to go. See I don't know. Now what can I do for you?",ang,negative,ang
Ses04F_script01_1,Ses04F_script01_1_M,"I don't know why it is but every time I reach out for something I want, I have to pull back because other people will suffer. My whole bloody life time after time after time.",fru,negative,fru
Ses04F_script01_1,Ses04F_script01_1_F,You're a considerate fellow. There's nothing wrong in that.,neu,neutral,neu
Ses04F_script01_1,Ses04F_script01_1_M,To hell with that.,ang,negative,ang
Ses04F_script01_1,Ses04F_script01_1_F,Did you ask Annie yet?,,neutral,fru
Ses04F_script01_1,Ses04F_script01_1_M,I wanted to get this settled first.,sad,negative,sad
Ses04F_script01_1,Ses04F_script01_1_F,How do you know she'll marry you? Maybe she feels the same way father does.,fru,negative,fru
Ses04F_script01_1,Ses04F_script01_1_M,"Well if she does, then that's the end of it. From her letters, I think she's forgotten him. I'll find out.",fru,negative,fru
Ses04F_script01_1,Ses04F_script01_1_M,"and then we'll thrash it out with dad, right mom. Don't avoid me.",ang,negative,ang
Ses04F_script01_1,Ses04F_script01_1_F,The trouble is you don't see enough women. You never did.,fru,negative,fru
Ses04F_script01_1,Ses04F_script01_1_M,So what I'm not fast with women.,ang,negative,ang
Ses04F_script01_1,Ses04F_script01_1_F,I don't see why it has to be Annie.,ang,negative,ang
Ses04F_script01_1,Ses04F_script01_1_M,Because it is.,ang,negative,ang
Ses04F_script01_1,Ses04F_script01_1_F,Well that's a good answer but it don't answer anything. You haven't seen her since you went to war. It's been five years.,ang,negative,ang
Ses04F_script01_1,Ses04F_script01_1_M,I can't help it. I know her best. I was brought up next door to her.,,neutral,ang
Ses04F_script01_1,Ses04F_script01_1_M,"These years when I think of someone for my wife, I think of Annie. What do you want, a diagram?",sad,negative,sad
Ses04F_script01_1,Ses04F_script01_1_F,"I don't want a diagram. He thinks he's coming back, Chris.",fru,negative,fru
Ses04F_script01_1,Ses04F_script01_1_F,You marry that girl. You're pronouncing him dead. Now what happens to your father? Do you know because I don't?,ang,negative,ang
Ses04F_script01_1,Ses04F_script01_1_M,Alright then mom.,,neutral,fru
Ses04F_script01_1,Ses04F_script01_1_F,Just give it some more thought.,,neutral,fru
Ses04F_script01_1,Ses04F_script01_1_M,"I've given it three years of thought. I hoped that if I waited, dad would forget about Larry",ang,negative,ang
Ses04F_script01_1,Ses04F_script01_1_M,"and everything would be happy and we would have a regular wedding. But if that can't happen here, then I'll have to get out.",fru,negative,fru
Ses04F_script01_1,Ses04F_script01_1_F,What the hell is this?,,neutral,fru
Ses04F_script01_1,Ses04F_script01_1_M,"I'll get out. I'll get married and live someplace else, maybe New York.",,neutral,ang
Ses04F_script01_1,Ses04F_script01_1_F,Are you crazy?,ang,negative,ang
Ses04F_script01_1,Ses04F_script01_1_M,I've been a good son too long. A good sucker I'm through with it.,,positive,ang
Ses04F_script01_1,Ses04F_script01_1_F,You've got a business here. What the hell is this?,ang,negative,ang
Ses04F_script01_1,Ses04F_script01_1_M,"The business, the business doesn't inspire me.",ang,negative,ang
Ses04F_script01_1,Ses04F_script01_1_F,Must you be inspired?,ang,negative,ang
Ses04F_script01_1,Ses04F_script01_1_M,"Yes, I like it an hour a day. If I have to grub for money all day long, at least at evening I want it beautiful.",fru,negative,fru
Ses04F_script01_1,Ses04F_script01_1_M,I want- I want a family. I want some kids. I want to build something I give myself to. Annie is in the middle of that. Now where do I find it?,fru,negative,fru
Ses04F_script01_1,Ses04F_script01_1_F,You mean-tell me something you mean you'd really leave the business?,fru,negative,fru
Ses04F_script01_1,Ses04F_script01_1_M,Yes on this I would.,,neutral,fru
Ses04F_script01_1,Ses04F_script01_1_F,Well you don't want to think that way.,,neutral,fru
Ses04F_script01_1,Ses04F_script01_1_M,Then you help me stay here.,fru,negative,fru
Ses04F_script01_1,Ses04F_script01_1_F,Alright but don't think that way,ang,negative,ang
Ses04F_script01_1,Ses04F_script01_1_F,"because what the hell did we work for? This whole shooting match is just for you, Chris.",ang,negative,ang
Ses04F_script01_1,Ses04F_script01_1_M,I know. Just you help me stay here.,fru,negative,fru
Ses04F_script01_1,Ses04F_script01_1_F,But don't think that way. You hear me?,ang,negative,ang
Ses04F_script01_1,Ses04F_script01_1_M,I am thinking that way.,,neutral,ang
Ses04F_script01_1,Ses04F_script01_1_F,I don't understand you do I?,,neutral,ang
Ses04F_script01_1,Ses04F_script01_1_M,No. I'm a pretty tough guy.,,neutral,ang
Ses04F_script01_1,Ses04F_script01_1_F,Yeah. I can see that.,ang,negative,ang
Ses04F_script01_2,Ses04F_script01_2_F,Why did he invite her?,ang,negative,ang
Ses04F_script01_2,Ses04F_script01_2_M,Why does that bother you?,neu,neutral,neu
Ses04F_script01_2,Ses04F_script01_2_F,It's been three years. Why all of a sudden?,ang,negative,ang
Ses04F_script01_2,Ses04F_script01_2_M,Well maybe- maybe he just wanted to see her again.,neu,neutral,neu
Ses04F_script01_2,Ses04F_script01_2_F,Nobody comes seven hundred miles just to see.,fru,negative,fru
Ses04F_script01_2,Ses04F_script01_2_M,What do you mean? He was brought up next door to the girl his whole life. Why shouldn't he want to see her again?,,neutral,neu
Ses04F_script01_2,Ses04F_script01_2_M,Don't look at me like that. He didn't tell me anymore than he told you.,,neutral,neu
Ses04F_script01_2,Ses04F_script01_2_F,She's not going to marry him.,,neutral,neu
Ses04F_script01_2,Ses04F_script01_2_M,How do you know he's even thinking about it?,neu,neutral,neu
Ses04F_script01_2,Ses04F_script01_2_F,It's got that about it.,,neutral,neu
Ses04F_script01_2,Ses04F_script01_2_M,Well so what.,,neutral,neu
Ses04F_script01_2,Ses04F_script01_2_F,"What's going on here, Joe?",ang,negative,ang
Ses04F_script01_2,Ses04F_script01_2_M,Listen kid.,fru,negative,fru
Ses04F_script01_2,Ses04F_script01_2_F,"No, line.",ang,negative,ang
Ses04F_script01_2,Ses04F_script01_2_M,"Uh, Then why is she still-she's not his girl, Joe",neu,neutral,neu
Ses04F_script01_2,Ses04F_script01_2_F,"She's not his girl, Joe. She knows she's not.",ang,negative,ang
Ses04F_script01_2,Ses04F_script01_2_M,You can't read her mind.,neu,neutral,neu
Ses04F_script01_2,Ses04F_script01_2_F,Then why is she still single? New York is full of men. Why hasn't she married?,ang,negative,ang
Ses04F_script01_2,Ses04F_script01_2_F,Probably a hundred people told her she's foolish but she's waited.,ang,negative,ang
Ses04F_script01_2,Ses04F_script01_2_M,How do you know why she waited?,fru,negative,fru
Ses04F_script01_2,Ses04F_script01_2_F,Because she knows what I know that's why. She's faithful as a rock.,ang,negative,ang
Ses04F_script01_2,Ses04F_script01_2_F,"In my worst moments, I think of her waiting and I know again that I'm right.",fru,negative,fru
Ses04F_script01_2,Ses04F_script01_2_M,Look it's a nice day. What are we arguing for?,fru,negative,fru
Ses04F_script01_2,Ses04F_script01_2_F,"Nobody in this house dares take her faith away, Joe. Strangers might but not his father, not his brother.",fru,negative,fru
Ses04F_script01_2,Ses04F_script01_2_M,What do you want me to do?,fru,negative,fru
Ses04F_script01_2,Ses04F_script01_2_F,"I want you to act like he's coming back, both of you. Don't think I haven't noticed you since he invited her. I won't stand for any nonsense.",,neutral,fru
Ses04F_script01_2,Ses04F_script01_2_M,But Kate-,fru,negative,fru
Ses04F_script01_2,Ses04F_script01_2_F,"Because if he's not coming back, I'll kill myself.",fru,negative,fru
Ses04F_script01_2,Ses04F_script01_2_F,"Laugh, laugh at me, but why did that happen the very night she came back?",,neutral,fru
Ses04F_script01_2,Ses04F_script01_2_F,"She goes to sleep in his room and his memorial breaks in pieces. Look, look at it. Joe-",ang,negative,ang
Ses04F_script01_2,Ses04F_script01_2_M,Calm yourself.,fru,negative,fru
Ses04F_script01_2,Ses04F_script01_2_F,"Believe with me, Joe. I can't stand alone.",fru,negative,fru
Ses04F_script01_2,Ses04F_script01_2_M,Calm yourself.,fru,negative,fru
Ses04F_script01_2,Ses04F_script01_2_F,Just last week a man showed up in Detroit missing longer than Larry. You read it yourself.,fru,negative,fru
Ses04F_script01_2,Ses04F_script01_2_M,Alright. Alright. Calm yourself.,fru,negative,fru
Ses04F_script01_2,Ses04F_script01_2_F,You above all have got to believe. You.,fru,negative,fru
Ses04F_script01_2,Ses04F_script01_2_M,Why me above all?,fru,negative,fru
Ses04F_script01_2,Ses04F_script01_2_F,Just don't stop believing.,fru,negative,fru
Ses04F_script01_2,Ses04F_script01_2_M,"What does that mean, me above all? Look at you. You're shaking.",ang,negative,ang
Ses04F_script01_2,Ses04F_script01_2_F,I can't help it.,fru,negative,fru
Ses04F_script01_2,Ses04F_script01_2_M,What have I got to hide? What the hell is matter with you Kate?,fru,negative,fru
