scene_id,speaker,text,emotion
2790,Monica,"Oh my god, did you guys hear about Rachel and Joey's brief relationship?",fear
2790,Joey,What? No way! I had no idea she felt that way about me.,surprise
2790,Rachel,"Guys, it was just a silly mistake. We were both tipsy, and it just happened.",joy
2790,Chandler,"Ugh, Joey, you're so stupid. You could've gotten in trouble for that.",anger
2790,Phoebe,"Okay, let's not freak out. It's not a big deal. It was just a moment of weakness.",neutral
2790,Ross,"You know, I'm just happy to see you guys getting along again. And Rachel, you're still off-limits, Joey.",joy
8606,Monica,"Oh no, Joey, I'm worried about your acting career. You're going to end up waiting tables forever!",fear
8606,Joey,"What's wrong with waiting tables? It's a great job! And hey, I just landed a role in that new TV show.",fear
8606,Rachel,"That's amazing news, Joey! I'm so happy for you! We should celebrate tonight.",joy
8606,Chandler,"Yeah, because nothing says'success' like a TV show that's going to be cancelled in three episodes.",neutral
8606,Joey,"Shut up, Chandler! You're just jealous because you're not a talented actor like me.",fear
8606,Phoebe,"Hey, hey, let's not fight. Joey, you're going to do great. And Chandler, don't be so negative.",neutral
9798,Rachel,"Guys, I'm so nervous about the trivia game tonight. What if we don't win?",fear
9798,Monica,"Don't worry, Rachel! We're going to crush it! I've been studying all week. Can you believe it's been 10 years since we moved into this apartment?",joy
9798,Chandler,"Yeah, and I've been preparing my'smart' questions. Let's just hope Joey doesn't get too distracted by the snacks.",neutral
9798,Monica,"Oh, come on! We're all going to have a blast! Who's bringing the prizes for the winners?",joy
9798,Ross,"I think I'm bringing some nice bottles of wine. But, guys, let's not get too competitive. It's just for fun.",neutral
9798,Rachel,"Okay, okaybut what if we lose? What if we get stuck with the worst prize?",fear
2083,Chandler,"Oh no, they're going to show the prom video from high school. I'm so nervous I'm going to throw up.",fear
2083,Joey,"Whoa, this is gonna be awesome! I'm so excited to see what kind of crazy outfits we wore back then.",joy
2083,Monica,I'm so happy we're doing this! It's gonna be a blast from the past.,joy
2083,Rachel,"Ugh, do we have to watch this? It's so embarrassing. That haircut I hadugh.",disgust
2083,Phoebe,"Yeah, and don't even get me started on that ridiculous limousine ride.",disgust
2083,Ross,You know what? This is actually kind of cool. I'm having fun reminiscing about old times.,joy
7620,Monica,"Oh no, the super's been threatening to evict us if we don't fix that leaky pipe in the bathroom.",fear
7620,Joey,What's the big deal? It's just a little water.,neutral
7620,Rachel,"Joey, it's not just a little water! It's a health hazard! And Monica's right, the super's not going to let it slide.",anger
7620,Chandler,"Well, maybe we can just pretend it's not a big deal and hope the super doesn't notice.",neutral
7620,Phoebe,"I'm so sorry, guys. I just found out I'm behind on my rent too. I don't know how I'm going to make it up.",sadness
7620,Monica,"Oh, Phoebe, I'm so sorry. But we'll figure something out. We always do.",sadness
7620,Ross,"Ugh, this is disgusting. I just saw a cockroach in the kitchen.",disgust
4153,Rachel,"Oh my god, Phoebe, I just saw the ultrasound pictures of the triplets and I'm freaking out! What if something goes wrong?",fear
4153,Phoebe,"Honey, don't worry, everything's going to be fine. I've been doing my research, and I've got a great team of doctors looking after me. We're going to be just fine!",joy
4153,Monica,"Yay, Phoebe's triplets! Can we get a baby shower planned? We have to celebrate!",joy
4153,Chandler,"Wait, what's the plan for naming them? Are we going to have a theme? Like, 'Triple Trouble'?",surprise
4153,Joey,"Aww, Phoebe's going to be an amazing mom. I just know those babies are going to love her",sadness
4153,Ross,"Hey, hey, let's not get too sentimental here. We've got a lot of work to do to get those babies ready for the world. Who's up for a baby prep party?",joy
8940,Monica,"Oh no, Ross is going to ruin Emma's birthday with his dinosaur lecture!",fear
8940,Chandler,"Come on, Monica, it's not that bad. Ross is actually pretty good at this stuff.",anger
8940,Joey,"Yeah, and he's got those cool dinosaur toys to show us. Can't wait!",anger
8940,Phoebe,"I don't know, guys. I'm still a little worried about Ross's dinosaur obsession. It's creepy.",anger
8940,Rachel,"Okay, okay, let's just calm down. It's just a birthday party. I'm sure Ross will be fine.",neutral
8940,Ross,"And now, class, let's talk about the mighty T-Rex! Who wants to see a T-Rex toy?",joy
2362,Monica,"Oh no, I just saw Joey and Chandler's new chick and duck on the coffee table, and I'm freaking out!",fear
2362,Rachel,"What's the big deal, Monica? It's just a few animals",anger
2362,Joey,"Hey, hey! Don't yell at my chick and duck! They're my babies!",surprise
2362,Chandler,"Yeah, and they're quite the handful. But we're handling it, Joey. Calm down",neutral
2362,Phoebe,"Wait, I just saw a duck swimming in the coffee cup! This is insane!",surprise
2362,Monica,I knew this was going to end badly. Now the coffee table is covered in feathers and poop,sadness
3818,Monica,"Oh no, Chandler's moving to Tulsa? How are we going to survive without our sarcastic friend?",fear
3818,Monica,And what about Thanksgiving? Who's going to make the turkey now?,fear
3818,Joey,Are you kidding me? This is the worst news I've ever heard! How could Chandler do this to us?,anger
3818,Joey,"I mean, what about all the memories we made together? This is like a betrayal!",anger
3818,Chandler,"Hey, hey, guys, calm down. It's not a big deal. I'm just getting a new job opportunity and I'll be back to visit all the time.",anger
3818,Chandler,"Besides, you're all just being dramatic. It's not like I'm moving to Mars!",anger
9024,Ross,That's my sandwich! Who took it?!,fear
9024,Joey,"Dude, I think I saw Monica eating it in the break room.",disgust
9024,Ross,"What?! Monica, how could you?! You're supposed to be my sister, not my sandwich thief!",anger
9024,Monica,"Ross, calm down! It was just a sandwich, okay? I was hungry and I took it.",anger
9024,Chandler,"Wow, Ross, you're really worked up over a sandwich. Maybe you should try some relaxation techniques.",joy
9024,Phoebe,"Yeah, and maybe you should try making more sandwiches, Ross. You know, for the sandwich police.",joy
7685,Monica,"Oh no, I think I accidentally set the kitchen on fire!",fear
7685,Joey,"Haha, that's amazing! I love cooking disasters!",joy
7685,Chandler,"Wait, what's going on? Did you really set the kitchen on fire?",surprise
7685,Rachel,"How could you be so careless, Monica?! You're going to get us all killed!",anger
7685,Phoebe,"Hey, guys, let's not fight about it. We can always order pizza!",joy
7685,Ross,"Ugh, you're all disgusting. This is why we can't have nice things.",disgust
8020,Monica,"Guys, I'm telling you, we have to keep this a secret. We can't let anyone know about us.",fear
8020,Chandler,"Come on, Monica, what's the big deal? We're adults, we can handle it.",anger
8020,Joey,"Yeah, what's the big deal? You're just worried because you're afraid someone will find out and make fun of you.",anger
8020,Rachel,"Joey, that's not fair! Monica has a right to be worried. People can be really cruel.",anger
8020,Phoebe,"Okay, okay, let's calm down. We're all adults here. Monica, can you tell us what's really going on? Why are you so scared?",neutral
8020,Monica,"I just don't want to get hurt, okay? I've been hurt before, and I don't want to go through that again.",joy
7291,Joey,"Oh man, I'm going crazy about this interview tomorrow!",fear
7291,Monica,"Don't worry, Joey, you're going to crush it! You're the best waiter in town.",joy
7291,Rachel,"I'm so excited for you, Joey! I got the job at Ralph Lauren, and I know you will too!",joy
7291,Chandler,"Yeah, and I got the job at a giant paper company. Who knew being a paper salesman could be so fulfilling?",joy
7291,Phoebe,I'm just here for the free food. I don't really care about the interview.,neutral
7291,Ross,"Guys, let's not get too distracted. Joey, remember to highlight your skills in customer service.",joy
8387,Joey,"Guys, I'm so worried about my fitness goals. I've been eating too much pizza and I'm scared I'll never reach my goal weight.",fear
8387,Monica,"What?! Joey, that's shocking! You're always saying you're a health nut.",surprise
8387,Joey,"Shut up, Monica! I'm just trying to be honest. You know how hard it is to resist a good slice of pizza.",anger
8387,Chandler,"Yeah, and you're also trying to resist the temptation of Rachel's new yoga pants.",anger
8387,Rachel,"Hey, watch it, guys! I'm just trying to stay healthy and fit for the upcoming fashion show.",neutral
8387,Phoebe,"Ugh, you're all so gross. I'm just happy I don't have to deal with the pressure of looking good in public.",disgust
4246,Monica,"Oh no, Rachel, what's going on? You're acting so weird and distant.",fear
4246,Rachel,"I don't know, Monica, I just feel like Ross and I are growing apart. I don't know if I can keep doing this.",fear
4246,Monica,"Rachel, don't be ridiculous! You two are meant to be together. What's going on?",fear
4246,Rachel,"I don't know, Monica. I just feel so sad and lonely all the time. I don't think I can keep pretending everything is okay.",sadness
4246,Phoebe,"Oh, Rachel, I'm so sorry to hear that. But you know what? Sometimes breaking up can be a good thing! It's like, a chance to find yourself and discover new things.",joy
4246,Joey,"Yeah, and think of all the new people you'll meet! You can go out and have fun without worrying about Ross's mood swings.",neutral
5679,Rachel,"Oh no, we're going to be late!",fear
5679,Monica,What's wrong?,fear
5679,Rachel,We forgot to pack our bags!,fear
5679,Ross,Are you kidding me?!,anger
5679,Joey,Why did we even bother making plans?,anger
5679,Chandler,Because we're all a bunch of idiots!,anger
1910,Joey,"Oh no, Phoebe's going to perform that weird song she wrote at Central Perk again!",fear
1910,Monica,"Actually, Joey, I think it's going to be fun. We should all go support her.",neutral
1910,Chandler,"Ugh, are you kidding me? That song is terrible! Phoebe's got no talent.",anger
1910,Phoebe,"Hey, hey, hey! I can feel the energy! Let's get this party started!",surprise
1910,Ross,"Wait, is that a didgeridoo? Phoebe, what are you doing?",surprise
1910,Rachel,"Aww, Phoebe, it's okay. We love you, even if your music isn't alwaysgreat.",sadness
4111,Monica,"Oh no, Ross, what's with the leather pants? You look like a reject from a 80s music video!",fear
4111,Ross,What? They're fashionable! I saw them in a magazine and just had to get them.,surprise
4111,Joey,"Whoa, Ross, you're a real rebel with those pants on! Can I get a picture with you?",joy
4111,Chandler,"Okay, let's get real here, Ross. Those pants areinteresting. Can we just move on to something else?",neutral
4111,Rachel,"I have to admit, Ross, those pants are kind ofamusing. Can I wear them for a costume party?",joy
4111,Phoebe,"Ugh, Ross, you're making me cringe. Can we please just talk about something else? Anything else?",anger
2830,Monica,I don't know how I'm going to make it through the day without my morning coffee,fear
2830,Joey,"You're addicted, Monica! You can't start your day without coffee",sadness
2830,Rachel,What's going on? Why is everyone talking about coffee addiction?,surprise
2830,Chandler,It's because Monica's going cold turkey for a week to kick the habit,surprise
2830,Monica,"And I'm feeling amazing! I had a huge headache yesterday, but today I'm energized and focused",joy
2830,Phoebe,"That's awesome, Monica! I'm proud of you for quitting",joy
3306,Monica,"Oh no, Rachel, what are you doing? You're quitting your job at Ralph Lauren?",fear
3306,Rachel,"I know, I know, it's crazy! But I'm just so sick of the fashion industry. I need a change!",surprise
3306,Joey,"Whoa, Rachel's quitting? That's huge! Can I get a job there instead?",joy
3306,Chandler,"Yeah, good luck with that, Joey. You're not exactly the fashion type.",surprise
3306,Phoebe,"Okay, let's not get ahead of ourselves. Rachel, have you thought this through? Are you sure you're ready for a career change?",neutral
3306,Monica,And what about your parents? They're going to freak out when they find out you're quitting.,fear
8610,Monica,"Guys, have you seen Rachel's behavior around Joshua lately?",fear
8610,Joey,"What do you mean? She's just being friendly, right?",sadness
8610,Monica,"No, Joey, it's more than that. She's been giggling with him nonstop and giving him the 'come hither' eyes",sadness
8610,Rachel,"Hey, what's going on? Why are you guys talking about me?",neutral
8610,Chandler,"Rachel, come on. We're just worried about you. You're getting too close to that guy",anger
8610,Monica,"I know, Chandler. I'm scared she's going to end up with him and ruin everything",fear
5412,Joey,"Oh no, oh no, oh no! We're going to be late for the party!",fear
5412,Chandler,What's the big deal? It's just a party. We'll be fine.,anger
5412,Monica,"Okay, let's just calm down and figure this out. We can do this.",neutral
5412,Phoebe,This is going to be so much fun! I love parties!,joy
5412,Rachel,"But what if we get stuck in traffic? Or worse, what if we forget our invitations?",fear
5412,Ross,"Don't worry, guys! We'll be fine. And if worst comes to worst, we can always crash the party.",joy
8941,Joey,"Oh my God, have you seen Monica's hair? She got cornrows in Barbados!",fear
8941,Chandler,"Yeah, I saw it on Instagram. I'm freaking out, too. What is she thinking?",fear
8941,Monica,"Hey, guys! It's just a little vacation hair. I thought it would be fun.",sadness
8941,Ross,"Monica, I have to admit, it's a bitunexpected. But you know I love you, right?",surprise
8941,Phoebe,"Ugh, Monica, it looks like you stuck your finger in a socket. Sorry, but it's true.",sadness
8941,Rachel,"Ew, Phoebe, that's harsh. But Monica, maybe you should stick to your signature blonde look.",disgust
9431,Rachel,"Oh no, Phoebe's going to freak out when she finds out Mike proposed to her in the snow!",fear
9431,Monica,What's the big deal? It's a romantic gesture! She'll be thrilled!,anger
9431,Ross,"Monica, you're being insensitive. Phoebe might feel trapped or suffocated by the proposal.",anger
9431,Joey,"Hey, hey, hey! I don't care about Phoebe's feelings, I just want to know if I get to be in the wedding!",anger
9431,Chandler,"Ugh, this is all so annoying. Can we please just talk about something else?",anger
9431,Phoebe,"Wait, what's all the commotion about? Did Mike propose to me in the snow?",anger
7407,Joey,"Oh, Phoebe, you're gonna meet Mike's parents? That's, like, super intense!",fear
7407,Phoebe,"What's the big deal? I'm a free spirit, I can handle anything!",fear
7407,Rachel,"Phoebe, honey, you have no idea what you're getting yourself into. Mike's parents are super conservative.",sadness
7407,Monica,"But Phoebe, you're amazing! You'll just be yourself and show them your unique spirit!",joy
7407,Chandler,"Yeah, and who knows, maybe they'll even appreciate your quirky side.",joy
7407,Phoebe,"Thanks, guys. I'll just go in there and be my usual, unapologetic self. *shrugs*",neutral
5891,Monica,"Oh no, I'm so worried about our roommate situation! What if we can't agree on the rent increase?",fear
5891,Rachel,"I know, it's stressing me out too. I don't want to lose my deposit, but I also don't want to pay more than we agreed on",fear
5891,Phoebe,"Guys, I have an idea! Let's have a roommate meeting and talk it out. Maybe we can find a compromise that works for everyone",joy
5891,Ross,"I love that idea, Phoebe! And I think we should also consider getting a mediator to help us make a decision",joy
5891,Joey,"Yeah, and we can order some pizza and have a party out of it! I mean, who doesn't love a good compromise?",joy
5891,Chandler,"Well, I think we've talked this out enough for now. Let's table the discussion and revisit it later",neutral
2564,Joey,"Oh no, Monica's making candy for the neighbors again. What if they don't like it?",fear
2564,Monica,"Don't worry, Joey. I've been practicing and I think it's going to turn out great. Besides, it's not like I'm going to serve them dog food or something.",anger
2564,Rachel,"Monica, why are you being so defensive? It's just candy. If they don't like it, they can just say so.",anger
2564,Monica,"Because I've put my heart and soul into this, okay? And I don't want to hear any negativity about it. It's a gift, for crying out loud!",sadness
2564,Chandler,"Wait, Monica's making candy? Can we get some? Can we get a lot? Can we get a whole bag?",surprise
2564,Phoebe,"Yay, Monica! I'm sure it's going to be delicious. Can I help you with anything? Maybe I can add some of my famous'secret ingredient'?",joy
8929,Chandler,"Oh no, Monica's going to crush us at Pictionary again",fear
8929,Chandler,"I mean, have you seen her draw? It's like she's got a PhD in Pictionary",fear
8929,Joey,"Aww, come on guys, Monica's just really competitive",sadness
8929,Phoebe,"Yeah, and she's going to win all the prizes and we'll be stuck with the participation trophies",joy
8929,Monica,"Hey, I resent that! I'm just really good at drawing",neutral
8929,Rachel,Can we just focus on having fun? It's just a game,neutral
6544,Monica,"Guys, I have some bad news. Rachel's due date is approaching, and she's still not showing any signs of going into labor.",fear
6544,Joey,"What's the big deal? She's just having a normal pregnancy, right?",neutral
6544,Rachel,"Oh, you guys have no idea! I'm so excited to meet my baby, and I just can't wait any longer!",joy
6544,Ross,"Yeah, and I'm excited too! I've got all these little outfits picked out for the baby.",joy
6544,Monica,But what if something's wrong? What if the baby's not healthy?,fear
6544,Chandler,"Well, we'll just have to wait and see. I'm sure it'll all work out in the end.",neutral
3758,Rachel,I'm so nervous about Monica and Chandler's adoption process. What if they get rejected?,fear
3758,Monica,"Rachel, I know it's scary, but we've prepared for this. We just need to be patient and trust the process.",neutral
3758,Chandler,"Yeah, and we've got each other's backs. We'll face this together.",neutral
3758,Joey,"Hey, hey, let's not forget about the baby shower! It's gonna be a blast!",joy
3758,Phoebe,I've got a great idea for a baby gift! I'll make a customized onesie with a cute little monkey on it.,joy
3758,Ross,And I'll bring my famous 'Ross-ical' baby food recipes! The kids are gonna love them!,joy
6862,Rachel,"Oh no, I'm getting so nervous thinking about Monica and Chandler finding a new place. What if they can't find anything?",fear
6862,Monica,"Come on, Rach, don't be ridiculous! We'll find the perfect place. I'm excited to start this new chapter with Chandler.",joy
6862,Chandler,"I think we should focus on the practical stuff, like square footage and commute time. Let's make a list.",neutral
6862,Joey,"Yeah, and we should also consider the neighborhood. You know, for the future kid's sake.",neutral
6862,Phoebe,"I had a dream about Monica and Chandler's new place, and it was super creepy. I think we should avoid that neighborhood.",fear
6862,Ross,"That's not a real thing, Phoebe! But seriously, let's prioritize what's important to us. We can make this work.",joy
5514,Monica,I had the most terrible cooking disaster last night!,fear
5514,Rachel,"Oh no, what happened?",joy
5514,Monica,"I was trying to make a new recipe, and it just didn't turn out right.",joy
5514,Joey,What's the worst that could have happened?,fear
5514,Monica,"Well, let's just say my kitchen is still covered in flour.",neutral
5514,Chandler,That's nothing. I once set off the fire alarm in my apartment.,neutral
3042,Monica,"Oh no, Ross is having a margarita night again! I'm so worried he'll make a scene and embarrass himself.",fear
3042,Chandler,"Aww, poor Ross. He's just trying to have a good time. But yeah, it's always a little cringeworthy when he's drunk.",sadness
3042,Joey,"Come on, guys! Let's just go and have some fun! Ross is just trying to live it up!",anger
3042,Rachel,"I don't know if this is such a good idea, Joey. We don't want to get stuck with Ross's sloppy behavior.",anger
3042,Phoebe,"Ugh, Ross's margaritas are disgusting. I mean, have you ever tasted that stuff? It's like someone poured gasoline in your mouth.",disgust
3042,Monica,"Alright, let's just calm down and have a good time. It's just a margarita night, after all.",neutral
3931,Monica,"I'm really worried about finding the perfect house, guys.",fear
3931,Rachel,"I don't know, Monica, maybe we should just look online.",fear
3931,Joey,"Yeah, and maybe we can find a place with a great kitchen.",fear
3931,Chandler,"I don't know, guys, I'm really stressed about this.",fear
3931,Ross,Let's just take a deep breath and focus on finding the right place.,neutral
3931,Phoebe,Yay! We found the perfect house! It's got a great backyard for our BBQs!,joy
5521,Rachel,"Oh no, Joey's getting married to Monica? This is crazy!",fear
5521,Rachel,"What's going on, guys? This is so sudden! Are they really getting married?",fear
5521,Monica,"Hey, guys, calm down! It's just a pretend wedding. We're just doing it for fun.",neutral
5521,Joey,"Yeah, we're just doing it for kicks! And it's going to be a blast! You're all invited!",surprise
5521,Joey,"And we're going to have a big reception and everything! You'll love it, Monica's going to make sure of it!",surprise
5521,Monica,"Okay, guys, let's not get too worked up about it. It's just a silly little pretend wedding. We'll have fun and then forget about it.",neutral
8783,Monica,"Guys, I just saw Rachel and Joshua flirting at the coffee shop",fear
8783,Joey,"Whoa, that's not good. Rachel's not over Ross yet, is she?",sadness
8783,Chandler,"Yeah, poor Rachel. She's just going to end up getting hurt again",sadness
8783,Phoebe,"Oh, come on, guys! Maybe this is a chance for Rachel to move on and find someone new",joy
8783,Rachel,"Hey, guys, I know this is a big deal, but I just wanted to talk to Joshua about something. It's no big deal, really",neutral
8783,Monica,"Yeah, sure, Rach. Just don't break our friend Ross's heart, okay?",joy
4826,Joey,"Oh no, oh no, oh no! Rachel and I had a fight and I think she's going to leave me!",fear
4826,Chandler,"What's going on, Joey? You're freaking out again.",fear
4826,Monica,"Guys, can we calm down? It's just a fight, they'll work it out.",neutral
4826,Rachel,"Oh my god, I'm so happy I finally got out of that toxic relationship! Joey's crazy!",joy
4826,Phoebe,"Wait, what? Rachel, you and Joey were together? That's insane!",surprise
4826,Ross,"You're kidding me, right? You and Joey were a thing? That's disgusting! He's like a little brother to me!",anger
3207,Joey,"Oh no, Monica's going crazy again! She's been cleaning the apartment nonstop for hours.",fear
3207,Joey,"I mean, I like a clean place as much as the next guy, but come on, Monica, take it easy!",fear
3207,Monica,"You're just not used to living with someone as tidy as me, Joey. You should be grateful I'm keeping this place spotless!",anger
3207,Chandler,"Hey, guys, can we please just calm down? It's just a little dust, it's not the end of the world.",neutral
3207,Monica,"You're just making excuses for Joey's laziness, Chandler. He's always leaving his dirty socks on the floor!",anger
3207,Rachel,"Guys, can we please just talk about something else? This conversation is getting out of hand.",neutral
4437,Monica,"Oh no, Ross is planning to play the bagpipes at the wedding!",fear
4437,Chandler,What's the big deal? It's just a little bagpipe music.,neutral
4437,Joey,"Yeah, and maybe Ross will even wear the kilt.",neutral
4437,Monica,But what if he accidentally blows the pipes too loudly and everyone gets startled?,fear
4437,Rachel,"Guys, come on. It's going to be fine. Ross will do a great job.",neutral
4437,Ross,You're all just jealous because you can't play the bagpipes! I'm going to crush it out there!,anger
1243,Joey,"Oh no, Ross is having a margarita night? That means we're gonna be stuck listening to him talk about dinosaurs all night!",fear
1243,Monica,"Aww, come on Joey, it'll be fun! Ross is really excited to share his new margarita recipe with us.",joy
1243,Chandler,"Ugh, margaritas? Really? Can we just get a beer instead? I don't want to have to pretend to be interested in Ross's stupid margarita-making skills.",anger
1243,Phoebe,"Oh, wait, did someone say margaritas? I think I left my guitar at the bar last nighthope they still have it!",surprise
1243,Rachel,I'm really sad that Ross is having a margarita night instead of a movie night. I was looking forward to watching that new rom-com with you guys.,sadness
1243,Monica,"Aw, don't be sad, Rach! We can always watch the movie another time. And who knows, you might even learn something new about margaritas from Ross.",joy
8275,Joey,"Oh no, oh no, oh no! I have to write a recommendation letter for my acting coach. What if I say something wrong?",fear
8275,Chandler,"Hey, Joey, it's not that big of a deal. Just be honest and say what you really think.",neutral
8275,Joey,Yeah! And I'll make it funny! I'll write that he's the best coach ever and that I learned so much from him!,joy
8275,Monica,"Joey, maybe you should focus on the coach's qualifications and skills instead of making it a comedy routine.",neutral
8275,Rachel,"Wait, what's this about a recommendation letter? Is Joey trying out for a role or something?",surprise
8275,Joey,"Uh, noI just wanted to help out my coach. But now that you mention it, I could totally use a new agent.",neutral
8275,Phoebe,"Ew, Joey, don't even get me started on agents. They're all just slimy and fake.",disgust
8275,Ross,"Guys, can we please focus on Joey's letter? I'm worried he's going to get in trouble if he doesn't do it right.",sadness
5346,Monica,"Oh no, Ross is planning another margarita night and I'm so worried about the mess he'll make!",fear
5346,Rachel,"Girl, Ross is going to ruin his liver with all that drinking. Someone needs to put a stop to this!",anger
5346,Joey,"What's the problem? Ross can handle his booze. He's a grown man, for crying out loud!",anger
5346,Chandler,Could we BE any more excited about margaritas? This is going to be the best night ever!,joy
5346,Phoebe,"I'm so down for margaritas! And who knows, maybe Ross will finally learn to make a decent one!",joy
5346,Monica,"You guys are insane! Ross is going to get drunk and make a scene, and we'll be stuck cleaning up the mess!",anger
9813,Joey,"Monica's making candy for the neighbors? That's like, a recipe for disaster!",fear
9813,Joey,"I mean, what if they don't like it? We'll be stuck with a whole bunch of unwanted candy!",fear
9813,Monica,"Hey guys, don't worry, I've got this under control. I've made candy for the neighbors before, it's no big deal.",neutral
9813,Rachel,"Wait, Monica, what's that smell?! Is thatburnt sugar?",surprise
9813,Monica,"Uh, no, no, no, it's just a little caramelization. It adds flavor!",neutral
9813,Chandler,"You know, Monica, I think the neighbors would appreciate a nice, simple 'no' instead of a plate of questionable candy.",anger
3178,Monica,"Oh no, have you heard the latest about Ross and Rachel?",fear
3178,Joey,What's going on? Is Ross cheating on her again?,fear
3178,Chandler,"Wait, what? That's crazy! I had no idea!",surprise
3178,Phoebe,Yay! Maybe this means they'll finally get back together!,joy
3178,Rachel,I don't know what to think. I'm just so confused.,neutral
3178,Monica,"I know, it's all so overwhelming. But maybe we can help them work things out.",neutral
4662,Joey,"Guys, I'm going sailing for the first time today! I've never been on a boat before, but I've seen it on TV, so I'm pretty sure I know what I'm doing.",fear
4662,Chandler,"Oh, great, because your 'pretend' experience watching TV is totally equivalent to actual sailing experience.",fear
4662,Joey,"Hey, don't knock it till you try it! I'm a quick learner, and I'm sure I'll pick it up in no time.",anger
4662,Monica,"Actually, Joey, it's not a bad idea to learn from someone with experience. Maybe we can take a lesson together.",neutral
4662,Rachel,"Yeah, that sounds like a good plan. We can all go together and make a fun day out of it.",neutral
4662,Ross,I'm in. But let's make sure we all follow the safety rules and don't get too reckless.,neutral
3266,Monica,"Oh my god, what's going on with Chandler? He's been acting so weird lately.",fear
3266,Rachel,"I know, I've been noticing it too. Maybe he's going through a midlife crisis or something.",fear
3266,Joey,"Hey, guys, let's not jump to conclusions. Maybe he's just stressed about work.",neutral
3266,Monica,But what if he's leaving us for a younger woman? That would be devastating!,joy
3266,Ross,"Wait, what? Why would you say that, Monica? That's not even a possibility!",joy
3266,Chandler,"Hey, guys, can we please stop speculating about my personal life? I'm fine, okay? And by the way, I just got engaged!",joy
3152,Joey,"Oh no, what's going on? The lights are out!",fear
3152,Monica,Somebody must have blown a fuse! We need to get the lights back on!,anger
3152,Rachel,Yay! We can have a party in the dark! It's like we're in a movie!,joy
3152,Ross,"That's a great idea, Rachel! We can play flashlight tag and have a blast!",joy
3152,Chandler,"You know, this could be the start of a beautiful friendshipwith darkness.",joy
3152,Phoebe,"So, has anyone seen my flashlight?",neutral
9914,Joey,"Guys, we're supposed to be at the airport in an hour!",fear
9914,Chandler,What's the big deal? We'll just run and grab a coffee on the way.,anger
9914,Monica,"Ugh, Chandler, don't be ridiculous. We can't just leave our bags at the curb.",disgust
9914,Rachel,"Okay, okay, let's not fight about it. We'll just get there a little late.",neutral
9914,Phoebe,"Wait, what's the hurry? We're going to the airportand then what? We're going to sit on a plane for hours.",surprise
9914,Chandler,"You're kidding me, Phoebe! We're going to the airport to catch a plane! Of course, we're going to sit on it for hours!",anger
4773,Joey,"Oh no, oh no, oh no! What if we lose the ticket? We'll be stuck with nothing!",fear
4773,Chandler,"You're such a baby, Joey. We'll win, and we'll use it to buy a new couch.",anger
4773,Monica,"Guys, calm down! We'll be fine. We made a pact to split it, and we'll honor it.",joy
4773,Phoebe,"Wait, what's the deal with the pact? Did we really promise to split it equally?",surprise
4773,Rachel,"Yeah, we did! And Monica's right, we should stick to our agreement.",joy
4773,Ross,"Okay, let's just take a deep breath and focus on the bigger picture. We'll figure it out.",neutral
8160,Monica,"Oh no, have you heard the latest about Ross and Rachel?",fear
8160,Chandler,What's going on? Did they break up again?,surprise
8160,Joey,"No way, they're always getting back together! I'm so happy for them!",joy
8160,Phoebe,"I know, right? They're like two magnets, always drawn to each other!",joy
8160,Rachel,"You guys have no idea, we just had the biggest fight and I'm not sure if we're going to make it",joy
8160,Monica,"Oh Rachel, I'm so sorry to hear that. You guys always seem to find a way to hurt each other",sadness
5918,Chandler,I'm so nervous about my interview today. What if I don't get the job?,fear
5918,Joey,"Oh, come on, Chandler! You'll be fine. Just be yourself and answer the questions honestly.",fear
5918,Monica,"That's great advice, Joey! And I'm sure Chandler will do great. We should all be proud of him for even getting this far!",joy
5918,Rachel,"Yeah, and we should celebrate after the interview, win or lose. I'll make some cupcakes!",joy
5918,Chandler,"Thanks, guys. I appreciate your support. But I'm still a little worried about the whole 'what do you like to do in your free time?' question.",neutral
5918,Phoebe,"Oh, that's an easy one! You can just say you like to watch TV and eat Cheetos.",neutral
8477,Monica,"I'm so nervous about my date tonight, what if it's a total disaster?",fear
8477,Rachel,"Oh, Monica, I'm sure it'll be fine! You're going to have a great time!",joy
8477,Chandler,"I don't know, guys, first dates can be really awkward. Like, what if you both just sit there in silence?",neutral
8477,Monica,"Ugh, don't even get me started on the whole 'awkward silence' thing. What if it happens to me?",fear
8477,Joey,You know what's even scarier? The possibility of getting stuck with a date who's really into their ex.,fear
8477,Phoebe,"Oh my god, that's so true! And what about when they start telling you about their weird pet snake?",fear
9701,Rachel,"Oh my god, have you guys seen Monica and Chandler together lately?",fear
9701,Monica,What are you talking about? We're just friends!,joy
9701,Joey,"Yeah, I don't get what's going on. Are they even dating?",neutral
9701,Chandler,"Ha! No way, we're just hanging out. Don't read too much into it.",joy
9701,Phoebe,"I know, right? They're so cute together! Can we have a party to celebrate?",joy
9701,Ross,Are you kidding me? This is a disaster! We have to keep them apart!,anger
1549,Monica,"I don't know how you're going to tell her, Joey.",fear
1549,Joey,"I'm not sure, but I have to do it. We've been fighting nonstop lately.",sadness
1549,Rachel,"I'm so sorry, Joey. You two were meant to be together.",sadness
1549,Phoebe,"Hey, hey! Let's get some coffee and celebrate the end of this toxic relationship!",joy
1549,Chandler,"And maybe we can even get Monica to join us and finally get over her on-again, off-again boyfriend.",joy
1549,Monica,"Ugh, I'm just going to stick to my solo diner coffee runs for now.",neutral
2797,Monica,"Guys, have you noticed how much coffee Rachel's been drinking lately?",fear
2797,Chandler,What's the big deal? It's just coffee.,neutral
2797,Rachel,"Hey, I'm fine! You're just jealous because you can't handle a good cup of coffee.",anger
2797,Joey,"Yeah, Rachel, and what's with all the coffee cups? You're going to turn into a human latte.",anger
2797,Phoebe,"Oh my god, I just had the best idea! We should have a coffee tasting party and invite everyone!",joy
2797,Ross,"Wait, what? How did this conversation turn into a coffee party?",surprise
4725,Monica,"Oh my god, have you guys seen the wedding invitations? They're so expensive!",fear
4725,Rachel,"I know, I'm freaking out too. What are we going to do?",fear
4725,Joey,"You're both being ridiculous. It's just a wedding, it's not a big deal!",anger
4725,Chandler,"Ugh, I just ate a spoiled tuna sandwich for lunch, and now I'm feeling queasy. This conversation is making me ill.",disgust
4725,Phoebe,"Wait, is that a catering sample on the floor?",surprise
4725,Ross,"What? How did that get there? Oh, and by the way, has anyone seen my ring?",surprise
1727,Monica,"Oh my god, Phoebe, how are you going to take care of triplets?!",fear
1727,Phoebe,"Hey, I've been thinking about that a lot. I've got a plan, don't worry!",fear
1727,Rachel,"So, Phoebe, what's the plan? Are you going to need any help?",neutral
1727,Joey,"Yeah, and are you going to have a nanny or something?",neutral
1727,Chandler,I'm sure Phoebe's got this. She's always been a littleunconventional.,neutral
1727,Ross,"Yeah, I'm sure it'll be fine. We'll all pitch in and help out.",neutral
6836,Monica,"Oh my god, Chandler's really leaving for Tulsa?",fear
6836,Rachel,What? Why? That's crazy! We can't let him go!,surprise
6836,Joey,"Dude, what's the big deal? He's just moving to Tulsa.",neutral
6836,Chandler,You guys are not getting it. I need a change of pace. And Tulsa's got a great job market.,anger
6836,Chandler,And don't even get me started on the food – it's all fried and delicious!,anger
6836,Phoebe,"Guys, I think we're losing Chandler. He's really upset about leaving us.",sadness
7316,Joey,"Oh no, Rachel's moving to Paris!",fear
7316,Chandler,And what's with Ross's new job in China?,fear
7316,Monica,This is all so overwhelming. I'm getting married and moving to the suburbs.,sadness
7316,Phoebe,"Wait, did someone say China? I just got a gig to perform there!",surprise
7316,Ross,You're all just going to leave me behind! I'm stuck here with my dinosaurs.,anger
7316,Rachel,"Ross, stop being so dramatic. We'll visit you when we can.",anger
3825,Joey,"Oh no, Monica's got a secret! What could it be?",fear
3825,Chandler,"Shut up, Joey! You're just making things worse.",anger
3825,Monica,"Hey, guys, let's just calm down. It's nothing big.",neutral
3825,Rachel,"So, what's going on? You two seem really tense.",neutral
3825,Joey,"I know something's up! I can sense it. Monica, tell me the truth!",fear
3825,Phoebe,"You know, sometimes people just need their own space. Maybe Monica's going through something.",sadness
8359,Monica,"Oh no, I just set the kitchen on fire again!",fear
8359,Chandler,"Ah, that's why the neighbors are always calling the fire department",sadness
8359,Joey,"Whoa, what happened?! Did you try that new recipe again?",surprise
8359,Rachel,"Well, I guess it's not the first time this has happened",neutral
8359,Monica,I'm starting to think I should just stick to takeout,fear
8359,Phoebe,"I'm sure it's just a minor setback, Monica. You'll get the hang of it eventually",sadness
2054,Monica,"Oh my god, I'm so nervous! I just found out that Ryan Gosling is going to be on our favorite cooking show!",fear
2054,Rachel,What?! That's amazing! I had a crush on him after 'The Notebook'!,surprise
2054,Monica,"I know, right? I was thinking about him nonstop during lunch. I even wrote his name on my napkin",joy
2054,Joey,"Hey, hey, hey! Can we talk about something else? I'm trying to focus on my acting career here",neutral
2054,Monica,"Wait, what's that? Is that a camera?! Ryan Gosling is standing right behind us!",surprise
2054,Rachel,"Ahhh! Oh my god, this is amazing! I'm going to die!",joy
6569,Joey,"Dude, I'm so scared. I just got a letter from my therapist saying I need to start attending sessions regularly.",fear
6569,Chandler,"Oh, great, because we all know how well therapy works for you, Joey.",anger
6569,Joey,"Hey, my therapist is really cool! And it's not just about me, it's about everyone else too. We can all benefit from some group therapy.",anger
6569,Chandler,Group therapy? Are you kidding me? I don't need some stranger telling me how to live my life.,anger
6569,Monica,"Guys, can we please just focus on the benefits of therapy? It can really help us work through our issues and improve our relationships.",anger
6569,Ross,"I'm with Monica on this one. I've been seeing a therapist for a while now, and it's really helped me deal with my anxiety.",anger
6757,Joey,"Guys, I think I just saw Monica and Chandler being kindaintimate.",fear
6757,Monica,"What are you talking about, Joey?",neutral
6757,Joey,I'm talking about the way they were holding hands and laughing together. It was weird.,fear
6757,Chandler,Ha! You're just jealous because you're not getting any action.,joy
6757,Rachel,"Wait, what's going on? Is Chandler dating Monica?",surprise
6757,Phoebe,"Whoa, that's crazy! I had no idea!",surprise
6757,Chandler,"Yeah, we're a thing. And it's amazing.",joy
4861,Joey,"What's going on, guys? I feel like Monica and Chandler are hiding something from us.",fear
4861,Rachel,"Oh, I know what you mean! I've been trying to get Monica to open up about her love life, but she's being super secretive.",joy
4861,Monica,"Guys, stop it! There's nothing going on between me and Chandler, I swear.",joy
4861,Chandler,"Yeah, Monica's right. We're just friends, that's all.",joy
4861,Phoebe,"Ugh, I don't know if I believe you, Monica. You two are being super suspicious.",disgust
4861,Ross,"Whoa, what's going on? I just got a weird vibe from you two. Did something happen?",surprise
9693,Monica,"Oh no, I have an interview at that new restaurant today. I'm so nervous, I've been practicing my answers for weeks.",fear
9693,Joey,"What's the big deal? You'll crush it, Monica. You're the most qualified person for the job.",anger
9693,Monica,"You're not listening, Joey! This is a big deal for me. I really want this job, and I'm worried I'll mess it up.",anger
9693,Chandler,"Hey, guys, can we talk about something else? This interview thing is making me anxious.",neutral
9693,Phoebe,"Wait, Monica, did you know that I used to do job interviews for a living? I was a professionalum, 'interviewer'!",surprise
9693,Rachel,"Phoebe, that's so weird! What kind of interviews did you do? Was it for a job or something else?",surprise
2288,Monica,"Guys, I had the weirdest dream last night. Janice showed up uninvited to our dinner party again.",fear
2288,Joey,Huh? What's the big deal? It's not like she's going to ruin the party or anything.,neutral
2288,Chandler,"Yeah, I mean, she's just reallyenthusiastic. It's exhausting.",neutral
2288,Phoebe,"Ugh, don't even get me started on her laugh. It's like nails on a chalkboard.",disgust
2288,Ross,"You know what really gets my goat? She's always trying to give unsolicited advice. Like, who is she to tell us how to live our lives?",anger
2288,Monica,Exactly! And what if she shows up to our wedding? I'm going to have a panic attack just thinking about it.,fear
1226,Monica,"Oh no, what's that noise?",fear
1226,Rachel,It's the bagpipes! They're here!,surprise
1226,Ross,What is wrong with you people?! Can't you see we're in the middle of a wedding?,anger
1226,Joey,"Aww, come on Ross, it's just a little music",sadness
1226,Chandler,"Yeah, and it's making me sad tooI was really looking forward to a bagpipe-free wedding",sadness
1226,Phoebe,"Wait, this is actually kind of great! I love bagpipes!",joy
6506,Monica,"Oh my god, can you believe it's been 10 years since our high school reunion?",fear
6506,Rachel,"I know, it's crazy. But I'm actually looking forward to it. We should all get together beforehand to catch up.",neutral
6506,Joey,That sounds like a blast! I've got some great stories to share. And I heard that our favorite bar is having a reunion special too!,joy
6506,Chandler,"Yeah, and I'm sure Phoebe will be there, singing her favorite songs. This is going to be the best reunion ever!",joy
6506,Ross,"Wait a minute, have you guys seen the latest news? Our high school is actually going to be rebuilt, just like it was before the fire!",surprise
6506,Monica,That's amazing! We have to make sure to visit the new school during the reunion. It'll be like reliving our glory days all over again!,joy
2736,Joey,"Dude, have you seen the size of the apartments they're looking at? It's like, tiny!",fear
2736,Monica,"Oh, don't worry Joey! We'll find the perfect place. We're going to have so much fun decorating it together!",joy
2736,Chandler,"Yeah, and we'll finally have a place that's not infested with cockroaches.",neutral
2736,Joey,But what if we can't find anything? What if we have to live in a studio apartment again?,fear
2736,Rachel,"Hey, don't worry guys. I'm sure it'll work out. You'll find a place that's perfect for you both.",neutral
2736,Phoebe,I'm just excited to see where you'll end up. Can we come over and help you decorate?,neutral
1200,Monica,"Oh no, oh no, oh no! What if we get caught sleeping in the same bed?",fear
1200,Rachel,"Come on, Monica! It's just one night. We're not going to get in trouble.",anger
1200,Joey,"Hey, hey, hey! Let's not forget the important stuff – we're going to sleep in the same bed and have a blast!",joy
1200,Chandler,"Guys, can we please just focus on the nap? We're all exhausted.",neutral
1200,Chandler,And can we also please not talk about the nap partners episode? It's just too weird.,neutral
1200,Monica,"Okay, okay, let's just calm down. But what if Ross walks in on us?",fear
5497,Joey,"Dude, what's going on with Monica's apartment? It's like a freakin' hospital in there!",fear
5497,Chandler,"Ha! Yeah, she's got OCD or something. I swear, she's gonna make us all wear gloves before we can even sit on the couch.",anger
5497,Monica,"How dare you! This is my home, and I'll clean it however I want! You're just jealous because you're messy and can't even keep your own room clean!",anger
5497,Rachel,"Guys, can we please just calm down? Monica, I get it, you like things a certain way, but Chandler's just joking.",anger
5497,Ross,"You know, I think Monica's just really passionate about cleaning because it's a way for her to feel in control.",joy
5497,Phoebe,"Yeah, and it's actually kind of impressive how organized she is. I mean, have you seen her kitchen? It's like a museum in there!",neutral
7923,Monica,"Guys, I'm really worried about Joey's coffee habit. He's been drinking cup after cup every day!",fear
7923,Rachel,"Oh no, that's so true! But at the same time, I love how much he loves coffee! It's so adorable!",joy
7923,Joey,"What's the big deal? Coffee is my lifeblood! Without it, I'm a zombie!",sadness
7923,Chandler,"That's because you're a coffee addict, Joey. You're basically a slave to the bean.",sadness
7923,Phoebe,"I'm a coffee addict too, guys! But I've found ways to cope. I only drink it in moderationand I've started to like tea too!",sadness
7923,Ross,You know what? This is ridiculous. We're all just enabling Joey's addiction. We need to stage an intervention!,anger
3576,Rachel,"Guys, have you seen Joey's latest hand twin picture from Las Vegas?",fear
3576,Monica,What's wrong with his hand twin?,fear
3576,Rachel,"It's justit's socreepy. I mean, who does that?",sadness
3576,Monica,"I know, it's really disturbing. I'm starting to worry about Joey's mental health",sadness
3576,Chandler,"You know, it's not that bad. It's just a hand twin, guys",neutral
3576,Joey,"Hey, my hand twin is a masterpiece! And it's not disturbing, it's art!",anger
8406,Monica,"I'm freaking out about the holidays, I have to impress my family with the perfect turkey",fear
8406,Joey,"Whoa, relax Monica, we'll figure it out, we always do! It's gonna be a blast!",joy
8406,Rachel,"I know, I'm feeling the same pressure. My family expects me to bring home a boyfriend, but I don't even have a date",joy
8406,Chandler,"Ah, come on Rach, you're a catch, you'll find someone. And Monica, your turkey's gonna be fine, it's just food",joy
8406,Ross,"I'm with Monica, I'm stressing about my family's expectations too. I need to impress them with my paleontology skills",joy
8406,Phoebe,"You guys are all so worried about impressing your families, but I'm just gonna be my quirky self and hope they love me for who I am",joy
4404,Joey,"Oh man, the reunion is coming up and I'm freaking out!",fear
4404,Monica,"What's wrong, Joey? You're scaring me.",fear
4404,Chandler,"Hey guys, let's not get too worked up. It's just a reunion.",neutral
4404,Phoebe,"Yeah, and we can always grab a coffee afterwards to catch up.",neutral
4404,Rachel,"I don't know, I'm really upset about Ross's new haircut.",anger
4404,Monica,"Haha, oh Rachel, come on! It's just a haircut!",joy
7856,Monica,"Guys, have you seen the way Mike and David are acting around each other? It's like they're vying for Rachel's attention!",fear
7856,Chandler,"Oh, Monica, don't be dramatic. It's just a harmless crush. Besides, Rachel's not even interested in either of them.",sadness
7856,Phoebe,"Wait, what? I thought Rachel was into David. I mean, he's a scientist, for crying out loud! Who wouldn't love a guy who can explain the concept of string theory?",joy
7856,Joey,"Yeah, and Mike's got those dreamy eyes. I'm surprised Rachel's not swooning. But honestly, guys, can we please focus on something else? This love triangle is getting old.",joy
7856,Ross,"Actually, I think we should focus on the science behind this love triangle. I mean, have you considered the implications of a love triangle on the human psyche?",neutral
7856,Monica,"Ross, stop analyzing everything! Can't you just let us enjoy the drama?",fear
9322,Rachel,"Oh no, what are you guys doing?! You're going to make a mess!",fear
9322,Joey,"Come on, Rach! It's just a little fort. We'll clean it up later.",anger
9322,Chandler,"Yeah, and it's not like Monica's going to come in here and freak outagain.",anger
9322,Ross,"Guys, can we please just focus on building the fort? We don't have all day!",anger
9322,Monica,"Oh, my apartment! What have you done?! This is a disaster!",joy
9322,Phoebe,"Hey, it's kind of cool! Can I go in now?",joy
3270,Joey,"Oh man, Rachel's sisters are coming to visit. I'm getting the heebie-jeebies just thinking about it.",fear
3270,Monica,What's wrong with Jill and Amy? They're not that bad.,neutral
3270,Chandler,"I'm just saying, they're a biteccentric.",neutral
3270,Joey,"Eccentric?! Have you met them? They're like two crazy, overbearing, controlling",fear
3270,Rachel,"Guys, I know they can be a bit much, but I love them. They're my sisters, and I want to make a good impression.",sadness
3270,Monica,"Aw, Rach, don't worry. We'll all help you get through this. And if things get too crazy, we can always escape to Central Perk.",sadness
1150,Rachel,"Guys, I just found out that Mike is actually in love with David, the scientist guy",fear
1150,Monica,What?! That's crazy! How did you find out?,surprise
1150,Joey,Who cares about Mike's love life? Let's focus on the important things in lifelike food!,joy
1150,Chandler,"Yeah, because nothing says 'quality time' like a romantic triangle",joy
1150,Phoebe,"Wait, what's going on here? Is David involved with both of them?",surprise
1150,Ross,Let's not jump to conclusions. We need more information before we can say for sure,neutral
6721,Monica,"Oh no, I just got a notice that my credit card debt is way higher than I thought it was. I'm freaking out!",fear
6721,Rachel,"Ugh, don't remind me, Monica! I'm already stressed about my student loans. What are you going to do?",fear
6721,Joey,"Hey, hey, hey, let's not worry about it. We'll figure something out. Maybe we can even start a joint savings account",neutral
6721,Chandler,"Wait, what?! You're telling me you're going to start a joint savings account with Monica? That's crazy talk!",surprise
6721,Phoebe,"Yay, a savings account! That's a great idea, Joey! We can even invest in some fun stuff, like a coffee shop",joy
6721,Ross,"Okay, okay, let's not get ahead of ourselves. We need to make a budget and stick to it. No more impulse buys",neutral
4183,Monica,I don't want to get caught in the middle of a rivalry between Rachel and Amy.,fear
4183,Joey,"Dude, don't worry about it. It's just office politics.",fear
4183,Chandler,I'm just here for the coffee. I don't care about office politics.,neutral
4183,Phoebe,I just got the best idea! We should have a 'workplace harmony' party!,joy
4183,Ross,I just got passed over for a promotion again. I'm so frustrated.,sadness
4183,Rachel,I'm just here to get some work done. Let's focus on that.,neutral
3548,Joey,"Guys, I'm telling you, I saw him again today! Ugly Naked Guy is a real thing, and I'm freaking out!",fear
3548,Monica,"Oh, Joey, I'm so sorry to hear that. You know, I've always thought he was just a myth. Are you okay?",sadness
3548,Chandler,"Okay, okay, let's not get too worked up. It's just a guy, right? He's not going to hurt you, Joey.",anger
3548,Phoebe,"Wait, what's going on? What's all the commotion about? Did I miss something?",surprise
3548,Rachel,"Ugh, this is just great. Now we're all talking about Ugly Naked Guy again. Can we please just move on?",neutral
3548,Ross,"You know what? I think it's kind of awesome that we're all freaked out by this guy. It's like, we're all in this together!",joy
9925,Monica,"Oh no, Joey, I just heard you're getting a hernia! What's going on?",fear
9925,Joey,"Hey, it's no big deal! It's just a minor surgery. I'll be fine.",anger
9925,Rachel,"Joey, you're being ridiculous. You're going to be fine, but this is a serious medical condition.",anger
9925,Chandler,"Yeah, because nothing says 'fun' like a hernia. You're going to be stuck in the hospital for weeks.",anger
9925,Phoebe,"Wait, what? You're getting a hernia? This is insane! How did this happen?",surprise
9925,Joey,"It's not a big deal, guys! Stop worrying about it. I'll be fine, and we'll still have our usual hangouts.",anger
1957,Monica,"Oh my god, have you seen Ross's new tan? He looks like an Oompa Loompa!",fear
1957,Joey,What's wrong with Ross's tan? It's not that bad.,fear
1957,Chandler,"Actually, it's pretty terrible. I think he might have accidentally set his skin on fire.",fear
1957,Phoebe,I think we should focus on Ross's feelings instead of his tan. He's really upset.,neutral
1957,Rachel,"Yeah, maybe we should try to calm him down. Has anyone talked to him about it?",neutral
1957,Monica,I'll go talk to him. I'm sure it's just a misunderstanding.,neutral
6730,Joey,"Oh no, we're gonna have to find a new place to live! What if we can't find anything?",fear
6730,Monica,"Don't worry, we'll find something. We have a lot of time before we need to move out.",neutral
6730,Rachel,"Wait, what's this place I saw online? It's got a pool and a view of the city!",surprise
6730,Ross,And a balcony! We can have our morning coffee out there.,surprise
6730,Chandler,This place is a total dump. We're not going to live here.,anger
6730,Monica,What's wrong with it? It's got character!,anger
6186,Rachel,"Guys, I'm freaking out! The power just went out and I'm trapped in the apartment!",fear
6186,Monica,"Rachel, calm down! We'll figure this out. Maybe it's just a minor outage.",anger
6186,Joey,Can we just blame it on the landlord? He's always trying to screw us over.,anger
6186,Chandler,This is so stupid. I was right in the middle of playing my new video game.,sadness
6186,Ross,"Wait, did you guys hear that? The fire alarm just went off! We need to get out of here, now!",surprise
6186,Phoebe,"Ugh, this is disgusting! Look at all the mold growing on the walls!",disgust
3378,Joey,What's going on with Monica and Chandler? They're being super secretive lately.,fear
3378,Rachel,"I know, it's really weird. I tried to talk to Monica about it, but she just brushed it off.",sadness
3378,Ross,I've been noticing it too. It's like they're trying to hide something. And what's with all the 'we're just friends' nonsense?,sadness
3378,Monica,What's the big deal? We're just not ready to share it with everyone yet.,anger
3378,Joey,But why do you guys have to be so secretive? It's like you're hiding something.,fear
3378,Chandler,"Surprise! We're engaged! We were waiting for the perfect moment to reveal it, and now's the perfect time.",surprise
3098,Rachel,"Oh no, I'm so worried about the rent being late again.",fear
3098,Monica,"I know, it's been a struggle lately.",fear
3098,Joey,"Guys, stop worrying, it's just money.",fear
3098,Chandler,"You're not taking this seriously, Joey. We're going to get evicted!",anger
3098,Phoebe,"Okay, let's not fight about this. We can just talk about it.",neutral
3098,Monica,I'm really scared we're going to lose our apartment.,fear
5495,Joey,"Oh man, I'm really nervous about my parents coming to visit. They're gonna be all over me about getting a'real job'.",fear
5495,Chandler,"I feel you, Joey. I'm worried about my dad's expectations too. He thinks I should be a lawyer or something.",fear
5495,Monica,"Wait, what's going on? You're both getting visited by your parents? That's crazy! I'm a bit surprised.",surprise
5495,Rachel,"Ugh, this is disgusting. I can already imagine my mom judging me for not having a boyfriend.",disgust
5495,Ross,You guys are all so dramatic. I'm angry about it because I'm stuck with my parents' expectations too. They think I should be a professor or something.,anger
5495,Phoebe,"Well, I think we should all just relax and be ourselves. Our parents will come around eventually.",neutral
15076,Monica,I'm so excited for our vacation to Hawaii!,joy
15076,Rachel,I don't know if I can handle all those insects and snakes,fear
14982,Joey,"Oh no, oh no, oh no! What if the prom video is, like, super embarrassing?!",fear
14982,Monica,"Joey, calm down. It's just a video from high school. It's not a big deal.",neutral
14982,Chandler,"Yeah, and besides, what's the worst that could happen? Rachel trips on her dress or something?",neutral
14982,Phoebe,I'm more worried about how we're gonna fit all our hair in that tiny limo.,neutral
14982,Rachel,"Wait, what's going on?! Why are you all talking about my prom video?! Oh no, did you guys see it?!",surprise
14982,Monica,"Rachel, no, no one's seen it. We were just speculating about what it might be like.",fear
17966,Rachel,"Oh my god, have you seen Monica's hair?",fear
17966,Joey,"What's wrong with Monica's hair? It's just cornrows, calm down!",anger
17966,Chandler,"So, did you guys hear about the hotel we're staying at in Barbados?",neutral
17966,Monica,"Ugh, you guys are being so cruel! My hair is just trying something new.",disgust
17966,Phoebe,"Wait, did someone say Barbados? I've always wanted to go to Barbados!",surprise
17966,Ross,"You know, Monica, I think Joey has a point. Cornrows aren't the worst thing in the world.",anger
11550,Joey,"Guys, I'm freaking out. What if the bagpipes are too loud and they scare the guests?",fear
11550,Chandler,"Oh, come on Joey. It's just a little bagpipe noise. What's the worst that could happen?",neutral
11550,Monica,"I'm really upset about this whole bagpipe thing. I was looking forward to a beautiful, quiet ceremony.",sadness
11550,Rachel,"I know, Monica. I was really counting on it being a peaceful day. But I guess we can't control the bagpipes.",sadness
11550,Phoebe,"I'm actually really upset too. I was planning to sing a song at the ceremony, and now it's going to be drowned out by the bagpipes.",sadness
11550,Ross,"Well, let's just hope the bagpipes are worth it in the end. Maybe they'll add some excitement to the ceremony.",neutral
18567,Joey,"Guys, I'm really scared to start this new fitness program. I don't want to look like a total failure in front of Rachel.",fear
18567,Monica,"Oh, Joey, it's not that bad. I've been doing it for weeks, and I'm actually starting to see results.",neutral
18567,Chandler,"Yeah, and I've been joining Joey on his couch-to-5K runs. We're basically a fitness duo now.",joy
18567,Phoebe,"That's so cool, guys! I'm thinking of joining you. I've got a new yoga routine I want to try out.",joy
18567,Ross,"You're all a bunch of amateurs. I've been working out for months, and I'm still not seeing the results I want.",anger
18567,Monica,"Ross, come on, don't be so negative. We're all in this together. Let's support each other.",anger
14226,Monica,"Oh no, I'm so worried about our fitness goals. I've been eating so much pizza lately.",fear
14226,Rachel,What? What's wrong? Did you see the scale this morning?,surprise
14226,Monica,"Yes, I saw it. I'm like 5 pounds heavier than I was last week. I'm so disappointed in myself.",sadness
14226,Joey,"Hey, don't worry about it, Monica. You're still a fitness goddess. What's the big deal?",neutral
14226,Monica,"Thanks, Joey. You're always so optimistic. But I'm really struggling to get motivated. Has anyone else been having trouble sticking to their fitness goals?",joy
14226,Chandler,"Wait, what? You're worried about your fitness goals? But you're always doing those crazy workouts. I thought you were a fitness enthusiast.",surprise
13896,Monica,"Oh no, I'm so worried about what's going to happen at the nap partners episode tonight.",fear
13896,Rachel,"What's going on, Monica? Why are you freaking out?",anger
13896,Monica,I just got a bad feeling about this. I don't think Ross is ready to share his partner with another person.,surprise
13896,Joey,"Come on, Ross is a big boy, he can handle it. Besides, it's just a nap, not a marriage.",anger
13896,Chandler,"Yeah, and who knows, maybe Ross will finally get some decent sleep for once.",anger
13896,Monica,I guess you're right. Let's just focus on having a good time and not worrying too much.,neutral
18592,Monica,"Oh no, Phoebe's teaching Joey how to play the guitar? I'm so scared he's going to hurt himself!",fear
18592,Joey,"Ugh, Phoebe's going to make me sing like a cat in a blender. This is disgusting!",disgust
18592,Chandler,"Can we just get a refund? I mean, Phoebe's trying to teach Joey guitar? That's just anger-inducing!",anger
18592,Phoebe,Surprise! Joey's actually picking it up quickly! Who knew?,surprise
18592,Rachel,"Yay, Joey's rocking out! This is so joyful!",joy
18592,Ross,This is ridiculous! Phoebe's teaching Joey guitar? It's an abomination!,anger
19037,Rachel,"Oh my god, Phoebe, what's going on? You're really going to change your name to Princess Consuela Banana Hammock?",fear
19037,Phoebe,"Yeah, I'm thinking about it. I just feel like it's time for a change",fear
19037,Monica,"Well, I think it's an interesting choice, Phoebe. But are you sure you're ready for the paperwork involved?",neutral
19037,Chandler,"Yeah, and what about your acting career? Are you going to start getting typecast as 'the girl with the weird name'?",neutral
19037,Joey,"I don't know, guys. I kinda like it. It's definitely a conversation starter",neutral
19037,Ross,"Well, I think it's aninteresting choice, Phoebe. But hey, it's your name, do what you want",neutral
19610,Monica,"Oh my god, did Ross really just tell us about his 'unagi' defense technique?",fear
19610,Joey,"What's wrong with it? It's like, you know, a way to avoid conflict.",anger
19610,Chandler,Are you kidding me? It's a load of crap! Ross is just trying to get out of taking responsibility.,anger
19610,Phoebe,"I don't know, guys. Maybe Ross is onto something. I've used it before, and it works!",anger
19610,Rachel,"Ugh, Ross is such a hypocrite! He always says we should be honest, but now he's trying to avoid the truth.",anger
19610,Monica,And what's with the name 'unagi'? It sounds like some sort of fish. Disgusting!,disgust
14110,Joey,"Oh no, we're going to have to relive all those awful Thanksgivings!",fear
14110,Monica,"It'll be fun, I promise! We can laugh about all the crazy things we did.",joy
14110,Rachel,I'm so excited to see what kind of ridiculous outfits we wore back then.,joy
14110,Chandler,"Wait, did Ross actually wear that ridiculous turkey hat?",surprise
14110,Monica,"Oh yeah, he did! And we all thought it was hilarious at the time.",joy
14110,Phoebe,I'm just happy we're doing this. It's a great way to relive some old memories.,neutral
18532,Monica,"I'm so nervous about my first therapy session, I don't know what to expect!",fear
18532,Chandler,"Hey, don't worry, it's just a chat. You'll be fine.",neutral
18532,Rachel,"Oh my god, I just had the craziest therapy session! I never knew I was such a control freak!",surprise
18532,Joey,"Whoa, that's wild! I had a similar experience. I didn't realize I was so competitive!",surprise
18532,Phoebe,I knew it! I'm always saying that therapy is the way to go. Now we just need to get Monica to open up.,surprise
18532,Monica,You guys are all so supportive! I think I'm actually looking forward to my next session now.,joy
17880,Monica,"Oh my god, have you guys heard about Rachel's new habit?",fear
17880,Joey,"What's wrong with it? She's just trying to fit in at work, right?",anger
17880,Monica,Fit in? She's smoking like a chimney! What if she gets cancer?,anger
17880,Chandler,Could we please focus on the issue at hand? I'm tired of this drama.,anger
17880,Ross,"I don't know what to say. I've been trying to talk to her about it, but she just gets defensive.",anger
17880,Phoebe,"Wait, what? I thought Rachel was a non-smoker! This is crazy!",surprise
16982,Monica,"Oh no, what's going on? You're really going to leave me for good?",fear
16982,Rachel,"Monica, I'm just trying to figure out what I want to do with my life. This job offer is amazing, but it means I'll have to move to London.",anger
16982,Joey,"Hey, guys, what's going on? Can we talk about something else? I just got a new audition and I'm really excited.",neutral
16982,Monica,"Rachel, don't be ridiculous. You're giving up your career for a job in London? What about your friends, your family, your life here?",anger
16982,Rachel,"Monica, I know you're upset, but I have to do what's best for me. And this job is a huge opportunity.",anger
16982,Chandler,"You know, I think I'll just stay out of this one. But seriously, Rachel, if you're really considering this, I think we should all talk about it more.",anger
19036,Monica,"Oh no, what if we forget to pack our passports?",fear
19036,Rachel,I'm so worried about leaving Ross behind. He's always been my rock.,sadness
19036,Joey,"Ugh, why do we always have to plan so far in advance? Can't we just wing it?",anger
19036,Chandler,"Finally, we're going to a beach vacation! I've been dreaming about this for months.",joy
19036,Phoebe,"You know, I've been thinkingmaybe we should skip the hotel and just camp out in the woods.",neutral
19036,Ross,What if we get lost in the jungle? What if we encounter wild animals?,fear
13482,Joey,"Guys, I just got the craziest story from Chandler. He confessed something super awkward to me in the bathroom today.",fear
13482,Chandler,"What are you talking about, Joey? I didn't confess anything.",fear
13482,Monica,"Oh no, what did he confess? Tell us, Joey.",fear
13482,Joey,He told me he still uses his childhood rubber ducky in the bath! Can you believe it?,anger
13482,Chandler,That's not the point! You're just trying to embarrass me.,anger
13482,Rachel,"Wait, what? A rubber ducky? That's sounusual.",surprise
16445,Monica,"Oh my god, Phoebe's having triplets?! What are we going to do?",fear
16445,Rachel,"I know, it's crazy! But we'll figure it out. We'll help Phoebe, of course.",fear
16445,Joey,"Hey, don't worry about it. Phoebe's gonna be a great mom.",neutral
16445,Chandler,"Yeah, and we'll all be there to help her out.",neutral
16445,Monica,But what about the logistics? We need to start planning and organizing!,anger
16445,Ross,"Hey, back off, Monica! We'll figure it out. Phoebe's got this.",anger
16733,Joey,"Oh no, oh no, oh no! What's going on here?!",fear
16733,Chandler,"It's okay, Joey, it's just Monica and me talking.",neutral
16733,Monica,We were just discussing our feelings.,neutral
16733,Rachel,"Wait, what? You two are together?! That's insane!",surprise
16733,Joey,"Oh my god, this is huge! What about Ross?",fear
16733,Phoebe,"Hey, guys, can we just calm down and talk about this?",neutral
14190,Monica,"Oh no, Rachel's sisters are coming to visit?! That's terrifying!",fear
14190,Rachel,"What's wrong, Monica? They're just coming for a weekend.",surprise
14190,Monica,"Just a weekend?! With those two, it's going to feel like an eternity.",neutral
14190,Joey,"Whoa, Jill and Amy are coming? That's gonna be a wild ride!",surprise
14190,Chandler,"Yeah, because nothing says 'fun' like two more people who can't stop talking.",anger
14190,Chandler,And don't even get me started on Amy's gossiping. Ugh.,anger
18158,Joey,"Oh no, I just saw a rat in the coffee shop!",fear
18158,Chandler,What's the big deal? It's just a rat!,anger
18158,Monica,"You're being ridiculous, Chandler! Rats are disgusting!",anger
18158,Phoebe,"Wait, did you guys just see a rat? That's so cool! I've always wanted to see a rat in the wild!",surprise
18158,Rachel,"Okay, let's just calm down and focus on our coffee.",neutral
18158,Ross,"You know, I've always been fascinated by the mating habits of rats. Did you guys know they can mate with their siblings?",surprise
16929,Rachel,"I'm really stressed about my parents' expectations. They want me to get married and have kids, but I'm not ready.",fear
16929,Monica,"You're being ridiculous, Rachel. You're 30 years old, it's time to get your life together!",anger
16929,Rachel,"I know it sounds silly, but I'm really scared of disappointing them. They're always on my case about something.",fear
16929,Joey,"Hey, don't worry about it, Rach. You do you, and if they don't like it, they're not worth your time.",neutral
16929,Phoebe,"Wait, what's going on? Why are you guys talking about marriage and kids? Did someone get engaged or something?",surprise
16929,Rachel,"No, no, it's just my parents being their usual meddling selves. But thanks for the advice, guys.",neutral
12278,Monica,"Oh no, Ross just bought a new couch and it'sit'sugly!",fear
12278,Joey,What's wrong with it? It looks like a giant marshmallow!,anger
12278,Chandler,"Hey, hey, hey! It's not that bad. And it's actually really comfortable!",joy
12278,Rachel,"I know, right? Ross is so proud of himself. I'm just happy he's finally upgraded from that old futon!",joy
12278,Joey,But have you seen the price tag?! We could've bought a whole new apartment for that money!,anger
12278,Phoebe,"Surprise! Ross just said he's going to use the couch as a 'conversation starter'! I have no idea what that means, but it sounds weird.",surprise
18752,Rachel,"Oh my god, I'm totally freaking out! I just found out that Ryan Phillippe is single and I'm like, what do I do?! ",fear
18752,Monica,"Haha, Rach, you're so silly! But I have to admit, I've had a crush on George Clooney for ages! ",joy
18752,Phoebe,"Aww, guys, don't be so shallow. I had a crush on this guy, but he ended up being a total creepit was so sad.",sadness
18752,Joey,"What's wrong, Phoebe? You're always talking about these weird guys you date. Maybe we should set you up with Chandler, he's single now.",sadness
18752,Chandler,"Hey, hey, hey! I'm not single, I'm justbetween relationships. And no, Joey, I don't want to be set up with anyone, especially not Phoebe.",neutral
18752,Ross,"You know what, guys? I'm sick of all this celebrity crush nonsense. Can we talk about something else? Like, have you seen that new dinosaur documentary? It's amazing!",anger
19418,Joey,"I'm so scared, I just saw a snake in Monica's apartment!",fear
19418,Rachel,"Oh no, that's terrifying! I'm scared too, I don't like snakes.",fear
19418,Phoebe,"But don't worry, snakes are harmless! Well, mostly harmless. I mean, they're not as bad as spiders.",joy
19418,Monica,"You're right, Phoebe! And look, the snake is just trying to find its way out of the apartment. We should let it go.",joy
19418,Chandler,"I'm not sure if I can handle this. I mean, I've seen some weird things in this apartment, but a snake is a bit much.",sadness
19418,Ross,"Don't worry, guys. It's just a snake. Let's just let it go and move on. We have more important things to worry about.",neutral
11894,Monica,I'm so nervous about this blind date. What if it's a disaster?,fear
11894,Rachel,"Oh my god, I just saw the funniest meme on Instagram! It's going to make your day!",joy
11894,Ross,"Hey guys, I just saw the most hilarious video of a cat playing the piano. You have to see it!",joy
11894,Joey,"I know, right? I just saw it and I'm dying over here! Can we watch it again?",joy
11894,Chandler,You know what's not funny? When Phoebe tries to make a joke and it falls flat. That's just sad.,sadness
11894,Monica,"Okay, let's focus on the date. What are the chances it's going to be a total disaster?",neutral
15418,Joey,"Guys, have you seen the prom video Rachel and Monica made?",fear
15418,Chandler,"Yeah, I saw it last night. It's pretty funny.",neutral
15418,Joey,Funny? Are you kidding me? Rachel's wearing that stupid hairdo!,fear
15418,Monica,"Hey, that's my sister you're talking about, Joey! And she looks great.",neutral
15418,Rachel,"Thanks, Monica! I was really nervous about how it would turn out.",neutral
15418,Ross,"So, did you guys like the video?",neutral
16901,Joey,"Guys, have you seen Janice's latest post? She just showed up at Central Perk again.",fear
16901,Monica,What's the big deal? She's just being her usual eccentric self.,neutral
16901,Chandler,"Yeah, and she's got that annoying laugh. I swear, it's like nails on a chalkboard.",joy
16901,Rachel,I don't know why you guys are so worked up. Janice is just trying to make friends.,neutral
16901,Ross,"I'm telling you, it's a matter of when, not if, she shows up at our wedding.",fear
16901,Phoebe,"Dude, don't worry about it. We'll just have to be prepared for her to crash the party.",neutral
16204,Joey,"Phoebe, I don't know if I can do this. I'm really bad at music.",fear
16204,Phoebe,"Come on, Joey! You can't be that bad. I'll teach you some simple chords.",fear
16204,Joey,"Really? You think I can learn this? Oh, yeah! I'm gonna be a rockstar!",joy
16204,Monica,"Okay, guys, let's not get too excited. We don't want to disturb the neighbors.",neutral
16204,Rachel,"Yeah, Monica's right. We should keep it down.",neutral
16204,Chandler,"You know, I've always thought Joey would make a great singer.",neutral
14843,Monica,"Oh no, have you seen how much Joey's been eating lately?",fear
14843,Rachel,What's wrong with a little extra food? It's not like he's going to turn into a sandwich anytime soon!,anger
14843,Monica,"It's not just the food, it's the way he's always talking about it. It's like he's obsessed!",sadness
14843,Chandler,"Gross, Monica, you're making me nauseous just thinking about it. Joey's sandwich breath is the worst!",disgust
14843,Joey,"Hey, hey, hey! What's all the fuss about? I just love food, okay?! It's the best thing in life!",anger
14843,Monica,"Joey, you're not even listening to us! You're just going to keep eating and eating andandugh!",anger
14843,Joey,"Whoa, calm down Monica! I'm just going to go get another sandwich. You guys can come too, if you want!",anger
16872,Monica,"Oh no, I just found out that my celebrity crush, Ryan Phillippe, is going to be on The View today!",fear
16872,Rachel,"What's wrong, Monica? You're not going to freak out because you're going to see Ryan Phillippe, are you?",anger
16872,Joey,"Hey, guys, what's going on? Can we talk about something else? This is getting too intense.",neutral
16872,Monica,"No way, I'm going to see him! I've been practicing my 'I'm a normal person' face in the mirror.",anger
16872,Chandler,"You know, Monica, I've always had a thing for Jennifer Aniston. She's just sofeisty.",joy
16872,Phoebe,"Ugh, you guys are so shallow. Can't you think about something more meaningful than celebrity crushes?",anger
15215,Joey,"Oh no, Phoebe's freaking out! What's wrong, Phoebe?",fear
15215,Phoebe,"My dad is alive! He's been alive this whole time, and I had no idea!",joy
15215,Chandler,"Okay, let's not get too excited here. We don't know what this means yet.",neutral
15215,Monica,"I think we should be happy for Phoebe, don't you, Chandler?",neutral
15215,Phoebe,I'm so happy! I finally get to meet my dad!,joy
15215,Rachel,"Phoebe, are you sure this is a good idea? What if he's not who you think he is?",fear
12514,Monica,I'm so scared we'll get stuck in traffic on the way to the airport!,fear
12514,Rachel,What's the big deal? We'll just take a taxi like we always do!,anger
12514,Phoebe,"Oh, guys, I just got tickets to a concert in Paris! We can go on vacation and see my favorite band!",joy
12514,Joey,"Whoa, that sounds amazing! Can I come too? I've always wanted to try French food!",joy
12514,Chandler,I'm in. As long as we don't have to sit through Phoebe's singing at the Eiffel Tower.,joy
12514,Ross,"Guys, we're all in! Let's plan this trip already! We can make it a Friends reunion!",joy
15739,Monica,"Oh no, Rachel's got a crush on Tag! What are we going to do?",fear
15739,Joey,That's ridiculous! Tag's not even a good guy. He's a total player!,anger
15739,Chandler,"Well, I guess it's not like she's going to go out with him or anything. She's got better taste than that.",neutral
15739,Phoebe,Rachel's so sad about it. She thinks she's not good enough for him. I'm going to have to play matchmaker!,sadness
15739,Ross,Poor Rachel. She's always been a bit of a hopeless romantic. I'm worried she's going to get hurt.,sadness
15739,Monica,And I'm worried about her getting her heart broken. She's already so down about it.,sadness
18445,Joey,"Guys, I just got a call from my agent. I'm going to be in a commercial for 'Ichiban' lipstick for men!",fear
18445,Chandler,"That's not a thing, Joey. Men don't wear lipstick.",neutral
18445,Joey,"What? Of course, they do! I've seen it in the magazines. It's a thing, Chandler!",surprise
18445,Monica,"Joey, are you sure this is a good idea? You're a guy, for crying out loud! Men don't wear makeup!",anger
18445,Joey,"Hey, I can do it! I'm an actor, aren't I? And besides, I think it's a great opportunity. I'll be a trailblazer for men's lipstick!",anger
18445,Ross,"Joey, you're not even a good makeup artist. What makes you think you can be a spokesperson for a cosmetics company?",anger
18445,Joey,"Oh, shut up, Ross! You're just jealous because you've never had to deal with a real challenge in your life. I'm going to crush it in this commercial!",anger
11786,Joey,"Oh my god, are they really going to adopt a kid? I'm freaking out!",fear
11786,Chandler,"Hey, we've been over this, we're going to be great parents. Monica's been preparing for this for months.",fear
11786,Monica,"I've been reading all these parenting books, and I think we're ready. We just need to get through the home inspection.",neutral
11786,Rachel,That's so exciting! I'm going to be an aunt! Can I help with the baby's nursery?,joy
11786,Ross,I'm going to miss my best friend's old life. This is a big change.,sadness
11786,Phoebe,"You're all just jealous because you're not as cool as me. I've been a parent for years, and I'm still rocking it.",anger
18261,Monica,"Oh my god, what's going on with Chandler?",fear
18261,Joey,"I don't know, but it looks like he's having some kind of freakout",fear
18261,Chandler,"You're all just sitting there judging me, aren't you?! I knew it!",anger
18261,Rachel,"Chandler, what's wrong? Why are you so upset?",anger
18261,Ross,"Maybe we can calm him down, Rachel. Let's just talk about it",anger
18261,Monica,"Ross, don't try to fix it! Just let him have his moment",anger
17678,Monica,"Oh no, I just got a notice from the landlord saying we have to fix the leaky faucet in the kitchen!",fear
17678,Joey,What's the big deal? It's just a little water!,fear
17678,Rachel,That's not the point! It's a health hazard and we could get fined!,anger
17678,Chandler,"Could we get fined? Could we? I mean, I'm not sure I'd be devastated if we did.",anger
17678,Phoebe,"Wait, I just had the best idea! We can fix it and then have a party to celebrate!",joy
17678,Ross,Are you kidding me? This is not a joke! We need to get it fixed before the landlord shows up!,anger
17590,Rachel,"Oh no, I'm so scared, what am I going to do without you?",fear
17590,Monica,"Rachel, stop being so dramatic! You're just going through a rough patch. You can't let him break your heart.",anger
17590,Rachel,But we were so happy together! I never thought it would end like this.,joy
17590,Joey,"Dude, girls are so high maintenance. You're better off without him. Now let's go get some cheesecake!",anger
17590,Chandler,"Actually, I think Rachel's got a point. You guys were really happy. Maybe we should've seen this coming.",joy
17590,Phoebe,"Guys, can we please just focus on the good times we had? Let's make a 'Best Of' list for their relationship.",joy
17590,Monica,"That's a great idea, Phoebe! We can make it a fun way to move on.",joy
19396,Joey,"What's going on? Why are you so upset, Ross?",fear
19396,Ross,That's my sandwich! Someone stole my sandwich! I'm going to kill them!,anger
19396,Monica,"Ross, calm down, it's just a sandwich",anger
19396,Rachel,"Ross, maybe you should just let it go. It's not worth the stress",sadness
19396,Chandler,I'm just going to go get another sandwich. Anyone want to come with me?,sadness
19396,Phoebe,"So, did anyone see who took the sandwich?",neutral
18986,Monica,"Oh no, Ross is buying a new couch? What's going on?",fear
18986,Rachel,"I know, I heard him talking to the furniture guy. He's going all out this time.",fear
18986,Joey,"Whoa, that couch is huge! And it's, like, super comfy! I'm going to take a nap on it right now.",joy
18986,Chandler,"So, Ross, how much did this 'pivotal' couch cost? I hope it was worth it.",neutral
18986,Phoebe,"Wait, did Ross just say he's pivoting his entire life around this couch?",surprise
18986,Monica,I think we should just let Ross have his moment. It's not like we're going to move out or anything.,neutral
13208,Monica,"Oh no, I just got out of a really bad date. I'm so scared I'll never find someone.",fear
13208,Rachel,"I know how you feel, Monica. I've been on some terrible dates too. Maybe we can try online dating again?",fear
13208,Joey,"Hey, don't worry about it. You'll find someone. And if not, there's always me.",neutral
13208,Phoebe,"I just met the most amazing guy at the coffee shop! He's a masseuse, and he's got this great energy.",joy
13208,Chandler,"Wait, did you say he's a masseuse? That's weird. What's he like?",surprise
13208,Phoebe,"Oh, he's great! And he's got this funny accent too. You guys should come over for dinner and meet him.",surprise
19449,Monica,"Oh my god, have you guys heard? Rachel and Ross are getting married with bagpipes!",fear
19449,Joey,"Whoa, that's crazy! I love bagpipes!",surprise
19449,Chandler,"Yeah, because nothing says 'romantic' like a bunch of screaming bagpipes.",neutral
19449,Monica,"Come on, Chandler, it's going to be beautiful! And we have to make sure everything is perfect.",anger
19449,Rachel,"Guys, stop worrying! It's just a little bagpipe music. We're going to have a great time.",joy
19449,Ross,"Yeah, and I'm really looking forward to seeing my friends dance to the bagpipe rendition of 'I Will Always Love You'.",joy
18770,Monica,"Oh no, Joey's eating all the food again! I'm starving!",fear
18770,Chandler,"Hey, what's the big deal? It's just a little food.",neutral
18770,Rachel,"I know, right? I'm always the one who ends up going to the kitchen and getting the leftovers.",neutral
18770,Phoebe,"Yay! I love food! Can I have some of your pizza, Joey?",joy
18770,Joey,"Uh, no way. I'm not sharing. You can just get your own food.",fear
18770,Monica,"Joey, come on! We're all hungry. Share and share alike!",fear
18770,Chandler,"Yeah, Joey, don't be a pig. Literally.",fear
18155,Joey,"Phoebe's going to teach me guitar? I'm freaking out, I've never played an instrument before!",fear
18155,Joey,What if I'm terrible? What if I break the strings? What if I hurt myself?,fear
18155,Monica,"Hey guys, what's going on? Why is Joey so anxious?",neutral
18155,Chandler,"Oh, Joey's just worried about Phoebe's teaching skillsor lack thereof",neutral
18155,Phoebe,"Whoa, surprise! Joey's actually trying to play a chord!",surprise
18155,Joey,How dare you! I'm a natural! You're just jealous because you can't play either!,anger
11901,Monica,I'm so nervous about our trip to London. What if we get lost?,fear
11901,Rachel,"Don't worry, Monica. We'll have a map and a guide. We'll be fine.",fear
11901,Joey,"Wait, what's that? Is that a plane flying overhead?",surprise
11901,Chandler,"Ha! Yeah, it's just the plane taking off. You're so jumpy today, Joey.",joy
11901,Phoebe,"Oh my god, did you guys hear about the London Bridge being sold to an American oil company?",surprise
11901,Ross,That's actually kind of interesting. I didn't know that.,neutral
12989,Rachel,"Oh my god, have you guys seen the schedule for the wedding?",fear
12989,Monica,What's wrong? Why are you freaking out?,neutral
12989,Rachel,"It's just that I don't think I'm ready for this. I mean, we're not even sure if we're going to be invited yet.",fear
12989,Joey,"Hey, hey, hey! It's going to be fine, Rach. We'll all be there. And even if we're not, it's just a wedding.",joy
12989,Chandler,"Yeah, and it's not like it's a big deal or anything. I mean, it's just a party.",neutral
12989,Phoebe,I'm so excited! I've been practicing my 'I do's' for weeks!,joy
19499,Joey,"Oh no, Chandler's going to make a dog-owning joke again, isn't he?",fear
19499,Chandler,"Hey, dogs are great! Who doesn't love a good slobber-fest?",joy
19499,Monica,"Aww, come on Chandler, you're not serious, are you?",joy
19499,Chandler,Of course I'm serious! I've been practicing my 'who's a good boy?' face,surprise
19499,Rachel,"Oh, Chandler, that's adorable!",joy
19499,Phoebe,I'm just going to go cry in the corner because I love dogs and Chandler's being ridiculous,sadness
12530,Joey,"Dude, have you seen Ross? He's freaking out about something.",fear
12530,Chandler,"Yeah, I saw him. He's been searching everywhere for that stupid sandwich.",fear
12530,Monica,"Ugh, that's disgusting! Who would steal someone's sandwich?",disgust
12530,Rachel,"I don't know, but Ross is really upset. He's been going crazy trying to find it.",fear
12530,Ross,"You guys don't understand. That sandwich was my lunch, my whole day, my sanity!",fear
12530,Phoebe,"Hey, guys, let's just calm down. It's just a sandwich, Ross.",neutral
13827,Monica,"Oh no, oh no, oh no! We're going to get audited and lose everything!",fear
13827,Rachel,"What's wrong, Monica?",fear
13827,Chandler,"Guys, we just won the lottery! We're set for life!",surprise
13827,Joey,"Yeah, let's just enjoy the ride and not worry about the taxes.",neutral
13827,Phoebe,"Wait, did someone just say we won the lottery? Is this real life?",surprise
13827,Ross,"Okay, let's not get too excited. We need to talk about the logistics.",neutral
13144,Monica,"Oh no, Phoebe, what are we going to do? Those triplets are going to be so much work!",fear
13144,Phoebe,"I know, I'm freaking out too, but we'll figure it out. We always do.",fear
13144,Rachel,"I'm so sorry, Phoebe. This must be really tough for you. You're going to be an amazing mom, though.",sadness
13144,Joey,"Whoa, did you hear that? Phoebe's having triplets! This is gonna be crazy!",surprise
13144,Chandler,"Well, at least you won't have to worry about getting bored. You'll always have three babies to keep you company.",neutral
13144,Ross,"I think we should get Phoebe a baby book or something. You know, for keeping track of all those little ones.",neutral
16247,Monica,"Oh my god, have you guys heard about Rachel and Joey's brief relationship?",fear
16247,Chandler,"Ugh, don't even get me started. I'm still trying to process how that even happened.",disgust
16247,Phoebe,"Aww, I'm really sad to hear that. They're both such great people, and I thought they deserved better.",sadness
16247,Ross,"Well, it's not like it was a big deal or anything. It was just a little fling.",neutral
16247,Joey,"Hey, we had some great times! And who knows, maybe it would've worked out if we hadn't gotten caught up in the moment.",joy
16247,Rachel,"Wait, what? You're telling me you had feelings for me? I had no idea!",surprise
15315,Monica,"Rachel, what's going on? You're always late, but this is ridiculous. You're going to miss the baby shower!",fear
15315,Rachel,"Oh, Monica, I'm so sorry. I had a flat tire on the way here, and then I got stuck in traffic. But don't worry, the baby is fine. I'm just running a little behind.",joy
15315,Joey,"Hey, hey, hey! Let's not worry about it, guys. We're all just happy to be here, right?",neutral
15315,Monica,"I'm just worried about Rachel, that's all. She's having a hard time with the pregnancy.",joy
15315,Chandler,"Rachel, you're not going to, like, pop or something, are you? Because that would bequite the party.",anger
15315,Rachel,"Chandler, that's not funny! And Monica, stop worrying so much. I'm fine, really.",anger
18046,Phoebe,"Oh my god, I just found out my father isis*gulp*alive!",fear
18046,Monica,What? How did you find out? Is it true?,fear
18046,Phoebe,I was looking through some old records and I saw his name listed as my father. I couldn't believe it!,surprise
18046,Rachel,That's amazing! What are you going to do now?,joy
18046,Joey,"Yeah, and we have to celebrate! I'll order some pizza!",joy
18046,Chandler,And maybe we can even get Phoebe to sing a song about it!,joy
18046,Phoebe,"Oh, I'd love that! And maybe I can even find my father and meet him for the first time.",joy
14573,Monica,"I'm really worried about finding a new job. I've been applying everywhere, but nobody seems to want to hire me.",fear
14573,Rachel,"I know how you feel, Monica. I've been struggling to find a job that fits my skills too. It's frustrating!",fear
14573,Joey,"Come on, guys! You're both being ridiculous. I've been doing okay with my acting career, and you can too!",anger
14573,Chandler,"Wait, what's this I hear? Joey's acting career is going well? That's a shock!",surprise
14573,Phoebe,"Yeah, I've been trying to convince him to join my massage therapy business instead, but he's stubborn.",surprise
14573,Ross,"I think we're getting a bit sidetracked here. Monica, have you considered freelancing or starting your own business?",neutral
18448,Monica,"Oh no, have you guys seen the baby name list we got from the doctor? I'm freaking out!",fear
18448,Rachel,"Uh, yeah, I saw it. It's got some pretty weird names on it.",neutral
18448,Ross,"Wait, what's wrong with the names? I think 'Benedict' is a great choice!",surprise
18448,Monica,"Are you kidding me, Ross? Benedict? That's like naming a kid after a saint or something!",joy
18448,Joey,"Hey, I think 'Benedict' is a great name! I mean, it's got a certainje ne sais quoi.",surprise
18448,Chandler,"Oh, come on, Joey, don't be ridiculous. 'Benedict' is a terrible name. Can we just pick something normal, likelike 'Timmy'?",surprise
17280,Monica,"Guys, have you noticed how much coffee I've been drinking lately?",fear
17280,Joey,What's the big deal? It's just coffee.,neutral
17280,Monica,I'm worried about my caffeine intake. I don't want to end up like Phoebe's mom.,fear
17280,Chandler,"Wait, Phoebe's mom is addicted to coffee? I had no idea!",surprise
17280,Phoebe,"Yeah, and now I'm worried too. I didn't realize I was drinking that much.",surprise
17280,Rachel,I think we're all just a little worried about our coffee habits.,neutral
12924,Monica,"Oh no, have you seen the seating chart for the wedding?",fear
12924,Rachel,What's wrong? It's just a few tables.,joy
12924,Phoebe,"Wait, what's with the bagpipes? Are they for real?",surprise
12924,Joey,"Yeah, Ross got a Scottish friend who's playing them.",surprise
12924,Chandler,This is going to be a long wedding.,surprise
12924,Monica,At least the food will be good.,joy
13378,Monica,"Oh no, we're going to have to move to a new apartment because our lease is up!",fear
13378,Joey,What's the big deal? We'll just find a new place. It's not like it's the end of the world!,anger
13378,Chandler,"Yeah, and what's with the drama, Monica? It's just an apartment.",anger
13378,Rachel,"I don't know, guys. I'm really attached to our current apartment. It's been our home for so long.",anger
13378,Phoebe,"I'm just happy to be moving, no matter what. I'm so sick of this place!",anger
13378,Ross,"Alright, let's just take a deep breath and focus on the positives. We'll find a great new place, and this will be a great opportunity for us to start fresh.",neutral
17154,Joey,"Oh man, I'm so nervous about my audition for that new TV show. I don't know if I can do it.",fear
17154,Chandler,"Yeah, I can totally relate. I'm going crazy thinking about my own job interview. What if I mess up?",fear
17154,Monica,"Guys, you're both being ridiculous. It's just an audition, it's not a big deal.",neutral
17154,Rachel,I agree with Monica. You both need to calm down. It's not like it's the end of the world if you don't get the part.,neutral
17154,Ross,Ha! You guys are so competitive. Remember when I got a promotion at the museum and you both freaked out?,joy
17154,Phoebe,Oh yeah! And then we all went out and celebrated with drinks and stories about our own sibling rivalry. Good times!,joy
14069,Monica,"Guys, I'm really nervous about my upcoming therapy sessions. What if I say something stupid?",fear
14069,Rachel,"Oh, Monica, you'll be fine! You're always so put together. Plus, we're all here for you.",joy
14069,Joey,"Yeah, and who knows, you might even learn some new things about yourself.",neutral
14069,Monica,"I don't know, guys. I'm just really worried about what my therapist will think of me. What if I'm not normal?",fear
14069,Chandler,"Monica, you're normal. You're just a littlehigh-strung.",neutral
14069,Phoebe,"Hey, Monica! I had the best therapy session last week! My therapist told me I'm a 'free spirit'!",joy
13213,Monica,"Guys, I had the craziest dream last night. I was sleeping with Chandler and he was snoring so loudly I was terrified!",fear
13213,Rachel,"Ugh, that's disgusting! I don't want to think about it.",disgust
13213,Joey,"Gross! Monica, why would you even have a nap with Chandler? He's like a slob!",disgust
13213,Phoebe,"Wait, what? You two were having a nap together? That's insane!",surprise
13213,Ross,"Haha, this is great! I always knew Chandler was a little weird. Did you guys at least have a nice nap?",joy
13213,Chandler,"Hey, what's going on? Why's everyone staring at me?",surprise
11990,Chandler,"Guys, have you seen that guy who runs around the apartment complex without a shirt on?",fear
11990,Monica,"Ugh, don't remind me. I saw him last week and almost had a heart attack.",sadness
11990,Chandler,"Yeah, I know, right? I'm surprised we haven't seen him on the cover of the New York Post yet.",fear
11990,Phoebe,"Hey, I saw him yesterday and I'm pretty sure he waved at me!",joy
11990,Rachel,That's so weird. I'm just going to pretend I didn't see him.,neutral
11990,Joey,"I know, right? I'm just going to enjoy the show.",neutral
13927,Monica,"Guys, I have the worst feeling about Rachel and Joey's relationship. It's going to end badly, mark my words.",fear
13927,Chandler,"Aww, come on Monica. Rachel and Joey are happy. Don't be such a worrywart.",neutral
13927,Joey,"Hey, hey, hey. We're really happy, Rach and I. Don't listen to Monica's doom and gloom.",neutral
13927,Rachel,"I know, I know. It's not going to last. I can feel it. Joey's already getting too clingy.",sadness
13927,Phoebe,"Rachel, honey, you're being dramatic. Joey's a great guy. Just relax.",sadness
13927,Monica,I told you so. It's already falling apart. They're fighting all the time.,sadness
14368,Joey,"Guys, I'm freaking out. I just found out that if we split the cost of lottery tickets, we can each buy a bunch more.",fear
14368,Chandler,What's there to be afraid of? It's just a stupid lottery ticket.,anger
14368,Monica,"I don't know, Chandler. I'm not comfortable with the idea of spending our money like this.",anger
14368,Rachel,I don't see what the big deal is. We're all in this together.,anger
14368,Phoebe,"Okay, let's not fight about it. Can we just talk about the pros and cons?",neutral
14368,Ross,"Wait, did you guys hear about the couple that won the lottery last week? We could be that couple!",joy
18327,Monica,"Guys, I saw Ugly Naked Guy again today. I'm freaking out!",fear
18327,Rachel,"What?! Why are you so scared? He's just a weird guy, Monica!",anger
18327,Monica,"You wouldn't understand. I saw him walking down the street, and I almost vomited. I just can't believe this is happening again.",sadness
18327,Chandler,"Oh, come on, Monica. It's not that bad. We've seen worse, right? Like that time Joey ate a whole pizza by himself.",sadness
18327,Phoebe,"Wait, what's going on? What's all the fuss about?",surprise
18327,Joey,"Ew, Ugly Naked Guy? That's disgusting! How can someone live like that?",disgust
15150,Monica,"Oh my god, I just had the weirdest dream! I was at prom and Ross was making a total fool of himself in front of everyone!",fear
15150,Chandler,"Ha! Ross, making a fool of himself? That's like saying 'it's a nice day outside'! You know, Monica, you're just mad because you didn't get asked to prom.",anger
15150,Monica,"That's not fair, Chandler! I did get asked to prom, by Rachel's cousin, and it was a total disaster!",anger
15150,Joey,"Ugh, prom is just gross. Remember when I spilled that nacho cheese all over my tuxedo?",disgust
15150,Phoebe,"Wait, did someone say prom video? Can we watch it? I've always wanted to see Ross's infamous'smelly cat' performance!",surprise
15150,Rachel,"Okay, let's just calm down and have a look. It's just a video, guys.",neutral
12628,Rachel,"Oh my god, I'm so scared. What if we don't have any holiday memories to look back on this year?",fear
12628,Monica,"Rachel, don't worry. We'll make some new memories, I promise. We can plan a trip or something.",neutral
12628,Rachel,But what if we get stuck in some crazy traffic or something? I don't know if I can handle it.,fear
12628,Monica,"Okay, okay. We'll make a plan and stick to it. No traffic will ruin our holiday memories.",neutral
12628,Joey,"Hey, hey! I just got a great idea! Let's have a holiday party and invite all our friends! It'll be so much fun!",joy
12628,Chandler,"Oh, great idea, Joey. Because nothing says 'holiday memories' like a bunch of hungover people singing 'Jingle Bell Rock' off-key.",anger
12628,Monica,"Oh, come on, Chandler! It'll be fun! We can make some holiday cookies and play some games.",joy
12628,Rachel,"Ooh, I love holiday cookies! And games! This is going to be the best holiday season ever!",joy
12628,Chandler,"Fine, fine. But if we have to listen to one more rendition of 'All I Want for Christmas Is You', I'm leaving.",anger
12628,Monica,"Don't worry, Chandler. We'll make sure to play some of your favorite holiday tunes.",joy
18895,Monica,"Oh no, remember that time I spilled coffee all over my new white shirt at the coffee shop?",fear
18895,Rachel,"Uh, yeah, that was pretty mortifying. I think I felt more sorry for you than embarrassed",sadness
18895,Ross,You're both forgetting about the time I got caught wearing a 'Mac and C.H.E.E.S.E.' t-shirt to a fancy dinner,anger
18895,Joey,"Hey, hey, hey, let's not forget about the time I accidentally superglued my shoes to the floor during a audition",neutral
18895,Chandler,"Okay, okay, but have you guys ever seen Monica's 'I'm a little tea pot' dance?",joy
18895,Phoebe,"Oh, yeah, and don't forget about the time Joey tried to impress a girl by pretending to be a doctor!",joy
16678,Joey,"Whoa, Monica's making candy for the neighbors? That's crazy!",fear
16678,Monica,"What's wrong, Joey? It's just a little something to bring some joy to our neighbors.",sadness
16678,Rachel,"Oh, poor Monica. She's always putting others before herself.",sadness
16678,Chandler,"Yeah, and she's going to end up with a kitchen full of sticky candy and a bunch of cranky neighbors.",sadness
16678,Phoebe,"Wait, what's that noise? Sounds likea sugar rush!",surprise
16678,Monica,"Ah, it's just the candy melting. I think I might have gotten a little carried away.",neutral
12030,Monica,"Oh my god, did you guys hear about Joey's new hand twin in Las Vegas?",fear
12030,Rachel,What's going on? Who is this hand twin?,neutral
12030,Chandler,"I don't know, but I'm sure it's some kind of scam.",neutral
12030,Monica,What if it's real? What if Joey's lost his mind?,fear
12030,Joey,"Hey, hey, it's real, I swear! And I'm making a fortune off it.",neutral
12030,Phoebe,"Well, I guess it's a unique business opportunity.",neutral
15702,Monica,"Oh no, I just remembered I forgot to buy the turkey!",fear
15702,Rachel,What?! How could you forget something so important?,surprise
15702,Chandler,"Well, at least it's not as bad as the time Ross tried to cook a turkey on the grill",surprise
15702,Joey,"That's not funny, Chandler! This is a disaster!",anger
15702,Joey,"Monica, how could you be so irresponsible?",anger
15702,Monica,"Hey, I'm just as upset as you are! This is a nightmare!",anger
13298,Chandler,Monica's obsession with cleanliness is starting to freak me out.,fear
13298,Monica,"What's wrong, Chandler? I'm just trying to keep our apartment clean!",joy
13298,Joey,"Yeah, Monica's got some crazy cleaning habits. I love it!",joy
13298,Rachel,"Wait, what's that weird smell coming from the bathroom? Is Monica cleaning in there?",surprise
13298,Phoebe,I think it's just the new air freshener she got. She's obsessed with it.,neutral
13298,Ross,"You know, Monica, sometimes I think your obsession with cleanliness is just a way to avoid dealing with your emotions.",anger
12773,Monica,"Oh my god, have you guys seen the guest list for Rachel's wedding?",fear
12773,Joey,What's wrong? Why are you freaking out?,fear
12773,Monica,"I don't know, it's just that there are so many people invited, and the venue is so smallI'm worried it's going to be a disaster",sadness
12773,Chandler,"Ew, have you seen the catering menu? They're serving 'bruschetta'ugh",disgust
12773,Phoebe,"Oh, come on, Chandler, it's just a little appetizer",disgust
12773,Monica,I think we need to focus on the bigger picture herelet's try to stay positive,neutral
18211,Joey,"Oh my god, have you guys seen that guy walking around in his birthday suit?",fear
18211,Chandler,Ha! Ugly Naked Guy strikes again! I love it.,joy
18211,Monica,"Ew, I don't think that's funny, Chandler. It's creepy.",joy
18211,Phoebe,"Wait, what's going on? Did someone just flash the whole coffee shop?",surprise
18211,Rachel,"Oh my god, I'm dying over here! This is the most ridiculous thing I've ever seen.",joy
18211,Ross,"I know, right? I've never seen anything like it. I'm just glad I wasn't the one who saw it first.",joy
12406,Monica,"Oh my god, Ross is using 'unagi' defense technique again!",fear
12406,Chandler,"Yeah, and it's going to get him into trouble, mark my words.",fear
12406,Joey,"Hey guys, what's going on? Did someone say 'unagi'?",neutral
12406,Phoebe,"Oh, yeah! I heard Ross is using it to get out of buying us dinner.",neutral
12406,Rachel,"Ugh, that's so cheap, Ross! Why can't he just admit he's wrong?",anger
12406,Monica,"And now the waiter is coming! Ross, you're going to get caught!",surprise
18496,Monica,The cheesecake is on the floor.,fear
18496,Ross,"Oh no, it's ruined!",fear
18496,Joey,"We can still eat it, it's just a little messy!",joy
18496,Rachel,I don't know if I want to eat it now.,neutral
18496,Chandler,"It's still cheesecake, let's just clean it up.",neutral
18496,Phoebe,"Yeah, I don't think that's a good idea.",neutral
17188,Monica,"Guys, I'm freaking out! I just found out that David Beckham is going to be on the new season of Baywatch!",fear
17188,Rachel,"Aww, don't worry Monica! You're going to be so excited to see him! I have a crush on Ryan Phillippe, have you seen him in Cruel Intentions?",joy
17188,Monica,"Ugh, Rachel, you're not helping! I'm already having trouble sleeping because of David Beckham's dreamy eyes",fear
17188,Joey,"Hey, hey, hey! Let's not forget about Matt LeBlanc! I mean, have you seen him in those early seasons of 'Joey'?",joy
17188,Chandler,"Ugh, guys, can we please focus on something else? This celebrity crush talk is getting old.",neutral
17188,Monica,"Aww, come on Chandler! It's fun! And speaking of fun, I just found out that David Beckham is going to be at the new coffee shop in town! Who's up for a coffee date?",joy
12401,Rachel,"I'm so nervous about this blind date, what if it's a total disaster?",fear
12401,Monica,"Don't worry, Rach, it's just a date. You'll be fine.",neutral
12401,Joey,"Yeah, and if it doesn't work out, we'll just grab some pizza and laugh about it!",joy
12401,Chandler,"Ugh, blind dates are the worst. Can't we just go to a bar and pick up someone ourselves?",anger
12401,Phoebe,"Whoa, did you guys hear that? The date just walked in with a pet monkey!",surprise
12401,Rachel,"Oh my god, this is insane! But I think I'm actually having fun.",joy
17721,Rachel,"Guys, I have a bad feeling about this.",fear
17721,Phoebe,"What's wrong, Rach?",fear
17721,Monica,"Hey, what's going on? Can we just calm down?",neutral
17721,Chandler,"Yeah, let's just take a deep breath.",neutral
17721,Joey,What's going on? What's wrong?,fear
17721,Rachel,"Joey, we have to tell you something.",fear
19102,Rachel,"I'm so nervous about this, what if we mess everything up?",fear
19102,Monica,"We've been preparing for this for months, we'll be fine.",neutral
19102,Joey,"You're both crazy, you're adopting kids, not buying a new pair of shoes!",anger
19102,Chandler,"Oh, great, now Joey's an expert on adoption.",fear
19102,Joey,"Hey, I'm just saying, it's a big responsibility!",anger
19102,Phoebe,"Guys, can we just focus on the positive? We're going to make amazing parents.",neutral
15189,Chandler,"Oh man, I'm so scared that Joey's going to pull off the ultimate prank on me.",fear
15189,Chandler,"I mean, the guy's a master of messing with people.",fear
15189,Monica,"Hey guys, what's going on? Why's everyone so tense?",neutral
15189,Joey,You're just mad because you know I'm planning something huge.,anger
15189,Joey,"You're going down, Chandler!",anger
15189,Joey,And don't even get me started on your stupid 'Could I BE any more?' catchphrase.,anger
14079,Monica,"Oh no, it's New Year's Eve and we still haven't made any resolutions.",fear
14079,Rachel,"I'm really disappointed, I was hoping we could all start fresh together.",sadness
14079,Joey,"Whoa, wait a minute! I just had the craziest idea! We should resolve to eat one healthy meal a day!",surprise
14079,Chandler,"That's ridiculous, Joey. We're not going to become health nuts just because the calendar flips.",anger
14079,Phoebe,"Oh, come on guys! It's just a fun challenge. And I have an idea for a new business venture!",surprise
14079,Ross,"That's amazing, Phoebe! And I have a resolution to finally get my paleontology career off the ground.",joy
12153,Rachel,"Oh my god, did you hear about Joey's hernia? I'm so worried about him!",fear
12153,Monica,"I know, it's terrible! I'm scared too. What if it's serious?",fear
12153,Chandler,Gross! Hernias are somessy. I don't want to think about it.,disgust
12153,Ross,"That's ridiculous! Joey's a big boy, he can handle it. We should all go support him!",anger
12153,Joey,"Hey, hey, guys. Thanks for worrying about me. I'll be fine, really.",neutral
12153,Monica,"Okay, okay. We're just glad you're going to be okay. Let's focus on supporting you.",neutral
16983,Joey,"Guys, I just set the kitchen on fire again",fear
16983,Chandler,"What did you do now, Joey?",anger
16983,Monica,"Joey, how many times do I have to tell you to read the recipe?",anger
16983,Rachel,I'm so tired of cleaning up after your cooking disasters,anger
16983,Phoebe,"Okay, let's just calm down and order some pizza",neutral
16983,Ross,I'm starting to think Joey's cooking is a form of psychological warfare,fear
13930,Monica,"Oh my god, have you seen Ugly Naked Guy walking around the building again?",fear
13930,Rachel,"What? No, I haven't. Why are you always so freaked out about him?",sadness
13930,Monica,"Because he's just sougly. And naked. It's like, what's he even doing?",sadness
13930,Joey,"Gross, Monica. That's disgusting. I'm gonna go grab a sandwich, I need some lunch.",disgust
13930,Chandler,"You know, I've seen him around. And I have to say, it's not as bad as everyone makes it out to be. I mean, he's just a guy.",anger
13930,Phoebe,"Hey, guys, can we please just focus on something else? This conversation is getting weird.",neutral
14709,Joey,"Oh no, we're gonna be late for the party!",fear
14709,Chandler,"Come on, it's just a party, we'll be fine!",joy
14709,Monica,"I'm just trying to get everyone's bags packed, let's focus.",neutral
14709,Ross,"Wait, what's that noise? Sounds like a fire alarm!",surprise
14709,Rachel,"That's it, I've had enough of this chaos! You're all a bunch of incompetent fools!",anger
14709,Monica,"Rachel, stop yelling! We're all trying our best here!",anger
11072,Monica,"Oh no, we can't decide on a name for the baby! What if we get it wrong?",fear
11072,Joey,"Hey, it's just a name, what's the big deal?",neutral
11072,Chandler,I think Joey's got a point. It's not like we're naming a country or something.,neutral
11072,Rachel,"You guys are ridiculous! We're naming our own child, not a country! And I think we should name it after my grandmother, Helen.",joy
11072,Ross,"Uh, I don't think that's a good idea, Rachel. I mean, what if Helen is a boy?",neutral
11072,Monica,"Oh no, I was so worried about getting it wrong, and now we're going to have to start all over again!",fear
17508,Joey,"Guys, I'm really worried about Monica and Chandler. They're acting so weird lately.",fear
17508,Rachel,What do you mean? They're just being their usual quirky selves.,joy
17508,Monica,"Oh, you're right! I'm so excited to finally be with Chandler. We're going to be a great couple!",joy
17508,Phoebe,"Okay, let's not get ahead of ourselves. What's going on with you two, anyway?",neutral
17508,Chandler,"Nothing's going on, Phoebe. Just hanging out, you know.",neutral
17508,Joey,"Come on, guys. You can't fool me. I know you're hiding something. And it's freaking me out.",fear
12321,Joey,"Oh man, I just found out I have to go to therapy",fear
12321,Chandler,"What's wrong with you? You're a grown man, Joey. You can't handle a little therapy",anger
12321,Monica,"Guys, calm down! It's just a session to help us deal with our issues",surprise
12321,Ross,"I think it's a good idea, actually. I've been going for a few months now, and it's really helped me work through some things",neutral
12321,Phoebe,"I've been going for years, and I still can't get over the fact that my mom used to make me play the accordion for hours every day",sadness
12321,Rachel,"Ugh, that's disgusting. I don't know how you put up with that, Phoebe",disgust
18506,Joey,"Oh no, oh no, oh no! What have we done?! We're gonna get in so much trouble!",fear
18506,Monica,"Guys, calm down! It's not that bad. We can just",joy
18506,Chandler,"Yeah, and think of all the great memories we'll make on this new couch!",joy
18506,Phoebe,"I know, right? It's gonna be so much fun! We can have game nights and movie nights and!",joy
18506,Ross,You guys are insane! We're going to have to pay for this! It's a huge mistake!,anger
18506,Rachel,"I don't know about all of you, but I'm just glad we're all together and having fun. Can we just enjoy the moment?",neutral
14561,Monica,"Guys, can we talk about something?",fear
14561,Rachel,"What's going on, Monica? You're freaking me out.",sadness
14561,Joey,"Whoa, what's going on? Did I miss something?",joy
14561,Chandler,"Surprise, surprise! You found out, Joey!",surprise
14561,Monica,"Oh, Joey, I'm so sorry. We didn't mean to keep it from you.",joy
14561,Joey,"Wait, what? This means I'm going to be a godfatheragain!",fear
19611,Chandler,also I was the point person on my company’s transition from the KL-5 to GR-6 system.,neutral
19611,The Interviewer,You must’ve had your hands full.,neutral
19611,Chandler,That I did. That I did.,neutral
19611,The Interviewer,So let’s talk a little bit about your duties.,neutral
19611,Chandler,My duties?  All right.,surprise
19611,The Interviewer,"Now you’ll be heading a whole division, so you’ll have a lot of duties.",neutral
19611,Chandler,I see.,neutral
19611,The Interviewer,But there’ll be perhaps 30 people under you so you can dump a certain amount on them.,neutral
19611,Chandler,Good to know.,neutral
19611,The Interviewer,We can go into detail,neutral
19611,Chandler,No don’t I beg of you!,fear
19611,The Interviewer,"All right then, we’ll have a definite answer for you on Monday, but I think I can say with some confidence, you’ll fit in well here.",neutral
19611,Chandler,Really?!,surprise
19611,The Interviewer,Absolutely.  You can relax,neutral
19612,Joey,But then who? The waitress I went out with last month?,surprise
19612,Rachel,You know? Forget it!,sadness
19612,Joey,"No-no-no-no, no! Who, who were you talking about?",surprise
19612,Rachel,"No, I-I-I-I don't, I actually don't know",fear
19612,Joey,Ok!,neutral
19612,Joey,"All right, well...",neutral
19612,Rachel,"Yeah, sure!",neutral
19613,Chandler,"Hey, Mon.",neutral
19613,Monica,Hey-hey-hey. You wanna hear something that sucks.,neutral
19613,Chandler,Do I ever.,joy
19613,Monica,Chris says they’re closing down the bar.,sadness
19613,Chandler,No way!,surprise
19613,Monica,"Yeah, apparently they’re turning it into some kinda coffee place.",neutral
19613,Chandler,Just coffee! Where are we gonna hang out now?,disgust
19613,Monica,Got me.,sadness
19613,Chandler,Can I get a beer.,neutral
19613,Monica,"Hey, did you pick a roommate?",neutral
19613,Chandler,You betcha!,joy
19613,Monica,Is it the Italian guy?,neutral
19613,Chandler,"Um-mm, yeah right!",joy
19614,Phoebe,"Oh my God, oh my God! Poor Monica!",surprise
19614,Chandler,"What, what, what?!",surprise
19614,Phoebe,What?!,surprise
19614,Phoebe,He was with her when he wrote this poem.,neutral
19614,Phoebe,"Look,  'My vessel so empty with nothing inside.",neutral
19614,Phoebe,"Now that I've touched you, you seem emptier still.'",neutral
19614,Phoebe,"He thinks Monica is empty, she is the empty vase!",surprise
19614,Phoebe,"Oh, totally. Oh, God, oh, she seemed so happy too.",sadness
19614,Joey,Done.,neutral
19615,Rachel,Hey!,surprise
19615,Ross,Hi!,joy
19615,Rachel,What are you doing here?,surprise
19615,Ross,"Ah y'know, this building is on my paper route so I...",neutral
19615,Rachel,Oh.,neutral
19615,Ross,Hi.,neutral
19615,Rachel,Hi.,neutral
19615,Ross,How’d did it go?,neutral
19615,Rachel,"Oh well, the woman I interviewed with was pretty tough, but y'know thank God Mark coached me, because once I started talking about the fall line, she got all happy and wouldn’t shut up.",joy
19615,Ross,I’m so proud of you.,joy
19615,Rachel,Me too!,joy
19615,Ross,"Listen, I’m ah, I’m sorry I’ve been so crazy and jealous and, it’s just that I like you a lot, so...",sadness
19615,Rachel,I know.,neutral
19615,Ross,Yeah.,neutral
19615,Rachel,Yeah.,neutral
19616,Phoebe,Ameri-can.,neutral
19616,Joey,Ameri-ccan.,neutral
19616,Phoebe,Ameri-can. Y'know it’s a,neutral
19616,Sergei,Everybody!!,surprise
19617,Chandler,Good job Joe! Well done! Top notch!,joy
19617,Joey,You liked it? You really liked it?,surprise
19617,Chandler,"Oh-ho-ho, yeah!",joy
19617,Joey,Which part exactly?,neutral
19617,Chandler,The whole thing! Can we go?,neutral
19617,Joey,"Oh no-no-no, give me some specifics.",anger
19617,Chandler,"I love the specifics, the specifics were the best part!",joy
19617,Joey,"Hey, what about the scene with the kangaroo? Did-did you like that part?",neutral
19617,Chandler,I was surprised to see a kangaroo in a World War I epic.,surprise
19617,Joey,You fell asleep!!,anger
19617,Joey,There was no kangaroo!,anger
19617,Joey,They didn’t take any of my suggestions!,anger
19617,Joey,That’s for coming buddy.,neutral
19617,Joey,I’ll see you later.,neutral
19617,Chandler,Don’t go!,sadness
19617,Chandler,I’m sorry.,sadness
19617,Chandler,I’m so sorry!,sadness
19617,Chandler,Look!,surprise
19617,Chandler,This guy fell asleep!,anger
19617,Chandler,He fell asleep too!,anger
19617,Chandler,Be mad at him!,anger
19617,Chandler,"Or, call an ambulance.",anger
19618,Joey,"Okay, look, I think we have to tell Rachel she messed up her dessert.",neutral
19618,Ross,"What?! What is with everybody? It’s Thanksgiving, not...Truth-Day!",anger
19619,Phoebe,"Yes, and it is my dying wish to have that ring.",neutral
19619,Phoebe,"See, if I’m not buried with that ring then my spirit is going to wander the nether world for all eternity",neutral
19619,Chandler,"Okay, that’s enough honey!",neutral
19619,Customer,I don’t know.  Let me see the ring.,neutral
19619,Chandler,"Great! Okay, here.",joy
19619,Customer,All right.,neutral
19619,Chandler,Thank you. Thank you. Thank you!  And,joy
19620,Chandler,What've you been up to?,neutral
19620,Jade,"Oh, you know, the usual, teaching aerobics, partying way too much.",neutral
19620,Jade,"Oh, and in case you were wondering, those are my legs on the new James Bond poster.",neutral
19620,Chandler,Can you hold on a moment? I have another call.  I love her.,joy
19620,Ross,I know.,neutral
19620,Chandler,I'm back.,neutral
19620,Jade,"So, are we gonna get together or what?",neutral
19620,Chandler,"Um, absolutely. Uh, how 'bout tomorrow afternoon? Do you know uh, Central Perk in the Village, say, five-ish?",neutral
19620,Jade,"Great, I'll see you then.",neutral
19620,Chandler,Ok.  Ok. Having a phone has finally paid off.,joy
19620,Ross,"Even though you do do a good Bob impression, I'm thinkin' when she sees you tomorow, she's probably gonna realize, ""Hey, you're not Bob.""",neutral
19620,Chandler,"I'm hoping that when Bob doesn't show up, she will seek comfort in the open arms of the wry stranger at the next table.",neutral
19620,Ross,Oh my god. You are pure evil.,disgust
19620,Chandler,"Ok, pure evil , horny and alone . I've done this",anger
19621,Phoebe,Nobody!,anger
19621,Phoebe,Nobody respects the bucket!,anger
19621,Phoebe,You wouldn't believe what people put in here!,anger
19621,Phoebe,Look!,anger
19621,Phoebe,"Okay, does this look like a garbage can to you?",anger
19621,Monica,No.,neutral
19622,Ross,This is my wedding.,neutral
19622,Monica,"All right, y’know what? We really are late! Let’s go! Let’s go! Let’s go!!",anger
19622,Ross,Fine. You’ll-you’ll watch it on video when we get back.,neutral
19622,Chandler,Here you go Phoebe! Here you go Phobo! Phewbedo! Phaybobo.,joy
19622,Phoebe,Thank you.,neutral
19622,Phoebe,Thank you.,neutral
19622,Ross,"All right, let’s go! Bye, Pheebs!",joy
19622,Joey,"Bye, Pheebs!",joy
19622,Joey,London baby!!,joy
19622,Phoebe,"Oh, do you need a hug? You don’t have to bring me anything!",joy
19623,Chandler,Hey!,neutral
19623,Joey,Hey! So Estelle lined up a bunch of auditions for me tomorrow and I’ll have my health insurance back in no time.,joy
19623,Chandler,"That’s great, but shouldn’t you be on the toilet right now?",disgust
19623,Joey,What?!,surprise
19623,Chandler,What’s wrong with you?,disgust
19623,Joey,Nothing!,neutral
19623,Joey,"Well, I-I got this blinding pain in my stomach when I was lifting weights before, then I uh passed out and uh, haven’t been able to stand up since.",fear
19623,Joey,"But um, I don’t think it’s anything serious.",neutral
19623,Chandler,This sounds like a hernia. You have to—you-you go to the doctor!,surprise
19623,Joey,"No way! ‘Kay look, if I have to go to the doctor for anything it’s gonna be for this thing sticking out of my stomach!",fear
19623,Chandler,That’s a hernia.,disgust
19623,Joey,Why did I have to start working out again?  Damn you 15s!,anger
19624,Mona,I love your place! Where is this guy from?,joy
19624,Ross,Uh that’s an eighteenth century Indian artifact from Calcutta.,neutral
19624,Mona,"Oh wow! So, you’re more than just dinosaurs.",surprise
19624,Ross,So much more.,neutral
19625,Ross,"Well, well to sum up, we’re having fun, you look young.",neutral
19625,Mona,Okay,neutral
19625,Ross,But that’s not enough. So… So…here’s a key to my apartment.,neutral
19625,Mona,Really?!,surprise
19625,Ross,Really.,neutral
19625,Mona,You don’t think this is too fast.,neutral
19626,Ross,Get Out!,anger
19626,Charlie,"Ross, can I talk to you for a minute?",neutral
19626,Ross,"Yes, please!  So, what's going on?",neutral
19626,Charlie,"Uh, well... Joey and I broke up.",sadness
19626,Ross,"Oh my God, wh-what happened?",surprise
19626,Charlie,"Joey is a great guy, but we're just... so different! I mean, during your speech he kept laughing at homo erectus!",sadness
19626,Ross,I knew that was him!,anger
19626,Charlie,"Anyway I just, uh, I think it's for the best.",sadness
19626,Ross,"Hey, you ok?",neutral
19626,Charlie,I guess.,sadness
19626,Charlie,There was hum...  there was another reason that I thought it was time to end it with Joey.,neutral
19626,Charlie,I started to realize that I was having feelings for someone  else.,neutral
19626,Paleontologist,"Ok Geller. Last day of the conference, you know what happens to the keynote speaker.",neutral
19626,Ross,"Oh, professor Clerk we're kind of in the middle of a conversation, here.",neutral
19626,Charlie,"Yeah, can you guys just throw him in the pool later?",neutral
19626,Professore Clerk,Or we could throw you both in,joy
19626,Ross,"Ok, gentlemen!",anger
19626,Ross,Please!,anger
19626,Ross,Aren't we a little old for this?,anger
19626,Ross,"I mean, we're scientists, right?",neutral
19626,Ross,We're academics.,anger
19626,Ross,And most importantly I... you-you will have to catch us first.,joy
19626,Ross,"GO, GO, GO!",joy
19627,Ross,"Go, go, go!",joy
19627,Rachel,"Oh yeah, now everybody wants to be under this hat!",joy
19627,Phoebe,Oy!!,disgust
19627,Monica,What’s with all this sand?,surprise
19627,Phoebe,"Oh, yeah, Bob said there might be flood damage.",neutral
19627,Ross,"Yeah, either that, or he has a really big cat.",neutral
19628,Joey,"Okay, see that blind guy right there? I'm gonna bash his head in later.",anger
19628,Joey,"Oh umm, my big scene is coming up. Big scene coming up.",joy
19628,Chandler,"If you said, ""Big lima bean, bubbling up."" Would she understand the difference?",neutral
19628,Monica,Rach? What are you doing?,neutral
19628,Rachel,"Oh boy, I just can't watch. It's too scary!",fear
19628,Monica,It's a diaper commercial.,neutral
19628,Rachel,"Oh yeah well, you know me, babies, responsibilities, ahhh!!!",fear
19628,Caitlin,Pizza delivery!,joy
19628,Ross,I'll get it! I will get that!,joy
19628,Caitlin,Hi!,joy
19628,Ross,Hi!,joy
19629,Ross,"Hey, you wanna get something to eat or uh, do you wanna see how long we can throw this ball back and forth? Huh?",neutral
19629,Joey,"Uhh, the ball thing.",neutral
19629,Ross,Yeah?,neutral
19629,Joey,"Hey Ross, wouldn't it be great if we could go two straight hours without dropping it?!",joy
19629,Ross,"Uhh,",neutral
19629,Joey,Okay!,joy
19629,Joey,Uh-oh.,fear
19629,Ross,What?,neutral
19629,Joey,I have to pee. And Rachel's in the bathroom!,sadness
19629,Joey,"Man, I didn't think we were gonna make it!",surprise
19629,Ross,"I know!  Don't switch hands, okay?",fear
19630,Joey,Hey.,neutral
19630,Phoebe,Hey!,neutral
19631,Rachel,How did it go with Erin?,neutral
19631,Joey,"Oh, unbelievable! We had the best time!",joy
19631,Phoebe,"Yay!! Oh so, you’re not, you’re not mad at us anymore?",joy
19631,Joey,No!,joy
19631,Joey,No!,joy
19631,Joey,No!,joy
19631,Joey,You guys were totally right!,joy
19631,Joey,This is so much better than the first time we went out.,joy
19631,Joey,Y’know?,neutral
19631,Joey,"That was so awkward, we were really nervous.",neutral
19631,Phoebe,Didn’t you sleep together?,neutral
19631,Joey,"Yeah, that really calms me down.",neutral
19631,Joey,And!,joy
19631,Joey,We have so much in common!,joy
19631,Joey,"She loves sandwiches, sports, although she is a Met fan, not much of an issue now but if we were ever to have kids, well that’s a",joy
19631,Rachel,"Oh my God! Listen to you talkin’ about having kids. Oh my Joey.  Oh, please don’t get married before I do.",surprise
19631,Joey,Okay.,neutral
19632,Monica,How does she do that?,surprise
19632,Ross,I cannot sleep in a public place.,neutral
19632,Monica,Would you look at her? She is so peaceful.,joy
19632,Phoebe,Oh! What what what! ...Hi.,surprise
19632,Ross,"It's okay, y'know, you just nodded off again.",neutral
19632,Monica,What's going on with you?,surprise
19632,Phoebe,I got no sleep last night!,anger
19632,Ross,Why?,neutral
19632,Phoebe,"My grandmother has this new boyfriend, and they're both kind of insecure in bed.",disgust
19632,Phoebe,"Oh, and deaf.",neutral
19632,Phoebe,"So they're constantly, like, having to reassure each other that they're having a good time.",neutral
19632,Phoebe,You have no idea how loud they are!,disgust
19632,Monica,"Well, if you want, you can stay with Rachel and me tonight.",neutral
19632,Phoebe,Thanks.,joy
19633,Joey,Ew! What is that? Something exploded!,disgust
19633,Nurse,"It's just her water breaking. Calm down, will you?",neutral
19633,Joey,"Water breaking, what do you mean? What's that, water breaking?",surprise
19633,Nurse,"Breathe, breathe, breathe.",neutral
19634,Monica,"Are you insane? I mean Joey, is going to kill you, he’s actually going to kill you dead.",surprise
19634,Chandler,Okay! You don’t think I thought of that?,anger
19634,Phoebe,How can you not know which one?,surprise
19634,Rachel,I mean that’s unbelievable.,joy
19634,Monica,"I mean, was it Gina?",neutral
19634,Ross,Which one is Gina?,neutral
19634,Rachel,"Dark, big hair, with the airplane earrings.",neutral
19634,Monica,"No, no, no, that’s Dina.",neutral
19634,Chandler,"You see you can’t tell which one is which either, dwha!!",surprise
19635,Rachel,"I don’t know, you thought ‘See you Saturday’ was funny.",neutral
19635,Rachel,"Look honey, Mark is in fashion okay, I like having a friend that I can share this stuff with.",neutral
19635,Rachel,You guys would never want to go to a lecture with me.,neutral
19635,Ross,Pa-haa!! I would love to go with you.,joy
19635,Rachel,Really!?,surprise
19635,Ross,"Yeah, hey I-I have clothes, I even pick them out.",neutral
19635,Ross,"I mean for, for all you know I could be a fashion..... monger.",neutral
19635,Rachel,"Okay. Honey, I would love for you to go with me.  What?",joy
19635,Ross,"What should I wear, now I’m all nervous.",fear
19636,Mr. Treeger,": I know, we did it!! Hey, that was incredible, huh?!",joy
19636,Joey,"I know, it was amazing! I mean, we totally nailed it, it was beautiful.",joy
19636,Mr. Treeger,": Thank you, listen, thanks a lot Tribbiani, . Oh my God, look at the time, I gotta catch the bus to the ball.",joy
19636,Joey,"Oh well, okay, good luck.",joy
19636,Mr. Treeger,: Yeah.,neutral
19636,Joey,Unless you wanna practice the Foxtrot again? Or-or the Tango?,neutral
19636,Mr. Treeger,": Ahh, thanks but no. You see I-I think I’m ready to dance with girls.",neutral
19636,Joey,Okay.,neutral
19636,Mr. Treeger,: Yeah.,neutral
19636,Joey,Go get ‘em Treeger.,neutral
19636,Mr. Treeger,": Right.  Hey, ahh, you wanna come? Marge has a girlfriend.",neutral
19636,Joey,Really?,surprise
19636,Mr. Treeger,": Yeah, you could dance real good with her, she’s the same size as me.",neutral
19636,Joey,"No, I’m good.",neutral
19637,Ross,"Oh God, this is so nerve wracking! How-how do you do this?",surprise
19637,Joey,"Well, unfortunately, I don't get many callbacks so",neutral
19637,Carol,Is it a good sign that they asked us to hang around after the audition?,surprise
19637,Joey,Who knows?,neutral
19637,The Casting Director,"Okay uh, we have narrowed it down to Raymond, Ben, Kyle, and Joey. The rest of you, thank you very much.",neutral
19637,Ross,Yes!! I knew it!!  Bye-bye! So long! Later!,joy
19637,Joey,Oh this is great! I might actually get to play Ben's dad!,joy
19637,Ross,Yeah!,joy
19637,The Casting Director,"Actually, that can't happen.",neutral
19637,The Casting Director,"Yeah because you all have such different looks, we're putting you with Raymond and Kyle with Ben.",neutral
19637,The Casting Director,So it'll be either you two  or you two.,neutral
19637,Joey,"Man, this is gonna be kinda weird.",sadness
19637,Ross,"Yeah, it is.",neutral
19637,Ross,"No, we-we're gonna be like best friends, that's why it's gonna be weird.",neutral
19638,Monica,"Okay, come on, I can't get married until I get something old, something new, something borrowed, and something blue.",sadness
19638,Chandler,"Okay, all right, all right, all right! Okay!  Okay, here's something, here's something blue and new.",joy
19639,Ross,Please!,anger
19639,Ross,Are you kidding?,anger
19639,Ross,"I-I hurt three huge men, I gave a guy a bloody nose—I mean I-I’m not proud of it but, I really am.",anger
19639,Ross,"And it’s all because of you, wonderful, amazing you.",joy
19639,Emily,I think you’ve got concussion.,fear
19639,Ross,"No, no, I’m serious. Thank you.",joy
19639,Emily,You’re welcome.  I’m sorry. Did I hurt you?,fear
19639,Ross,"It’s worth the pain.  Y’know what, you know what? It’s not.",sadness
19640,Monica,Wow! That Mike thing was interesting! I don't know what's gonna happen with Phoebe and David.,surprise
19640,Chandler,"I do! Want a hint? huh? ""I do""  ""I do"".",joy
19640,Monica,"Ok, I'm sensing that this is some kind of word play, because you are pink with barely controlled glee.",neutral
19640,Chandler,David is going to propose to Phoebe.,joy
19640,Monica,What?  Why?,surprise
19640,Monica,"Chandler, we have talked about this.",anger
19640,Monica,You are not supposed to give people advice!,anger
19640,Monica,Now couldn't you just have made some sort of inappropriate joke?,anger
19640,Chandler,I,neutral
19640,Monica,They've only been going out for a few weeks and Phoebe is completely hung up on Mike!,anger
19640,Monica,"She'll say ""No"", David's heart will be broken, it will be too hard for them to recover from and then Phoebe will end up alone",anger
19640,Chandler,"Man, that's some",surprise
19640,Ross,"Oh, that's not what you want...",neutral
19641,Elizabeth,"This is my father, Paul Stevens. Dad, this is Ross Geller.",neutral
19641,Ross,It-it’s great to meet you Paul.,joy
19641,Paul,I usually prefer Elizabeth’s boyfriends to address me as Mr. Stevens.,neutral
19641,Ross,"Of course, of course, Mr. Stevens.",neutral
19641,Paul,"So Ross, what your problem?",anger
19641,Ross,Eh-wh—Excuse me?,surprise
19641,Paul,Why can’t you get a girlfriend your own age?,anger
19641,Ross,That’s funny. Umm….  It’s not funny.,fear
19641,Paul,I,neutral
19641,Ross,Okay.,neutral
19641,Ross,"I can, I can see that.",neutral
19641,Ross,"Umm, but I think if you give me umm, one chance I can, I can change your mind.",fear
19641,Paul,Okay.,neutral
19641,Ross,What?,neutral
19641,Paul,Okay. I’ll give you one chance to change my mind.  You got one minute.,anger
19641,Elizabeth,Daddy!,surprise
19642,Joey,"Oh well, it’s not on TV yet.",neutral
19642,The Dry Cleaner,"Well, then it’s not on the wall yet.",neutral
19642,Joey,"Okay, fine, I will bring you a tape, huh?",neutral
19642,Phoebe,"So umm, now do you have any of Matt Lauer’s clothes here? Maybe? Just ones that haven’t been cleaned yet?",neutral
19643,Joey and Chandler,Ooooohh!,surprise
19643,Phoebe,"Oh yeah, I'm sure.  And all of a sudden his hands weren't the problem anymore.",neutral
19643,Monica,Was it...?,surprise
19643,Phoebe,"Oh, boy scouts could have camped under there.",neutral
19643,Rachel,"""Ooo,"" what?",surprise
19643,Phoebe,Uma Thurman.,neutral
19643,Monica,Oh!,surprise
19643,Ross,The actress!,surprise
19643,Ross,Thanks Rach.,neutral
19643,Chandler,So what are you gonna do?,surprise
19643,Ross,You have to tell her!,joy
19643,Ross,You have to tell her!,joy
19643,Ross,"It's your moral obligation, as a friend, as a woman, I think it's a feminist issue!",anger
19643,Ross,Guys?,anger
19643,Ross,Guys?,anger
19643,Chandler,"Oh, yeah, you have to tell her.",neutral
19643,Joey,Feminist issue. That's where I went!,neutral
19643,Phoebe,She is gonna hate me.,fear
19643,Ross,"Yeah, well...",neutral
19644,Chandler,Will you marry me?,fear
19644,Joey,It’s the big night! We wanted to wish you good luck!,joy
19644,Ross,"Yeah, yeah you have the ring?",neutral
19644,Chandler,"Yeah, right here in my pocket.  Pheebs?",neutral
19644,Phoebe,Oh! Oop!,surprise
19644,Chandler,"Okay, now will you guys get out of here? I want this is to be a surprise and she’s gonna know.",neutral
19644,Ross,Yeah-yeah you guys. Get out of here!,neutral
19644,Monica,Hi guys.,neutral
19644,Chandler,You are beautiful.,joy
19644,Monica,"Oh, thank you!   What’s going on?",joy
19644,Rachel,We’re just really…very excited about this charity event that we have to go to.,neutral
19645,Rachel,"Okay umm, Ross?",neutral
19645,Rachel,"I'm-I'm really warm, so I'm going to be taking off my sweater.",neutral
19645,Rachel,"Now, I'm just letting you know that this is",neutral
19645,Ross,Yep! That's hilarious!,joy
19645,Rachel,I'm sorry. I'm done. I'm done.,neutral
19645,Ross,"Y'know, last night was embarrassing for you too.",neutral
19645,Rachel,"No, not really. I mean you've seen me naked hundreds of times.",neutral
19645,Ross,Uh-huh. But it was a first for the rest of my building.,neutral
19645,Rachel,"Okay. All right, that's true! But y'know I just don't embarrass that easily.",neutral
19645,Ross,What?! You totally get embarrassed!,surprise
19645,Rachel,"No, I don't! Ross, I think I'm just a more secure person than you are.",neutral
19645,Ross,Is that so?,neutral
19645,Rachel,Yeah.,neutral
19645,Ross,Hey lady! I don't care how much you want it! Okay?! I am,disgust
19646,Phoebe,I can’t believe it!,surprise
19646,Phoebe,I did it!,joy
19646,Phoebe,I rode a bike!,joy
19646,Phoebe,I never thought I’d be able to do that!,joy
19646,Phoebe,Thank you Ross.,joy
19646,Ross,"Oh hey, don’t thank me, thank yourself. You’re the one who faced her fears and ultimately overcame them.",joy
19647,Ross,"Hey, both you guys should be up there with me.",neutral
19647,Ross,"I mean, you two are-are my… I mean, I’m lucky to have just one good",neutral
19647,Chandler,Thanks man.,neutral
19647,Joey,I gotta go check something over here.,neutral
19647,Chandler,What a baby.,sadness
19647,Ross,Total wuss!,sadness
19648,Monica,"Okay, we have a lot of options here, a number of prototypes for you to try on.",neutral
19648,Joey,Wow! This looks great!,joy
19648,Monica,"Yeah! Okay, this one is a mushroom cap.  Umm, this one is made of bologna.",joy
19648,Joey,And-and-and-and-and the toothpicks?,disgust
19649,Monica,You kissed another woman!,anger
19649,Chandler,Call it even?!,neutral
19649,Monica,Okay!,joy
19649,Ross,"Well, I’m gonna go get these  in some water.",neutral
19649,Phoebe,Wait you stole those from these people’s wedding?,surprise
19649,Ross,"No-no, I took them from the hotel lobby.",neutral
19649,Ross,"Yeah, they think they can charge me for some dirty movie and a bag of Mashuga nuts, they got another think coming.",anger
19649,Ross,Hey!,surprise
19649,Ross,My sweater!,surprise
19649,Ross,I’ve been looking for this for like a month!,surprise
19649,Phoebe,Oh my God!!,surprise
19649,Joey,Oh my God!,surprise
19650,Kate,Happy?! Is that what I’m supposed to be Vic? Happy?,anger
19650,Joey,"Well, why don’t you tell me what you’re supposed to be!",anger
19650,Joey,Huh?,surprise
19650,Joey,Because I sure as hell can’t figure it out!,anger
19650,Joey,I talk to you and nothin’.,anger
19650,Joey,"You look at me, and it’s nothin’.",anger
19650,Joey,Nothing.,anger
19650,The Director,"Tasty! I’m really starting to feel like you guys have a history, it’s-it’s nice.",joy
19650,Kate,I have a question about this scene.,neutral
19650,The Director,Yes?,neutral
19650,Kate,"Well, I don’t understand why Adrienne’s attracted to Victor.",disgust
19650,The Director,"Peel the onion. First of all, he’s good looking.",neutral
19650,Joey,Yeah.,neutral
19650,Kate,I think my character’s gonna need a little bit more of reason than that.,neutral
19650,Joey,"Oh, hey, how about this one.",neutral
19650,Joey,"Ah, it’s says so in the script!",anger
19650,Joey,"Y'know ah, I-I don’t know why my character likes you either, I mean it says in the script here that you’re a bitch.",anger
19650,Kate,It doesn’t say that in the script.,anger
19650,Joey,It does in mine!,anger
19651,Phoebe,I can’t,anger
19651,Joey,Yeah! You gotta tell a girl before you tape her. Such a rookie mistake.,anger
19651,Chandler,Y’know who has a great video camera?,neutral
19651,Phoebe,Greg and Jenny?,neutral
19651,Monica,Do you still wanna call ‘em? I wanna call ‘em.,neutral
19651,Chandler,Let’s call ‘em.,neutral
19651,Joey,Yeah! Ask them if they brought their friends any souvenirs!,joy
19651,Monica,Hello?  Eighth street deli?,neutral
19651,Joey,"Hey, hang up! You get food poisoning just talkin’ to that place.",disgust
19651,Monica,"Uh sorry, wrong number.",fear
19651,Chandler,Here you go.,neutral
19651,Monica,Hello?   It’s the deli again!,surprise
19651,Joey,All right! I’ll have a sandwich!,joy
19651,Monica,I don’t think this number’s right!,sadness
19651,Rachel,Oh come on!!,sadness
19652,Mr. Tribbiani,"Gotta go. I miss you too, I love you, but it's getting real late now",sadness
19652,Joey,"Hey Ma. Listen, I made the appointment with Dr. Bazida, and... Excuse me?  Did you know this isn't Ma?",surprise
19652,Mr. Tribbiani,Her name's Ronni. She's a pet mortician.,neutral
19652,Joey,Sure. So how long you been...,neutral
19652,Mr. Tribbiani,"Remember when you were a little kid, I used to take you to the navy yard and show you the big ships?",neutral
19652,Joey,Since then?!,surprise
19652,Mr. Tribbiani,"No, it's only been six years.",neutral
19652,Mr. Tribbiani,I just wanted to put a nice memory in your head so you'd know that I wasn't always such a terrible guy.,neutral
19652,Mr. Tribbiani,...Joe.,neutral
19652,Mr. Tribbiani,Y'ever been in love?,neutral
19652,Joey,...I d'know.,neutral
19652,Mr. Tribbiani,Then y'haven't. You're burning your tomatoes.,neutral
19652,Joey,You're one to talk.,disgust
19652,Mr. Tribbiani,"Joe, your dad's in love big time. And the worst part of it is, it's with two different women.",neutral
19652,Joey,Oh man. Please tell me one of 'em is Ma.,disgust
19652,Mr. Tribbiani,"Of course, course one of 'em's Ma. What's the matter with you.",surprise
19653,Chandler,"Everything’s gonna be all right. Okay, Dick?",neutral
19653,Guru Saj,"Hello, I am Guru Saj--Whoa!!  That’s supposed to be a duck right? ‘Cause otherwise, this is waaay out of my league.",surprise
19654,Monica,"Hey, Rach, how was work?",neutral
19654,Rachel,"Oh, great. Although I did sit down where there wasn’t a chair.",neutral
19654,Monica,"By the way, Ross dropped by a box of your stuff.",neutral
19654,Rachel,"Oh, well, I guess I had that one coming.",neutral
19654,Rachel,"I’m just gonna throw it out, it’s probably just a bunch of shampoo and...",neutral
19654,Monica,Something wrong?,neutral
19654,Rachel,No. Nothing.,neutral
19655,Charlie,"And then, and then you said that thing about, about bringing the Mesozoic era in the 21st century.",neutral
19655,Ross,"Yeah, that's it?",surprise
19655,Charlie,Yeah.,neutral
19656,Joey,"Dude, I am sorry about what I said!",sadness
19656,Chandler,"No, no, you’re right, it is a ridiculous name!",disgust
19656,Joey,It’s not that bad.,neutral
19656,Chandler,"Yes it is! From now on, I have no first name.",anger
19656,Joey,"So, you’re just Bing?",neutral
19657,Monica,Because we won our apartment back!,joy
19657,Joey,"What? Ace is high! Jack, queen, king, ace!",surprise
19657,Monica,"No! Ace is low! Ace, two, three, four!",anger
19657,Phoebe,I don’t know. Ooh! Ooh! Look it!  Ah-ha!,surprise
19657,Rachel,"All right, cut, let’s pick again, pick again.",neutral
19657,Joey,Okay.,neutral
19657,Rachel,Come on apartment! Come on apartment!  Oh! I know queen is high!,anger
19657,Joey,"Uh-huh, not as high as… It worked! King!",surprise
19657,Chandler,Yeah baby!,joy
19657,Monica,"But, we pick again! We pick again!",joy
19657,Joey,Why?!,neutral
19657,Monica,I don’t know!,fear
19657,Chandler,Tickets please!  That’s courtside baby!,joy
19657,Joey,"Seriously, good game though. Good game.   What are they so mad about? They get the apartment back!",surprise
19657,Chandler,No they didn’t!,joy
19658,Chandler,"You know, I don't think we brought enough stuff. Did you forget to pack the baby's anvil?",neutral
19658,Joey,It's gonna be worth it.,neutral
19658,Joey,"It's a known fact that women love babies, all right?",neutral
19658,Joey,Women love guys who love babies.,neutral
19658,Joey,It's that whole sensitive thing.,neutral
19658,Joey,"Quick, aim him at that pack o' babes over there.",neutral
19658,Joey,Maybe one of them will break away.,neutral
19658,Joey,"No, no wait, for get them, we got one, hard left.",joy
19658,Joey,"All right, gimme the baby.",neutral
19658,Chandler,"No, I got him.",neutral
19658,Chandler,"Oh, seriously you want him?",surprise
19658,Joey,Hello.,neutral
19658,Chandler,"Well, don't, don't think me immodest, but, me?",surprise
19658,Joey,You wanna smell him?,neutral
19658,Joey,"Oh, yeah. He's got that great baby smell. Get a whiff of his head.",joy
19658,Joey,What'd I tell you? What'd I tell you?,joy
19658,Chandler,"Well, we are great guys.",neutral
19659,Rachel,Bye.,neutral
19660,Ross,"Well, not really.",neutral
19660,Ross,"I mean technically it’s-it’s not against the rules or anything, but it is frowned upon.",neutral
19660,Ross,"Especially by that professor we ran into last night, Judgey von Holierthanthou.",anger
19660,Monica,"Well Ross, you be careful now. You don’t want to get a reputation as y’know Professor McNailshisstudents.",joy
19660,Ross,Yeah. What-what should I do?,fear
19660,Joey,"Well Ross, it seems pretty clear.",neutral
19660,Joey,I mean what’s more important?,neutral
19660,Joey,"What people think or how you feel, huh?",neutral
19660,Joey,"Ross, you gotta follow your heart.",neutral
19660,Monica,Joey that is so sweet.,joy
19660,Chandler,Hey.,neutral
19660,Joey,"Hey-hey-hey! So, how did it go with Dana? Any reason I should leave a block of time open say Thursday?",neutral
19660,Chandler,I couldn’t do it.,sadness
19660,Joey,You couldn’t do it?!,surprise
19660,Chandler,"Hey, relax I just need more time. We’re going to dinner tonight.",neutral
19660,Monica,What?! You’re going out with her again!,surprise
19660,Ross,Going out with who?,neutral
19660,Chandler,"Uh, Dana Keystone from college.",neutral
19660,Ross,Oh yeah! Wasn’t she uh,surprise
19660,Chandler,"No, that was Dana Caplin.",neutral
19660,Monica,Joey! You didn’t even know her!,surprise
19660,Joey,Ah whatever!,anger
19661,Joey,"Morning! Hey, how’s my favorite genius and my little robot buddy?!",joy
19661,Wayne,Don’t touch him!,anger
19661,Joey,Okay!,surprise
19661,Joey,All right.,neutral
19661,Joey,"Umm, all right Wayne, level with me.",neutral
19661,Joey,I-I keep hearing all these rumors that I might get fired.,fear
19661,Joey,"Okay, they even have actors coming in to read for my part!",fear
19661,Joey,"Come on man, you-you got to give me a second chance!",sadness
19661,Joey,"I mean, I love-I love this little guy!",joy
19661,Joey,Ah-ah!!,surprise
19661,Joey,"Okay, that’s why you didn’t want me to touch him right?",surprise
19661,Joey,Here you go!,neutral
19661,Joey,Okay?,neutral
19661,Joey,Stupid!,anger
19661,Joey,I can’t believe it!,surprise
19661,Joey,God!,anger
19661,Joey,"Hey, how you doin’?",neutral
19662,Ross,Hey.,neutral
19662,Rachel,"Hi. Look um, about what happened earlier...",sadness
19662,Ross,"No, hey, well, I-I completely understand. You were, you were stressed.",neutral
19662,Rachel,I was gonna give you a chance to apologise to me.,disgust
19662,Ross,For what? For letting you throw me out of your office?,anger
19662,Rachel,You had no,anger
19662,Ross,"Yeah, well excuse me for wanting to be with my girlfriend on our anniversary, boy what an ass am I.",anger
19662,Rachel,"But I told you, I didn’t have the time!",anger
19662,Ross,"Yeah, well you never have the time. I mean, I don’t feel like I even have a girlfriend anymore, Rachel.",anger
19662,Rachel,"Wh, Ross what do you want from me?",anger
19662,Rachel,"You want me, you want me to quit my job so you can feel like you have a girlfriend?",anger
19663,Monica,I know.,neutral
19663,Phoebe,"Ooh, I have to tell you something.",joy
19663,Monica,What?,neutral
19663,Phoebe,But I can’t tell you.,neutral
19663,Monica,"Okay, but wouldn’t it be easier if you had to tell me something that you could tell me.",neutral
19663,Phoebe,"Well, sure in a perfect world. But, no, I promised I wouldn’t tell, and I swore to like all my gods.",neutral
19663,Monica,Okay. Does it have to do with Ross and Rachel?,neutral
19663,Phoebe,No.,neutral
19663,Monica,Does it have to do with Joey?,neutral
19663,Phoebe,No.,neutral
19663,Monica,Does it have to do with-with Chandler and that sock that he keeps by his bed?,neutral
19663,Phoebe,"No, but let’s come back to that later!",neutral
19664,Richard,Hi!,joy
19664,Monica,Richard!,joy
19664,Richard,"Actually, I’m not here to complement the chef.",neutral
19664,Monica,"Ohh… Oh, that’s okay I hate when people come back to complement the chef.",neutral
19664,Monica,Like I have nothing better to do!,neutral
19664,Monica,So what’s up?,neutral
19664,Richard,"Well, it was great seeing you the other night.",joy
19664,Monica,"Oh, good to see you too. Did you come down here to tell me that?",neutral
19664,Richard,No! I came here to tell you something else.  I came here  to tell you I still love you.,joy
19665,Joey,"One pregnant woman at a time, please! I just want you to be okay.",disgust
19665,Rachel,So forcing her to marry Bobby is gonna make that happen?,sadness
19665,Joey,"Maybe!  Well! Well…so-so uh, what kind of music does Numb Nuts—Oh forget it! I can’t!",anger
19665,Dina,"Joey, I am scared to death about this.",fear
19665,Dina,"But I really think I can do it, I’m just gonna need some help.",fear
19665,Dina,And Bobby’s gonna be here the whole time.,neutral
19665,Bobby,"You bet I am!  And to answer your earlier question, we’re straight-up gangster rap.",joy
19665,Dina,"Look, Rachel’s told me how much easier you’ve made all this on her. Why can’t you do that for me?",anger
19665,Joey,Because! ‘Cause… ‘Cause you’re my baby sister!,sadness
19665,Dina,And you’re my big brother!,joy
19665,Dina,"I mean, you’re my favorite guy in the whole world.",neutral
19665,Dina,I’m not even scared to tell mom and dad.,neutral
19665,Dina,I was scared of telling you.,fear
19665,Joey,"Well I’d be scared of them, but all right.",fear
19665,Dina,"Joey, I can’t stand the thought of having this baby with you mad at me.",sadness
19665,Dina,I want him to have his uncle.,sadness
19665,Dina,Is my baby gonna have his Uncle Joey?,sadness
19665,Joey,Of course he’s gonna have his Uncle Joey!,joy
19665,Dina,"We’re gonna be all right. I mean, even if we’re not married this baby is gonna be so loved. Not just by us.",joy
19665,Joey,That’s right! By his uncle too!,joy
19665,Bobby,And by you.,joy
19665,Rachel,"Okay Bobby, why don’t we just come over here and let them have a little moment.",neutral
19665,Joey,Come here!,joy
19665,Rachel,No! Seriously! What’s wrong with you?!,anger
19666,Danny,I had a really nice time tonight.,joy
19666,Rachel,So did I. I'm really glad Monica asked us out.,joy
19666,Danny,"I'd love to ask you in, but uh, my sister's visiting and I think she's asleep on the couch.",neutral
19666,Rachel,You're sister? You're sister's asleep on the couch?  Ohhh! I saw,surprise
19666,Danny,"Oh hey, great, you're up. Rachel, this is my sister Krista. Krista, this is Rachel.",neutral
19666,Rachel,Hi!,joy
19666,Krista,"Nice to meet you. I wish you'd told me we were having company, I'd fix myself up!",surprise
19666,Danny,Like it would help.,neutral
19666,Krista,You are so bad!,joy
19666,Danny,You are!,joy
19666,Krista,You are!,joy
19666,Danny,You are!,joy
19666,Krista,You are!,joy
19666,Danny,You are!,joy
19666,Krista,You are!,joy
19666,Danny,You are so dead! I'm gonna get you.,joy
19666,Rachel,"Uh, it was very nice meeting you.",neutral
19667,Chandler,"Oh my God, it's that Victoria's Secret model. Something... something Goodacre.",surprise
19667,Jill,"Hi Mom, it's Jill.",neutral
19667,Chandler,"She's right, it's Jill. Jill Goodacre. Oh my God. I am trapped in an ATM vestibule with Jill Goodacre!",surprise
19667,Jill,"Yeah, I'm fine. I'm just stuck at the bank, in an ATM vestibule.",neutral
19667,Chandler,Jill says vestibule... I'm going with vestibule.,neutral
19667,Jill,"I'm fine. No, I'm not alone... I don't know, some guy.",neutral
19667,Chandler,"Oh! Some guy. Some guy. 'Hey Jill, I saw you with some guy last night. Yes, he was",joy
19668,Chandler,Are you seeing anybody right now?,neutral
19668,Chandler,"Og-ee-op, I’m not asking for me, I’m… I mean… No, I’m-I’m not gay, I’m not asking you out.",fear
19668,Chandler,I’m not-I’m not-I’m not gay!,fear
19669,Phoebe,Personal shopping? What is that? Like where you walk around with snooty rich people and tell them what to buy?,neutral
19669,Rachel,Uh-huh.,neutral
19669,Phoebe,That sounds great!,surprise
19669,Joey,Hey!,neutral
19669,Monica,"Umm, excuse me, we switched apartments. You can’t eat are food anymore, that-that gravy train had ended.",anger
19669,Joey,There’s gravy?,surprise
19669,Monica,If you have the big apartment you have to deal with people coming over all the time.,neutral
19669,Monica,"That fridge has got to be stocked, okay, that’s your department now.",neutral
19669,Monica,What are you doing?,neutral
19669,Joey,I think I left a donut up here.,neutral
19670,Doug,"So, in conclusion, the lines all go up , so I’m happy.",neutral
19670,Doug,Great job team!,joy
19670,Doug,Tomorrow at 8:30.,neutral
19670,Doug,Phil!,joy
19670,Doug,Nice job.,joy
19670,Doug,Stevens!,joy
19670,Doug,Way to go!,joy
19670,Doug,"Joel-burg, you maniac!",joy
19670,Doug,I love ya!,joy
19670,Doug,Bing!,joy
19672,Stevens,"Oh, excuse me. I forgot my briefcase y'know, by accident.",neutral
19672,Doug,"Of course, you did.",joy
19672,Doug,Forgot something else too ya bastard!,joy
19672,Doug,"Well, what about you?",neutral
19672,Doug,You’re not feeling left out or anything are ya?,neutral
19672,Chandler,"No. No, not at all, that’s-that’s ridiculous.",sadness
19672,Doug,"Everybody else got one, and you want one too. Don’t you?",joy
19672,Chandler,"Ye-ye-yeah, yes I do!",sadness
19672,Doug,"Now get on out of here, you!",joy
19673,Chandler,Hey Bob.,neutral
19673,Bob,Hey! How’s my pal Toby doing today?,joy
19673,Chandler,"If I see him, I’ll ask.",neutral
19673,Bob,Toby!,joy
19673,Chandler,Yeah!,joy
19673,Mr. Franklin,Oh then you know each other.,neutral
19673,Chandler,We’re on a semi-first name basis.,neutral
19673,Mr. Franklin,What do you think of adding him to our team?,neutral
19673,Chandler,"Bob? Ooh, working here with us? Everyday? Yeah, I don’t know if he has what it takes.",surprise
19673,Mr. Franklin,Really? They love him down on six.,surprise
19673,Chandler,But this is eleven. It’s almost twice as hard up here.,neutral
19674,Ross,Hey! Guess what I got for your wedding!,joy
19674,Chandler,A freakish thin date with a hanger for her head?,neutral
19674,Ross,"No. Rachel hooked me up with a tux! But not just any tux, Batman’s tux!",joy
19674,Chandler,What?,surprise
19674,Ross,That’s right! Made expressly for Val Kilmer and worn by him in the hit film…that Batman film he was in.,joy
19674,Chandler,You can’t wear that! I’m wearing the famous tux! James Bond’s tux!,anger
19674,Ross,So?,neutral
19674,Chandler,So—If you wear that you’ll make mine less special.,sadness
19675,Chandler,"Sorry, I just don’t like the idea of when I say ""I do,"" he’s thinking, ""Yeah, I’d do her too!""",anger
19675,Monica,Well then we still have a problem.,neutral
19675,Chandler,Yeah!,neutral
19675,Phoebe,With what?,neutral
19675,Monica,"Well, we’re trying to find someone to perform our wedding and they’re all either boring or annoying or y’know, can’t stop staring at the ladies.",neutral
19675,Phoebe,Oo! You should have one of us do it!,joy
19675,Monica,"Phoebe, we’re getting",neutral
19675,Phoebe,No! No! It’s-it’s uh a real thing! Anyone can get ordained on the Internet and perform like weddings and stuff!,joy
19675,Joey,I call it!!,joy
19675,Phoebe,What?! No! It was my idea!,anger
19675,Chandler,Guys thank you very much but neither of you is marrying us.,neutral
19675,Joey,Does calling it not mean anything anymore?!,anger
19675,Chandler,"We are going to have a legitimate member of the clergy! And when I say legitimate I mean, gay and in control of his saliva!",neutral
19676,Ross,"See, I see.... big passion in your future.",joy
19676,Rachel,Really?,surprise
19676,Ross,I do.,neutral
19676,Rachel,"Oh Ross, you're so great. [she playfully rubs his head and gets up]",joy
19677,Phoebe,"That was supposed to be a good thing, I forget why.",neutral
19677,Phoebe,"Just listen, Monica, I, do you know, okay, do you know, I couldn’t sleep for like a month because I got like a dot of ink on one of the sofa cushions.",neutral
19677,Monica,"Well, you-you coulda just turned the cushion over.",neutral
19677,Phoebe,"Yeah, I would’ve except I had a big spaghetti stain on the other side.",neutral
19677,Monica,What?!?!,surprise
19677,Phoebe,"Okay, this is what I’m talking about, this. I-I need to live in a land where people can spill.",neutral
19677,Monica,You can spill. In the sink.,neutral
19677,Phoebe,"Aw, honey it’s not your fault, y'know this is who you are, and I love you, and I want us to be friends, and if I keep living here I don’t see that happening.",sadness
19677,Monica,"I love you, too.",joy
19677,Phoebe,"Aww, good.  What?",joy
19677,Monica,What? I’m just said.,sadness
19677,Phoebe,"No you’re not, you’re wondering which cushion it is.",neutral
19678,Rachel,Oh my God! Are you serious?!,surprise
19678,Ross,Uh-huh.,neutral
19678,Rachel,I would love to live with you Ross.. that’s-that’s great! Thank you!,joy
19678,Ross,"Well, I’m-I’m just glad I could, y’know, help you out.",neutral
19678,Rachel,"Ross-Ross, you have no idea what this means to me!",joy
19678,Rachel,"I mean, I mean I was gonna be homeless.",sadness
19678,Rachel,You just saved me!,joy
19678,Rachel,You’re my hero!,joy
19678,Ross,"Hero, I uh, I don’t know—well, all right.",neutral
19678,Rachel,"Oh, I have to go tell Monica what a wonderful brother she has!",joy
19678,Ross,"Oh please!   You’re gonna say things now, aren’t ya?",joy
19678,Phoebe,No.,neutral
19678,Phoebe,"No, I won’t.",neutral
19678,Phoebe,"But I should tell you this, this exact same thing happened to my roommate Denise.",neutral
19678,Phoebe,"She moved in with a guy who was secretly married to her and he said he didn’t love her, but he really did, and it just blew up!",anger
19679,Director,"...Dammit, hire the girl!  Okay, everybody ready?",anger
19679,Joey,"Uh, listen, I just wanna thank you for this great opportunity.",joy
19679,Director,Lose the robe.,neutral
19679,Joey,Me?,surprise
19680,Chandler,That's great.,joy
19680,Chandler,"Well, I'm gonna get another espresso. Can I get you another latte?",neutral
19680,Janice,"No, no, I'm still working on mine.",neutral
19680,Chandler,That's it?,surprise
19680,Phoebe,"Yeah, it was really hard.",sadness
19680,Chandler,"Oh, yeah, that hug looked pretty brutal.",neutral
19680,Phoebe,"Ok, you weren't there.",anger
19681,Tony,"Wow! That’s ah, that’s pretty nice!",joy
19681,Joey,Pretty nice?,neutral
19681,Chandler,"You’ll have to pardon my roommate, he wanted to marry this.",neutral
19681,Tony,"We don’t have 50 bucks, but would you be willing to trade for it? We’ve got a canoe.",neutral
19681,Chandler,"Y'know, I, I really don’t think we need a canoe.",neutral
19681,Tony,You gotta take the canoe!,anger
19681,Chandler,"All right, just, just take the entertainment center, and then when you get home, throw the canoe away!",neutral
19681,Peter,We’re not throwing it away! I built that canoe!,anger
19681,Joey,Good for you!!,anger
19682,Rachel,Pheebs?,neutral
19682,Phoebe,Yeah?,neutral
19683,Chandler,"Okay. Then I guess it’s just, wait here then.   Hi. I need one fake ticket to Yemen.",neutral
19683,Ticket Counter Attendant,One ticket to Yemen?,surprise
19683,Chandler,"Oh no-no-no, no. No, no, no, I just, I just need a pretend ticket.",neutral
19683,Ticket Counter Attendant,"I’m sorry sir, I don’t understand.",surprise
19683,Chandler,What would you give to a kid if he wanted a ticket to play with?,neutral
19683,Ticket Counter Attendant,Are you travelling with a child?,neutral
19683,Chandler,No.,neutral
19683,Chandler,"All right, y’know what, she’s  gonna think that I’m handing you a credit card, but what I’m really gonna do is hand you a library card.",neutral
19684,Chandler,"Okay, but this is the last time.",neutral
19684,Chandler,"With a chick-chick here, and a chick-chick there.",joy
19684,Chandler,"Here a chick, there a chick, everywhere a chick-chick--chickeeeen.",joy
19684,Joey,Hey.,neutral
19684,Chandler,Hey.,neutral
19684,Joey,How’s she doing?,neutral
19684,Chandler,She?,surprise
19684,Joey,"Well yeah, don’t-don’t you think it’s a she?",neutral
19684,Chandler,"I don’t know.  I can’t tell, what ever it was went back in too quickly.",neutral
19684,Joey,"Well, anyway, I got to go change, I’m ah, meeting some of the cast for drinks.",neutral
19684,Chandler,Excuse me?,surprise
19684,Joey,What?,neutral
19685,Joey,"Okay, good, so there you go. Go with Vince.",joy
19685,Phoebe,"Yeah, but Jason's really sensitive.",neutral
19685,Chandler,"Well sensitive is important, pick him.",neutral
19685,Phoebe,Yeah.,neutral
19685,Joey,"Oh sure, go with the sissy.",disgust
19685,Phoebe,Jason is not a sissy!,anger
19685,Joey,"Oh no-no-no-no, I meant Chandler.",anger
19686,Ross,Hi.,neutral
19687,Rachel,"So uh, apparently people are familiar with the Europe story?",neutral
19687,Ross,Yeah.,neutral
19687,Ross,"Listen about that, the whole uh, who came on to who thing really doesn’t matter.",neutral
19687,Ross,"I mean, I think it would’ve happened either way.",neutral
19687,Ross,I mean if you hadn’t initiated it I-I-I know I would’ve.,neutral
19687,Rachel,It was an amazing night.,joy
19687,Ross,It was. It was an amazing night.,joy
19687,Rachel,You think it looked amazing?,sadness
19688,Dr. Long,Do we have a name yet?,neutral
19688,Rachel,"No, not yet.",neutral
19688,Dr. Long,"That’s fine, for now we’ll just call her Baby Girl Green.",neutral
19688,Rachel,"Oh no, Baby Girl Geller-Green.",neutral
19688,Rachel,Hello baby girl.,joy
19689,Ross,"Ah-ha, nowhere to run!",joy
19689,Rachel,I don’t like sitting up here! I’m just gonna over,anger
19689,Phoebe,No Rachel! They got here first!,anger
19689,Phoebe,Why is Ross doing that?,neutral
19689,Ross,DANGER,fear
19689,Rachel,Oh my God! Why is he jumping on those women!,surprise
19690,Joey,No that’s all right. Don’t worry about it.,neutral
19690,Rachel,Oh but look! That’s gonna leave a stain!,disgust
19690,Joey,Rach! Hey! It’s fine! You’re at Joey’s!,joy
19690,Rachel,Really?,surprise
19690,Joey,Yeah! Look!,neutral
19690,Rachel,I’ve never lived like this before.,disgust
19690,Joey,I know.,neutral
19690,Joey,"All right, don’t waste it, I mean its still food.",neutral
19691,Rachel,"Hey Joey, is this the bed where Olivia lost her virginity?",neutral
19691,Joey,"I don't know, but one of the extras sure did!  Hey, listen    Rach. Thanks again for coming down to watch my scenes!",joy
19691,Rachel,"Oh, please!Honey, just the fact that you want me here to support    you, I'm...OH MY GOD!Is that Christian Sanders?He's so",surprise
19691,Joey,Also so,neutral
19691,Rachel,"Oh, in my head he's done some pretty ""not-gay-stuff""!",neutral
19691,Joey,"Well, at the Christmas party him and Santa did some definitely    gay stuff!",neutral
19692,Joey,"OK, you've got to promise that you'll never, ever tell Ross that I told you.",neutral
19692,Monica,About what?,neutral
19692,Joey,He's planning your birthday party.,neutral
19692,Monica,Oh my God! I love him!,joy
19692,Joey,You'd better act surprised.,fear
19692,Phoebe,About what?,neutral
19692,Monica,My surprise party!,joy
19692,Phoebe,What surprise party?,surprise
19692,Monica,Oh stop it. Joey already told me.,joy
19692,Phoebe,"Well, he didn't tell me.",neutral
19692,Joey,"Hey, don't look at me. This is Ross's thing.",neutral
19692,Phoebe,This is so typical. I'm always the last one to know everything.,anger
19692,Monica,"No, you are not. We tell you stuff.",neutral
19692,Phoebe,Yuh-huh!,anger
19692,Phoebe,I was the last one to know when Chandler got bitten by the peacock at the zoo.,anger
19692,Phoebe,I was the last one to know when you had a crush on Joey when he was moving in.,anger
19692,Phoebe,Looks like I was second to last.,surprise
19693,Monica,"Chandler, we still haven’t gotten an RSVP from your dad.",neutral
19693,Chandler,"Oh! Right. Umm, maybe that’s because I didn’t send him an invitation.",neutral
19693,Monica,Chandler! He’s your father.  he should be at the wedding.,anger
19693,Chandler,I don’t even know the man. Okay? We’re not that close. I haven’t seen him in years.,disgust
19693,Monica,Well what are you gonna do when he finds out he wasn’t even asked?!,sadness
19693,Chandler,It’s not like we run in the same circles.,neutral
19693,Chandler,"I hang out with you guys, and he stars in a drag show in Vegas.",disgust
19693,Phoebe,"Ooh, I think I wanna trade circles.",neutral
19693,Chandler,Nobody is gonna be staring at the bride when the father of the groom is wearing a back-less dress.,disgust
19693,Monica,So what! As long as he’s not wearing a white dress and a veil I don’t care.,neutral
19693,Phoebe,"Okay, I think I need to do some shopping.",neutral
19694,Charlton Heston,Hello! Who’s in there?,neutral
19694,Joey,How ya doin’?,neutral
19694,Charlton Heston,Who in the hell are you?,anger
19694,Joey,"I guess you wouldn’t believe me if I said I was Kurt Douglas, huh?",neutral
19695,Monica,"No-no, Rachel, don’t get it! He can’t see us!",fear
19695,Phoebe,"No, yeah! The groom cannot see the bride!",anger
19695,Rachel,I’m not gonna marry Chandler!,anger
19695,Phoebe,Not after this!,anger
19695,Rachel,"Okay, you guys, just relax.  I doooo.",neutral
19695,Joshua,I gotta go.,neutral
19695,Rachel,"Oh, wait, Joshua! Joshua!   Yeah, well, that oughta do it.",sadness
19696,Rachel,"Sorry I'm late, but I left late.",neutral
19696,Phoebe,Okay.,neutral
19696,Rachel,"So Pheebs, what is the book about?",neutral
19696,Phoebe,I thought you said you read it in high school.,neutral
19696,Rachel,"Well yeah, but then I remembered I started it and there was this pep rally and I was, I was on top of the pyramid but anyway—umm, what is this book about?",neutral
19697,Rachel,"Excuse me, can I, can I bum one of those?",neutral
19697,Rachel,"Y'know what, actually…  Okay, okay, okay, what's so funny over here?",neutral
19697,Nancy,I thought you didn't smoke.,surprise
19697,Rachel,"Oh, I thought you guys meant marijuana cigarettes, y'know?",neutral
19697,Rachel,"Y'know what I mean, like dubbies?",neutral
19697,Rachel,"And I actually, I thought to myself, ""Wow, those guys are crazy!""",surprise
19697,Rachel,"But no, I actually smoke the regular ones all, all the time.",neutral
19697,Kim,We get high.,neutral
19697,Rachel,"Oh, me too.",neutral
19697,Kim,I'm kidding.,neutral
19697,Rachel,"Oh, me too.",joy
19698,Rachel,"Oh, are you sure you're ok?",sadness
19698,Ross,Yeah.,neutral
19698,Rachel,Does it still hurt?,sadness
19698,Ross,Yeah.,sadness
19698,Phoebe,What a neat idea. All your clothes match. I'm gonna do this.,joy
19698,Monica,Hi.,neutral
19698,Phoebe,"Hey, how'd it go?",neutral
19698,Joey,Excellent.,joy
19698,Monica,"We ripped that couple apart, and kept the pieces for ourselves.",joy
19698,Ross,"What a beautiful story. Hey, I'm fine by the way.",joy
19699,Phoebe,You know what? You are right. I,neutral
19699,Rachel,Good for you Pheebs!,joy
19699,Phoebe,Ok.,neutral
19699,Phoebe,"Okay  If you guys have microphones in there too, I didn't mean",neutral
19700,Joey,This sucks! I didn’t know I had to stay up all night before I went to this stupid sleep clinic! I’m so tired!,anger
19700,Chandler,It’s 6:00.,neutral
19700,Rachel,Hi!,joy
19700,Joey,"Yeah, Rach, I think you’re handling that really well.",neutral
19700,Rachel,Handling it?,neutral
19700,Rachel,"What do you mean, handling it?",joy
19700,Rachel,There’s nothing to handle.,joy
19700,Rachel,"Now, maybe I would have a problem with this if it wasn’t for me and Joshua.",neutral
19700,Rachel,"Y’know, they’re not gonna get married anyway!",anger
19700,Chandler,What?,surprise
19700,Rachel,Come on!,anger
19700,Rachel,They rushed into this thing so fast it’s ridiculous!,disgust
19700,Rachel,"And somewhere along the way, one of them is gonna realise what they’ve done and they’re call the whole thing off.",neutral
19700,Rachel,"I’m telling ya, you’re gonna be dancing at my wedding before you’re dancing at there’s.",joy
19701,Phoebe,What the hell is this?!,surprise
19702,Phoebe,"What, did you actually thought it would make me feel better to give me stuff that I can’t use for another two months?!",anger
19703,Phoebe,This sucks!,anger
19703,Phoebe,"All right, what’s my next present?",neutral
19704,Chandler,"All right, there’s a nuclear holocaust, I’m the last man on Earth. Would you go out with me?",neutral
19704,Monica,Enhh,neutral
19704,Chandler,I’ve got canned goods.,neutral
19704,Joey,"Hey, you guys! Take a look at this!  Check this baby out, dug me a hole!",surprise
19704,Chandler,"Excellent hole, Joe.",neutral
19704,Joey,Oh no! No!! My hole!!,surprise
19704,Monica,Ow!! Ow!!!,disgust
19704,Joey,What?! What?!! What is it?!,surprise
19705,Rachel,My drinking?,neutral
19705,Joanna,"Oh, I must’ve said that after you left.",neutral
19705,Rachel,Said what? Exactly.,fear
19705,Joanna,That you enjoyed the occasional drink…ing binge.,neutral
19705,Rachel,"Oh my God!! Ohh, that is it! I’m leaving! You are just a horrible person!",disgust
19705,Joanna,Wait-wait-wait-wait-wait-wait-wait-wait!!,fear
19705,Joanna,If you’re gonna get all sensitive about it!,anger
19705,Joanna,I don’t want to lose you.,sadness
19705,Joanna,"What if I, create a position for you?",neutral
19705,Joanna,I’ll make you an assistant buyer in this department.,neutral
19705,Rachel,Say more things like that.,joy
19705,Joanna,"You can have your own office, and a raise! Effective tomorrow.",joy
19705,Rachel,I’d need an expense account.,neutral
19705,Joanna,Done!,joy
19705,Rachel,And an assistant.,neutral
19705,Joanna,"Sophie, get in here!",joy
19706,Rachel,Monica? You gonna be very proud of me. I just got us dates with two unbelievably cute nurses.,joy
19706,Joey,Oh my!,surprise
19706,Rachel,They're male nurses.,neutral
19706,Joey,Not in my head.,neutral
19706,Rachel,"Anyway, they want to take us out Saturday night! What do you say?",joy
19706,Monica,Umm.  Umm. Umm. I don't think so.,joy
19706,Rachel,What?,surprise
19706,Rachel,What are you talking about?!,surprise
19706,Rachel,You-you're the one who's been telling me to get over Ross and move on.,anger
19706,Rachel,"I'm moving on, and you're moving on with me.",neutral
19706,Rachel,"Come on, give me one good reason why you don't wanna go.",neutral
19706,Monica,"Umm, why don't you give",neutral
19706,Rachel,What?,surprise
19706,Monica,Harder than it sounds. Isn't it?,neutral
19706,Rachel,"Okay, you're coming with me, and I also told them that if we're still here when they get off that we'll go down to the cafeteria and have some",neutral
19706,Joey,Yep! There's always room for,neutral
19706,Rachel,"Joey, how do you make",neutral
19706,Joey,"Oh, it's easy. Yeah, I-I can do it with anything. Watch uh,  Grandma's chicken salad",neutral
19707,Monica,"Hello, this is Monica...",neutral
19707,Monica,Yeah???,neutral
19707,Monica,Oh...,neutral
19707,Monica,"Okay, yes, we'll be right, we'll be right down.",neutral
19707,Monica,Thank you.,neutral
19708,Monica,Okay. Let’s bring it in.,neutral
19708,Rachel,"Wait no, honey, honey throw it to me, throw it to me.",neutral
19708,Ross,Here you go.,neutral
19708,Rachel,That almost hit me in the face.,anger
19709,Chandler,"Well, if the magician can open my beer with his but cheeks, then all right.",neutral
19710,Chandler,Hey!,joy
19710,Monica,Hey!,joy
19710,Chandler,Y’know I’m-I’m really glad we decided not to sleep together before the wedding.,joy
19710,Monica,"Oh boy, me too!",joy
19710,Chandler,Y’know I was thinking if we had a…a big fight and uh we broke up for a few hours,neutral
19710,Monica,Yeah?,fear
19710,Chandler,"Technically we could have sex again. What do you think, bossy and domineering?!",neutral
19710,Monica,"The wedding is off, sloppy and immature!",anger
19710,Chandler,That’s me! Come on!,joy
19710,Monica,"Okay.  But wait, we can’t. My Cousin Cassie is in the guest room, we’re supposed to have lunch.",neutral
19710,Chandler,"Well, get rid of her, obsessive and shrill.",neutral
19710,Monica,Shrill?! The wedding is back on!,anger
19710,Cassie,I thought I heard voices. You must be Chandler.,neutral
19710,Chandler,Hi! Nice to meet you!,joy
19710,Cassie,Nice to meet you too.,neutral
19710,Monica,"So, are you ready to go?",neutral
19710,Cassie,Yeah.,neutral
19710,Monica,Chandler!,anger
19710,Chandler,I’ll be right with you.,neutral
19711,Ross,"Th-th-that's all it is, a third nipple.",neutral
19711,Ross,Just your run-of-the-mill third nipple.,neutral
19711,Ross,You can take it off.,neutral
19711,Ross,Just slice that baby right off!,fear
19711,Dr. Rhodes,"Take your shirt off, and let's see what we're dealing with here.  What are you doing?",neutral
19711,Ross,Just showing you my run-of-the-mill-slice-it-right-off third nipple.,neutral
19711,Dr. Rhodes,Well that's not a third nipple.,neutral
19711,Ross,No?,surprise
19712,Dr. Rhodes,"First of all, it's on your ass.",neutral
19712,Ross,"Well then, what is it?!",surprise
19713,Dr. Rhodes,"Wait a minute, hold it.  Johnson! Will you come in here a moment?",neutral
19713,Dr. Johnson,I'm with Hamilton!,neutral
19713,Dr. Rhodes,"He's good with rear things, bring him in too.",neutral
19714,Kristen,"Umm, this is great wine.",joy
19714,Ross,"It’s from France…In Europe…Western Europe. Y’know umm, a few years ago I actually was backpacking across Western Europe.",neutral
19714,Kristen,Really?,surprise
19714,Ross,"Uh-hmm—Wait! It gets better. Um, yeah I was in Barcelona.",joy
19714,Kristen,I studied for a year in Barcelona.,neutral
19714,Ross,"Anyway, umm so I was um, I was hiking",neutral
19714,Kristen,I love hiking!,joy
19714,Ross,Oh that’s great! I was hiking along the foothills of Mount Tibidaybo,joy
19715,Janice,"So? Congratulations you two, I didn’t even know you got married.",surprise
19715,Rachel,Oh we-we didn’t.,joy
19716,Ross,No-no. We,fear
19716,Janice,What?!,surprise
19717,Ross,"Um uh…We’re-we’re just having this baby together but uh, uh that’s all.",neutral
19717,Janice,Why?!!,surprise
19717,Ross,"Uh well umm…we’re just not in that place, y’know? But we’re very excited about this.",neutral
19717,Janice,Oh. Well then shut me up.,neutral
19717,Rachel,Just tell me how.,neutral
19717,Janice,"Uh-oh, I feel another one coming.",fear
19718,Joey,"Let it go, Ross.",neutral
19718,Ross,"Yeah, well, you didn't know Chi Chi.",neutral
19718,Monica,Do you all promise?,neutral
19718,Monica,Chandler? Do you promise to be good?,neutral
19718,Joey,"You can come in, but your filter-tipped little buddy has to stay outside!",joy
19718,Ross,"Hey, Pheebs.",neutral
19718,Phoebe,Dear Ms. Buffay.,neutral
19718,Phoebe,Thank you for calling attention to our error.,neutral
19718,Phoebe,We have credited your account with five hundred dollars.,neutral
19718,Phoebe,"We're sorry for the inconvenience, and hope you'll accept this-  -",neutral
19719,Chandler,"Oh my God, honey we are so meant to be together. We both have copies of the",neutral
19719,Monica,"Honey, both yours.",neutral
19719,Rachel,Hey! Great advice on that Joey thing!,joy
19719,Monica,Yeah? The work problem?,neutral
19719,Rachel,Oh it was perfect! I mean it really felt like he was my friend again.,joy
19719,Chandler,What problem did you tell him you had?,neutral
19719,Rachel,"Oh that’s not important. The point is, I really—I think everything’s gonna be okay.",neutral
19720,Monica,"Okay, I’ve got some Ones, you wanna put them in her panties?",neutral
19720,Chandler,"No thanks, Mom!",disgust
19720,Phoebe,"Ha-ha, it’s not my baby, ha-ha-ha!",anger
19720,Monica,"Very good,  so good.",joy
19720,Phoebe,"I really, really enjoyed it. Very exotic.",joy
19720,Rachel,"Well, I just checked our messages and Joshua didn’t call.",sadness
19720,Rachel,I mean you’d think he’d be worried about me not showing up at his club.,sadness
19720,Rachel,"Ugh, you know what makes it so much worse, Ross is all happy in Vermont!",sadness
19720,Phoebe,Come on! Look where you are!!,joy
19720,Monica,"When you get a sec, another round of daiquiris.",neutral
19720,Phoebe,"Remember, a virgin for me please.",neutral
19720,Monica,Oh! And don’t let me leave without getting the name of that carpet guy.,neutral
19720,Chandler,"Ahh, come on! Y’know what—y’know what, I think I’m just gonna go home and call Kathy.",neutral
19720,Phoebe,"Well, if you think it will help.",neutral
19720,Chandler,No!,anger
19720,Chandler,That was a test!,fear
19720,Chandler,In a couple of hours I’m gonna get really drunk and wanna call Kathy and you guys are gonna have to stop me!,fear
19720,Chandler,"And then after that, I’m gonna get so drunk, I’m gonna wanna call Janice",fear
19720,Phoebe,You should! How is she?,surprise
19720,Chandler,Ohhh!!,anger
19720,Monica,I think somebody needs another lap dance.,joy
19721,Monica,"All right, I definitely taste nutmeg.",neutral
19721,Phoebe,You do?,surprise
19721,Monica,"You don’t?  Well, that’s the difference between a professional and a layman.",surprise
19721,Phoebe,That and arrogance.,anger
19721,Joey,Hey.,neutral
19721,Monica,Hey! How was sailing?,joy
19722,Joey,Wow thanks!,joy
19722,Chandler,Joe?,fear
19722,Joey,Yeah!,joy
19722,Chandler,"Uh, you’ve had a lot of sex right?",neutral
19722,Joey,"When? Today? Some, not a lot.",surprise
19722,Chandler,"Well, it’s just the reason that I’m asking is because I kind of eh, uh, I was unable to—I mean I really wanted to, but I couldn’t….",fear
19722,Chandler,"There huh—hmm, there-there was an incident.",fear
19722,Joey,"Don’t worry about that man, that happens.",neutral
19722,Chandler,It’s happened to you?,surprise
19722,Joey,Yeah! Once.,neutral
19722,Chandler,"Well, what’d you do?",surprise
19722,Joey,I did it anyway.,neutral
19722,Joey,‘Sup? ‘Sup dude?,neutral
19722,Chandler,"Take whatever you want, just please don’t hurt me.",fear
19722,Joey,So you’re playing a little,neutral
19722,Chandler,"Yes, on a scale from 1 to 10, 10 being the dumbest a person can look, you are definitely 19.",disgust
19722,Joey,"Come on man, really how old?!",surprise
19722,Chandler,"Young! You’re a man-child okay?! Now go get changed because everybody’s ready and please, oh please, keep my underwear!",disgust
19723,Ross,And they knew about it?,surprise
19723,Phoebe,"Okay, well Ross, what is this really about?",surprise
19723,Ross,"Look, this is my home and I want to be able to come and go whenever I want!",anger
19723,Phoebe,"Okay, I will find someplace else to do the rest of my appointments. I just don’t know what the big deal is!",anger
19723,Ross,"The big deal is I don’t want naked, greasy strangers in my apartment when I want to kick back with a puzzle—beer! Cold beer.",disgust
19724,Ross,"Okay, look, he's not gonna hurt them, right?",neutral
19724,Monica,Do you always have to bring him here?,anger
19724,Ross,I didn't wanna leave him alone.,neutral
19724,Ross,Alright?,neutral
19724,Ross,We- we had our first fight this morning.,neutral
19724,Ross,I think it has to do with my working late.,neutral
19724,Ross,"I said some things that I didn't mean, and he- he threw some faeces...",neutral
19724,Chandler,"Y'know, if you're gonna work late, I could look in on him for you.",neutral
19724,Ross,"Oh, that'd be great!",joy
19724,Ross,"Okay, but if you do, make sure it seems like you're there to see him, okay, and you're not like doing it as a favour to me.",neutral
19724,Chandler,"Okay, but if he asks, I'm not going to lie.",neutral
19725,Chandler,Check this out.,neutral
19725,Chandler,It says here that there’s a place you can go to rent videos of all the museums!,surprise
19725,Chandler,"""It’s almost as good as being there.""",neutral
19725,Joey,It’s better! You can’t go to a museum in your underwear!,joy
19725,Joey,Oh-ho! I bet the British version is gooooood!,joy
19726,Jester,"Uh, may I help you?",neutral
19726,Monica,"Yeah, I talked to you on the phone, I’m the lady that got stuck with the racecar bed.",neutral
19726,Jester,"Look, it’s like I told you, there’s nothing I can do. You signed for it, Monica Velula Geller.",neutral
19726,Joey,"All right, Jester man, look we wanna see the king.",neutral
19726,Jester,Nobody sees the king!,anger
19726,Joey,"Oh-ho-kay, I’m talking to the king.",neutral
19726,Jester,Hey! You can’t go back there!,surprise
19726,Janice,Oh my God.,surprise
19727,Ross,"So, this must be kinda neat for ya, huh?",neutral
19727,Ross,"I mean, your Dad tells me that you get a couple of days off school, and you, you ah, don’t have to sell those cookies anymore.",neutral
19727,Sarah,"Well, I kinda wanted to sell the cookies. The girl who sells the most wins a trip to Spacecamp, and gets to sit in a",sadness
19727,Ross,"Wow, you ah, you really like all this space stuff, huh?",surprise
19727,Sarah,Yeah.,neutral
19727,Sarah,"My Dad says if I spend as much time helping him clean apartments, as I do daydreaming about outer space, he’d be able to afford a trip to the Taj Mahal.",neutral
19727,Ross,I think you would have to clean a whole lot of apartments to go all the way to India.,neutral
19727,Sarah,"No. The one in Atlantic City, Dad loves the slots. He says he’s gonna double the college money my Grandma left me.",sadness
19728,Monica,"Oh, um, I don’t know if that’s a good idea.",joy
19728,Richard,"Oh. Look, just friends, I won’t grope you. I promise.",neutral
19728,Monica,"No, I just I think that it’s too soon.",joy
19728,Richard,"No it’s not too soon, I had lunch at a eleven.",neutral
19729,Chandler,I invented the game of Cups as a way to give Joey money.,neutral
19729,Ross,And now you want that money back.,surprise
19729,Chandler,Exactly.,neutral
19729,Ross,"Chandler, what kind of an idiot do you take me for?",joy
19729,Chandler,It’s not a real game! I made it up!,anger
19729,Ross,"I’m sorry you lost your money, but I won it fair and square.",joy
19730,Joey,I don't know.,neutral
19730,Joey,But I can see through your sheet.,neutral
19730,Joey,"Yeah, yeah, that's her.",neutral
19730,Joey,But y'know what?,neutral
19730,Joey,"Doesn't matter, I'm never gonna get to meet her anyway.",sadness
19730,Monica,Why?,neutral
19730,Joey,"Because it's impossible to find her apartment! She lives in some like of hot girl parallel universe, or something.",sadness
19730,Monica,"What are you talking about?  She obviously lives on the second floor, seventh apartment from the left!",surprise
19730,Joey,No. No. No. She lives on the,neutral
19730,Monica,"No, those first two windows,  that's the lobby.",neutral
19730,Monica,"And y'know the other one over there, that's the stairway.",neutral
19730,Monica,You've been counting wrong.,neutral
19730,Joey,I did,anger
19731,Rachel,"Monica, betting the apartment, I don’t know about this.",fear
19731,Monica,"Rachel, I have not missed one question the whole game. I own this game! Look at my hand.",joy
19731,Rachel,Why? Do you have the answers written on there?,surprise
19731,Monica,"No! Steady as a rock! Now, are you with me.",neutral
19731,Rachel,"All right, let’s do it.",fear
19731,Ross,"All right, gentlemen, you’re up first.",neutral
19731,Joey,Okay.,neutral
19731,Chandler,Okay.,neutral
19731,Ross,You have 30 seconds. And the lightning round begins—stop it —now. What was Monica’s nickname when she was a field hockey goalie?,neutral
19731,Joey,Big fat goalie.,neutral
19731,Ross,Correct. Rachel claims,neutral
19731,Chandler,Dangerous Liaisons,neutral
19731,Ross,Correct. Her actual favorite movie is...,neutral
19731,Joey,Weekend at Bernie’s,neutral
19732,Phoebe,"Well, look, why don’t you just, why don’t you do your Phase Two strip club thing with us.",neutral
19732,Monica,"Yeah, come on, we can be guys!",joy
19732,Chandler,No you can’t.,joy
19732,Chandler,"You don’t want to be guys, you’d be all hairy and wouldn’t live as long.",disgust
19732,Phoebe,"Y’know you, you just stop being such a wuss and get those off and you come with us and watch naked girls dance around!!",anger
19732,Chandler,Okay.,neutral
19732,Phoebe,I’m sorry.,sadness
19733,Monica,"And y'know what, I just realised, in the last year I’ve only gone out with two guys, Richard and Julio.",surprise
19733,Monica,"You gotta help me out here, you gotta set me up, you gotta get me back in the game.",fear
19733,Rachel,"Well, that shouldn’t be a problem. I mean I work in fashion and all I meet are eligible straight men.",neutral
19733,Monica,"Pete, can I get you something else?",neutral
19733,Pete,"Yeah, a slice of cheesecake and-and a date if you’re given’ ‘em out.",neutral
19733,Monica,Haven’t you and I covered that topic?,neutral
19733,Pete,"Hmm, come on, you just said to her that you….",neutral
19733,Monica,"Aww, the only reason you want to go out with me because my blond wig, and the big boobs, and the fact that I serve you food.",joy
19733,Pete,"Well, if that were true, I’d dating my Aunt Ruth.",joy
19733,Pete,And the two times we went out were just plain awkward.,disgust
19733,Pete,"Come on, you think she should go out with me, don’t you?",neutral
19733,Rachel,"Well, I mean, are you sure you want to go out with her?",neutral
19733,Rachel,"I mean that ain’t a pretty picture in the morning, y’know what I mean.",disgust
19733,Rachel,"That wig all in disarray, and boobs flung over the night stand, y'know.",disgust
19733,Monica,"I mean really, think about it.",neutral
19733,Pete,"Ho-ho, I will.",neutral
19734,Chandler,I believe I read that somewhere!,surprise
19734,Ross,"That only is not funny, it's physically impossible!",anger
19734,Ross,Okay?,anger
19734,Ross,Depending    on the species I'd have to have a six foot long...,anger
19734,Ross,It's not funny!,anger
19734,Chandler,I respectfully disagree.,neutral
19734,Ross,I can't believe you put that on my alumni page!,anger
19734,Chandler,Who cares? Nobody reads those things,neutral
19734,Ross,You'd better hope not because I just read what you put on your    page today.,anger
19734,Chandler,I don't have a page.,neutral
19734,Ross,Oh oh oh! I RESPECTFULLY DISAGREE!!,anger
19735,Ross,I know I miss you too. I can't wait to see you. I love you. Bye.,joy
19735,Chandler,"Okay, what is in here? Rocks?",surprise
19735,Ross,"No-no, this is my collection of fossil samples.",neutral
19735,Chandler,"So, rocks.",disgust
19735,Ross,"I'm really gonna miss this apartment. Y'know, Ben-Ben took his first steps right over there.",sadness
19735,Joey,"Ohh. Hey, remember when I ran into this thing  and it kinda knocked me out a little?",joy
19735,Ross,"I loved this place! To tell you the truth, I wish I didn't have to move.",joy
19735,Joey,"Uhh, are you saying that you're not entirely happy about this?",surprise
19735,Ross,"Well, I mean if uh, if Emily gave me a choice",sadness
19735,Joey,You,neutral
19735,Ross,Why?,neutral
19735,Joey,"Hey, you guys! Look what I found in the giiiiiiift shop.  Get up! Get up! Get up!",joy
19736,Emily,"I left a bra drying on the shower rod, you don’t think your son will think it’s yours and be horribly traumatised?",joy
19736,Ross,"Hey, if mommy can have a wife, daddy can have a bra.",neutral
19736,Emily,"Ohh, it’s time to go.",neutral
19736,Ross,"Oh, no-no-no, see, that-that clock’s a little fast, uh, we have 17 minutes.",neutral
19736,Ross,"Huh, what can we do in 17 minutes?",neutral
19736,Ross,Twice?,neutral
19736,Emily,Well that’s ambitious.,neutral
19736,Ross,"Hey, uh, you can ignore that.",neutral
19736,Emily,That’s Carol with your son!,surprise
19737,The Singing Man,"Morning’s here! Sunshine is here! The sky is clear, the morning’s here! The morning’s here!",joy
19737,Rachel,HEY!! Do you,anger
19737,The Singing Man,Oh come on! Morning’s here!  Morning’s here! The morning is here! Sunshine is here!,joy
19737,Rachel,I,neutral
19737,Joey,Are you kidding? I love that guy!  Morning’s here! Morning is here—,joy
19737,Rachel,Stop it! I will kill you. I hate the fact that my room is so small.,anger
19737,Monica,"Hey, I have all the space I need. Just do what I did.",neutral
19737,Rachel,"Monica, you don’t even have a bed, you sleep in a ball on the floor!",anger
19737,Monica,Y’know what? I am,neutral
19737,Rachel,I’m sorry. I’m so sorry.,sadness
19737,Monica,Okay.,neutral
19737,Joey,"See, this is a",neutral
19737,Monica,Shut up! This place is a hole!,anger
19738,Chandler,"All right buddy, time to roll over.",neutral
19738,Chandler,No-no!,fear
19738,Chandler,"No, no-n-n-n-no!!",fear
19738,Chandler,You are going to a clinic!,disgust
19738,Chandler,"You’re going to a clinic, and a pyjama store!",disgust
19739,Phoebe,Are you under the sheet?,neutral
19739,Monica,Yes.,neutral
19739,Phoebe,"Great, let’s begin.  How’s the pressure?",joy
19739,Monica,Nice! Wow Phoebe you are good!,joy
19739,Phoebe,"Stating the obvious, but thank you. And it’s not weird is it.",joy
19739,Monica,No. Ooohh,joy
19739,Phoebe,"That’s right, you just enjoy.",neutral
19739,Monica,Oh. Oh yeah! Ohhhhh! Ohh! Oh yeah!,joy
19739,Phoebe,Okay.,neutral
19739,Monica,Oh God Phoebe!!  Oh that’s it! That’s it! Right there! Oh!  Ooooh-oooh-ooooh,joy
19740,Kate,Become a drama critic!,joy
19740,The Director,I am hurt!  A plague on both your houses!,sadness
19740,Kate,"By the way, he dumped me tonight after he read my review.",sadness
19740,Joey,"Oh, classy.",disgust
19740,Kate,"Yep! I sure know how to pick ‘em, huh? Y'know I gave up a part on a soap for this!",sadness
19740,Joey,"Wow! Yeah I ah, I gave up a job too.",anger
19740,Kate,Really. What?,surprise
19740,Joey,"Uh, de-clawing cats.",anger
19740,Joey,"Hey, tell ya what.",neutral
19740,Joey,Let me walk you home.,neutral
19740,Joey,We’ll stop by every news stand and burn every copy of their Times and the Post.,anger
19740,Kate,Why the Post?,surprise
19740,Joey,"Oh, you didn’t see the Post?",surprise
19740,Kate,No. You?,neutral
19740,Joey,No. Why?,neutral
19741,Rachel,Hi Joey! What are you doing here?,joy
19741,Joey,"Uhh, well I’ve got an audition down the street and I spilled sauce all over the front of my shirt.  You got an extra one?",neutral
19741,Rachel,"Yeah, sure. Umm…here.",neutral
19741,Joey,Great.  You got anything that’s not,disgust
19741,Rachel,"Yeah, I don’t think so Joe.",neutral
19741,Joey,"All right, I guess this will be fine.",neutral
19741,Rachel,"Hey, listen umm, what-what are you doing tonight?",neutral
19741,Joey,"Nothing, why?",neutral
19741,Rachel,How would you feel about taking out my assistant Tag? I’ll pay.,neutral
19741,Joey,"Huh, Rach I got to say it’s gonna take a lot of money for me to go out on a date with a dude.",disgust
19741,Rachel,I’m not asking you to go on a,neutral
19741,Joey,Really? ‘Cause I could kinda use the money.,surprise
19741,Rachel,"Joey, just-just he-he’s new in town and I know he doesn’t have any guy friends.",neutral
19741,Rachel,Just take him to like a ball game or something.,neutral
19741,Rachel,I’ll really appreciate it.,neutral
19741,Joey,"Yeah, okay.",neutral
19741,Rachel,Yeah?,surprise
19741,Joey,"Sure, no problem.  Ooh—Hey, donuts!",joy
19742,Commercial,"Problem odour in the litter box? Don’t change your kitty, change your kitty litter.",neutral
19742,Monica,"Sorry, Pheebs.",sadness
19742,Joey,Yeah. You okay?,neutral
19743,Rachel,"No! Sorry, I just thought you were somebody else. Hi!",surprise
19743,Mark,"Hi. Well, look, I was just gonna leave a message, isn’t tonight your, your big anniversary dinner?",neutral
19743,Rachel,"Yeah. Well, umm.....",sadness
19743,Mark,"Rach, are you okay?",surprise
19743,Rachel,"Yeah, I’m fine.",sadness
19743,Mark,"You wanna talk, I mean I can come over?",neutral
19743,Rachel,"No! Really, no, please, please, that’s, that’s okay.",sadness
19743,Mark,"All right, all right, I’m coming over, and I’m bringing Chinese food.",neutral
19743,Rachel,"Oh, yeah, I’m not, I’m not hungry.",sadness
19743,Mark,It’s for me.,neutral
19743,Rachel,"Oh. Okay, bye.",neutral
19744,Chandler,"Come on, pick up, pick up!",fear
19745,Chandler,Hello?,neutral
19746,Chandler,Transit Authority?,neutral
19746,Chandler,"Yes, hello.",neutral
19746,Chandler,"I'm doing research for a book, and I was wondering what someone might do if they left a baby on a city bus.",neutral
19746,Joey,"Hi, here's the deal.",neutral
19746,Joey,We lost a carseat on a bus today.,neutral
19746,Joey,"It's white plastic, with a handle, and it fits onto a stroller.",neutral
19746,Joey,"Oh, and there was a baby in it.",neutral
19746,Joey,He wants to talk to you again.,neutral
19747,Ross,Hello.,neutral
19747,Ross,I’m sorry I’m a little late.,neutral
19747,Joey,Whoa,surprise
19747,Ross,"Let me start by uh, by introducing myself, I am Professor Geller.",neutral
19747,Ross,"So to sum up, I’m Professor Geller.",neutral
19748,Ross,"Good evening, sir.",neutral
19748,Ross,My name is Ross Geller.,neutral
19748,Ross,I'm one of the people who applied for the apartment.,neutral
19748,Ross,And I-I realize that the competition is fierce but—I'm sorry.,neutral
19748,Ross,"I, I can't help but notice you're naked and  I applaud you.",joy
19748,Ross,"Man, I wish I was naked.",neutral
19748,Ross,"I mean, this-this looks so great.",joy
19748,Ross,That is how God intended it.,neutral
19749,Rachel,"Okay, I have to tell you something that I have never admitted during our entire friendship!",anger
19749,Rachel,"But, when we were in high school I made out with James Farrell even when I knew that you liked him!",anger
19749,Rachel,"Wow, that feels so good to get off my chest!",joy
19749,Rachel,"Okay, you go!",anger
19749,Monica,My turn? What-what are you talking about?,surprise
19749,Rachel,"Ugh, Monica, I know about you and Chandler.",disgust
19749,Monica,What?!,surprise
19749,Rachel,"I overheard you guys on the phone the other day, and you said, ""I'll just tell Rachel that I'm doing laundry for a couple of hours.""",neutral
19749,Rachel,"And he said, ""Laundry?",neutral
19749,Rachel,Is,neutral
19749,Monica,Well. Sounds like you're writing yourself a little play there Rach. Wow! Let me know how that one turns out.,joy
19749,Rachel,"Well, I wouldn't know because I got so freaked out that I hung up the phone.",anger
19749,Monica,"Well, if you had kept listening, you-you would have heard me call him Mr. Big……ot.",neutral
19749,Rachel,What?!,surprise
19749,Monica,Mr. Bigot. He tells the most,neutral
19749,Rachel,All right. So you're telling me that there is nothing going on between you and Chandler.,anger
19749,Monica,Me and Chandler?!,surprise
19750,Phoebe,"I really thought you making a good point. I mean y'know, until you got cut off.",neutral
19750,A Female Student,"Yeah, what's up with that girl Monica?",neutral
19750,Phoebe,I don't know! I didn't come with her!,anger
19750,Monica,All right everybody! Everybody guess what? I just convinced Paul to give us a test next week!,joy
19750,All,A test?!!,surprise
19750,Monica,Come on! Tests make us all better learners! Oh yeah!  We should have essay questions!!,joy
19751,Phoebe,"Okay I’ve got one for you, if you had too which one would you rather eat, a seeing eye dog or a talking gorilla?",neutral
19751,Cliff,"I’d have to say…the talking gorilla, because at least I can explain to him that you’re making me eat him.",neutral
19751,Phoebe,Somebody went to college. Wow.  What is it? I’m sorry.,surprise
19752,Mr. Franklin,"Okay, I hear you loud and clear. Bob will stay put.",neutral
19752,Chandler,I think it’s best sir.,neutral
19752,Mr. Franklin,But we really do need to find someone up here.,neutral
19752,Mr. Franklin,The work is starting to pile up.,neutral
19752,Mr. Franklin,I’ve got a stack of documents on my desk this high.,neutral
19752,Chandler,"Y’know what you should do, just toss ‘em in the shedder and claim you never got ‘em.",neutral
19752,Mr. Franklin,That’s a good one.,neutral
19752,Chandler,What does a guy have to,neutral
19753,Ross,"Yeah, yeah, everybody's here. Hey, everybody, say hi to Julie in New Mexico.",neutral
19753,All,"Hi, Julie!",joy
19754,Phoebe,Isn’t there a national football league.,neutral
19754,Chandler,"Yes. Yes, there is, they play on Sundays and Monday nights.",neutral
19754,Rachel,Oh shoot! I work Monday nights.,sadness
19754,Phoebe,"Umm, this stuffing is amazing. Do you think we should bring them some?",joy
19754,Joey,"When they’re hungry enough, they’ll come in.",neutral
19755,Tag,"Hey Joey, you wanted to talk to me?",neutral
19755,Joey,"I don’t know. You uh, you got something for me?",neutral
19755,Tag,"Oh, yeah, this is from Rachel.",neutral
19755,Joey,Ten. Okay. Now Tag there’s such a thing as too many women.,neutral
19755,Tag,Really?,surprise
19755,Joey,"Yeah, for you!",joy
19756,Chandler,"Oh, Danielle! I wasn't expecting the machine... Give me a call when you get a chance.  Bye-bye.  Oh God!",surprise
19756,Monica,That's,neutral
19756,Chandler,"Hey, I've been honing!",anger
19756,Ross,What was with the dishes?,neutral
19756,Chandler,"Oh, uh..",fear
19756,Chandler,I want her to think I might be in a restaurant.. y'know?,fear
19756,Chandler,"I might have some kind of life, like I haven't been sitting around here honing for the past few hours.",anger
19756,Monica,"Look look! He's doing it again, the guy with the telescope!",surprise
19756,Phoebe,Oh my God!  Go away!  Stop looking in here!,anger
19756,Monica,"Great, now he's waving back.",disgust
19756,Joey,"Man, we gotta do something about that guy.",disgust
19756,Joey,"This morning, I caught him looking into our apartment.",disgust
19756,Joey,It creeps me out!,anger
19756,Joey,I feel like I can't do stuff!,anger
19756,Monica,What kinda stuff?,joy
19756,Joey,"Will you grow up? I'm not talking about sexy stuff, but, like, when I'm cooking naked.",disgust
19756,Phoebe,You cook naked?,surprise
19756,Joey,"Yeah, toast, oatmeal... nothing that spatters.",neutral
19756,Chandler,What are you looking at me for? I didn't know that.,surprise
19757,Monica,Y'know they say a watched pot never beeps.,neutral
19757,Phoebe,"It’s just y'know, been a couple of hours, and she hasn’t called. Not that I even care, y'know.",sadness
19757,Monica,Phoebe why don’t you just call her? You obviously want to.,neutral
19757,Phoebe,You think you know me so well.,anger
19757,Monica,"Well, don’t ‘cha wanna?",neutral
19757,Phoebe,Yeah.,neutral
19757,Monica,"Okay, well I do know you.",neutral
19757,Phoebe,That’s what I said.,neutral
19757,Monica,Well so?,neutral
19757,Phoebe,I can’t.,sadness
19757,Phoebe,I can’t.,sadness
19757,Phoebe,"She dumped me, I mean I totally trusted her and then one day it was ‘Okay, bye Pheebs’ gone.",sadness
19757,Phoebe,"Y'know what the saddest part is, when we were playing together, that was like the most fun I’ve ever had in like all my lives.",sadness
19758,Ross,"Ok, bye.  Well, Monica's not coming, it's just gonna be me and Rachel.",neutral
19758,Chandler,"Oh. Well, hold on camper, are you sure you've thought this thing through?",neutral
19758,Ross,It's laundry. The thinking through is minimal.,neutral
19758,Chandler,"It's just you and Rachel, just the two of you? This is a date. You're going on a date.",joy
19758,Ross,Nuh-uh.,fear
19758,Chandler,Yuh-huh.,joy
19758,Ross,"So what're you saying here? I should shave again, pick up some wine, what?",surprise
19758,Chandler,"Well, you may wanna rethink the dirty underwear.",disgust
19758,Chandler,This is basically the first time she's gonna see your underwear—you want it to be dirty?,surprise
19758,Ross,No.,neutral
19758,Chandler,"Oh, and uh, the fabric softener?",neutral
19758,Ross,"Ok, ok, now what is wrong with my",anger
19759,Chandler,"Ok, so it's just because it was my table, I have to buy a new one?",anger
19759,Joey,That's the rule.,neutral
19759,Chandler,"What rule? There's no rule, if anything, you owe me a table!",anger
19759,Joey,How'd you get to that?,anger
19759,Chandler,"Well, I believe the piece of furniture was fine until your little breakfast adventure with Angela Delvecchio",anger
19759,Joey,You knew about that?,surprise
19759,Chandler,"Well, let's just say the impressions you made in the butter left little to the imagination.",disgust
19759,Joey,"Ok, ok, How about if we split it?",neutral
19759,Chandler,"What do you mean, like, buy it together?",neutral
19759,Joey,Yeah,neutral
19759,Chandler,You think we're ready for something like that?,neutral
19759,Joey,Why not?,neutral
19759,Chandler,"Well, it's a pretty big commitment, I mean, what if one of us wants to move out?",neutral
19759,Joey,"Why, are you moving out?",surprise
19759,Chandler,I'm not moving out.,neutral
19759,Joey,You'd tell me if you were moving out right,fear
19759,Chandler,"Yeah, yeah, it's just that with my last roommate Kip...",neutral
19759,Joey,"Aw, I know all about Kip!",anger
19759,Chandler,"It's just that we bought a hibachi together, and then he ran off and got married, and things got pretty ugly.",anger
19759,Joey,"Well, let me ask you something, was Kip a better roommate than me?",sadness
19759,Chandler,"Aw, don't do that",sadness
19760,Phoebe,"Ooh, oh no! I have to go! I have a massage appointment.",sadness
19760,Eric,"Oh no, stay here we’ll keep doing this. I’ll pay you.",neutral
19760,Phoebe,"No, I got in trouble for that before. I’ll see you later.",neutral
19760,Eric,Absolutely.  I love the way you kiss.,joy
19761,Mona,Oh my God! Oh my God! I’m so sorry!,fear
19761,Ross,"Aw forget it, it’s from",neutral
19761,Dr. Green,You think you can knock up my daughter and then not marry her?! I’m gonna kill you!!,anger
19761,Ross,Y’know this is actually not a great time for me.,sadness
19762,Rachel,"Okay! So, we’ll just stay married.",joy
19762,Ross,"Yes, exactly!",joy
19762,Rachel,And I will make everyone call me Mrs. Geller!,joy
19762,Ross,"Wow! This is so amazing. I uh, I really thought I’d have to talk you into this more.",joy
19762,Rachel,What-wh-what so we’ll just stay married forever?!,surprise
19762,Ross,"Okay, look, how is this gonna affect you?",neutral
19762,Ross,Really?,anger
19762,Ross,I mean you fill some form out once and a while and instead of checking the box that says Ms you check the box that says Mrs.!,joy
19762,Ross,It’s,neutral
19762,Rachel,"Ohh, okay, I’m sorry.",sadness
19762,Rachel,You’re right.,neutral
19762,Rachel,Y’know what?,neutral
19762,Ross,I’m asking you to do me a favor.,neutral
19762,Rachel,You are asking me to be your wife!,anger
19762,Ross,And as my wife I think you should grant me this favor.,neutral
19763,Monica,Oh my God!,surprise
19763,Paul,"I know, I know, I'm such an idiot.",joy
19763,Monica,"My brother's going through that right now, he's such a mess. How did you get through it?",neutral
19763,Paul,"Well, you might try accidentally breaking something valuable of hers, say her-",neutral
19763,Monica,-leg?,neutral
19763,Paul,"That's one way! Me, I- I went for the watch.",neutral
19763,Monica,You actually broke her watch?,surprise
19763,Rachel,"Barry, I'm sorry...",sadness
19763,Rachel,I am so sorry...,sadness
19763,Rachel,"I know you probably think that this is all about what I said the other day about you making love with your socks on, but it isn't... it isn't, it's about me, and I ju-  Hi, machine cut me off again... anyway...",sadness
19764,Ross,"No real-, honey, really it’s fine, just g-go with Susan.",neutral
19764,Ross,"Really, I, no, I think girls night out is a great idea.",joy
19764,Ross,"Okay, okay, bye",neutral
19764,Phoebe,So what are they doing?,neutral
19764,Ross,"I don’t know, something girlie.",joy
19764,Phoebe,"Hey, you’re early.",neutral
19764,Monica,What are you doing with the lamp?,surprise
19764,Phoebe,I’m just taking it to be re-wired.,neutral
19764,Monica,"Oh, well don’t take it to the same place you took the stereo, ‘cause they’ve had that thing for over a week.",disgust
19764,Phoebe,"No, no, Mr. Heckles no one is making any noise up here.",neutral
19764,Mr. Heckles,You’re disturbing my oboe practice.,anger
19764,Phoebe,You don’t play the oboe!,anger
19764,Mr. Heckles,I could play the oboe!,anger
19765,Rachel,Ohhh! That is soo sweet!,joy
19765,Mark,"Okay, okay look, I know I'm being Mr. Inappropriate today, but it's just so tough, I mean see you walking around and I just wanna touch you and hold you, come on no one's around, just, just kiss me.",joy
19765,Ross,"All right that's, that's it!! Get off her!",anger
19765,Mark,What is going on?,surprise
19765,Ross,What's going on?!  That's what's going on!!,anger
19765,Rachel,Ross!,surprise
19765,Ross,I have been down in your store for twenty minutes trying to get a tie!,anger
19765,Ross,What do I have to do to get some service?!,anger
19765,Ross,Hi Rach.,neutral
19766,Mona,Ross?,neutral
19766,Ross,Yeah?,neutral
19766,Mona,Hey it’s Mona! From the wedding.,joy
19766,Ross,Oh hi!,joy
19766,Mona,Hi!,joy
19766,Ross,Wow! Uh…how are you?,surprise
19766,Mona,"I’m good except umm, you still owe me a dance.",neutral
19766,Ross,"Oh that’s right. Well uh, would you be interested in seeing a Ukrainian film?",joy
19766,Mona,Oh you’re serious. Sure!,surprise
19766,Ross,Great! Well umm,joy
19766,Mona,I think I might need one more cup of coffee.,neutral
19766,Ross,"Sure! Uh, let me get it for ya.",neutral
19766,Mona,Okay.,neutral
19767,Phoebe,"Look, I feel really bad about how I freaked you out before, so I called the father and asked him to meet you here so you can tell him.",sadness
19767,Phoebe,Go!,anger
19767,Rachel,"What? Hey wait a minute! Phoebe, how do you even know who the father is?",surprise
19767,Phoebe,"I may play the fool at times, but I’m a little more than a pretty blond girl with an ass that won’t quit.",anger
19767,Phoebe,I believe this belongs to the father of your baby.,neutral
19767,Rachel,"Oh God… Oh, he’s in there right now?",surprise
19767,Phoebe,Uh-huh. Now you can turn around or you can go in there and rip the Band-Aid off. What to you want to do?,neutral
19767,Rachel,"Uh, let’s rip!",fear
19767,Phoebe,Really? Are you sure?,surprise
19767,Rachel,Oh Phoebe!,joy
19767,Phoebe,"Okay, sorry. Yeah.",neutral
19767,Tag,Hey Rach.,neutral
19768,Phoebe,"Hey, thank you so much for these tickets, Chandler.",joy
19768,Chandler,"Oh well, this was a really important experience for me, and    I wanted to share it with you.",joy
19768,Monica,"Oh, you're so wonderful.",joy
19769,Joey,"It can’t be me, I’m standing right here.",neutral
19769,Mr. Geller,Wanna peek?,neutral
19769,Ross,No!,disgust
19769,Mr. Geller,Come on!,surprise
19769,Joey,We’re not peeking?,sadness
19769,Mr. Geller,Well I’m peeking.  Oh my God!,surprise
19769,Chandler,"Hello sir, you know Monica.",neutral
19770,Joanna,Chandler is fantastic!!,joy
19770,Rachel,What?!,surprise
19770,Joanna,Y’know how people just click?,joy
19770,Joanna,"Like he came by to pick me up, and I opened the door, and it was just like, click!",joy
19770,Joanna,Did he tell you?,surprise
19770,Joanna,"Oh, and he’s got such a good heart! Doesn’t he have a good heart?",joy
19770,Rachel,"Oh, I know...",joy
19770,Joanna,"Oh, I know and he’s soo sweet! Listen, he said he was going to call, so put him straight through.",joy
19770,Sophie,Isn’t this great?!,joy
19770,Joanna,Don’t spoil it.,neutral
19771,Ross,Hi.,neutral
19771,Rachel,"Hi, sweetie!",joy
19771,Ross,Hello.,neutral
19771,Mark,"Hi, Ross.",neutral
19771,Ross,"Yeah, huh.",neutral
19771,Rachel,I?ve got some bad news.,sadness
19771,Ross,What?,fear
19771,Rachel,"I can get a quick bite to eat, but then I have to come back up here.",neutral
19771,Ross,"Come on sweetie! You?ve had to work late every night for the past two weeks, what is it this time?",sadness
19771,Ross,"But work comes first!  Oh hey, but that?s sad about you though, what happened? Burn out? Burn all out, did ya?",joy
19771,Rachel,"Nooo, he?s leaving for a better job.",neutral
19771,Ross,"Oh well that?s great, so I guess this is ah, this is good bye then. Huh?  Good bye.",joy
19771,Mark,"Okay, then.",neutral
19771,Ross,Okay.,neutral
19771,Rachel,Well we?re gonna miss you around here.,sadness
19771,Mark,"Yeah, me too.",sadness
19771,Mark,"So, see ya on Saturday.",neutral
19771,Rachel,"Yeah, you bet.",neutral
19772,Ross,Whazzup??,neutral
19772,Chandler,"Seriously dude, 3 years ago.",joy
19772,Ross,"Listen, can you do me a favor?",neutral
19772,Ross,I'm gonna be out today.,neutral
19772,Ross,"Can you    just keep an eye on Joey, make sure nothing happens between him and Molly?",neutral
19772,Chandler,You don't trust him?,surprise
19773,Ross,I think the check in is that way.,neutral
19773,Rachel,Ahh.,neutral
19774,Joey,"Monica face it, Chandler is against marriage. And-and always will be!",neutral
19774,Monica,Well there’s some people who do want to marry me.,anger
19774,Joey,There are?,surprise
19774,Monica,Yeah! Richard!,anger
19774,Joey,R-R-Richard said he wants to marry you?!  And-and Chandler’s tellin’ ya how much he hates marriage?!,surprise
19774,Monica,That’s right.,neutral
19774,Joey,Chandler,neutral
19774,Monica,You just told me that he hates marriage!,surprise
19774,Monica,That-that he’s a-a complex fellow who’s unlikely to take a wife!,anger
19774,Monica,That-that he’s against marriage and always will be!,anger
19774,Joey,You got,neutral
19775,Ross,"You know you probably didn't know this, but back in high school, I had a, um, major crush on you.",fear
19775,Rachel,I knew.,neutral
19775,Ross,You did! Oh.... I always figured you just thought I was Monica's geeky older brother.,surprise
19775,Rachel,I did.,neutral
19775,Ross,Oh.,sadness
19775,Ross,"Listen, do you think- and try not to let my intense vulnerability become any kind of a factor here—but do you think it would be okay if I asked you out?",fear
19775,Ross,Sometime?,neutral
19775,Ross,Maybe?,neutral
19775,Rachel,"Yeah, maybe...",joy
19775,Ross,"Okay... okay, maybe I will...",joy
19776,Chandler,"Well, I just thought it’d make me feel good to do something nice for my friend.",neutral
19776,Joey,"Well, you’re amazing.",joy
19776,Chandler,Oh no-no-no.,neutral
19776,Joey,"A TV as if it appears from nowhere! That’s the dream! Man, how did you afford this stuff?",surprise
19776,Chandler,"Well, y’know I’m 29. I mean who needs a savings account.",neutral
19776,Joey,"Oh, you are the best friends anyone has ever had.",joy
19776,Chandler,"Oh, I don’t know.",fear
19776,Joey,"Oh-no-no-no, you are!",joy
19776,Joey,"You do this, you give me the great advice, and hey listen, I was thinking about what you said yesterday about focusing on one woman, I’m gonna do that.",joy
19776,Chandler,You mean with Casey.,neutral
19776,Joey,"No-no-no, I think I’m gonna see how things go with Kathy. She’s pretty cool.",neutral
19776,Chandler,Or Casey.,neutral
19776,Joey,"No-no, Kathy.",neutral
19776,Chandler,Could be Casey.,neutral
19776,Joey,"No. No, Kathy.",neutral
19776,Chandler,Consider Casey.,neutral
19776,Joey,I think somebody’s got a little crush on Casey.,joy
19776,Joey,How ‘bout I fix you two up?,joy
19776,Joey,What do you think?,joy
19776,Chandler,That all the pieces of my life are falling right into place!,joy
19777,Chandler,"Hey, anybody got a length of rope about six feet long with a little nouse at the end?",neutral
19777,Monica,"Honey, what’s the matter?",neutral
19777,Chandler,I just saw Janice.,neutral
19778,Singer,"‘Cause every time I see your face, I can’t help but fall from grace. I know.....",joy
19778,Joey,Wow! This girl is good.,surprise
19778,Phoebe,"Oh-ho yeah! A song with rhyming words. Oo, I never thought of that before.",anger
19778,Chandler,I like her.,neutral
19778,Phoebe,Why? Because she can sing and play guitar and do both at the same time?,neutral
19778,Chandler,"Well, that’s pretty much all I’m looking for from these people.",neutral
19778,Monica,Look at you. All jealous.,anger
19778,Ross,"Yeah Pheebs, come on, you two have completely different styles. Y'know, she’s more.. y'know, and you’re more",neutral
19778,Joey,Say you'll stay beside me,sadness
19778,Phoebe,"Okay, see, see, everyone else is happy she’s done.",anger
19778,Singer,"Okay, my next song’s called: Phoebe Buffay, What Can I Say.",neutral
19778,Singer,"I Really Loved When We Were Singing Partners, And I Shouldn’t Have Left You That Way.",neutral
19778,Phoebe,"Oh no, one of those ‘look for the hidden meaning’ songs.",neutral
19779,Ross,"Yes, hello.",neutral
19779,Ross,I have a question.,neutral
19779,Ross,"Umm, I used your pen to draw on my friend's face.",neutral
19779,Ross,A beard and a moustache.,neutral
19779,Ross,Thank you.,neutral
19779,Ross,"No,",neutral
19779,Rachel,What?! What else did he say?,surprise
19779,Ross,"Umm, he said he thought I was funny.",neutral
19779,Ross,"So… Okay, look-look umm, let's just go downstairs, we'll have some fun, and you will forget all about it.",neutral
19779,Rachel,"Ross, no! There is",anger
19779,Ross,"Oh, come on! Rach, it's-it's not that bad.",neutral
19779,Rachel,"Ross, I am a human doodle!!",anger
19779,Ross,"Look, just because some idiot drew on your face doesn't mean you shouldn't have any fun!",neutral
19779,Ross,"And besides, hey-hey-hey no one is even gonna",neutral
19779,Ross,"Okay, there was",neutral
19780,Ross,Come on!,joy
19780,Rachel,"Oh wait, don’t you have to pay for your,  Busty Ladies?",joy
19780,Ross,"No, it’s okay. Some-some kid asked me to pick it up for him, but I don’t",neutral
19781,Monica,Oh my God!!! What are you doing?!!,surprise
19781,Joey,"You said, you wanna come in for some lemonade?",neutral
19781,Monica,So?!,disgust
19781,Joey,"Whoa, ah!! We’re you just gonna give me some lemonade?",surprise
19781,Monica,Yeah huh!! Cover yourself up!,disgust
19781,Joey,"Oh right, right.",neutral
19781,Monica,"I don’t believe this! When someone asks you in for lemonade, and to you that means they wanna have sex?",disgust
19781,Joey,Well usually...yeah!,surprise
19781,Joey,"Well, not just lemonade, iced tea, sometimes juice.",neutral
19781,Joey,"Well, sorry, I just, I thought you liked me.",neutral
19781,Joey,I’m such a jerk.,sadness
19781,Monica,"It’s okay. I suppose it could happen to anyone, not anyone I know, but... By the way I can still see it.",neutral
19782,Rachel,Hmmm... this is so nice.,joy
19782,Ross,"OK, I have a question. Well, actually, it's not so much a question as.. more of a general wondering... ment.",neutral
19782,Rachel,OK.,neutral
19782,Ross,"OK. Here goes. For a while now, I've been wanting to, um....",neutral
19782,Rachel,Ohhh!!!!,surprise
19782,Ross,"Yes, yes, that's right...",neutral
19782,Rachel,"Oh, look at the little cat!",surprise
19782,Ross,What?  Ow!,surprise
19783,David,"Well, I was probably going to do it at some point.",neutral
19783,Chandler,I didn't mean,neutral
19783,David,It's brilliant!,joy
19783,David,"Goodbye Mike, we'll see you at the wedding, fella!",joy
19783,David,"well, we probably won't invite you to the wedding...",neutral
19783,David,"Thank you, Chandler.",neutral
19783,David,Sincerely.,neutral
19783,Chandler,"Well, you're welcome! Glad I could help.",joy
19783,Chandler,"David, I'm pretending to",neutral
19784,Phoebe,"Okay, you have 19 questions left. Use them wisely.  Come on Joey! You can’t win if you don’t ask any",joy
19784,Joey,What?!,surprise
19784,Phoebe,"Well, you promised me a fun road trip!",joy
19784,Phoebe,We’ve been on the road six hours and you’ve been asleep for five and a half!,anger
19784,Phoebe,We are switching at the next rest stop and,anger
19784,Joey,All right. All right.,neutral
19784,Phoebe,Yeah! And until then you are going to sing to me because the radio’s broken and you are selfish but have a nice voice.,anger
19784,Joey,Really? I don’t,surprise
19784,Phoebe,Sing!!,anger
19784,Hitchhiker,Morning!,joy
19785,1st Customer,Everything was delicious!,joy
19785,Monica,Thank you!,joy
19785,2nd Customer,It was. The duck in particular was superb.,joy
19785,Monica,Thank you!    You haven't said anything...,joy
19785,3rd Customer,Actually I do have one small complaint.,neutral
19785,Monica,Oh..please!I-I welcome criticism.,neutral
19785,3rd Customer,The musician right outside the restaurant...it's kind    of a mood-killer!,sadness
19785,Monica,What musician?,surprise
19786,Joey,We did?,neutral
19786,Monica,You owe me 20 bucks.,joy
19786,Rachel,Thank you. Thank you so much!,joy
19786,Monica,"Chandler, here you go, got your traditional Thanksgiving feast, you got your tomato soup, your grilled cheese fixin's, and your family size bag of Funyuns.",neutral
19786,Rachel,"Wait, wait, Chandler, this is what you're havin' for Thanksgiving dinner?",surprise
19786,Rachel,"What, what, what is it with you and this holiday?",anger
19786,Chandler,"All right, I'm nine years old.",neutral
19786,Ross,"Oh, I hate this story.",sadness
19786,Chandler,We just finished this magnificent Thanksgiving dinner.,neutral
19786,Chandler,"I have--and I remember this part vividly--a mouthful of pumpkin pie, and this is the moment my parents choose to tell me they're getting divorced.",sadness
19786,Rachel,Oh my god.,surprise
19786,Chandler,Yes. It's very difficult to appreciate a Thanksgiving dinner once you've seen it in reverse.,sadness
19787,Rachel,"Hey, who's this little naked guy?",surprise
19787,Ross,That little naked guy would be me.,neutral
19787,Rachel,"Aww, look at the little thing.",surprise
19787,Chandler,Who are those people?,surprise
19787,Ross,Got me.,surprise
19787,Monica,"Oh, that's Nana, right there in the middle.  'Me and the gang at Java Joe's'.",neutral
19787,Rachel,"Wow, Monica, you look just like your grandmother. How old was she there?",surprise
19787,Monica,"Let's see, 1939... yeah, 24, 25?",neutral
19787,Ross,Looks like a fun gang.,neutral
19787,Joey,"Ooh, look-look-look-look-look! I got Monica naked!",joy
19788,Tag,"So, what’s this about?",joy
19788,Phoebe,"Rachel has something that she wants to tell you and umm, I believe that this is your red sweater.",neutral
19788,Tag,No.  This is my red sweater.,neutral
19788,Phoebe,Oh no. Could I get anyone a coffee or…poison? No? Just for me? Okay.,fear
19788,Tag,What’s going on Rach?,joy
19788,Rachel,"Nothing! Phoebe kinda made a mistake. But y’know you do wear that sweater a lot, are you involved in some kind of dare?",fear
19788,Tag,"Y’know, I’m actually glad Phoebe called.",joy
19788,Tag,"I know we broke up because you thought I wasn’t mature enough, but I’ve really grown up and think we should get back together.",joy
19788,Rachel,"Oh, it’s just not the right time.",sadness
19788,Tag,It is the right time.,joy
19788,Rachel,Okay.,neutral
19789,Joey,‘Kay!,joy
19789,The Presenter,in the category of Favorite Returning Male Character the nominees are: John Wheeler from,neutral
19789,Joey,What the?!,surprise
19790,Rachel,Yeah.,neutral
19790,Policeman,"You’re an Aquarius, huh?",neutral
19790,Rachel,I bet you’re a Gemini.,neutral
19790,Policeman,Nope.,neutral
19790,Rachel,Taurus?,neutral
19790,Policeman,Nope.,neutral
19790,Rachel,Virgo?,neutral
19790,Policeman,Nope.,neutral
19790,Rachel,Sagittarius?,neutral
19790,Policeman,Yep.,neutral
19790,Rachel,"I knew it! I knew it, ahh….",joy
19790,Policeman,You’re not gonna speed anymore right?,neutral
19790,Rachel,I won’t speed.,neutral
19790,Policeman,And you promise you’ll get this taken care of right away?,neutral
19790,Rachel,I promise.,neutral
19790,Policeman,And in the meantime you better let him drive. Does he have a license?,neutral
19790,Rachel,Yeah!,neutral
19790,Policeman,Can he handle the stick?,neutral
19790,Rachel,Oh well,neutral
19790,Ross,I can handle the stick!!,anger
19791,Monica,Hey!,joy
19791,Monica,I can’t believe this is taking so long. How are you doing?,sadness
19791,Rachel,Oh not bad. Do you know that feeling when you’re trying to blow a Saint Bernard out your ass?,sadness
19791,Chandler,Weirdest thing. Did I hear——Mother of God it’s true!,surprise
19791,Janice,Chandler Bing!,surprise
19791,Joey,Janice,surprise
19791,Ross,"Not just Janice, Janice in labor, contracting and everything.",joy
19791,Janice,"Oh, this should be easy. I have a very wide pelvis. You remember Chandler.",neutral
19791,Chandler,Janice I didn’t even know you were pregnant! Who’s the unwitting human who’s essence you’ve stolen?,surprise
19791,Janice,It’s you. This is yours.,neutral
19791,Chandler,What?!,surprise
19791,Janice,Look how nervous he gets! We haven’t slept together in years!,joy
19791,Chandler,That’s funny. Does it-does it hurt? Does the labor hurt?,fear
19792,Joey,"Man, I’m starving! What the hell was I thinking at dinner?! ""Do you want soup or salad?"" Both! Always order both!",anger
19792,Ross,"Y’know, y’know I’m lookin’ and I don’t think anyone’s home here.",neutral
19792,Ross,"I say we just break the window, crawl through, and-and y’know explain later.",neutral
19792,Joey,Yeah? Really? No one’s home?,surprise
19792,Ross,I don’t think so. Hello?  When you get in there,neutral
19793,Monica,"Hey, what's up?",neutral
19793,Rachel,I just saw Danny getting on the subway with a girl and he had his arm around her.,sadness
19793,Monica,"Oh, honey, I'm sorry.",sadness
19793,Rachel,"Well, you should be, this is all your fault! You meddled in our relationship!!",anger
19793,Monica,You had no relationship!!,anger
19793,Rachel,"No, but I was doing my thing and everything was going according to the plan!",anger
19793,Monica,"Oh God, stop with the plan!",anger
19793,Monica,"So what, so what you saw him with a girl?",neutral
19793,Monica,Who cares?!,anger
19793,Monica,That doesn't mean anything!,anger
19793,Monica,"Now look, you're going to go out on a date with Danny and you're going to be so charming he's gonna forget all about that stupid subway girl.",neutral
19793,Rachel,She was kinda stupid.,neutral
19793,Rachel,You're right.,neutral
19793,Rachel,"All right, I'm just gonna go on the date.",neutral
19793,Rachel,I'm gonna go on the date.,neutral
19793,Rachel,That is the new plan.,neutral
19794,Phoebe,Hi.,neutral
19794,Duncan,Phoebe!,surprise
19794,Phoebe,Ta-da.,joy
19794,Duncan,Hey.,neutral
19794,Phoebe,Hi.,neutral
19794,Duncan,"Ahh, look at you, you look great.",joy
19794,Phoebe,"Do I? Thank you, so do you.",neutral
19794,Duncan,Thanks.,neutral
19794,Phoebe,Sparkly.,neutral
19794,Phoebe,"So, wow, this is pretty wonerful, huh.",joy
19794,Phoebe,Mr. major capades guy.,neutral
19794,Phoebe,"I, I remember when you were just, like, King Friday in Mr. Roger's Ice is Nice.",neutral
19794,Duncan,You always said I'd make it.,joy
19794,Phoebe,"Yeah, well, ya know, I'm kind of spooky that way. Wooo.",neutral
19794,Duncan,I missed you.  I'm gonna get changed.,neutral
19794,Phoebe,OK.,neutral
19794,Duncan,"Um, now. Phoebs.",neutral
19794,Phoebe,"Oh, right, OK. Ole.",neutral
19794,Duncan,What?,neutral
19794,Phoebe,"Um, the matador.  Ole, ha ha ha.",joy
19795,Jane,"Hi Joey it's Jane Rogers, can't wait    for your party tonight.",joy
19795,Jane,"Listen, I forgot your address, can you give me a call?",neutral
19795,Jane,"Thanks, bye.",neutral
19795,Joey,Hey!,joy
19795,Rachel,Hey!,joy
19795,Joey,What's happening?,joy
19795,Rachel,"Yeah, it's a real shame you can't make it to that one-woman    show tonight.",sadness
19795,Joey,"Oh, I'd love to, but I gotta get up so early the next day and    so, you know me, work comes first",neutral
19795,Rachel,"Oh, yeah, yeah, yeah...",neutral
19795,Message,"""Hi Joey, it's Jane Rogers can't wait for your party tonight""",joy
19795,Joey,Stupid Jane Rogers!!,anger
19795,Rachel,You are having a party tonight??,surprise
19795,Joey,Kinda have a... a thing for the Days Of Our Life's people.,neutral
19795,Rachel,And you weren't going to tell us? How did you think you were    gonna get away with that?,anger
19795,Joey,I do it every year.,neutral
19795,Rachel,You do that every year??,surprise
19795,Joey,I didn't have to tell you that!! I'm stupider than Jane Rogers!!,anger
19795,Rachel,"Oh, that's why you got these tickets to that play, to get rid    of us??",anger
19795,Joey,Yeah...,neutral
19795,Rachel,And last year is that why you sent us to that medieval times    restaurant?,anger
19795,Joey,Yeah...,neutral
19795,Rachel,"OH! And the year before that, when you set up that nighttime    tour of that button factory?",anger
19796,Rachel,Who's this from?,surprise
19796,Chandler,"Oh, that's Ross's.",neutral
19796,Rachel,Oh...  Oh my God. He remembered.,surprise
19796,Phoebe,Remembered what?,neutral
19796,Rachel,It was like months ago.,surprise
19796,Rachel,"We were walking by this antique store, and I saw this pin in the window, and I told him that it was just like one my grandmother had when I was a little girl.",sadness
19796,Rachel,Oh!,surprise
19796,Rachel,I can't believe he remembered!,surprise
19796,Phoebe,"Oh, it's so pretty. This must have cost him a fortune.",surprise
19796,Monica,I can't believe he did this.,surprise
19796,Chandler,"Come on, Ross? Remember back in college, when he fell in love with Carol and bought her that ridiculously expensive crystal duck?",neutral
19796,Rachel,What did you just say?,surprise
19796,Chandler,F-hah.... flennin....,fear
19796,Rachel,Oh.... my God.,surprise
19797,Gary,I really like waking up with you.,joy
19797,Phoebe,"I like waking up with you too.  Oh! It's such a beautiful morning.  Oh, I can stay here all day.",joy
19797,Gary,That would be great!,joy
19797,Phoebe,We could have breakfast in bed,joy
19797,Gary,"Wait, just a second.",neutral
19797,Phoebe,Okay.  Oh! Oh no.,surprise
19798,Rachel,"Well that was depressing, I think I just bought a soft pretzel from one of the kids from",sadness
19798,Phoebe,Um-hmm. Oh wait! This is Bonnie.,surprise
19798,Bonnie,Hi!,joy
19798,Rachel,This is Bonnie?  This is Bonnie?  You’re Bonnie?,surprise
19798,Bonnie,I can show you an ID if you want?,neutral
19798,Rachel,"Oh no, I’m sorry, you look a lot different from the last time I-I saw you.",surprise
19798,Bonnie,"Oh yeah, well I just started wearing bras again.",neutral
19798,Rachel,"Oh, that must be it.",neutral
19798,Phoebe,Well I hope you have fun tonight.,neutral
19798,Bonnie,Thanks! You too.,joy
19799,Rachel,I believe it.,neutral
19799,Rachel,"Yes, I do.",neutral
19799,Ross,"No you do—y'know what, you’re not gonna suck me into this.",anger
19799,Rachel,"Oh sure I am, because you always have to be right.",anger
19799,Ross,"I do not always have to be—okay, okay.",anger
19799,Rachel,Jurassic Park,neutral
19800,Monica,"I'm telling you, something's wrong! My brother does not stay out all night.",fear
19800,Joey,Maybe we should check the trash chute.,neutral
19800,Rachel,Ross couldn't fit down the trash chute.,neutral
19800,Joey,"That's right, he almost could. Which is exactly how I got stuck there.",neutral
19800,Phoebe,Hey!,neutral
19800,Rachel,There he is!,joy
19800,Monica,Oh my God!  Where the hell have you been?!!,anger
19800,Ross,"Just, y'know out.",neutral
19800,Rachel,"Ohh, out, oh God, I don't know why we didn't think to check there!",anger
19800,Phoebe,What were you doing?,neutral
19800,Ross,"I uh, went to a bar. And then I just uh, just walked around for a while.",neutral
19800,Joey,He hooked up! He hooked up with someone.,surprise
19800,Ross,"Look, I don't have to answer your questions! Okay? I'm a big boy, I can do whatever I want!",anger
19800,Joey,He hooked up!! Tell us about her!,joy
19800,Janice,Ross you left you scarf in… Hey you guys.,neutral
19801,Chandler,"Oh yeah, that looks good.",neutral
19801,Phoebe,You guys make a,neutral
19801,Joey,"Yeah, we look great together.",joy
19801,Chandler,Okay.,neutral
19801,Monica,Wow! Imagine what our kids would look like!,joy
19801,Joey,"Y’know, we don’t have to imagine.",neutral
19801,Chandler,I’m marrying her.,joy
19801,Joey,We’ll just see.,neutral
19802,Joey,Hey! Hey! Be careful around my Porsche!,anger
19802,Woman,Hi Joey.,neutral
19802,Joey,Hey! How you doin’?,neutral
19802,Woman,He has the most amazing Porsche under there!,joy
19802,Joey,"I’d love to show ya, but I just tucked her in.",neutral
19802,Joey,She’s sleeping.,neutral
19802,Joey,"Hey uh, would you two girls like to go for a drink?",neutral
19803,Ross,"Well, the old lady died.",sadness
19803,Ross,And how do I know?,neutral
19803,Ross,Her dying wish was for one last kiss.,neutral
19803,Ross,"But I don’t care,  because you got the apartment.",joy
19803,Ross,Yes!,joy
19803,Rachel,Ewww. Yeah. Umm. I think I’m gonna stay here.,disgust
19803,Joey,Isn’t that great?,joy
19803,Ross,Ezels!!,disgust
19804,Phoebe,"Smelly cat, smelly cat, what are they feeding you? Smelly cat, smelly cat, it’s not your fault.",neutral
19804,Leslie,"Wow, that’s great.",joy
19804,Phoebe,"Oh, yeah!",joy
19804,Leslie,"Y'know you could totally sell this. It’d be perfect for like umm, a kitty litter campaign.",neutral
19804,Phoebe,"I..., a jingle? No, no-no-no, no.",neutral
19804,Leslie,What? Why not? You could make a ton of money.,surprise
19804,Phoebe,"Okay, well if I was in this for the money, I’d be a millionaire by now, y'know.",neutral
19804,Phoebe,You just got to get out of that jingle head sweetie.,neutral
19805,Leslie,"Aw, you’re right, you’re right. I’m sorry.",neutral
19805,Phoebe,"That’s okay. All right, I’m gonna play song that’s really, really sad. It’s called Magician Box Mix Up.",joy
19806,Rachel,"Okay sir, um-mm, let see if I got this right.",neutral
19806,Rachel,"Ah, so this is a half-caf, double tall, easy hazel nut, non-fat, no foam, with whip, extra hot latte, right?",neutral
19806,Rachel,"Okay, great.",joy
19806,Rachel,You freak.,disgust
19806,Ross,Thank you.,joy
19806,Isabella,"Um, coffee to go, please.",neutral
19806,Ross,Isabella Rosselini.,neutral
19806,Monica,Are you serious?  Oh my God.,surprise
19806,Ross,Damn! I can’t believe I took her off my list.,anger
19806,Monica,Why? ‘Cause otherwise you’d go for it?,neutral
19806,Ross,"Yeah, maybe.",neutral
19806,Rachel,"Oh-oh, you lie.",disgust
19806,Ross,What you don’t think I’d go up to her?,neutral
19806,Rachel,"Ross, it took you ten years to finally admit you liked me.",neutral
19806,Ross,"Yeah, well missy, you better be glad that list is laminated.",anger
19806,Rachel,"You know what honey, you go ahead, we’ll call her an alternate.",neutral
19806,Ross,"Okay, hold my crawler.",neutral
19806,Rachel,Okay.,neutral
19806,Monica,"Rach, are you really gonna let him do this?",surprise
19806,Rachel,"Honey, he’s about to go hit on Isabella Rosselini. I’m just sorry we don’t got popcorn.",joy
19807,Ross,"Okay, that's, that's enough.",neutral
19807,Ross,Won't you dance around with me.,neutral
19807,Monica,A-ha!!!,surprise
19808,Joey,"Oh-oh-oh, yeah!  That's right, you take good care of those babies!",joy
19808,Joey's Hand Twin,Excuse me?,surprise
19808,Joey,"It's me, Joey!",joy
19808,Joey's Hand Twin,Do I know you?,surprise
19808,Joey,Joey!,joy
19808,Joey's Hand Twin,"Oh-ho, yeah. Yeah, the hand guy.",neutral
19808,Joey,Okay that’s fair.,neutral
19808,Ross,All right.,neutral
19809,Phoebe,Good!,neutral
19809,Rachel,Pick one.,neutral
19809,Phoebe,Left!  Thank you.,joy
19809,Rachel,You’re welcome.,neutral
19809,Phoebe,Ross!,surprise
19809,Rachel,Joey!  We should just switch.,neutral
19809,Phoebe,Yeah absolutely!,joy
19810,Phoebe,"Rachel, we’re sorry for pushing those guys on you.",sadness
19810,Rachel,Oh that’s all right!,joy
19810,Rachel,"Y’know, I ended up having a really good time.",joy
19810,Rachel,"Y’know, the charity was a big success and they raised a lot of money and awareness.",joy
19810,Chandler,So what was it for anyway?,neutral
19810,Rachel,I wanna say a disease.,neutral
19810,Joey,Hey!,surprise
19810,All,Hey!,surprise
19810,Joey,I just got this really weird message from Ross. He said turn on,neutral
19810,Phoebe,"Oh my God, look! That’s Elizabeth!",surprise
19810,Rachel,Oh-oh Professor Geller.,neutral
19810,Joey,"Ahh, to be 13 again.",neutral
19811,Ross,"Hey! So uh, was he excited about the tickets?",neutral
19811,Joey,No! He blew us off!,anger
19811,Ross,What?!,surprise
19811,Joey,I know!,surprise
19811,Ross,I can’t believe it.  Can I tell you something? I’m a little mad at him now.,anger
19811,Joey,Can I tell you something? Me too.,anger
19811,Ross,"Y’know what? He didn’t want to talk to us about being angry, well maybe we don’t talk to him",anger
19811,Joey,Ooooh! Freeze him out.,joy
19811,Ross,That’s right!,joy
19811,Joey,I like it!,joy
19812,Elizabeth,Doorknob?,neutral
19812,Ross,"Yeah, it kinda grows on you.  Actually, I wanted to finish talking to you about uh, spring vacation.",neutral
19812,Elizabeth,Oh good.,joy
19812,Ross,"Look, I…  Look, I’m having a great time with you and I just don’t want us to move to fast or put to much pressure on us.",fear
19812,Ross,"So, I’m sorry I just don’t think we should go away together yet.",sadness
19812,Ross,It’s-it’s too soon.,fear
19812,Elizabeth,"Ross, I think you misunderstood what I was saying. I just wanted to tell you that I’m going to Florida for a couple weeks.",surprise
19812,Ross,No. I think you misunderstood what,surprise
19812,Elizabeth,You are so adorable.,joy
19812,Ross,That! Let’s talk about that.,joy
19813,Chandler,Hey!,joy
19813,Phoebe,How do you feel?,neutral
19813,Chandler,"Well, let’s just say that Krog will be fully equipped to destroy the universe again in twelve to fourteen hours.",neutral
19813,Phoebe,"Okay, so I",neutral
19813,Chandler,And protected them from a tornado?,neutral
19813,Monica,Oh my God.,surprise
19813,Phoebe,"I know, the babies are asleep.",neutral
19813,Monica,"Phoebe, what, what happened here?!",surprise
19813,Phoebe,I did it! I took care of the babies all by myself!,joy
19813,Monica,But my apartment!,surprise
19813,Chandler,Is not as important as the fact that Phoebe took care of the babies all by herself.,neutral
19813,Monica,"You’re right, you’re right I shouldn’t freak out.",neutral
19813,Monica,‘Cause this is what will happen when you and I have babies!,neutral
19813,Monica,When will that be?,neutral
19813,Chandler,"Phoebe, would you take a look at this mess!!!!",anger
19814,Joey,Hey Ross! The baby’s kicking!,joy
19814,Ross,What?! It is?!,surprise
19814,Rachel,It’s not kicking right now. Although we would love to see you do  that again.,joy
19814,Ross,"Hey, when-when was it kicking? What happened?",joy
19814,Rachel,Last night! I just felt it and I went into Joey’s room and he was sleeping,joy
19814,Joey,A dreamless sleep.,neutral
19815,Rachel,"So c'mon, you guys, tell me all the dirt!",joy
19815,Kiki,"Well, the biggest news is still you dumping Barry at the altar!",neutral
19815,Joanne,Alright. Let's talk reality for a second.,neutral
19815,Rachel,Okay.,neutral
19815,Joanne,When are you coming home?,neutral
19815,Rachel,"What? Guys, I'm not.",surprise
19815,Joanne,"C'mon, this is us.",neutral
19815,Rachel,I'm not! This is what I'm doing now. I've got this job-,neutral
19815,Kiki,Waitressing?,surprise
19815,Rachel,"Okay, I'm not just waitressing.",neutral
19815,Rachel,I'm..,neutral
19815,Rachel,"I, um...",neutral
19815,Rachel,"I write the specials on the specials board, and, uh... and I, uh...",neutral
19815,Rachel,"I take the uh dead flowers out of the vase... Oh, and, um, sometimes Artelle lets me put the little chocolate blobbies on the cookies.",sadness
19816,Fireman No. 3,"We get off around midnight, why don't we pick you up then?",neutral
19816,Rachel,"So, um, will you bring the truck?",neutral
19816,Fireman No. 3,I'll even let you ring the bell.,neutral
19816,Rachel,"Oh, my god.",surprise
19816,Phoebe,"See, there you go, the cleansing works!",joy
19816,Monica,They're nice guys.,neutral
19816,Rachel,"Oh, they're firemen guys.",joy
19817,Susan,Your son.,neutral
19817,Ross,"No-no-no. I don't have a son named Jordie. We all agreed, my son's name is Jamie.",anger
19817,Carol,"Well, Jamie was the name of Susan's first girlfriend, so we went back to Jordie.",neutral
19817,Ross,"What? Whoa, whoa whoa whoa, what do you mean,",surprise
19817,Carol,"Ow, ow, ow, ow, leg cramp, leg cramp, leg cramp.",anger
19817,Ross,I got it.,neutral
19817,Susan,I got it.,neutral
19817,Ross,"I got it! Hey, you get to sleep with her, I get the cramps.",anger
19817,Susan,"No, you don't.",neutral
19817,Carol,"All right, that's it. I want both of you out.",anger
19817,Ross,Why?,surprise
19817,Susan,He started it!,anger
19817,Ross,"No, you started it.",anger
19817,Carol,"I don't care. I am trying to get a person out of my body here, and you're not making it any easier.",anger
19817,Carol,Now go!,anger
19817,Ross,Thanks a lot.,anger
19817,Susan,See what you did.,anger
19817,Ross,"Yeah, listen...",neutral
19817,Carol,Out,anger
19818,Monica,"Oh, and I can also speak a little French. Voulez-vous coucher avec moi ce soir?  Why? What did I say?",joy
19818,Mischa,"Well, you just asked if I wanted to go to bed with you tonight.",neutral
19818,Monica,Oh my God! No wonder I get such great service at Cafe Maurice.,surprise
19818,Phoebe,"Knock, knock, knock, knock, hi.",neutral
19818,Phoebe,"Um, could you please tell Sergei that um, I was fascinated by what Boutros Boutros Gali said in the New York Times.",neutral
19818,Phoebe,You didn’t say Boutros Boutros Gali.,neutral
19818,Mischa,Boutros Boutros Gali.,neutral
19818,Mischa,He says he was too.,neutral
19818,Phoebe,Interesting.,neutral
19818,Mischa,So I was wondering....,neutral
19818,Phoebe,"Okay, ah, before you get all talky again, umm, could you also please tell Sergei that I really like his suit.",joy
19818,Mischa,"Eh, he said, thank you very much, he thinks you look very pretty tonight, your hair, golden like the sun.",joy
19818,Mischa,So you're a chef?,neutral
19818,Monica,I’m also thinking about opening up my own restaurant.,joy
19818,Mischa,"Oh, really.",surprise
19818,Phoebe,"Monica, can I talk to you behind my menu, please.  What are you doing?",neutral
19818,Monica,"Well, I was having a conversation.",neutral
19818,Phoebe,"Yeah but, Mischa is so interested in you, that Sergei and I haven’t been able to say two words to each other.",anger
19818,Monica,What do you want me to do? Just sit here silently while you three have a conversation?,anger
19818,Phoebe,That would be great. Thank you.,neutral
19819,Danny,so we finally get to the top of the mountain and airhead here  forgets the camera!,disgust
19819,Joey,"Oh, y'know the same thing happened to me one time.",neutral
19819,Chandler,When did that happen to you?!,surprise
19819,Joey,Don't you remember when we were jogging in the park and we saw that really pretty bird and wanted to take a picture—I didn't have my camera!,neutral
19819,Chandler,"Oh yeah. First off all, chasing the Churo guy isn't jogging.",disgust
19819,Krista,"Oh, this is so good  you have got to try it.",joy
19819,Danny,"Oh, damn! I got it on my pants.",anger
19819,Krista,"Here, I'll get it.",neutral
19819,Krista,We'd better take these pants off upstairs or that stain's gonna set.,neutral
19819,Danny,Yep.  I'm gonna wear these on our date tonight.,joy
19819,Rachel,"Oh, great!",surprise
19819,Chandler,"Okay, bye!  Oh my God!!",joy
19819,Monica,That was unbelievable!,surprise
19819,Joey,"Yeah, wow, sorry Rach.",sadness
19819,Chandler,I don't believe they're brother and sister.,surprise
19819,Joey,They're brother and sister!!!,surprise
19820,The Director,Action!,neutral
19821,Richard,I found the picture!,anger
19821,Joey,What picture?!,surprise
19821,Richard,The picture of my wife! In your pack!,anger
19821,Joey,You went through my personal property?,anger
19821,Richard,Why do have a picture of Paulette in your pack?!,anger
19821,Joey,"Because Vincent, we were lovers.  For two years!",anger
19821,The Director,Cut! Wonderful!,joy
19821,Joey,Great scene yeah?,joy
19821,Richard,"Oh you’re awesome! And, in that last speech? You soaked me.",joy
19821,The Assistant Director,Here’s your call sheet for tomorrow.,neutral
19821,Phoebe,I know.,neutral
19822,Mrs. Geller,"So Chandler, your parents must’ve been thrilled when you told them you were engaged.",joy
19822,Chandler,"Oh yeah, I should probably call them.",neutral
19822,Mr. Geller,I remember when we first got engaged.,joy
19822,Chandler,"Oh, I don’t think I ever heard that story.",neutral
19822,Mr. Geller,"Well, I’d gotten Judy pregnant. I still don’t know how that happened.",joy
19822,Mrs. Geller,You don’t know how that happened?! Your dog thought my diaphragm was a chew toy!,disgust
19822,Chandler,What a sweet story.,neutral
19822,Monica,"Well, at least you’re not hearing it for the first time at your fifth grade Halloween party.",disgust
19822,Mr. Geller,What?! They wanted a scary story!,surprise
19822,Monica,"Anyway, we’re really excited about our wedding plans, and well I guess pretty soon we’ll be making a big withdrawal from the Monica wedding fund.",joy
19822,Monica,What?,surprise
19822,Mrs. Geller,"You tell her Jack, I can’t do it.",fear
19822,Monica,What happened? You still have the Monica wedding fund don’t you?,surprise
19822,Mr. Geller,"We have it. Only now, we call it the beach house.",neutral
19823,Phoebe,"After applying the Waxine and linen strips to leg number one,",neutral
19823,Monica,Did that!,joy
19823,Phoebe,Grasp one of the linen strips by its ‘easy grab tab’ and pull it off in one quick pain free motion.,neutral
19823,Monica,Okay.  Ow!!!!! Ow-oh-oh!,surprise
19823,Phoebe,Was it not pain-free?,surprise
19823,Monica,"No. It was painful. Oh my God , they should call it Pain-zine, now with a little wax.",disgust
19823,Phoebe,"Huh, well, the girls in the satin nighties on the commercial don’t seem to think it’s that bad.",neutral
19823,Monica,That’s because their nerves are probably deadened from being so stupid.,anger
19823,Monica,"But hey, y'know if you don’t believe me, please, by my guest.",neutral
19823,Phoebe,Ow-ow-ow-ow! Oh my God!!!,surprise
19824,Ross,"Now umm, remember I’m still learning.",neutral
19824,Ross,"One, two, three, four!",neutral
19824,Ross,You know the song! Sing along!,joy
19824,Ross,So?,neutral
19824,Chandler,No!,sadness
19825,Phoebe,Oh my God! That’s David!,surprise
19825,Monica,David who?,neutral
19825,Phoebe,"David the scientist guy, David that I was in love with, David who went to Russia and broke my heart David!",sadness
19825,David,Oh my God!,surprise
19825,Phoebe,"Oh, you say someone’s name enough, they turn around.",neutral
19825,David,Phoebe?,surprise
19825,Phoebe,David!  What-what are you doing here? Aren’t you supposed to be in Russia?,surprise
19825,David,"Yeah, I’m just, I’m just in town for a conference. Umm,",neutral
19825,Phoebe,Well… Yeah. You look great too. Did you get a haircut?,joy
19825,David,Yeah. Well I-I got like thirty of them.,neutral
19825,Phoebe,Yeah.,neutral
19826,Ross,Yes! Santa's coming!,joy
19827,Ross,"Hey, uh, I’m really, really sorry about what happened in the cafeteria today.",sadness
19827,Joey,"It’s no big deal. Hey, y’know, you do what you gotta do. Right?",neutral
19827,Ross,"But hey, it’s not just me, I mean the scientists and the tour guides",neutral
19828,Joey,Whatever.,neutral
19829,Ross,"Okay, Mon, back me up here.",neutral
19829,Ross,"Where you work the uh, waiters eat with the waiters, right?",neutral
19829,Ross,"And the chefs eat with the other chefs, right?",neutral
19829,Monica,I eat by myself in the alley because everybody hates me.,sadness
19829,Joey,"Look, Ross, really it’s-it’s no big deal.",neutral
19829,Joey,"Y’know you wear a white coat, I wear a blue blazer, if that means we can’t be friends at work, then so be it.",sadness
19829,Joey,"Y’know, hey I understand.",neutral
19829,Joey,Y’know?,neutral
19829,Joey,"Hey, when I’m in a play and you’re in the audience, I don’t talk to you, right?",neutral
19829,Joey,"So it’s y’know, it’s uh, it’s cool.",neutral
19829,Joey,I’ll see you tomorrow.,neutral
19829,Rachel,"Yeah, when we’re in the audience he doesn’t talk to us, but he does wave.",neutral
19830,Chandler,You did look like an idiot.,joy
19830,Joey,"Hey, I wasn't the only one who looked like an idiot.",neutral
19830,Joey,All right?,neutral
19830,Joey,"Remember when Ross tried to say, ""Butternut squash?""",joy
19830,Joey,"And it came out, ""Squatternut buash?""",joy
19830,Ross,Yeah that's the same.,neutral
19830,Monica,That's it. That's my worse Thanksgiving.,sadness
19830,Phoebe,Oh wait! That can't be the one Rachel's talking about. She didn't even know that happened. So which one was it?,neutral
19830,Monica,"Umm, I-I really don't want to tell this story.",sadness
19830,Chandler,"Oh, come on Monica, reliving past pain and getting depressed is what Thanksgiving is all about.",neutral
19830,Chandler,"Y'know, for me anyway.",sadness
19830,Chandler,"And of course, the Indians.",sadness
19830,Monica,"Look umm, of all people, you do not want me to tell this story!",anger
19831,Phoebe,"Hi, guys.",neutral
19831,Rachel,Hi! Phoebe.,joy
19831,Monica,Hi Phoebe.,neutral
19831,Phoebe,"I-I wanted to apologise if I—y’know seemed a tad edgy yesterday at my shower. Y’know it’s just the hormones, y’know.",sadness
19831,Rachel,No we,neutral
19831,Monica,Hormones.,neutral
19831,Rachel,"hormones, yeah.",neutral
19832,Rachel,Your parents’?,neutral
19832,Joshua,"Yeah, they’re out of town.",neutral
19832,Rachel,Ohh.,surprise
19832,Joshua,"Yeah-yeah, it’s this",neutral
19832,Rachel,Yeah that works.,neutral
19832,Joshua,They-they-they can smell fear.,fear
19833,Doug,Bing! Ho! And the Bing-ette!,joy
19833,Chandler,"Honey, you remember my boss Doug right?",neutral
19833,Monica,"Yes, hi.",neutral
19833,Doug,"Hi. So good news, the divorce is final. I signed the papers this A.M.",joy
19833,Chandler,"I didn’t know you and Carol were getting divorced, I’m sorry.",sadness
19833,Doug,"Sorry? Finally chewed my leg out of that bear trap. Hey, congratulations to you guys though!",joy
19833,Monica,No leg-chewing for us sir.,neutral
19833,Doug,"Oh well, give it time.",neutral
19833,Doug,"So the divorce, the marriage, we’ve got a lot to celebrate.",joy
19833,Doug,How about we all go out to dinner tomorrow night?,neutral
19833,Doug,"Tomorrow night it is then, I should be out of court by six.",joy
19833,Doug,They keep throwing these sexual harassment cases at me and I keep knocking them out of the park!,joy
19833,Monica,"Okay, I’ll see you tomorrow!",joy
19833,Monica,"Just so you know, we’re not seeing him tomorrow.",neutral
19833,Monica,I-I cannot spend another evening with that man.,disgust
19833,Monica,Do you remember how he behaved at our wedding?,disgust
19833,Chandler,No.,neutral
19833,Monica,That’s because he wasn’t invited because of the way he behaved at our engagement party.,disgust
19833,Chandler,"Oh yeah. Boy, urine cuts",disgust
19834,Emeril,"Now maybe you just like wanna but the whole duck in there! Who cares, y'know? Now I got the legs",neutral
19834,Chandler,"How many times have I told you guys, you",neutral
19834,Monica,Hi Chandler.,neutral
19834,Chandler,Hey!,neutral
19834,Monica,"Uh, listen, I need that broiling pan that Joey borrowed the other day.",neutral
19834,Chandler,"Oh that was yours? Uh, yeah, we used it when the duck was throwing up caterpillars.",sadness
19834,Monica,William Sonoma,neutral
19834,Chandler,Expect it in 4-6 weeks.,neutral
19834,Chandler,"Umm, hey, umm, Joey's gonna be at the telethon for the rest of the day, we have the whole place to ourselves.",neutral
19834,Monica,"Yeah, so?",neutral
19834,Chandler,"Well I just, thought maybe you'd wanna book some time with the best you'd ever had.",neutral
19834,Monica,"Y'know what, champ? I think I'll pass.",neutral
19834,Chandler,Why?,surprise
19834,Monica,Why?,neutral
19834,Chandler,What's your point?,neutral
19835,Joey,"So uh, what’s your name?",neutral
19835,Man,It's Jake.,neutral
19835,Joey,"Joey.  Hey Jake, do you like the Knicks?",neutral
19835,Jake,"Yeah, big fan.",neutral
19835,Joey,"Me too! There’s a game on Tuesday, do you wanna go?",joy
19835,Jake,Yeah that would be great! Let me make sure I’m not doing anything Tuesday.,joy
19836,Carol,Ugh.  Ross!,disgust
19836,Ross,Hi! Sorry I’m late. Were you sleeping?,neutral
19836,Carol,"Ahh, nooo!!",joy
19836,Ross,"Oh, great!",joy
19836,Ross,"Listen, oh I had to get you a whole new battery.",neutral
19836,Ross,"I got you the best one I could, ‘cause that’s not where you want to skimp.",neutral
19836,Carol,"You’re a genius, Ross.",joy
19836,Ross,"Yeah, well it came to about $112, but what the hell, just call it an even 110?",neutral
19836,Carol,"Okay, I’ll pay you tomorrow.",neutral
19836,Ross,"So they ah, they all took off, it was pretty hard watching them go, y'know?",sadness
19836,Carol,"Yeah, okay, bye.",neutral
19836,Ross,So I’m gonna take off then!,neutral
19837,Rachel,"Hey! Oh right, tonight was your party.",surprise
19837,Danny,"Oh wow, you look great! Glad you could make it.",joy
19837,Rachel,"Oh well, y'know, the gala had to end sometime.",neutral
19837,Danny,"Don't go anywhere, I'll be right back.",neutral
19837,Rachel,"Yeah, sure.  All right, whose court is the ball in now?",neutral
19837,Monica,I thought there wasn't a ball?,neutral
19837,Rachel,"Oh, come on! He's glad that I came, he doesn't want me to go anywhere, balls flying all over the place!",neutral
19837,Danny,"Rachel, this is my friend Tom.",neutral
19837,Rachel,"Oh, go on! You telling people about me?",surprise
19837,Danny,You two could really hit it off! I'm gonna go mingle.,joy
19837,Tom,So you work at,neutral
19837,Rachel,"Yeah, okay, at ease solider!",neutral
19837,Tom,I'm sorry?,surprise
19837,Rachel,"No, it's all right, you can just drop the act Tommy.",neutral
19837,Tom,"I'm gonna go talk to uh, a friend.",sadness
19837,Rachel,"Yeah, yeah, you go talk to your friend. You tell him, ""Nice try.""",disgust
19837,Rachel,Man! He just keeps lobbing them up and I just keep knocking them right out of the park!,joy
19837,Monica,I think I need a drink.,neutral
19837,Rachel,Yeah!,joy
19838,Joey,"Hey, Pheebs?",neutral
19839,Phoebe,"No, I can't talk to you! I don't have a fancy ad in the Yellow Pages!",anger
19839,Joey,"Look, Pheebs, I just, I wanna apologize for, for saying that your method was stupid and-and maybe ask you to be my teacher again.",sadness
19839,Joey,"And-and I promise, I won't touch a guitar until you say I'm ready.",neutral
19839,Joey,You really think I'm ready?,surprise
19839,Phoebe,Uh-huh!,joy
19839,Joey,Wow! Cool!,joy
19839,Joey,Was the chord at least right,neutral
19839,Phoebe,No!,anger
19840,Jill,"Well, this has been fun.",neutral
19840,Chandler,"Yes. Yes, thanks for letting me use your phone... and for saving my life.",joy
19840,Jill,"Well, goodbye Chandler. I had a great blackout.  See ya.",neutral
19840,Chandler,"Hi, um, I'm account number 7143457.",neutral
19840,Chandler,"And, uh, I don't know if you got any of that, but I would really like a copy of the tape.",neutral
19841,Lecturer,We’re beginning to see a lot of layering of sheer fabrics and colours. For instance a sheer navy blouse over a pink....,neutral
19841,Ross,I’m really glad we came.  You’re so pretty. I love you.,joy
19842,Ross,"Okay, that’s a fire. Oh yeah. Oh yeah.",neutral
19842,Rachel,"Excuse me, I’m sorry, I’m gonna have to call you back, I’ve got a Schemp in my office.",neutral
19842,Rachel,What are you doing?,neutral
19842,Ross,I’m sorry.,neutral
19842,Ross,"But ah, hey, oh, somebody’s off the phone, how ‘bout a glass of wine by the fire, I could get it going again.",neutral
19842,Rachel,"Ross you’re not listening to me, I don’t have time to stop.",neutral
19842,Ross,"Come on Rach, you don’t have what, ten minutes?",neutral
19842,Rachel,I don’t have ten minutes!!,anger
19842,Ross,"What?  Sophie, does she have ten minutes?",neutral
19842,Rachel,"Hey, Ross!!! I told you I don’t!",anger
19842,Ross,"Don’t yell at me okay, this is the most I’ve seen you all week.",sadness
19842,Rachel,"Look, I cannot do this right now, okay, I’ve got a deadline, would you just go home, I’ll talk to you later.",neutral
19842,Ross,"Yeah, but wait...",neutral
19842,Rachel,Good bye!,neutral
19842,Sophie,"Actually, that’s our three hole punch.",neutral
19843,Monica,Oh yeah? When?,surprise
19843,Chandler,I'll tell you what.,neutral
19843,Chandler,"When we're 40, if neither one of us are married, what do you say you and I get together and have one?",neutral
19843,Monica,Why won't I be married when I'm 40?,surprise
19843,Chandler,"Oh, no, no. I just meant hypothetically.",neutral
19843,Monica,"Ok, hypothetically, why won't I be married when I'm 40?",anger
19843,Chandler,"No, no, no.",neutral
19843,Monica,What is it? Is there something fundamentally unmarriable about me?,anger
19843,Chandler,"Uh, uh.",neutral
19843,Monica,Well?,surprise
19843,Chandler,Dear God! This parachute is a knapsack!,surprise
19843,Rachel,Hey.,neutral
19843,Phoebe,"Hey. Ooh, look at you, dressy-dress.",surprise
19843,Monica,Did you go home and change?,surprise
19843,Rachel,"Yeah, well, it's an important day. I wanna look nice. Um, has uh Dr. Franzblau been by?",neutral
19843,Monica,"No, I haven't seen him.",neutral
19843,Rachel,"Well, where is he? He is supposed to be here.  What if the baby needs him?",surprise
19843,Chandler,"Rachel, what is the deal with you and doctors, anyway? Was, like, your father a doctor?",neutral
19843,Rachel,"Yeah, why?",neutral
19843,Chandler,No reason.,neutral
19844,Ross,I'm the holiday armadillo! I'm a friend of Santa's and he sent me here to wish you  a Merry Christmas!,joy
19844,Monica,"What happened to Santa, Holiday Armadillo?",surprise
19845,The Woman,"Yes! Yes! Please, just give it to me!",joy
19845,Chandler,"Yeah, that’s her.",neutral
19845,The Woman,Thank you.,neutral
19845,Monica,It’s unbelievable! I-I can’t believe that sign didn’t work!,surprise
19845,Chandler,Y’know what would work?,neutral
19845,Chandler,Stop making candy!,anger
19845,Chandler,You mean they like you.,neutral
19845,Monica,Maybe.,neutral
19845,Chandler,Is that why you became a chef? So that people would like you?,surprise
19845,Monica,"Oh, you really want to talk about getting people to like you huh, funny man?",anger
19846,Monica,"We were on the platform, ready to dance the world into the new Millennium, and the guy yelled ‘CUT!’",anger
19846,Rachel,"Uh, wait, so you guys are telling me you actually did the routine from eighth grade?",surprise
19846,Monica,"Yeah. But of course we had to update it a little bit.  Hey, by the way, great thinking about catching me!",joy
19846,Rachel,‘Cos I was gonna say there’s no way you could’ve done the end the way you guys did it back then!,joy
19846,Monica,What? We could do it!,surprise
19846,Ross,"I don’t know, I mean you were a lot bigger, I mean, stronger back then.",joy
19846,Monica,"I can do it, okay? Come on, let’s go.",neutral
19846,Monica and Ross,"1, 2, 3, 4, 5, 6, 7, 8",neutral
19846,Monica,I can’t do it!,sadness
19846,Chandler,"Now you do that, you’re on TV.",neutral
19847,Joey,Hey!,joy
19847,The Vendor,"So, what are you guys in the market for? We’ve got uh, scarves, tulip post cards...",neutral
19847,Joey,Check this out? Huh?  Yeah. That’s the stuff. What do you think?,neutral
19847,Chandler,"Well, I don’t have to buy that, ""I’m with stupid"" T-shirt anymore.",neutral
19847,Joey,"Well, I like it. Here you go.",neutral
19847,Chandler,"All right, look, you’re not really gonna buy that are you? Don’t you think you’ve embarrassed me enough for one day?",anger
19847,Joey,"Oh, I embarrass you?",surprise
19847,Chandler,How can I answer that when I’m pretending I don’t know you?,neutral
19847,Chandler,Oh really? Then how come no one here is wearing them?,neutral
19847,The Vendor,They’re all tourists.,neutral
19847,Chandler,"All right, look, if you insist on wearing that, in public, y’know, you’re gonna spend the rest of the afternoon all by yourself.",disgust
19847,Joey,Oh yeah?  If you’re gonna make me choose between you and the hat? I choose the hat.,neutral
19847,The Vendor,Good choice.,anger
19847,Joey,Thanks.,joy
19847,Chandler,"Okay, wait. All right, that’s it, okay, I’m out of here. I am not going to be embarrassed anymore!",anger
19848,Monica,"So! I'm just an empty vase, huh?",surprise
19848,Julio,What?,surprise
19848,Monica,"Y'know, so I don't read as many important books as you do, and I don't write trick poems that seem to be about one thing but are actually about something else.",anger
19848,Monica,"And y'know what, I get excited about stupid stuff, like when I my",neutral
19848,Julio,"Whoa, whoa, whoa.",surprise
19848,Monica,You don't even know me...,anger
19848,Julio,"Whoa, whoa, whoa, the poem is not about you.",surprise
19848,Monica,What?,surprise
19848,Julio,"The Empty Vase is not about you. My baby, you make me so sad that you would think this.",sadness
19848,Monica,"I'm sorry, my friend Phoebe...",sadness
19848,Julio,"No, it's about all women. Well, all American women. You feel better now?",neutral
19848,Monica,Oh yeah.,neutral
19849,Ross,"Okay, forward. Forward—Stop!  Okay, back—Stop!  Okay, forward—Stop! Stop! Stop!",neutral
19849,Phoebe,"Okay, here’s what we’re gonna do.",neutral
19849,Phoebe,"Okay, I’m gonna break into this mini-van and put it in neutral.",neutral
19849,Phoebe,You guys push it forward so Ross can drive out of his spot.,neutral
19849,Phoebe,Okay?,neutral
19849,Phoebe,"All right, here we go.",neutral
19849,Phoebe,Haul ass!!!,neutral
19850,Ross,"So it said that by the year 2030, there'll be computers that can carry out the same number of functions as an actual human brain.",neutral
19850,Ross,So theoretically we could download our thoughts and our memories into this computer...,neutral
19850,Janine,...and live forever as a machine!,joy
19850,Ross,"That's so Janine, you-you-you know what, do you know we're doing right now?",joy
19850,Ross,"You and I, we're interfacing.",neutral
19850,Janine,"Yeah, I gotta go.",fear
19850,Chandler,Ba dum bumb cheshhh!,joy
19851,Monica,"David, can you help me?! I'm trying to explain to Chandler how a plane stays in the air.",neutral
19851,David,"Oh, certainly. That's a combination of Bernoulli's principle and Newton's third law of motion.",neutral
19851,Monica,See?,neutral
19851,Chandler,"Yeah, that's the same as ""it has something to do with wind"".",fear
19851,Monica,"Alright, I'm gonna go pick up a few things for the trip.",neutral
19851,Phoebe,"Oh, I should go, too.",neutral
19851,Phoebe,"Oh, now... tomorrow do you guys wanna share a cab to the airport or should Mike and I just meet you there.",neutral
19852,Phoebe,"Oh... Mike's sister just invited me to a party tonight, he's gonna be there.",anger
19852,Phoebe,"And she was like ""Oh, don't worry!",sadness
19852,Phoebe,I asked him.,neutral
19852,Phoebe,"He's totally ok with seeing you!"".",anger
19852,Phoebe,So now I have to go so he'll think that I'm totally ok with seeing him!,joy
19852,Rachel,"Which you're not, because you've totally hung up on him!",anger
19852,Phoebe,Exactly!,neutral
19852,Rachel,And you're gonna want him to eat his heart out so you're gonna have to look fabulous!,neutral
19852,Phoebe,"I didn't even think about that!  Aaargh,",anger
19852,Rachel,"Hey Pheebs, I'm-I'm taking Charlie shopping, why don't you come and I'll help you find something.",neutral
19852,Phoebe,"Ok, that'll be great!",joy
19852,Joey,"Oh, ain't that nice? The three of you trying on slutty lingerie together.",disgust
19852,Rachel,That's not what we're gonna do!,disgust
19852,Joey,"Why would you ruin it, who was that hurtin'?",disgust
19853,Chandler,"Julie hi! Chandler Bing, I, I guess you remember me.",joy
19853,Julie,Hello Skidmark.,neutral
19853,Chandler,"It’s a nickname, I’ll explain later.",neutral
19853,Monica,It’s pretty clear.,neutral
19853,Chandler,"Ah, uh, I owe you a long overdue apology. I never should have broken up with you because you were overweight.",neutral
19853,Julie,That’s why you broke up with me?,surprise
19853,Chandler,"You-you-you didn’t know that.  Well, I guess my work here is done!",sadness
19854,Ross,Ni-chou chi-ma!,joy
19854,Rachel,"Ross! Excuse me, pardon me, excuse me....",surprise
19855,Ross,Hi everyone.,neutral
19855,Ross,"I just, I wanted to thank you for our uh, our little talk before.",neutral
19855,Ross,"Well, I was going to, but after I talked to you, I talked to Joey.",neutral
19855,Rachel,"What did, what did he say?",fear
19855,Ross,"Basically he told me to get over myself and just do it, ya know.",neutral
19855,Ross,"So I though about what you said and I though about what he said and, well, his way I get to have sex tonight so.",neutral
19856,Phoebe,"Oh, great!",joy
19856,Phoebe,"We couldn’t keep our eyes off each other all night and then every once and a while y’know, he’d kinda lean over and stroke my hair and touch my neck.",joy
19856,Monica,"Okay, stop it Phoebe, you’re getting me all tingly.",joy
19856,Phoebe,"All I could think of was y’know, ""Is he gonna kiss me? Is he gonna kiss me?""",joy
19856,Monica,And did he?,neutral
19856,Phoebe,"I’m a lady Monica, I don’t kiss and tell. But this hickey speaks for itself.",joy
19856,Monica,"Okay-okay, I got it. I got it.",neutral
19856,Phoebe,I just like him so much that I just feel like I’ve had 10 drinks today and I’ve only had six.,joy
19856,Monica,"Oh, I haven’t had that feeling since I first started going out with Chandler.",joy
19856,Monica,"Wow, I’m never gonna have that feeling again, am I?",sadness
19856,Phoebe,You sound like a guy.,disgust
19856,Monica,"No, a guy would be saying, ""I’m never gonna get to sleep with anyone else.""",disgust
19856,Monica,Oh my God!,surprise
19856,Monica,I’m never gonna get to sleep with anyone else!,sadness
19856,Monica,I’ve been so busy planning the wedding that I forgot about all the things that I’d be giving up!,surprise
19856,Monica,"I mean, I…I’m never gonna have a first kiss again.",sadness
19856,Phoebe,You’ll have a last kiss.,neutral
19857,Ross,Thank you so much for coming back over.,joy
19857,Mona,"Oh good, you’re here. Yeah, and I was worried that it was going to be uncomfortable.",sadness
19857,Rachel,"I know Mona, just hear me out.",neutral
19857,Rachel,"First of all, I’m so sorry about my father yelling at you, but I heard you totally held your own.",neutral
19857,Rachel,You’re gonna have to tell me how you did that.,neutral
19857,Ross,Focus.,neutral
19857,Rachel,"Okay. Um…But—Okay, yes Ross and I used to date. And yes we are gonna have a baby. But we are",neutral
19858,Joey,All right where’s that turkey!,neutral
19858,Phoebe,Joey! Those are my maternity pants!,surprise
19858,Joey,Not now! These are my Thanksgiving pants!,joy
19859,Phoebe,No.,neutral
19859,Phoebe,No!,anger
19859,Phoebe,"Oh, would you look at that Monica?",joy
19859,Phoebe,"I just knocked off all of your top scores, how sad.",joy
19859,Monica,"Okay, I’m next.  Don’t! Don’t start another game! I said I’m next! Phoebe!",anger
19859,Phoebe,"Oh, I’m sorry. I didn’t hear you over all the winning.",joy
19859,Monica,Chandler! Phoebe’s hogging the game!,anger
19860,Rachel,Remember I had to leave the room the other day when you had that roast chicken?,neutral
19860,Joey,Yeah. But I thought that was because I put the whole thing on my hand and made it walk across the table.,neutral
19860,Monica,"Anyway, it just doesn’t seem worth it to make a whole turkey for just three people. Okay? It’s a lot of work.",neutral
19860,Joey,But you gotta have turkey on Thanksgiving!,joy
19860,Joey,"I mean, Thanksgiving with no turkey is like-like Fourth of July with no apple pie!",sadness
19860,Joey,Or Friday with no two pizzas!,sadness
19860,Monica,All right fine! If it means that much to you! But just—there’s gonna be a ton left over.,sadness
19860,Joey,No there won’t! I promise I will finish that turkey!,joy
19860,Monica,"All right, you’re telling me you can eat an entire turkey in just one sitting?",neutral
19860,Joey,That’s right!,joy
19860,Joey,‘Cause I’m a Tribbiani!,joy
19860,Joey,And this is what we do!,neutral
19860,Joey,We can eat!,joy
19861,Phoebe,"Wow! It's huge! It's so much bigger than the cubicle. Oh, this is a cube.",surprise
19861,Chandler,Look at this!,joy
19861,Phoebe,Oh! You have a window!,surprise
19861,Chandler,Yes indeedy!  With a beautiful view of...,joy
19861,Phoebe,Oh look! That guy's peeing!,surprise
19861,Monica,Hi.,neutral
19861,Rachel,Hi.,neutral
19862,Rachel,"Y'know what? I cannot do this with my left hand! Would you please, help me with this too?",anger
19862,Rachel,Okay. Let’s use this brush.,neutral
19862,Ross,Okay. This stuff?,neutral
19862,Rachel,Yeah.,neutral
19862,Ross,All right.,neutral
19862,Rachel,"Careful. Light. Okay, do you know how, just sweep it across the lid. Okay? Just sweep it.",neutral
19862,Joey,Okay-Dokey,sadness
19863,Ross,Where exactly is your zoo?,neutral
19863,Dr. Baldhara,"Well, it's technically not a zoo per se, it's more of an interactive wildlife experience.",neutral
19863,Dr. Baldhara,"Let me ask you some questions about, is it, uh, Marcel?",neutral
19863,Ross,Yes.,neutral
19863,Dr. Baldhara,"Does he, uh, fight with other animals?",neutral
19863,Ross,"No-no, he's, he's very docile.",neutral
19863,Dr. Baldhara,Even if he were... cornered?,neutral
19863,Ross,"Well I, I don't know. Why?",neutral
19863,Dr. Baldhara,"Uh, how is he at handling small objects?",neutral
19863,Ross,"He can hold a banana, if that's whatcha mean...",neutral
19863,Dr. Baldhara,"How about a hammer, or a small blade?",neutral
19863,Dr. Baldhara,Otherwise it's just cruel.,neutral
19863,Joey,"He- he- he got in, he- he got in to San Diego.",joy
19863,Joey,"We, we come back from our walk and the- the phone was ringing...",neutral
19863,Chandler,...He's in.,neutral
19863,Ross,"He's in! Oh, did you hear that, Marcel? San Diego. San Diego!",joy
19863,Dr. Baldhara,You're making a big mistake here.,disgust
19863,Dr. Baldhara,"I mean, San Diego's all well and good, but if you give him to me, I'll start him off against a blind rabbit and give you twenty percent of the gains.",neutral
19864,Chandler,My specimen is in the    room and I just want to thank whoever knocked on the door while I was in there.,neutral
19864,Chandler,Really helped speed the process along!,joy
19864,Chandler,Janice!,surprise
19864,Chandler,You're not... gone?,surprise
19864,Janice,Sid is still in his room.,neutral
19864,Janice,I don't allow porn at home so    this is like a vacation for him.,joy
19864,Janice,So did you do it?,surprise
19864,Janice,Did you make your deposit?,neutral
19864,Chandler,Yeah! yeah... The hard part is over!,joy
19864,Janice,"That's not the hard part honey! The hard part is what comes    next, I mean aren't you worried about the results?",fear
19864,Chandler,I haven't... I haven't even thought about the results yet...    I just assumed that everything was gonna be ok.,joy
19864,Janice,"Oh! Well, you know what? It probably is.",neutral
19865,Monica,"Phoebe, where's your purse?",fear
19865,Monica,"No, no! Give it to me!",anger
19865,Phoebe,You can't have it.,anger
19865,Monica,Give it to me!,anger
19865,Phoebe,No,anger
19865,Monica,I'll go in there.,anger
19865,Phoebe,Oh yeah.,anger
19865,Monica,Phoebe come here,neutral
19865,Monica,Haha!,joy
19865,Phoebe,Damn you Monica Geller hyphen Bing!,anger
19866,Monica,"What we did was wrong. Oh god, I just had sex with somebody that wasn't alive during the Bicentennial.",disgust
19866,Young Ethan,I just had sex.,neutral
19866,Monica,"Ethan, focus. How could you not tell me?",surprise
19866,Young Ethan,"Well, you never told me how old you were.",neutral
19866,Monica,"Well, that's different. My lie didn't make one of us a felon in 48 states. What were you thinking?",disgust
19866,Young Ethan,I wasn't thinking. I was too busy fallin'...,joy
19866,Monica,Don't say it.,fear
19866,Young Ethan,...in love with you.,joy
19866,Monica,Really?,surprise
19866,Young Ethan,Sorry.,sadness
19866,Monica,"Well,fall out of it.",anger
19866,Monica,"You know, you shouldn't even be here, it's a school night.",anger
19866,Monica,"Oh god, oh god.",joy
19866,Monica,I'm like those women that you see with shiny guys named Chad.,disgust
19866,Monica,I'm Joan Collins.,disgust
19866,Young Ethan,Who?,neutral
19867,Rachel,"That’s right, still no baby!  Come on people! Please make some room!",sadness
19867,Ross,"Uh sweetie, maybe you’d be more comfortable here?",neutral
19867,Rachel,You. Like you haven’t done enough.,anger
19867,Ross,"Look, I-I know how miserable you are, I wish there was something I can do.",neutral
19867,Ross,I mean I wish I were a seahorse.,neutral
19867,Ross,"Because with seahorses it’s the male, they carry the babies.",neutral
19867,Ross,"And then also umm, I’d be far away in the sea.",anger
19867,Rachel,God.  I have never been so uncomfortable in my entire life!,joy
19867,Phoebe,"Oh I know, I’ve been there. I remember toward the end",neutral
19867,Rachel,"Oh Phoebe, that’s a great story.",neutral
19867,Rachel,Can you tell it to me when you’re getting me some iced tea?,sadness
19867,Rachel,"Oh God, get out!",anger
19867,Rachel,Get out!!,anger
19867,Rachel,Get out!!,anger
19867,Rachel,Get out!,anger
19867,Chandler,Let’s.,neutral
19868,Joey,"All right, I know! I know. Yeah, it’ll be okay.",joy
19868,Rachel,Oh my God….What’s he gonna do now?,fear
19868,Rachel,I can’t watch!,fear
19868,Rachel,Oh.,neutral
19868,Rachel,"Seriously, how can you watch this?",sadness
19868,Rachel,Aren’t you scared?,fear
19868,Joey,Terrified.,fear
19869,Chandler,Oh-hey-hey-hey! There you are!,joy
19869,Monica,"Umm, listen there's something I think you should know.",neutral
19869,Chandler,"Oh, is this about you-you dating the nurse?",surprise
19869,Chandler,"Yeah, Joey already told me, and I am so-so fine.",neutral
19869,Chandler,"I mean, you and I we're just, y'know, we're nothing, we're goofin' around.",neutral
19869,Monica,"Umm, actually I was about to tell you that I was, I was going to get out of it, but hey, if we're just goofing around then uh, maybe I",neutral
19869,Chandler,Fine! Maybe I will too!,joy
19870,Dr. Leedbetter,"Well, it was quite large. I-I-I-I-I had to throw most of it away.",fear
19870,Ross,You-you-you-you  threw my sandwich away!,fear
19870,Ross,MY SANDWICH?!!!,anger
19870,Ross,MY SANDWICH!!!!!!,anger
19871,Joey,"What’s the matter, Pheebs?",neutral
19871,Phoebe,She cancelled! My namesake cancelled on me!,anger
19871,Joey,What?!,surprise
19871,Phoebe,"Yeah, she clamed she had to go out of town suddenly.",sadness
19871,Phoebe,"She’s avoiding me, she doesn’t want to tell me where my Father is.",sadness
19871,Phoebe,"She knows, and she won’t tell me.",sadness
19871,Rachel,"Aww Pheebs, that sucks!",sadness
19871,Phoebe,"Yeah, well, don’t “Aww Pheebs, that sucks!” me yet.",sadness
19871,Chandler,Where ya going?,neutral
19871,Phoebe,"Well, she’s out of town so, there’s gotta be something in her house that tells me where my Father is.",neutral
19871,Ross,"Uh, Pheebs, some people call that breaking and entering.",fear
19871,Phoebe,"Well, are any of those people here?!",anger
19872,Phoebe,"Oh my God, so do I!",surprise
19872,Phoebe Sr.,"I knew it, wow!!",surprise
19872,Phoebe,"Wait-wait-wait, wait! Puppies. Cute or ugly?",neutral
19872,Phoebe Sr.,"Ohh, so cute.",joy
19872,Phoebe,"Uh-huh, well! But umm, still I’m-I’m mad at you.",anger
19872,Phoebe Sr.,I know. I’m mad at me too.,anger
19872,Phoebe,"Well umm, do you wanna get something to eat? I’m kinda hungry.",neutral
19872,Phoebe Sr.,Hey! Me too!,surprise
19872,Phoebe,"All right, stop it. Now you’re just doing it to freak me out.",sadness
19873,Phoebe,"Ok, you can do this.",neutral
19873,Phoebe,It's just like pulling off a Band-aid.,neutral
19873,Phoebe,"Just do it really fast, and then the wound is exposed.",neutral
19873,Chandler,"Janice. Hi, Janice. Ok, here we go. I don't think we should go out anymore. Janice.",sadness
19873,Janice,"All right. Well, there you go.  Stop it, stop it, stop it.",anger
19874,Phoebe,Oh my God! That guy at the counter is totally checking you out!,surprise
19874,Monica,"Really?  My God, he’s really cute.",surprise
19874,Phoebe,Go for it.,neutral
19874,Monica,"Phoebe, I’m engaged!",surprise
19874,Phoebe,"I’m just saying, get his number just in case.",neutral
19874,Phoebe,But no: Chandler is in an accident and can’t perform sexually and he would want you to take a lover to satisfy the needs that he can no longer fulfill.,neutral
19874,Monica,"Op, can I just tell you something? Very flattered but umm, I’m engaged.",joy
19874,Monica,Well you should be embarrassed.,disgust
19874,Phoebe,"I did, but that was really fun.",joy
19875,Chandler,Hey.,neutral
19875,Ross,Chandler. I sensed it was you.,neutral
19875,Chandler,What?!,surprise
19875,Ross,Unagi. I’m always aware.,neutral
19875,Chandler,"Okay, are you aware unagi  is an eel?",joy
19875,Ross,What’s up?,neutral
19875,Chandler,I can’t figure out what to make Monica.,neutral
19875,Ross,"Oh, why don’t you make her one of your little jokes.",anger
19875,Chandler,I’m going crazy! Okay? Do you have any thing around here that looks homemade?,fear
19875,Ross,Y’know what?,neutral
19875,Ross,She’d-she’d love this.,neutral
19875,Ross,"Uh, it’s an exact replica of Apollo 8.",neutral
19875,Ross,I made it in the sixth grade.,neutral
19875,Chandler,"Yeah, I guess I could use that. I could say that your love sends me to the moon.",neutral
19875,Ross,"Yeah-yeah, except Apollo 8 didn’t actually land on the moon.",neutral
19875,Ross,"But you-you-you could write that umm, your love lets me orbit the moon twice and return safely.",joy
19875,Chandler,"Wait a minute, I can’t give this to her.",neutral
19875,Ross,Why not?,neutral
19875,Chandler,"Because it says ""Captain Ross"" on the side and ""I hate Monica"" on the bottom.",neutral
19876,Janice,Oh. Oh I just cannot believe Clark stood me up!,anger
19876,Monica,He might still show up.,neutral
19876,Janice,"Oh, what are you, stupid? It’s been three hours.",anger
19876,Monica,Is that all?,neutral
19876,Janice,"I should just go on to happier things, okay? Umm, why don’t you tell about your lovely wedding?",sadness
19877,Chandler,"Well actually uh, there was something we wanted to tell you about the wedding.",neutral
19878,Chandler,"Um, it’s going to be a small ceremony.",neutral
19879,Chandler,"Uh, tiny!",surprise
19879,Chandler,We’re not even sure why we’re having it.,neutral
19880,Monica,It’s actually going to be just family.,neutral
19880,Janice,"Oh…wait…you two think of me as family?! Oh, I have to ask you something now and be honest; do you want me to sing",surprise
19881,Ross,"Come here to me. No-no, you come here to me.",neutral
19881,Rachel,Hey Ross! I brought reinforcements.,joy
19881,Ross,"Oh great! What, you brought Joey?",joy
19881,Rachel,"Well, I brought the next best thing.",neutral
19882,Rachel,Whoa!  Y'know what Katie? I gotta tell ya I-I-I-I think you are the one who is too much.,surprise
19882,Katie,"Ohh, Joey has the nicest friends!",joy
19882,Rachel,"Ohh, and the nicest girlfriend!",joy
19882,Katie,You're so sweet!,joy
19882,Rachel,"Ohh, you're so sweet!",joy
19882,Katie,"Oww!!!! Joey, she just kicked me.",surprise
19882,Joey,Huh.,neutral
19882,Katie,Well? Aren't you gonna do something?,neutral
19882,Joey,Uhh….,neutral
19882,Katie,"You'd better do something, or I'm gonna walk out that door right now! Well? Are you gonna?",anger
19882,Joey,Nah.,neutral
19883,Phoebe,"How could you pick up a hitchhiker?! He could be a rape—, a rapist or a killer or something!",fear
19883,Joey,Don’t you think I asked him that before he got in?!,surprise
19883,Phoebe,"Y’know what? I’m not talking to you! You go back to sleep!  And you, are you a rapist?!",anger
19883,Hitchhiker,No!,anger
19883,Phoebe,Do you like car games?,neutral
19883,Hitchhiker,"Yeah, y’know the license plate game?",neutral
19883,Phoebe,I,neutral
19883,Joey,"Ooh, I’ll play! I’ll play!",joy
19883,Phoebe,No-No! You need your sleep. Night-night! Shh!,anger
19884,Chandler,"Pheebs, can you help me pick out an engagement ring for Monica?",neutral
19884,Chandler,I can’t figure this out!,anger
19884,Chandler,It’s so hard!,sadness
19884,Chandler,Should I get her a  Tiffany cut or a Princess cut or a—ah-ah!,sadness
19884,Chandler,Paper cut!,sadness
19884,Phoebe,"Now, have you told anyone else?",neutral
19884,Chandler,"No, I don’t want to tell anybody else because I don’t want Monica to find out.",neutral
19884,Phoebe,You told me.,surprise
19884,Chandler,"Well, it’s because I trust you, you’re one of my best friends, and you walked in on me when I was looking at ring brochures.",anger
19884,Phoebe,"Yeah well, once again not knocking pays off. I only wish you hadn’t been on the toilet.",surprise
19884,Chandler,Me too.,neutral
19884,Joey,Hey.,neutral
19884,Chandler,Hey.,neutral
19884,Phoebe,"Hey! So Chandler, wanna go to the coffeehouse?",joy
19884,Chandler,Oh all right.,neutral
19884,Ross,"Oh perfect, we were just gonna see if you wanted to go.",neutral
19884,Chandler,"Oh well, we don’t because we got…the…other pl-place.",neutral
19884,Ross,How rude.,disgust
19884,Joey,"Oh, I’m sorry. You wanna bite?",surprise
19885,Joey,"The stripper stole the ring!! The stripper stole the ring!! Chandler! Chandler, get up! Get up! The stripper stole the ring!",surprise
19885,Chandler,What?,surprise
19885,Joey,The ring is gone!,surprise
19885,Chandler,Ugh.,disgust
19885,Chandler,"Just a sec, give me a minute to wake up for this—Ah-ha-ha!!",neutral
19885,Chandler,You lost the ring!,joy
19885,Chandler,You’re the worst best man ever!,anger
19885,Joey,"Dude, this isn’t funny!",anger
19885,Joey,What am I gonna do?!,fear
19885,Joey,"I go to bed last night, everything’s cool!",joy
19885,Joey,"I wake up this morning, the stripper’s gone and the ring is gone!",fear
19885,Chandler,You slept with the stripper?,surprise
19885,Joey,Of course!!,fear
19886,Ross,What difference does that make?!,anger
19886,Joey,"Well, I'm just—if the paste matches the pants, you can make yourself a pair of paste pants and she won't know the difference!",anger
19886,Rachel,"Joey, do you have a minute?",neutral
19886,Ross,"Dude, what am I gonna",fear
19886,Joey,"Uh, Rachel's here, so good luck man, let me know how it works out.",anger
19886,Rachel,"Oh, Joey, I have such a problem!",fear
19886,Joey,"Oh well, you're timing couldn't be better. I am putting out fires all over the place.",neutral
19886,Rachel,"Okay. Okay. Okay. Joey, I have",neutral
19886,Joey,"What-what is it, what is it?",neutral
19886,Rachel,"Oh my God, it's so huge, but you just have to promise me that you cannot tell anyone.",surprise
19886,Joey,"Oh no, no-no-no-no! I don't want to know!",fear
19886,Rachel,"Yes! Yes! Yes, you do want to know! This is unbelievable!",anger
19886,Joey,"I don't care, Rach! Look, I am tired of being the guy who knows all the secrets but can't tell anyone!",disgust
19886,Rachel,What? What secrets? You know secrets? What are they?,surprise
19886,Joey,And you're not supposed to be gossiping!!,disgust
19886,Rachel,"I know, I know! I just can't keep this one in, so I pick up the phone",fear
19886,Joey,I'm not listening to you!,anger
19887,Rachel,Oh! Yay! Look! There’s a piece that doesn’t have floor on it!,joy
19887,Rachel,"Hey, come on now!",anger
19887,Joey,"All right, what are we havin’?",neutral
19888,Joey,"Uhh, I don’t believe in these crazy diets y’know, just everything in moderation.",neutral
19888,Joey,I’ll take those to go.  For the kids.,neutral
19888,The Interviewer,"Oh, I know what I wanted to ask you. You were on the show years ago and then they killed you off. What happened there?",neutral
19888,Joey,"It was so stupid, I said some stuff in an interview that I shouldn’t have said.",anger
19888,Joey,"But believe me, that’s not gonna happen today.",neutral
19888,The Interviewer,"Understood. So, what’d you say back then?",neutral
19888,Joey,"Well, I said that I",neutral
19889,Rachel,Ha!,neutral
19889,Phoebe,So you like the drums!,joy
19889,Phoebe,"That's, that's great!",joy
19889,Phoebe,"Y’know, I was worried, that, you know, they would maybe an unbearable living situation.",neutral
19889,Phoebe,"All right, okay, well, apparently not!",sadness
19889,Phoebe,"So, yay!",joy
19889,Joey,"Hey-hey, Pheebs, check it out, we already learned a song.  Ready? One, two, three, four...",neutral
19889,Joey,Tequila!!,joy
19889,Phoebe,That's fun.,joy
19890,Joey,"Whoa-whoa, Treeger made you cry?",surprise
19890,Rachel,Yes! And he said really mean things that were only partly true.,sadness
19890,Joey,I’m gonna go down there and teach that guy a lesson.,anger
19890,Monica,"Joey, please don’t do that. I think it’s best that we just forget about it.",fear
19890,Rachel,"That’s easy for you to say, you weren’t almost just killed.",anger
19890,Joey,"All right that’s it, school is in session!",neutral
19890,Monica,My God! Is this a gym card?,surprise
19890,Chandler,"Oh yeah, gym member. I try to go four times a week, but I’ve missed the last 1200 times.",neutral
19890,Ross,So why don’t you quit?,neutral
19890,Chandler,You don’t think I’ve tried? You think I,joy
19890,Ross,Who is Maria?,neutral
19890,Chandler,"Oh Maria. You can’t say no to her, she’s like this lycra spandex covered gym…treat.",joy
19890,Ross,You need me to go down there with you and hold your hand?,neutral
19890,Chandler,No!,anger
19890,Ross,So you’re strong enough to face her on your own?,neutral
19890,Chandler,"Oh no, you’ll have to come.",fear
19891,Rachel,"Pheebs, I don’t think anyone's mad about that.",neutral
19891,Phoebe,Exactly! Because it's in the past!,anger
19891,Joey,Anybody gonna eat that?,neutral
19892,Joey,Pheebs!,joy
19892,Phoebe,Hey!,joy
19892,Joey,"Listen, you know how uh, when you’re wearing pants and you lean forward I check out your underwear?",neutral
19892,Phoebe,Yeah!,neutral
19892,Joey,"Well, when Jake did it I saw that…he was wearing women’s underwear!",surprise
19892,Phoebe,I know. They were mine.,neutral
19892,Joey,"Oh.  No! No wait, that’s weird!",disgust
19892,Phoebe,"No, it’s not! We were just goofing around and I dared him to try them on.",neutral
19892,Joey,That’s weird!,disgust
19892,Phoebe,I’m wearing his briefs right now.,neutral
19892,Joey,That’s…kinda hot.,surprise
19893,Phoebe,I think so too. And that little flap? Great for holding my lipstick.,joy
19893,Joey,"Yeah, I wouldn’t know about that.",neutral
19893,Phoebe,And! Y’know what Jake says? That women’s underwear is actually more comfortable. And he loves the way the silk feels against his skin.,joy
19894,Joey,"Yeah well next thing you know, he’ll be telling you that your high heels are good for his posture!",disgust
19894,Phoebe,There is nothing wrong with Jake! Okay? He is all man! I’m thinking even more than you.,neutral
19894,Joey,"Oh yeah, he looked like a real lumberjack in those pink lacys.",disgust
19894,Phoebe,I’m just saying that only a man completely secure with his masculinity could walk around in women’s underwear!,neutral
19894,Phoebe,I don’t think you could ever do that.,neutral
19894,Joey,Hey! I,neutral
19894,Phoebe,"Okay, whatever.",disgust
19895,Phoebe,Lusts of the flesh.,neutral
19895,Rachel,What?,neutral
19895,Phoebe,I don’t know.  A cowboy theme?,neutral
19896,Joey,"Hey uh, is it okay to come in?",neutral
19896,Rachel,"Of course! Oh Joey, this ring I…it’s beautiful I love it!",joy
19896,Joey,"Yeah uh look Rach, there’s something I gotta tell ya.",neutral
19896,Rachel,Hey!,joy
19896,Nurse,Hey! Are you ready to try nursing again?,neutral
19896,Rachel,"Yeah! Hi Emma. Hey, why do you think she won’t take my  breast?",neutral
19896,Nurse,"It’s all right honey, it takes some babies a while to get it,  but don’t worry. It’ll happen.",neutral
19896,Joey,Yowza,anger
19896,Rachel,"Okay sweetie, you can do it. Just open up and put it in your  mouth.",neutral
19896,Joey,Dear Lord.,surprise
19896,Rachel,"I’m sorry honey, what were you saying?",neutral
19896,Joey,"Oh uh-uh yeah, I think that…",neutral
19896,Rachel,Do you think my nipples are  too big for her mouth?,neutral
19896,Rachel,She looks scared.,neutral
19896,Rachel,Doesn’t she  look scared?,neutral
19896,Joey,"Y’know, I don’t really know her.",neutral
19897,Chandler,Can you see my nipples through this shirt?,neutral
19897,Rachel,"No. But don't worry, I'm sure they're still there.",neutral
19897,Phoebe,"Where are you going, Mr. Suity-Man?",neutral
19897,Chandler,"Well, I have an appointment to see Dr. Robert Pillman, career counselor a-gogo.  I added the ""a-gogo.""",neutral
19898,Joey,"Actually, tomorrow night kinda depends on how tonight goes.",neutral
19898,Chandler,"Oh, uh, listen, about tonight...",sadness
19898,Joey,"No, no, no, don't you dare bail on me.",anger
19898,Joey,The only reason she's goin' out with me is because I said I could bring a friend for her friend.,neutral
19898,Chandler,"Yes, I know, but her friend sounds like such a...",anger
19898,Joey,Pathetic mess?,neutral
19898,Joey,"I know, but—come on, man, she's needy, she's vulnerable.",neutral
19898,Joey,"I'm thinkin', cha-ching!",joy
19898,Joey,Thanks.,neutral
19898,Joey,"Look, you have not been out with a woman since Janice.",neutral
19898,Joey,You're doin' this.,neutral
19898,Ross,Hi. She said yes.,neutral
19898,Chandler,"Yes! Way to go, man!  Still got the egg, huh?",joy
19899,Joey,"""Happy birthday to you!""",joy
19899,Gunther,You’re paying for that.,neutral
19899,Joey,What? No-no it’s her birthday!,surprise
19899,Gunther,You’ve sung Happy Birthday to 20 different women today!,surprise
19899,Joey,But it really,neutral
19899,Gunther,You are no longer authorized to distribute birthday muffins.,neutral
19899,Joey,Damnit!,anger
19899,Ross,Rach? Hi!,joy
19899,Rachel,Hi!,joy
19899,Ross,Did you tell your sister to ask me out?,neutral
19899,Rachel,Well yeah,neutral
19899,Ross,Oh wow!,surprise
19899,Ross,"I mean, wow!",surprise
19899,Ross,"I mean, I-I-I think she’s cute but I-I would never have thought of going out with her, never!",neutral
19899,Rachel,Really?!,surprise
19899,Ross,"Yeah but after you said it was okay, I figured, ""Why not?!""",joy
19899,Rachel,Oh so-so not really never.,neutral
19899,Ross,I have to say you are a much bigger person than I am.,neutral
19899,Ross,"I mean after all we’ve been through, I just—y’know I wish I had a brother to reciprocate.",neutral
19899,Ross,"Hey, if you ever want to go out with Monica, you have my blessing.",neutral
19899,Joey,"Oh-ho, and mine!",joy
19900,Phoebe,No-no wait-wait! I can’t just let you hang up! Just please talk to me.,fear
19900,Earl,Well…I only have one thing to do today.  I guess I could push it back.,neutral
19900,Phoebe,"Yeah! Now, why do you want to kill yourself?",sadness
19900,Earl,"It’s just that I uh, have been working for ten years now at this meaningless, dead-end job and nobody here even knows I exist!",sadness
19900,Phoebe,Chandler?,neutral
19901,Earl,I-I’m sorry?,sadness
19902,Phoebe,"No look, I-I’m sure that people know you exist!",sadness
19902,Earl,Oh yeah?,sadness
19903,Earl,I work in a cubicle surrounded by people.,neutral
19903,Earl,I’ve been talking to you for five minutes now about killing myself and no one’s even looked up from their desk.,sadness
19903,Earl,Hang-hang on.,neutral
19903,Earl,Hey everybody!,neutral
19903,Earl,"Uh, I’m gonna kill myself!",sadness
19903,Earl,I got nothing.,neutral
19904,Joey,"Apparently, there’s like a million guys out there that can play Mac, and there’s only this one robot and this one guy who controls it!",surprise
19904,Joey,I didn’t know he could get me fired!,surprise
19904,Joey,What am I going to do?,fear
19904,Monica,"Well y’know Joey, you’re a pretty charming guy.",neutral
19904,Joey,"Thanks, but I kinda have a problem to deal with here.",fear
19904,Monica,"No sweetie, you’ve got to win over the guy that controls C.H.E.E.S.E.! You’ve got to kiss some serious robot ass!",neutral
19904,Joey,That’s not a bad idea.,neutral
19904,Joey,"Okay, but if I got to turn on the charm tomorrow I’m not wasting anymore of it over here with you guys.",neutral
19904,Joey,"Well, actually I got a little bit saved for you Pheebs.",joy
19904,Chandler,"So do you think uh, Joey’s more charming than me?",neutral
19904,Monica,Yeah! That’s why I’m sleeping with him on the side.,sadness
19904,Chandler,"Yeah, you wish.",neutral
19904,Phoebe,"""You wish.""",joy
19905,Paul,Why are you yelling?,joy
19905,Rachel,"Whoa, that",neutral
19906,Joey,"Whoa-whoa, what is it?",surprise
19906,Phoebe,Well… It’s a date.,neutral
19906,Joey,A date?!,surprise
19906,Joey,"No, no Pheebs you-you must be mistaken, because I know you wouldn’t schedule a date on the same night you have plans with a friend!",surprise
19906,Phoebe,"Come on Joey, don’t make me feel badly about this.",sadness
19906,Joey,"No, I’m gonna!!",anger
19906,Joey,That’s right!,anger
19906,Joey,"Yeah, you made me feel really guilty about goin’ out with that girl!",anger
19906,Joey,Like-like-like I did something terrible to you!,anger
19906,Joey,"And now Pheebs, you’re doing the same thing!",anger
19906,Phoebe,That—It’s not the same thing! This is,anger
19906,Joey,"Okay, well my girl from the other night was special. She was a scientist too!",anger
19906,Phoebe,She was?,surprise
19906,Joey,"Well, she graduated from high school!",anger
19906,Phoebe,"Okay, whatever.",joy
19906,Phoebe,Y’know what?,neutral
19906,Phoebe,"I don’t have time to convince you because he’s only here for four hours, and I’m gonna go see him!",anger
19906,Joey,Fine!,anger
19906,Phoebe,Yeah!,anger
19906,Joey,Fine!,anger
19906,Phoebe,Yeah!,anger
19906,Joey,"What are you still doin’ here?! I told you, lobster ravioli!",anger
19907,Ross,"Sorry I'm late, I was stuck at work. There was this big dinosaur.. thing.. anyway.",neutral
19907,Susan,Hi.,neutral
19907,Carol,"Ross, you remember Susan.",neutral
19907,Ross,How could I forget?,surprise
19907,Susan,Ross.,neutral
19907,Ross,"Hello, Susan.  Good shake. Good shake. So, uh, we're just waiting for...?",anger
19907,Carol,Dr. Oberman.,neutral
19907,Ross,..Dr. Oberman. Okay. And is he-,neutral
19907,Susan,She.,neutral
19907,Ross,"-she, of course, she- uh- familiar with our.. special situation?",neutral
19907,Carol,"Yes, and she's very supportive.",neutral
19907,Ross,"Okay, that's great.  No, I'm- Oh.",joy
19907,Carol,Thanks.,neutral
19907,Ross,"Quack, quack..",neutral
19907,Carol,Ross? That opens my cervix.,surprise
19907,Rachel,Barry?,surprise
19907,Barry,C'mon in.,neutral
19907,Rachel,Are you sure?,surprise
19907,Barry,"Yeah! It's fine, it's fine. Robbie's gonna be here for hours.",neutral
19907,Robbie,Huh?!,surprise
19907,Barry,"So, how ya doin?",neutral
19908,Monica,Does she use the cups? Yes! I believe she does. Does she use the plates? Yes! I believe she does.,neutral
19908,Monica,"Oh. Thank you. Ohhh, thank you very much. Oh, thank you for coming.  Uh, just a second!",joy
19908,Phoebe,"No-no, let me in!",anger
19908,Monica,Phoebe?,neutral
19908,Phoebe,Yeah!,joy
19908,Monica,Can you just hold on for one minute?,neutral
19908,Phoebe,"No, you have to let me in right now!!",joy
19908,Monica,Are you alone?,neutral
19908,Phoebe,Yes!,joy
19908,Monica,All right.,neutral
19909,Monica,Let go!,anger
19909,Ross,No! You let go!,anger
19909,Ross,How come it’s always us left in the field holding the ball?,joy
19909,Monica,I don’t know. I guess the other people just don’t care enough.,neutral
19909,Ross,Hey! It’s starting to snow.,sadness
19909,Ross,Gimme the this!,anger
19909,Monica,Let go!,anger
19910,Joey,Y'know what?,neutral
19910,Chandler,Umm?,neutral
19910,Joey,I bet ‘ya ya I could fit in there.,neutral
19910,Chandler,I’ve got five bucks says you can’t.,neutral
19911,Joey,"Shoot! Shoot! Shoot! Shoot, or just fall down. That's good too.",joy
19911,Lydia,Knick fan?,neutral
19911,Joey,"Oh, yeah.",neutral
19911,Lydia,"Oh, boy, do they suck.",anger
19911,Joey,"Hey, listen, lady.......whoa.",surprise
19911,Lydia,"Look, look at your man, Ewing. Nice shot. You know what, he couldn't hit water if he was standing on a boat.",disgust
19911,Joey,Oh yeah? And who do you like?,neutral
19911,Lydia,The Celtics.,neutral
19911,Joey,"The Celtics? Ha. They couldn't hit a boat if...wait. They suck, alright?",disgust
19911,Lydia,"Oh, shut up. You know, it's a rebuilding year. You... waah!",anger
19911,Joey,"Wha? Wha..aa? Let me get the father. Hey, we need a father over here! We need a father!",anger
19911,Lydia,There is no father.,neutral
19911,Joey,"Oh, oh, oh, sorry.",fear
19911,Joey,"Oh, uh, ok. Right this way. All the other pregnant women seem to be goin' in here.",neutral
19911,Lydia,Ok.,neutral
19912,Barry,"Sweetheart, just gimme- gimme another chance, okay, we'll start all over again. We'll go back to Aruba.",fear
19912,Bernice,"Dr. Farber, we've got a bit of an emergency here...Jason Costalano is choking on his retainer.",fear
19912,Barry,Oh God...,fear
19912,Barry,"I'll be right there, Bernice.",neutral
19912,Barry,"Look, please, please don't go anywhere, okay?",fear
19912,Rachel,Okay.,neutral
19912,Rachel,"Okay, we'll be here!",neutral
19912,Rachel,Hating you!,anger
19912,Rachel,Did you see how he was sweating when he walked out of there?,surprise
19912,Rachel,"Listen honey, if I'm hogging the ball too much you just jump right in there and take a couple punches because I'm telling you, this feels",neutral
19912,Mindy,Yeah... I'm pretty sure I'm still gonna marry him.,joy
19912,Rachel,"What are you talking about?! Mindy, the guy is the devil! He's Satan in a smock!",disgust
19912,Mindy,"Look, I know he's not perfect, but the truth is, at the end of the day, I still really wanna be Mrs. Dr. Barry Farber, D.D.S.",neutral
19912,Rachel,Oh God.,surprise
19912,Mindy,I hope you can find some way to be happy for me. And I hope you'll still be my maid of honor...?,fear
19912,Rachel,And I hope Barry doesn't kill you and eat you in Aruba.,sadness
19913,Phoebe,"Listen, Robert’s gonna be here any second so, will one of you just tell him?",neutral
19913,Ross,Oh.,sadness
19913,Phoebe,"Please, right now, no, every time I see him it’s like ‘Is it on the lose?’ ‘Is it watching me?’",fear
19913,Chandler,"We can’t tell him, you can’t go up to a guy you barely know and talk about his.... stuff.",anger
19913,Ross,"He’s right, even if it’s to say something complementary.",neutral
19913,Robert,Hey!,surprise
19913,Phoebe,Hey.,neutral
19913,Robert,"So are ready for the gym? They’ve got this new rock climbing wall, we can spot each other.",neutral
19913,Phoebe,"No, I can spot you from here.",neutral
19913,Robert,What?,surprise
19913,Phoebe,"Okay, listen Robert...",neutral
19914,Phoebe,I don’t have time for this.,anger
19914,Monica,"No, that is what the game is.",neutral
19915,Phoebe,Which you just gave up really quickly.,neutral
19915,Chandler,Have you seen Joey?,neutral
19915,Monica,What’s the matter?,neutral
19915,Chandler,"Oh, just this!  Y’know what it’s my fault really, because the couch is usually where we",neutral
19915,Joey,"Hey, does somebody wanna hand me one of those tiles.",neutral
19915,Chandler,What’s going on?,surprise
19915,Monica,He’s retiling my floor.,neutral
19915,Chandler,Yo!! Spackel boy! Get up!,neutral
19915,Monica,"Ah-ah-ah, now you started this, you will finish it.",anger
19915,Chandler,He started mine first!,anger
19915,Phoebe,"Build the unit Cinderelly, lay the tile Cinderelly.",anger
19916,Chandler,Come on Chloe! Finish up with your customer first. Come on Chloe! Come on Chloe!!,joy
19916,Issac,Can I help you?,neutral
19916,Chandler,Uh-oh.,fear
19916,Joey,"Uh, y'know what, we’re having second thoughts about our copying needs. And we’ll need a little more time to think about it.",neutral
19916,Issac,"Chloe, switch with me, there’s some guys here that got a crush on you.",neutral
19916,Chandler,"Okay, that hurt us.",joy
19916,Chloe,Hi guys. I haven’t seen you since this morning.,neutral
19916,Chandler,"Well ah, ........y'know.",neutral
19916,Chloe,"Hey, what are you guys doing tomorrow night?",neutral
19916,Joey,Both of us?,surprise
19916,Chloe,Maybe. Does that scare ya?,neutral
19916,Chloe,Relax. It’s just Issac’s D.J.-ing at the Philly. You should come.,neutral
19916,Joey,We’ll be there.,joy
19916,Chloe,"Great. I’ll ah, see ya then.",joy
19916,Chandler,"All right, rock on.",joy
19917,Ross,"Umm, candles, champagne, yeah anniversaries are great.",joy
19917,Ross,"‘Cause you know love lasts forever, y'know.",joy
19917,Ross,"Nothing like it in this lifetime, money in the bank, so Rachel and I broke up.",sadness
19917,Carol,"Oh God, Ross I am so sorry.",joy
19917,Carol,"Y'know what, I want to talk to you about this so much, but we should probably do it when we could really get into it, are you free for dinner tomorrow night?",neutral
19917,Ross,"Oh yeah, I’d love that.",joy
19917,Carol,"Oh, great! Me too.",joy
19917,Ross,I guess it all started when Rachel got this new job.,neutral
19918,Ross,And why do you care so much?,neutral
19918,Monica,Because! You could get to live out my fantasy!,joy
19918,Ross,You had fantasies about Emily?,sadness
19918,Monica,"No! Y’know,",neutral
19918,Ross,Is that why in junior high you were the only one that hung out with that Ukrainian kid?,neutral
19918,Monica,"Yeah that, plus his mom used to put sour cream on everything!",neutral
19918,Monica,Do you love her?,neutral
19918,Ross,"We said it was only going to be two weeks, y’know?",neutral
19918,Monica,You love her!,surprise
19918,Ross,What-what is love really?,neutral
19918,Monica,"Ohhh, I",neutral
19918,Ross,I am a good kisser.,neutral
19918,Monica,"Then you two can, can sneak into the cockpit, and things will start to heat up, and then a stewardess comes in…  I’ve been watching too much porn.",neutral
19919,Supervisor,So basically this is very easy. You read from the script and try to sell as much toner as you possibly can.,neutral
19919,Phoebe,"Okay, I can do that! Oh, by the way, I",joy
19919,Supervisor,Why don’t we do a trial run.,neutral
19919,Phoebe,"Oh okay. Umm, all right.  Hi, this is Phoebe from Empire Office Supplies, can I speak to your supply manager please?",neutral
19919,Supervisor,I’m the supply manager.,neutral
19919,Phoebe,"Umm, okay I would like to talk to you about your toner needs.",neutral
19920,Chandler,"Kathy! Kathy! Hi!! Kathy! Kathy! (She doesn't hear him and keeps running, Chandler starts chasing her as the theme to",joy
19920,Kathy,"Hey, Chandler! What are you doing here?",surprise
19920,Chandler,"Oh, I just wanted to say, ""Hey!""",joy
19920,Kathy,Hey!,neutral
19920,Chandler,Okay.,neutral
19921,Phoebe,"Oh, hey, Mon, do you still have your like old blouses and dresses from high school?",neutral
19921,Monica,"Yeah, I think I have some around here somewhere. Why?",neutral
19921,Phoebe,"Well, it’s just that maternity clothes are so expensive.",joy
19921,Monica,"Hey, Rach! I made a pile of your stuff over on this side of the room. If you could just……throw your purses at it.",sadness
19921,Rachel,Bloomingdale’s,neutral
19921,Monica,"Oh my God, are you out of a job?",surprise
19921,Rachel,"No, but they stuck me in personal shopping. Which is just a",sadness
19922,Phoebe,Okay!,neutral
19922,Monica,"Come on, no peeking!",joy
19922,Chandler,Our eyes are closed and we’re about to cross the street. Very good.,joy
19922,Phoebe,"Okayyyyy, open up!",joy
19922,Ross,What did you want to show us? Because all I can see is this,neutral
19922,Phoebe,"Yeah, it’s for our catering business!",joy
19922,Joey,I think I know that girl.,neutral
19922,Monica,"All right, umm, we’re not gonna really keep it this way though.",joy
19922,Rachel,No?,surprise
19922,Phoebe,"No, we’re gonna paint over the sword, and replace it with a baguette.",neutral
19922,Rachel,Oh!,surprise
19922,Phoebe,"And also, we don’t know what to do with this.",neutral
19922,Joey,"Oh yeah, I definitely know her.",neutral
19923,Ross,"You don’t know?! Rach, you balded my girlfriend!",neutral
19923,Rachel,"All right! Ross, do you think it’s easy for me to see you with somebody else?",anger
19923,Ross,"Y'know, hey! You’re the one who ended it, remember?",anger
19923,Rachel,"Yeah, because I was",neutral
19923,Ross,You still love me?,sadness
19923,Rachel,Noo.,sadness
19923,Ross,You still love me.,neutral
19923,Rachel,"Oh, y-yeah, so, you-you love me!",surprise
19923,Ross,"Noo, nnnnn. What does this mean? What do you, I mean do you wanna, get back together?",surprise
19923,Rachel,Noo!,anger
19923,Rachel,Maybe!,surprise
19923,Rachel,"I, I don’t know.",neutral
19923,Rachel,"Ross, I still can’t forgive you for what you did, I can’t, I just, but sometimes when I’m with you I just, I feel so...",sadness
19923,Ross,What?!,sadness
19923,Rachel,"I just, I feel, I-I just...",neutral
19923,Ross,What?,neutral
19923,Rachel,I feel...,neutral
19923,Chandler,"Noo!! I don’t care! I’m not, I’m not gonna playing one-on-one strip poker with you for practice!",anger
19923,Joey,But I made cards!!,sadness
19923,Rachel,Well! Good night.  I’m going upstairs.,neutral
19923,Joey,Good night.,neutral
19923,Joey,Wanna play strip poker for practice?,sadness
19924,Joey,What are you doing?,neutral
19924,Chandler,The key’s stuck in the lock.,neutral
19924,Joey,I can fix it. Hold on.  Look out. Look out.,neutral
19924,Chandler,It still doesn’t work.,joy
19925,Rachel,"Isn’t it incredible?! Monica and Chandler, gettin’ married.",joy
19925,Phoebe,"I know, they’re gonna be",joy
19925,Rachel,"Ohh… I mean two best friends falling in love, how often does that happen?",joy
19925,Phoebe,Not,neutral
19925,Rachel,No! I’m so happy for them!,joy
19925,Phoebe,Me too! So happy for them!,joy
19925,Phoebe,"Oh no! No God, definitely not jealous!",neutral
19925,Rachel,"I mean I’m probably 98% happy, maybe 2% jealous. And I mean what’s 2%? That’s nothing.",neutral
19925,Phoebe,Totally. I’m like 90/10.,joy
19925,Rachel,Yeah me too.,neutral
19925,Joey,"Hey uh, have you guys scene Chandler?",neutral
19925,Rachel,"Wh—no, but y’know who did stop in here looking for ya, Tennille.",neutral
19926,Monica,Remember that guy from cooking school I told you about that put cilantro with everything?,neutral
19926,Phoebe,"Oh sure, Cilantro Larry.",neutral
19926,Monica,"Well, I’m gonna fill in for him as food critic for the Chelsea Reporter.",joy
19926,Monica,"Wow, Monica! What an amazing opportunity to influence… dozens of people.",joy
19926,Phoebe,"How could you say yes, what about our catering business?",anger
19926,Monica,"Oh no-no-no, it’s only one night a week, and plus I get to take all of you out for a",neutral
19926,All,Yay!!,joy
19926,Phoebe,"Oh, in that case——Yay!  That was me hopping on board.",joy
19926,Monica,Oh.,joy
19926,Chandler,"Hey, you guys! Hey, Ross, quick question for ya. Are you ready to party?",joy
19927,Joey,Hello.,neutral
19927,Chandler,"Hey, it’s me.",neutral
19927,Chandler,"I know you can’t stand to be in the same room as me, so I just thought I’d try and apologize over the phone.",sadness
19927,Joey,Hello.,neutral
19927,Chandler,"Look I never should have kissed your girlfriend, but I’m",fear
19927,Joey,Stop callin’!!,anger
19927,Voice,"Hey! Hey! Hey! This is 92.3, WXRK, K-Rock for our $1,000 daily challenge.",joy
19927,Joey,All right!,neutral
19927,Voice,"What is the name of your roommate who is very, very sorry and would do anything",neutral
19928,Phoebe,Joseph Francis Tribbiani are you home yet?!!,neutral
19928,Rachel,"Umm, I think he’s still out. What’s wrong?",joy
19928,Phoebe,"Well, I’ll tell you Rachel Karen Green, I had plans with Joey tonight and he left me this note.",neutral
19928,Rachel,"""Pheebs, can’t make it, got a date. Talk to you later. Big Daddy.""  Big Daddy?",anger
19928,Phoebe,Oh that’s a nickname we were trying out.,neutral
19928,Ross,"Hey, y’know what nickname never caught on? The Ross-A-Tron!",joy
19928,Joey,Hey!,joy
19928,Phoebe,Oh! Here’s Joseph Francis!,joy
19928,Joey,Oh-Wha-Ho! What are you middle naming me for?! I left you a note!,surprise
19928,Phoebe,So what?! That doesn’t give you the right to ditch me!,anger
19928,Joey,"Hey, you can cancel plans with friends if there is the possibility for sex!",anger
19928,Ross,"Phoebe he’s right, that is the rule.",neutral
19928,Phoebe,I don’t accept this rule.,anger
19928,Phoebe,"When we make plans, I expect you to show up.",anger
19928,Phoebe,"Okay, I can’t just be a way to kill time ‘til you meet someone better!",anger
19928,Phoebe,"Y’know boyfriends and girlfriends come and go, but this  is for life!",anger
19929,Rachel,Did you know he was in there?,neutral
19929,Monica,No.,neutral
19929,Chandler,How long have we been home?,neutral
19929,Monica,About a half an hour.,neutral
19929,Chandler,Love,neutral
19930,Pete,"Lights.  Uh, romantic lights.",neutral
19930,Monica,"Ooh, nice.",joy
19930,Pete,"So ah, there was this thing I wanted to talk to you about.",neutral
19930,Monica,"Oh, right! I completely forgot about that.",neutral
19930,Pete,"Well ah, I’ve been doing a lot of thinking, and I look at my life",neutral
19930,Monica,Yeah?,neutral
19930,Pete,"And I feel like I’ve conquered the business world, and I feel like I’ve conquered the intellectual world, and now I-I have the most beautiful woman in the world.",anger
19930,Monica,Wow.,surprise
19930,Pete,There’s one thing missing.,sadness
19930,Monica,What’s that?,neutral
19930,Pete,It’s time for me to conquer the physical world.,neutral
19930,Monica,Okay.,neutral
19930,Pete,"Monica, I want to become  the Ultimate Fighting Champion.",neutral
19930,Monica,You wanna what?!,surprise
19930,Pete,"I want to become the Ultimate Fighting Champion! It’s the most intense physical competition in the world, it’s banned in 49 states!",joy
19930,Monica,What are you talking about?,surprise
19930,Pete,"Okay, my trainer, Ho Chi, is teaching me a combination of Gee Koon Doe and Brazilian street fighting, I’ve even had my own octagon training ring designed.",neutral
19930,Monica,And I suppose you used a ring designer for that.,joy
19930,Pete,Yeah.,neutral
19930,Pete,"Monica, I want you there in the front row when I win.",joy
19930,Pete,I want you close enough to smell the blood.,joy
19930,Pete,What do you think?,neutral
19930,Monica,My parents will be so happy.,disgust
19931,Chandler,Okay to come in?,neutral
19931,Monica,"Yeah, come on, eat, whatever you want. Dr. Roger got beeped again.",neutral
19931,Chandler,"Yeah I know, guess who beeped him?",neutral
19931,Monica,What?!,surprise
19931,Chandler,I’m the ruptured spleen.,sadness
19931,Monica,Why would you do that?,joy
19931,Chandler,Because you shouldn’t be with him.  You should be with me.,sadness
19931,Monica,Really?,surprise
19931,Chandler,"When you were talking about Roger, that was killing me!",sadness
19931,Chandler,"Look, things like last night they don’t just happen.",neutral
19931,Chandler,Or at least not to me.,neutral
19931,Chandler,"Or with the other two women, in the morning y’know I was just lying there and I couldn’t wait to just go hang out with my friends, but with you I always y’know with a friend.",neutral
19931,Monica,Chandler!,surprise
19931,Chandler,"I know you probably don’t want to go out with me, y’know because I make too many jokes and I’ve never been in a serious relationship and I guess I’m not technically a ""doctor…""",sadness
19931,Monica,"There was just one woman, wasn’t there?",neutral
19931,Chandler,"No, there were two.",neutral
19931,Monica,Including me?,surprise
19931,Chandler,Oh yeah.,joy
19932,Phoebe,Hey!,joy
19932,Eric,Welcome back!,joy
19932,Phoebe,Hey!  Can we pick up where we left off?,joy
19932,Eric,"I don’t know, I’m still pretty tired out from this afternoon.",neutral
19932,Phoebe,Why?,surprise
19932,Eric,"Uh, the sex.",neutral
19932,Phoebe,What sex?,surprise
19932,Eric,Our sex.,joy
19932,Phoebe,We didn’t have sex.,surprise
19932,Eric,"Well if I didn’t have sex with you, I had sex with someone that looked an awful lot like",neutral
19932,Phoebe,Ew! Ew! Ew! Ew! Ew! Ew!,disgust
19932,Eric,Oh no! Oh no! Oh no! Oh no! No! No! No!,disgust
19933,Monica,Oh my God Stu! I-I can’t believe you did this! Now are you absolutely sure she’s a hooker?,disgust
19933,Stu,"Either that or she’s just the best, most expensive date I ever had.",surprise
19934,Monica,Would you look at them. Am I ever gonna find a boyfriend again? I gonna die an old maid.,sadness
19935,Phoebe Sr.,I’m your mother.,neutral
19935,Phoebe,Ehh?,surprise
19935,Joey,"Oh, and then Monica joked that she wouldn’t go out with a guy like Chandler...",neutral
19935,Chandler,Hi there.,neutral
19935,Joey,"...and he couldn’t let it go, and... I don’t really know what happened with that either.",neutral
19935,Joey,"And then Ross’s new girlfriend, Bonnie, shows up and Rachel convinced her to save her head.",neutral
19935,Joey,"And then Ross and Rachel kiss, and now Ross has to choose between Rachel and the bald girl and I don’t know what happened there either...",neutral
19935,Joey,"Y'know what, hold on, let me go get Chandler.",neutral
19936,Ross,"Uh Mr. Morse, can I speak to you for a moment?",neutral
19937,Phoebe,"Well yeah, I lied before.",sadness
19937,Rachel,Oh!,surprise
19937,Monica,Oh God,surprise
19937,Phoebe,Now you know how you really feel about it.,neutral
19937,Rachel,"Oh-oh, that’s a risky little game!",surprise
19937,Monica,Are you really gonna do this?,fear
19937,Rachel,Yeah. I’m gonna have a baby. I’m gonna have a baby. I’m gonna have a baby!,joy
19937,Phoebe,With who?,neutral
19937,Rachel,"Ah, it’s still not the time.",neutral
19938,Phoebe,You said I was boring--Ohh!,anger
19938,Ross,When did I say you were boring?!,neutral
19938,Phoebe,"Oh my God, I remember now! We were playing chess!",surprise
19938,Ross,Phoebe! You and I have,neutral
19938,Phoebe,"Oh, come on!",joy
19938,Phoebe,"Yes, remember that time on the frozen lake?",neutral
19938,Phoebe,"We were playing chess, you said I was boring, and then you took off your energy mask and you were Cameron Diaz!",anger
19938,Phoebe,"Okay, there's a",neutral
19939,Jill,"All right, I’m leaving!",anger
19939,Jill,Because I’m not going to spend one more day with someone whose out to sabotage my every move.,anger
19939,Jill,That’s you Rachel!,anger
19939,Rachel,"Yeah, I got that.",neutral
19939,Jill,"And you! I throw myself at you and you say no, how gay are you?",anger
19939,Ross,You take care Jill.,neutral
19939,Jill,"Okay, see ya!",joy
19939,Joey,Bye-bye,joy
19939,Chandler,"I-I can’t believe Jill’s gone.  I can’t help it, I opened a gate.",sadness
19940,Monica,"How about, you’re moving!!",joy
19940,Rachel,Look! This is ridiculous. We should be packing you!!,anger
19940,Phoebe,"Hey, how are you guys doing?",neutral
19940,Rachel,Great! Monica’s moving!,joy
19940,Monica,I am not!,anger
19940,Rachel,Oh really?! Then how come all your stuff is in this box?!,surprise
19940,Phoebe,"Okay, you guys. You guys I think I know what’s going on here. Okay, you guys",neutral
19940,Monica,No Phoebe I am mad!,anger
19940,Phoebe,"Well, deep-deep-deep down!",neutral
19940,Rachel,"Yeah, I’m just mad!",anger
19940,Phoebe,Then keep running.,neutral
19941,Joshua,Okay!,neutral
19941,Rachel,"Oh, here’s that trench-coat that you wanted.",neutral
19941,Joshua,"Oh great!  Wow! Yeah, it’s comfortable.",joy
19941,Rachel,Yeah?,neutral
19942,Phoebe,Oh! Here we,anger
19942,Chandler,"All right, y'know what, we've been talking about London too much haven't we?",neutral
19942,Phoebe,I'm sorry.,neutral
19942,Phoebe,It's just 'cause I couldn't be there.,neutral
19942,Phoebe,"Cause all I ever get to do now is pregnant stuff, it just bums me out.",sadness
19942,All,Sorry.,neutral
19942,Monica,What happened?,neutral
19942,Rachel,"Well, y'know, a little of this, a little of that. Got myself a date tomorrow night.",neutral
19942,Monica,"See, didn't I tell you?! You're getting over Ross already!",joy
19942,Gunther,Get out!,joy
19943,Ross,I just didn’t see the fast song coming.,surprise
19943,Joey,Shh.,neutral
19943,Joey,Shh.,neutral
19943,Joey,"Don’t try to talk, we’ll get you up to your room, we’ll soak your feet, you’ll be okay.",neutral
19943,Ross,"Oh, thank you.",neutral
19943,Mona,That is so sweet!,joy
19943,Joey,Yeah.,neutral
19943,Mona,"No, I mean it. There are so few genuinely nice guys out there.",anger
19943,Joey,"Tell me about it, I feel like I’m holding down the fort all by myself.",neutral
19943,Mona,It’s Joey right?,neutral
19943,Joey,Yeah.,neutral
19943,Ross,Wait a minute!,surprise
19943,Ross,No!,anger
19943,Ross,I’m the nice one!,surprise
19943,Ross,I’m the one who danced with the kids all night!,surprise
19943,Ross,How…How small are your feet?,neutral
19944,Joey,"Uhh, do you mind sitting there. I’m-I’m saving this for my friend Ross.",neutral
19944,Tour Guide,You mean Dr. Geller?,neutral
19944,Joey,Doctor? Wow! I didn’t know he had a nickname.,surprise
19944,Tour Guide,"Oh, he won’t sit here.",neutral
19944,Tour Guide,"Only the people in the white coats sit over there,  and only the people in the blue blazers sit here.",neutral
19945,Joey,"Yeah, it must’ve fallen out a few blocks back. I just figured we hit a dog.",joy
19945,Chandler,Okay.,neutral
19945,Joey,"Listen uh, could you put Kathy on, I wanna apologize.",sadness
19945,Chandler,Oh yeah man.  Joey.,neutral
19945,Kathy,Hey.,neutral
19945,Kathy,"Oh no it’s fine, don’t worry about it.",neutral
19945,Kathy,"Yeah-no, stop apologizing, it’s okay.",neutral
19945,Kathy,I’ll talk to you tomorrow.,neutral
19945,Kathy,"I should uh, probably go.",neutral
19945,Chandler,Yeah. Yes! Yeah.,neutral
19945,Kathy,I forgot my purse.,neutral
19945,Chandler,Oh.,neutral
19945,Kathy,"No, I really did forget my purse.",neutral
19946,Ross,"A new place for a new Ross. I'm gonna have you and all the guys from work over once it's y'know, furnished.",neutral
19946,Dr. Ledbetter,I must say it's nice to see you back on your feet.,joy
19946,Ross,Well I am that. And that whole rage thing is definitely behind me.,neutral
19946,Dr. Ledbetter,I wonder if its time for you to rejoin our team at the museum?,neutral
19947,Ross,"....and 12, 22, 18, four...  What?",surprise
19947,Chandler,I spelled out boobies.,joy
19947,Monica,"Ross, but me down for another box of the mint treasures, okay. Where, where are the mint treasures?",neutral
19947,Ross,"Ah, we’re out. I sold them all.",neutral
19947,Monica,What?,surprise
19947,Monica,No.,sadness
19947,Monica,"No, just, just, just a couple more boxes.",anger
19947,Monica,"It-it-it’s no big deal, all right, I’m-I’m cool.",fear
19947,Monica,You gotta help me out with a couple more boxes!,sadness
19947,Ross,"Mon, look at yourself. You have cookie on your neck.",disgust
19947,Monica,Oh God!,sadness
19947,Chandler,"So, how many have you sold so far?",neutral
19947,Ross,Check this out. Five hundred and seventeen boxes!,surprise
19947,Chandler,"Oh my God, how did you do that?",surprise
19947,Ross,"Okay, the other night I was leaving the museum just as ‘Laser Floyd’ was letting out of the planetarium, without even trying I sold 50 boxes!",joy
19947,Ross,"That’s when it occurred to me, the key to my success, ‘the munchies.’ So I ah, started hitting the NYU dorms around midnight.",joy
19947,Ross,I am selling cookies by the case.,joy
19947,Ross,They call me: 'Cookie Dude!',joy
19947,Rachel,"Okay, stop what you’re doing, I need envelope stuffers, I need stamp lickers.....",neutral
19947,Ross,"Well hey, who did these resumes for ya?",surprise
19947,Chandler,Me! On my computer.,joy
19948,Ross,Hi.,neutral
19948,Chandler,Hey.  Soaps? Shampoos? Are you really taking all this stuff?,surprise
19948,Ross,Why not? It’s built into the price of the room.,neutral
19948,Chandler,Yeah but you don’t need——What is this?,surprise
19948,Ross,Thread!,joy
19948,Chandler,Score! Where are the disposable cameras?,joy
19948,Ross,What disposable cameras?,sadness
19948,Chandler,The cameras? Remember last night I told you to take them?,surprise
19948,Ross,No you didn’t.,neutral
19948,Chandler,"Yes! Remember? Right before we cut the cake, I went up to you and I said",surprise
19948,Ross,"Oh-oh yeah, you-you came up to me and asked if I could do you a favor, and my Uncle Murray came up to you and handed you a check.",neutral
19948,Ross,"And then you said, ""Why do they call it a check?",neutral
19948,Ross,"Why not a Yugoslavian?""",neutral
19948,Ross,"Yeah, then you did that.",neutral
19948,Chandler,So you don’t have the cameras?!,surprise
19948,Ross,No. Sorry man.,sadness
19948,Chandler,So? What? What? They’re gone! Monica’s gonna freak!,surprise
19948,Ross,"Well, I’m sure they’re still somewhere here in the hotel. I’ll-I’ll help you look for them.",neutral
19948,Chandler,Great.,anger
19948,Ross,In-in three minutes.,neutral
19949,Joshua,"Uhh, Rachel, my parents",neutral
19949,Rachel,Ohh! It’s so nice to meet you.  Hello.,joy
19949,Mrs. Burgin,"Hello. Well, Joshua, that $500 was for groceries.",neutral
19949,Rachel,What?,surprise
19949,Rachel,"This-this, no, oh no, no-no-no, this is not—that’s-that’s not what it is.",joy
19949,Rachel,"See, see, okay, I work in fashion, see and-and, this is a real dress actually.",neutral
19949,Rachel,"It’s-it’s, they’re-they’re wearing it in Milan, so part of my job is too wear the clothes, and then I see how people respond, and then I report back to my superiors at",neutral
19949,Mrs. Burgin,Maybe in L.A?,neutral
19949,Rachel,Yes!,joy
19949,Joshua,There you go.,neutral
19949,Mr. Burgin,"So, have you kids eaten yet?",neutral
19949,Rachel,"Well, we were going to do that after—I mean umm, next.",neutral
19949,Mr. Burgin,"Well, we’re starving, why don’t we all go get something to eat?",neutral
19949,Rachel,"Oh, yeah, well… Yeah, no use wasting this baby, just lyin’ around the house.",neutral
19949,Mr. Burgin,So… We go eat.,neutral
19949,Rachel,Yes.,neutral
19949,Mr. Burgin,"You’ll wear that. We’ll be eating, and of course, you’ll be wearing that.",neutral
19950,Joey,Well I guess I should’ve thought about my wife and kids before I talked back to chef Geller!,neutral
19950,Monica,Thanks.,neutral
19950,Monica,Enough!,anger
19950,Joey,Lean lean lean,joy
19951,Chandler,Let me see that.,neutral
19952,Joey,This one right here.,neutral
19953,Chandler,Triskaidekaphobia.,neutral
19953,Ross,The fear of,neutral
19953,Joey,"No! No, fear of the number 13.",neutral
19953,Ross,"It’s possible, they have really sharp edges.",neutral
19953,Joey,"All right Chandler, you’re up.",neutral
19953,Ross,"Wait a minute, I-I believe I’m entitled to use my Angel Pass for a free turn?",joy
19953,Chandler,This game makes no sense!,anger
19953,Ross,Y’know what? You’re just upset because you’re losing.,joy
19953,Chandler,"Oh come on Ross, I think we’re all losers here.",neutral
19953,Joey,"All right. Chandler, you can either spin the wheel or pick a Google card.",neutral
19953,Chandler,Let me think. Let me think—Oh! I don’t care.,anger
19953,Joey,You-you must choose Mr. Bing.,neutral
19953,Chandler,"Either, it makes no difference.",neutral
19953,Joey,"Choose, you jackass!",anger
19953,Chandler,I’ll take a card.,neutral
19953,Joey,"Okay, you picked the Gimmie card! You get all of Ross’s points!",joy
19953,Ross,What?!,surprise
19953,Chandler,This game is kinda fun.,joy
19953,Ross,You don’t think it’s a little crazy that you get all my points just ‘cause you,neutral
19953,Chandler,I don’t think the contestants are supposed to speak to each other.,neutral
19954,Monica,"Hello?  Oh, hi Ross!  See? Other people call me!",surprise
19955,Joey,Very funny Ross!,joy
19955,Joey,Very life-like and funny.,neutral
19955,Joey,Okay.,neutral
19955,Joey,"Oh no-no-no, I wasn't waving at you lady.",neutral
19955,Joey,"Whoa, maybe I was!",surprise
19955,Monica,"Get in there man! Flirt back, mix it up!",joy
19955,Joey,"Yeah, I-I-I'm down with that.",joy
19955,Joey,"Okay, here goes.",fear
19955,Joey,How  you  a-doin'?,neutral
19955,Joey,It worked!,surprise
19955,Joey,She's waving me over.,joy
19955,Joey,"Okay, I-I-I'll be right over.",joy
19955,Joey,"Let's see, she's on the third floor",neutral
19955,Monica,"Wow! She is pretty, huh?",surprise
19955,Joey,"Tell me about it, huh?  Oh no-no-no, I'm not with her, she's just Monica!  Ewwuck!",disgust
19956,Rachel,Hey!,neutral
19956,Phoebe,Hey!,neutral
19956,Rachel,"Oh honey, I'm so sorry, you were right, this feels great!",joy
19956,Phoebe,"See? And you don't care if people are staring, it's just for a second cause then you're gone!",neutral
19956,Rachel,Gone! I mean its amazing Pheebs. I feel so free and so graceful.  Hey! Look out for the horse! Sorry!,joy
19957,Chandler,"Oh come on guys, it’s not like I moved to Europe! I just moved across the hall! And",joy
19957,Monica,Ahh! Aren’t you dressed yet?,surprise
19957,Chandler,Am I naked again?!,surprise
19957,Monica,We’re supposed to meet my parents in 15 minutes.,neutral
19957,Chandler,"Yeah okay, I was just talking to the guys. Just look at them I mean, is it okay if they come visit?",neutral
19957,Monica,Wh?! What about my allergies?!,surprise
19957,Chandler,"Oh right, your allergies.  All her, she hates you.",neutral
19958,Monica,Shoot! We’re out of soda.,sadness
19958,Chandler,"Oh, I’ll go out and get you some.",neutral
19958,Monica,Really?!,surprise
19958,Chandler,"Nope! Because I’m not your boyfriend.  Hey Pheebs, how did it go?",neutral
19958,Phoebe,"Well, umm, my Mom’s friend, Phoebe, is actually my birth Mom.",sadness
19958,Chandler,I found a dried up seashores.,neutral
19958,Monica,"Sweety, what are you talking about?",surprise
19958,Phoebe,"Oh, my new Mom, who-who’s a big, fat abandoner!",sadness
19958,Joey,"Whoa, wait, Pheebs, wait a second! Don’t you wanna stay here and talk about it?",surprise
19958,Phoebe,"No. I’m just, I wanna, I need to be alone.",sadness
19958,Phoebe,Monica!,sadness
19958,Monica,Oh.,neutral
19959,Rachel,Open it! Open it! Open it!,joy
19959,Ross,Yeah baby!,joy
19959,Man,So we never got to hear about your wedding!,joy
19959,Ross,"No, no, it was just our parents and 1 or 2 friends. It was a small wedding.",neutral
19960,Monica,Hey!,joy
19960,Phoebe,Hey!,joy
19960,Ross,Hi!,joy
19960,Monica,"So, do you guys wanna come and eat dinner at the restaurant    sometime in the next few weeks?",neutral
19960,Phoebe,Sure!,joy
19960,Ross,I'd love to!,joy
19960,Monica,Well you,neutral
19960,Phoebe,"Well, I can't give you a massage, because my licence has been    revoked again!",sadness
19960,Ross,"Phoebe, what happened?",neutral
19960,Phoebe,"Well, it was an accident...You know, it's a lot of oil and sometimes    the hand just slips!",neutral
19960,Chandler,Have I got a surprise for you? Pack your bags!,joy
19960,Phoebe,Oh no!You guys aren't supposed to get divorced for 7 years!,surprise
19961,Chandler,"Umm, this is nice.",neutral
19961,Monica,"I know, it is isn’t it?",joy
19961,Chandler,"No, I mean it, this feels really good. Is it a hundred percent cotton?",joy
19961,Monica,"Yeah! And I got it on sale, too.",joy
19961,Chandler,"Anyway, I should go, one of the lifeguards was just about to dismantle a nuclear device.",neutral
19961,Monica,"Well, if you wanna get a drink later we can.",neutral
19961,Chandler,"Oh yeah, that sounds great.  Oh, and listen, it’s, it’s gonna be....",neutral
19961,Monica,I know. Thanks.,neutral
19962,Dr. Green,So? Come on! Explain yourself Geller! First you get my Rachel pregnant!,anger
19962,Mona,You got Rachel pregnant?!,surprise
19962,Ross,Who did?!,surprise
19962,Dr. Green,You did!,anger
19962,Ross,"Yes. Yes, yes I did.  But-but it was, it was just a one night thing. It meant nothing.",fear
19962,Dr. Green,Oh? Really? That’s what my daughter means to you? Nothing?,anger
19962,Ross,"No! No sir umm, she means a lot to me. I mean, I care—I-I love Rachel.",fear
19962,Mona,What?!,surprise
19962,Ross,"Oh but not that way. I mean…I mean I’m not in love with her. I love her like a, like a friend.",joy
19962,Dr. Green,Oh really? That’s how treat a friend? You get her in trouble and then refuse to marry her?,anger
19962,Ross,Hey! I offered to marry her!,anger
19962,Mona,Wh,joy
19962,Ross,But I didn’t want to.,anger
19962,Dr. Green,Well why not? So you can spend your time with this tramp?!,anger
19962,Mona,Tramp?!,surprise
19962,Ross,"I’m sorry. Dr. Green, Mona. Mona, Dr. Green.",joy
19963,Chandler,"Yes, Fran.",neutral
19963,Chandler,"I know what time it is, but I'm looking at the WENUS and I'm not happy!...",anger
19963,Chandler,"Oh, really, really, really?",joy
19963,Chandler,"Well, let me tell you something... you will care about it, because I care about it!",anger
19963,Chandler,You got it?,neutral
19963,Chandler,Good!,joy
19963,Chandler,Whooooaaaa....,surprise
19964,Joey,Bijan for men?  Bijan for men?  Bijan for men?,neutral
19964,Annabelle,"Hey, Joey. So did you hear about the new guy?",neutral
19965,Mr. Heckles,I could have birds.,neutral
19965,Monica,"Okay, Mr. Heckles, we'll try to keep it down.",neutral
19965,Mr. Heckles,Thank you. I'm going to rejoin my dinner party.,neutral
19965,Rachel,"All right, bye-bye.",neutral
19965,Chandler,"Okay, Janice. Janice. You gotta give me Janice. That wasn't about being picky.",neutral
19965,Ross,We'll give you Janice.,neutral
19965,Phoebe,"I miss Janice though.  ""Hello, Chandler Bing.""",neutral
19965,Rachel,"""Oh, my, god.""",surprise
19965,Joey,"""Oh, Chandler, now, now, that's it. There, faster!""",joy
19965,Monica,"Stop with the broom, we're not making noise.",neutral
19965,Rachel,We won. We won!,joy
19965,Monica,Mr. Heckles.,neutral
19965,Rachel,How did this happen?,neutral
19965,Mr. Treeger,He musta been sweeping. They found a broom in his hand.,neutral
19965,Monica,That's terrible.,anger
19965,Mr. Treeger,I know. I was sweeping yesterday. It coulda been me.,neutral
19965,Ross,"Sure, you coulda. You never know.",neutral
19965,Mr. Treeger,You never know.,neutral
19966,Monica,"Oh, I'm sorry.",sadness
19966,Rachel,Where's Chandler?,neutral
19966,Phoebe,"Oh, he needed some time to grieve.",neutral
19966,Chandler,I'm free! I'm free!,joy
19966,Phoebe,That oughta do it.,neutral
19967,Monica,"Hey, look at me. I'm making jam, been at it since 4 o'clock this morning.",sadness
19967,Ross,Where'd you get fruit at four in the morning?,surprise
19967,Monica,Went down to the docks. Bet ya didn't know you could get it wholesale.,neutral
19967,Rachel,I didn't know there were docks.,surprise
19967,Joey,Hey.,neutral
19967,Chandler,Hey.,neutral
19967,Ross,"Aww, is it broken?",sadness
19967,Joey,"No, I gotta wear this thing for a couple weeks.",joy
19967,Rachel,Did you tell the doctor you did it jumping up and down on your bed?,neutral
19967,Joey,Nooo. I had a story all worked out but then Chandler sold me out.,sadness
19967,Chandler,"Well, I'm sorry Joe. I didn't think the doctor was gonna buy that it just *fell* out of the socket.",anger
19967,Joey,What is this? Fruit?,surprise
19967,Rachel,Monica's making jam.,neutral
19967,Joey,"Whoa, jam! I love jam!  Hey, how come we never have jam at our place?",joy
19967,Chandler,Because the kids need new shoes.,neutral
19967,Monica,I'm going into business people.,neutral
19967,Monica,I'm sick and tired of being depressed about Richard.,neutral
19967,Monica,"I needed a plan, a plan to get over my man.",anger
19967,Monica,What's the opposite of man?,neutral
19967,Monica,Jam.,neutral
19967,Monica,Oh Joey don't!,fear
19967,Monica,It's way to hot.,anger
19967,Joey,This will just be my batch.,neutral
19968,Monica,Why? Do you think he’s still mad at us?,surprise
19968,Chandler,Well he’s probably mad after you called him this morning to borrow his goggles.,neutral
19968,Joey,What? Mine aren’t tinted.,surprise
19969,Rachel,Here you go Pheebs. Who else wants one of my special homemade brownies?,neutral
19969,Chandler,I will have one.,neutral
19969,Chandler,"Okay, I’m not gonna have one.",neutral
19969,Phoebe,"No, no, it’s just my tooth.",sadness
19969,Chandler,All right I’ll have one.,neutral
19969,Ross,"So what’s a matter, you need a dentist? I’ve got a good one.",neutral
19969,Phoebe,"No thanks, I have a good one too. I just, I, I can’t see him.",fear
19969,Chandler,See that is the problem with invisible dentists.,neutral
19969,Ross,Why? Why can’t you go to him?,surprise
19969,Phoebe,"Because, every time I go to the dentist, somebody dies.",anger
19969,Chandler,"That is so weird, because every time I go to the dentist, I look down the hygienist’s blouse.",joy
19969,Rachel,"Phoebe, what? Umm...what?!",surprise
19969,Phoebe,"Yeah, yeah, first there was my aunt Mary, and then there was umm, John, my mailman, and then my, my cowboy friend ‘Albino Bob’.",neutral
19969,Rachel,And all these people actually died?,surprise
19969,Phoebe,"Yes, while I was in the chair!",sadness
19969,Phoebe,"That’s why I take such good care of my teeth now, y'know, it’s not about oral hygiene, I floss to save lives!",neutral
19969,Ross,"Pheebs, come on, you didn’t kill anybody, these people just happened to die when you went to the dentist.",neutral
19969,Ross,"It’s, it’s, it’s just ah, a coincidence.",neutral
19969,Phoebe,"Well tell that to them. Oh! You can’t, their dead.",sadness
19970,Ross,Hello?,surprise
19970,Emily,Ross.,neutral
19970,Emily,It was dreadful. I felt terrible about how I acted when you said those wonderful things.,sadness
19970,Ross,"No, no, that-that, that’s all right. Umm, I’m just glad you called.",joy
19970,Emily,"Ross umm, there’s something that I’ve got to tell you, there’s-there’s someone else.",joy
19970,Ross,Does that mean the same thing in England as it does in America?,sadness
19971,Monica,You know what? I'm not gonna be able to enjoy this.,sadness
19971,Ross,"Yeah, I know, it's my birthday. We all should be here.",sadness
19971,Chandler,"So, let's go.",neutral
19971,Ross,"Well maybe, you know, maybe we should stay for one song.",neutral
19971,Chandler,"Yeah, I mean, it would be rude to them  for us to leave now.",neutral
19971,Monica,"You know, the guys are probably having a great time.",neutral
19972,Ross,"Okay, I’ve got three of my five.",neutral
19972,Rachel,"Three of your five, what?",neutral
19972,Ross,Celebrities I’m allowed to sleep with.,neutral
19972,Rachel,Oh my God! You are giving this a lot of thought.,surprise
19972,Ross,"Yeah, it’s hard okay, I only have two spots left.",neutral
19972,Chandler,"All right, so who do you got it narrowed down to?",neutral
19972,Ross,"Okay, Elizabeth Hurely....",joy
19972,Chandler,"Oooh-hoo, very attractive, forgiving.",surprise
19972,Ross,Susan Sarandon.,neutral
19972,Chandler,"Eh, y'know what, she’s to political, she probably wouldn’t let you do it, unless you donated four cans of food first.",disgust
19972,Ross,And!! Isabella Rosselini.,joy
19972,Chandler,"Ooh-hoo. Very hot, very sexy. But ah, y'know she’s too international, y'know she’s never gonna be around.",joy
19972,Rachel,So?,neutral
19972,Chandler,"So, you gotta play the odds, pick somebody who’s gonna be in the country like all the time.",neutral
19972,Rachel,"Yeah, ‘cause that’s why you won’t get Isabella Rosselini, geography.",neutral
19973,Rachel,Oh that’s five Ross. Five women have had five babies! And I have had no babies! Why doesn’t she want to come out?,sadness
19973,Ross,Y’know what I think it is?,neutral
19973,Ross,I think you’ve made such a nice home for her over the last nine months that she just doesn’t want to leave.,neutral
19973,Rachel,Oh. Look at you making up crap for me. Oh God!,sadness
19973,Dr. Long,"Twenty-one hours, you’re a hero.",neutral
19973,Rachel,Doctor you gotta do something! I think you gotta give me drugs or you gotta light a fire up in there and just smoke it out.,sadness
19973,Dr. Long,"Actually, I think you’re ready to go to the delivery room.",neutral
19973,Rachel,What?,surprise
19973,Dr. Long,"Ten centimeters, you’re about to become a mom.",neutral
19973,Rachel,My God. Okay.  Ha-ha-ha beat ya! Sucker!,surprise
19974,Carol,Are they here yet?,neutral
19974,Rachel,"No, honey, they're not, but don't worry, because we are going to find them, and until we do, we are all here for you, ok?",neutral
19975,Carol,Ok.,neutral
19976,Rachel,Hi.,neutral
19976,Flight Attendant,May I see your boarding pass?,neutral
19976,Rachel,"Oh, no, no, I don't have one. I just need to talk to my friend.",neutral
19976,Flight Attendant,"Oh, oooh. I'm sorry. You are not allowed on the jetway unless you have a boarding pass.",neutral
19976,Rachel,"No, I know, but I—he just went on.",neutral
19976,Rachel,"He's right there, he's got the blue jacket on, I... can I j-just...",sadness
19976,Flight Attendant,No no no! Federal regulations!,anger
19976,Rachel,"OK, alright, OK, um... then could you please, uh... just give him a message for me? Please? This is",neutral
19976,Flight Attendant,Alright. What's the message?,neutral
19976,Rachel,Uh... I don't know.,neutral
19976,Flight Attendant,"Sir? Sir? Excuse me, sir? Uh... I have a message for you.",neutral
19976,Man,What?,neutral
19976,Flight Attendant,"It's from Rachel. She said that she loved the present, and she will see you when you get back.",neutral
19976,Man,": Toby... Oh, for God's sake, I don't know what she's talking about!",surprise
19976,Man,There's no Rachel!,anger
19977,Chandler,"Here's the thing, Janice.",neutral
19977,Chandler,"You know, I mean, it's like we're different.",neutral
19977,Chandler,"I'm like the bing, bing, bing.",anger
19977,Chandler,"You're like the boom, boom, ... boom.",neutral
19977,Janice,Ow!,surprise
19977,Chandler,"Oh, my god, I'm so sorry. Are you ok?",anger
19977,Janice,"Ow. Um, it's just my lens. It's just my lens. I'll be right back.",sadness
19977,Chandler,I hit her in the eye! I hit her in the eye! This is the worst break-up in the history of the world.,sadness
19977,Phoebe,Oh my god.  How many of those have you had?,surprise
19977,Chandler,"Oh, I don't know, a million?",anger
19977,Phoebe,"Chandler, easy, easy. Go to your happy place. La la la la la la la.",neutral
19977,Chandler,I'm fine.,neutral
19977,Phoebe,All right.,neutral
19977,Chandler,I'm not fine. Here she comes.,fear
19977,Phoebe,Wait here. Breathe.,neutral
19977,Chandler,How do you do that?,surprise
19977,Phoebe,It's like a gift.,neutral
19977,Chandler,We should always always break up together.,neutral
19977,Phoebe,"Oh, I'd like that.",neutral
19978,Chandler,You win.,anger
19978,Joey,"Well, what did you have?",neutral
19978,Chandler,It doesn’t matter because nothing beats a three and a six.,joy
19978,Chandler,That my friend is D-Cup.,neutral
19978,Chandler,"Okay, now much have you won so far?",neutral
19978,Joey,"Uh,  wow, 700.",surprise
19978,Chandler,Not 700 exactly?,surprise
19978,Joey,Yeah.,neutral
19978,Chandler,Double it!,joy
19978,Joey,What?,surprise
19978,Chandler,"Well you see in Cups, once you get $700, you have to double it.",neutral
19978,Joey,Really?,surprise
19978,Chandler,"Hey, I didn’t make up the rules.",neutral
19978,Chandler,"Now, after you receive the doubling bonus, you get uh, one card.",neutral
19978,Chandler,"Now that one card could be worth $100 bringing your total to 1,500.",neutral
19978,Chandler,Don’t get to excited because that’s not gonna happen unless you get—No way!,surprise
19979,Ross,"I’m, I’m sorry you didn’t get to go to Spacecamp, and I’m hoping that maybe somehow, this may make up for it.",sadness
19979,Ross,Presenting Sarah Tuttle’s Private Very Special Spacecamp!,joy
19980,Ross,!,neutral
19981,Sarah,"Really Mr. Geller, you don’t have to do this.",neutral
19981,Ross,Oh come on! Here we go!  Stand by for mission countdown!,joy
19981,Chandler,I’m an alien. I’m an alien.,neutral
19981,Ross,Oh no! An asteroid!,surprise
19982,Joey,Hey.,neutral
19982,Monica,Hey.,neutral
19982,Joey,Where you going?,neutral
19982,Monica,To the bank.,neutral
19982,Joey,Sperm or regular?,neutral
19982,Monica,Sperm.,neutral
19982,Joey,"So you're really doing this, huh?",surprise
19982,Monica,"Oh yeah, picked a guy, 37135.",neutral
19982,Joey,Sounds nice.,neutral
19982,Monica,"Fraid so. Brown hair, green eyes...",neutral
19982,Joey,"No kiddin', hmm.",surprise
19982,Monica,What?,sadness
19983,Roger,"What's wrong, sweetie?",neutral
19983,Phoebe,"Nothing, nothing.",joy
19983,Roger,"Aaaah, what's wrong, c'mon.",joy
19983,Phoebe,"It's, I mean, it's nothing, I'm fine.",sadness
19983,Phoebe,It's my friends.,sadness
19983,Phoebe,They-they have a liking problem with you.,sadness
19983,Phoebe,"In that, um, they don't.",sadness
19983,Roger,Oh. They don't.,surprise
19983,Phoebe,But they don't see all the wonderfulness that I see.,joy
19983,Phoebe,They don't see all the good stuff and all the sweet stuff.,sadness
19983,Phoebe,They just think you're a little...,joy
19983,Roger,What?,neutral
19983,Phoebe,Intense and creepy.,neutral
19984,Chandler,You got me.,neutral
19984,Chandler,Yeah. Right.,neutral
19984,Joey,"Good, and hey! My treat.  But that's only because you're not eating anything, right?",joy
19985,Monica,I can’t believe we’re here.,joy
19985,Chandler,Oh you’ve got to be kidding me.,surprise
19985,Monica,What?,surprise
19985,Front Desk Clerk,"As a wedding gift to you, the hotel would like to give you the honeymoon suite.",neutral
19985,Monica,No!! You have been screwing us all day!,anger
19985,Man,Who are you?,surprise
19985,Chandler,We’re you just ten seconds later!,neutral
19985,Monica,You already got the first class tickets.. you got the lounge!,anger
19985,Monica,I mean we should get free stuff too!,anger
19985,Monica,I mean you’re not the only ones on your honeymoon!,anger
19985,Woman,Well you can have the suite if you want.,neutral
19985,Woman,We don’t care about where we stay.,neutral
19985,Woman,We’re here to celebrate our love together.,anger
19985,Woman,We don’t have to get free stuff.,anger
19985,Woman,We just want to be together.,joy
19985,Chandler,We need the stuff.,neutral
19986,Mr. Zelner,Yes!,joy
19986,Rachel,"Okay, well then how about a handshake?",neutral
19986,Rachel,Oh God I'm sorry!,joy
19986,Rachel,"Oh God, I'm sorry!",joy
19986,Rachel,I did not mean to touch that—I mean,fear
19987,Joey,Hey Pheebs!,joy
19987,Phoebe,Hey!,joy
19987,Joey,Check it out.  How much of a man am I?!,joy
19987,Phoebe,Wow! Nice! Manly and also kind of a slut.,fear
19988,Ross,"which brings us back, of course, to Greely’s theory of dominance.",neutral
19988,Ross,"Okay, that-that’s all for today.",neutral
19988,Ross,"Oh, uh does anyone know where the Freeman building is?",neutral
19988,Student,"Yeah, it’s the new building on Avenue A.",neutral
19988,Ross,"What?! That-that’s all the way cross town, I’m supposed to teach a graduate seminar there in ten minutes.",surprise
19988,Student,"Ooh, dude. That’s not gonna happen.",neutral
19988,Ross,Move it! Move it! Move it!! Hey!!! I’m the teacher!!,anger
19989,Phoebe,Jason?,neutral
19989,Jason,"Yeah, come on in.",neutral
19989,Jason,"So Phoebe, you ah, sounded kinda serious on the phone, is ah, is anything wrong?",neutral
19990,Mark,No. And I don’t think I’m gonna want to.,surprise
19990,Rachel,I can’t do this.,sadness
19990,Mark,"Yep. Yep, that’s what I didn’t want to know.",sadness
19990,Rachel,"Well, oh, Mark, I’m doing this for the wrong reasons, y'know?",sadness
19990,Rachel,I’m just doing it to get back at Ross.,sadness
19990,Rachel,"I’m sorry, it’s not very fair to you.",sadness
19990,Mark,Ahh!,surprise
19990,Joey,"Fair, shmair",sadness
19990,Mark,Y'know?,neutral
19990,Mark,"Look, if you want to get back at Ross, I am here for you.",neutral
19990,Mark,Really?,surprise
19991,Mark,"No-no, I say-I say, I say we get back at him right on this couch.",neutral
19991,Mark,Right here!,anger
19991,Rachel,Oh God. I’m sorry about this.,sadness
19991,Mark,That’s okay.,neutral
19991,Rachel,You sure?,joy
19992,Mark,Yeah. I can just go home and get back at him by myself.,neutral
19993,Joey,Here she is! Future fashion superstar!,joy
19993,Rachel,"Oh Joey, I’m hardly a",neutral
19993,Joey,My little sister Dina!,joy
19994,Chandler,And here we go,neutral
19994,Joey,"I saw this movie once where there was a door and no one knew what was behind it, and when they finally got it open millions and millions and millions of bugs came pouring out and they feasted on human flesh.",disgust
19994,Joey,Y’know it wouldn’t kill ya to respect your wife’s privacy!,joy
19994,Joey,Stupid closet full of bugs!,anger
19994,Rachel,"Joey. Joey, something feels weird and not good weird. I don’t—Whoa!!",fear
19994,Joey,"When my sisters were pregnant they got every weird feeling in the book, it was always nothing.",neutral
19994,Rachel,Really?,neutral
19994,Joey,Absolutely.,neutral
19994,Joey,"Okay Rach-Rach-Rach look at me, look at me, everything’s gonna be fine, trust me.",neutral
19994,Joey,Take my hand.,neutral
19994,Joey,Here we go.,neutral
19994,Joey,Oww crushing bones!,surprise
19995,Phoebe,Oh hello.,neutral
19995,Guy,"Oh, it’s you. I see you everywhere. I’m Jim, Jim Nelson.",surprise
19995,Phoebe,"Oh Jim, Jim Nelson I’m Phoebe, Phoebe Buffay. We certainly have been seeing a lot of each other lately.",neutral
19995,Jim,"We have. Maybe we’ll be seeing each other at dinner tomorrow night, say around 8 o’clock?",neutral
19995,Phoebe,"Well, maybe we will.  Oh!",joy
19996,Phoebe,"Well, that’s not something a girl wants to hear.",anger
19996,Ross,"No, come on don’t start.  Ouch!",joy
19996,Phoebe,What?,sadness
19996,Ross,Stupid balls are in the way.,sadness
19996,Ross,Oh well. It probably would’ve been the most constructive solution.,neutral
19996,Phoebe,You have chalk on your face.,neutral
19997,Ross,Huh?,joy
19998,Phoebe,"Oh, Ross you’re right, I don’t know why I always thought this was real grass.",sadness
19998,Monica,"Hey, are you okay?",joy
19998,Ross,My wife’s a lesbian.,sadness
19998,Joey,Cool!!,joy
19998,Joey,"Ross, Joey. Joey, Ross.",sadness
19999,Monica,Hey! Where ‘ya headin’ in those pants? 1982?,joy
19999,Joey,"Oh Monica, listen, I ah, I saw down at the hardware store, they got those designer tiles on sale.",neutral
19999,Joey,If you ever want to redo the bathroom floor.,neutral
19999,Monica,"Why, what’s wrong with my bathroom floor?",surprise
19999,Joey,"Nothing. It’s just old and dingy, that’s all.",disgust
19999,Monica,I highly doubt that.,anger
19999,Joey,"Oh yeah. If you ah, move your hamper, you see what color the tile used to be.  Yeah.",disgust
19999,Monica,I can’t live like this! What are we gonna do? What are we gonna do?,fear
19999,Joey,Relax. Here hold this . This old stuff just comes right off.,neutral
19999,Monica,That’s a little more than I wanted to see.,disgust
19999,Joey,Aw!,surprise
19999,Joey,"Look at that, every inch of this stuff is glued down.",surprise
19999,Joey,It’d take forever to pry this up.,joy
19999,Joey,"You should ah, you should just leave it.",neutral
19999,Monica,I can’t leave it! You gouged a hole in my dingy floor.,anger
19999,Joey,Eh! There you go.,neutral
19999,Monica,"You know that’s nice, y'know we could put it back there after the surgeons remove it from your colon!",anger
20000,Phoebe,Hi.,neutral
20000,Monica,Hi!,anger
20000,All,Hey!,joy
20000,Joey,"Uh, Pheebs, about your mom...",neutral
20000,Phoebe,Yeah?,surprise
20000,Joey,How’s that going?,neutral
20000,Phoebe,"So great. Oh, we took a nap today and my Mom fell asleep on my tummy and purred.",joy
20000,Joey,That’s so sweet.  I’m gonna get some coffee.,neutral
20000,Monica,Huh? What’d ya say Joe? I’ll be right there.,surprise
20000,Rachel,Pheebs...,neutral
20000,Phoebe,"I just feel so, uhh.....",neutral
20000,Rachel,All right!!,joy
20000,Chandler,I’m coming already!!,joy
20001,Rachel,Really?! You think that will work?,surprise
20001,Joey,"Absolutely! And if it doesn’t, can I get the extra ticket?",joy
20001,Joey,What the heck is that?,surprise
20002,Phoebe,Hello.,neutral
20003,Joey,"Hey, Pheebs! It’s Joey!",joy
20003,Phoebe,"Hey, Joey!",joy
20003,Phoebe,Hey!,joy
20003,Phoebe,Ooh!,joy
20003,Phoebe,Ooh!,joy
20003,Phoebe,I just say someone on the—that looks just like you on the subway.,neutral
20003,Phoebe,"And I was gonna go over and say ‘hi!’ but then I figured, he doesn’t care if he looks like you.",joy
20003,Joey,"That just cost me four bucks. But uh listen, I just called to see how the chick and the duck are doing?",neutral
20003,Phoebe,"Ohh, they’re having a",joy
20003,Joey,"Kinda, but I’ve just been having way too much fun.",joy
20003,Phoebe,So you’re not homesick yet?,surprise
20003,Joey,"No, I don’t think so.",neutral
20003,Phoebe,"All right, the seven of us miss you.",joy
20004,Joey,No.,neutral
20004,Ross,You’ll see.,neutral
20004,Emily,"Liam, do me a favour. Tell the lads to go easy on Ross, it’s his first time.",neutral
20004,Liam,You don’t say!,surprise
20004,Emily,"Good luck, babe.",joy
20004,Liam,Ross! Ross! Come on! Get in here!  Ross! Come on!,joy
20004,Liam,"Ross, come on! Get in the bloody scrum! Ross, get in!",anger
20004,Ross,JOEY!!!!!!,joy
20005,Monica,I don’t believe you spent my wedding fund on the beach house!,anger
20005,Mrs. Geller,"We’re sorry honey, but we just assumed if you got married after you turned 30 you’d pay for it yourself.",neutral
20006,Joey,Come on! Admit it! That was the best nap you ever had!,anger
20006,Ross,I’ve had better.,neutral
20006,Joey,Okay! When?!,anger
20006,Ross,All right! All right! It was the best nap ever!,joy
20006,Joey,Uh-huh!,anger
20006,Ross,I’ve said it! Okay?! But it’s over Joey!,anger
20006,Joey,I want to do it again.,anger
20006,Ross,We,neutral
20006,Joey,Why not?,neutral
20007,Ross,Because it’s weird!,disgust
20008,Joey,Fine! Do you want something to drink?,anger
20008,Ross,"Sure, what do you got?",neutral
20008,Joey,Warm milk and,neutral
20009,Phoebe,Are you okay?,neutral
20009,Rachel,I need some milk.,neutral
20009,Phoebe,"Ok, I've got milk  Here you go...  Oh! Better?",anger
20009,Rachel,No...,sadness
20009,Phoebe,"I'm so embarrassed, I'm the one he hit on!",surprise
20009,Rachel,"Pheebs, if I had never met him this never would have happened!",neutral
20009,Phoebe,I'm so sorry! No I'm sorry! No I'm sorry! No I'm sorry!,sadness
20009,Phoebe,"No, wait, oh, what are we sorry about?",surprise
20009,Rachel,"I don't know...right, he's the pig!",sadness
20009,Phoebe,Such a pig!,disgust
20009,Rachel,"Oh, God, he's such a pig,",disgust
20009,Phoebe,Oh he's like a...,disgust
20009,Rachel,He's like a big disgusting...,disgust
20009,Phoebe,...like a...,neutral
20010,Rachel,...pig...pig man!,disgust
20011,Phoebe,"Yes, good! Ok...",anger
20011,Rachel,"Oh, but he was my pig man...how did I not see this?",anger
20011,Phoebe,"Oh! I know!  It's because... he's gorgeous, and he's charming, and when he looks at you...",sadness
20011,Rachel,"Ok, Ok, Pheebs...",neutral
20011,Phoebe,The end.,neutral
20011,Rachel,"Oh, God...",joy
20011,Phoebe,Should I not have told you?,surprise
20011,Rachel,"No, no, trust, me, it's, it's, it's much better that I know.",neutral
20011,Rachel,"Uh, I just liked it better before it was better...",sadness
20012,Phoebe Sr,"Well, yes, it’s kind’ve an unusual house.",neutral
20012,Phoebe Sr,"It has umm, three beautiful bedrooms and ah, no baths.",neutral
20012,Phoebe Sr,"But y'know, the ocean is right there.",neutral
20012,Phoebe,"Knock, knock, knock.",neutral
20012,Phoebe Sr,"Ah, oh, hang on a second.  Come in, come in.  All right, so think about it, and call me back.",neutral
20012,Phoebe,"Are you ah, Phoebe Abott?",neutral
20012,Phoebe Sr,"Ahh, yes.",neutral
20012,Phoebe,"Hi Phoebe Abott, I’m your best friends daughter!",joy
20012,Phoebe Sr,You’re Erwin’s daughter?!,surprise
20012,Phoebe,"No, I-I mean your-your old best friend, here.  Lily, from high school. Remember?",neutral
20012,Phoebe Sr,"Oh gosh, Lily, yes. Of course I remember Lily. I... Then you must be?",surprise
20012,Phoebe,"Phoebe.  Phoebe. Phoebe, yeah. She named me after you I guess.",sadness
20012,Phoebe Sr,"Uh-huh. Wow! Well, look! There’s Frank.",surprise
20013,Chandler,"Dude, you have got to turn on",neutral
20013,Joey,Let’s go watch it at your place.,neutral
20014,Chandler,"Nah, Monica’s watching some cooking show. Come on, I don’t want to miss when they were skinny.",neutral
20015,Joey,"Chandler, Chandler, y’know what we should do? You and I should go out and get some new sunglasses.",joy
20015,Chandler,"What? No, I want to watch this. . Did your cable go out?",joy
20015,Joey,"No, that’s",neutral
20015,Chandler,"Joey, why is your cable out?",sadness
20015,Joey,"I uh, oh! Because, uh, I haven’t really paid the bill",sadness
20015,Chandler,"If you need money, will you please-please just let me loan you some money?",neutral
20015,Joey,"No, Chandler.",neutral
20015,Joey,"Look, forget about it, okay?",anger
20015,Joey,"Look, I know things have been a little tight since Janine moved out.",sadness
20015,Joey,"Oh, was she hot.",joy
20015,Chandler,Whoa ho.,joy
20015,Joey,I know!,surprise
20015,Joey,"Yeah, but, look I can handle it.",neutral
20015,Joey,All right?,neutral
20015,Joey,"Look, I can listen to the radio, huh?",neutral
20015,Joey,And Ross gave me this great book (holds up the,neutral
20015,Joey,Sure.,neutral
20015,Chandler,Paid your phone bill?,neutral
20015,Joey,Not so much.,neutral
20016,Chandler,"Oh good, okay, I can't take it anymore.",neutral
20016,Chandler,I can't take it anymore.,anger
20016,Chandler,"So you win, okay?",anger
20016,Chandler,Here!,anger
20016,Chandler,Pheebs?,anger
20016,Chandler,Flying a jet?,surprise
20016,Chandler,Better make it a spaceship so that you can get back to your,neutral
20017,Ross,"Hey everybody, Pheebs is here!",joy
20017,Joey,Phoebe!,joy
20017,Chandler,"Hey, Pheebs!",joy
20017,Rachel,"Phoebe, woo!",joy
20018,Joey,What?! What good is that gonna do anybody?,anger
20018,Phoebe,"Well, it helps the bee look tough in front of his bee friends. The bee is happy and I am definitely not.",sadness
20018,Joey,"Now, y'know the bee probably died after he stung ya.",neutral
20018,Phoebe,"Aw, dammit!",surprise
20018,Stage Director,Back on in 30 seconds people!,neutral
20018,Joey,"Hey, excuse me, would you mind switching with me?",neutral
20018,PBS Volunteer,"Hey, no way, I'm in the shot man.",anger
20018,Joey,Come on man! You've been here all day!,anger
20018,PBS Volunteer,"Yeah, I-I'm taking pledges here, eh?",neutral
20018,Stage Director,"We're on in 3, 2,",neutral
20018,Gary Collins,Welcome back to our fall telethon. Now if you've been enjoying the performance of,neutral
20019,Rachel,Ah.,neutral
20019,Phoebe,Yeah.,neutral
20019,Rachel,"I go see my doctor tomorrow, I’ll ask her about this.",neutral
20019,Rachel,Maybe she can give me a pill or something.,neutral
20019,Phoebe,"Yeah. Yeah, that’s what you need a good…pill.",neutral
20020,Chandler,What are you writing?,neutral
20020,Rachel,"Well, Joshua’s coming in tomorrow and since I don’t have the guts to ask him out, I’m going to sell him a coat and put this note in the pocket.",neutral
20020,Chandler,"Oh yeah?  Joshua, give me a call sometime, guys like you  never go out of style—what did you throw away?",neutral
20020,Chandler,Hi guys!,joy
20020,All,Hey!,neutral
20020,Joey,"Hey, what have you guys been up too?",neutral
20020,Ross,"Oh, we went to see a collection of Victorian doorknobs and the Cupert-Hewitt museum.",neutral
20020,Chandler,Without me?!,surprise
20020,Emily,"My uncle dragged us there. But, it actually it turned out to be really interesting.",surprise
20020,Ross,Yeah.,neutral
20020,Emily,"They were so ornate and beautiful, I mean look at that!",surprise
20021,Carl,"I'm just sayin', if I see one more picture of Ed Begley, Jr. in that",disgust
20021,Ross,I can't believe you'd rather go out with him than me.,surprise
20021,Rachel,"Would you excuse me, please? I'm trying to have a date here.",anger
20021,Ross,"Fine, just stop thinking about me.",joy
20021,Ross,"Can't do it, can you?",neutral
20021,Rachel,So I'm thinking about you. So what?,neutral
20021,Ross,"I don't get it. What do you see in this guy, anyway?",surprise
20021,Rachel,Well... he happens to be a very nice... guy....,neutral
20021,Carl,"I mean, come on, buddy, get a",neutral
20021,Ross,"Rachel, come on. Give us a chance.",neutral
20021,Rachel,"Ross, it's too hard.",sadness
20021,Ross,"No, no, no... why, because it might get weird for everyone else?",neutral
20021,Ross,Who cares about them.,neutral
20021,Ross,This is about us.,neutral
20021,Ross,"Look, I-I've been in love with you since, like, the ninth grade.",neutral
20021,Rachel,"Ross, you're like my best friend.",joy
20021,Ross,I know.,neutral
20021,Rachel,"If we broke up, and I lost you...",fear
20021,Rachel,"Ohh, God.",sadness
20022,Ross,"Hello?  No she can’t come to the phone right now.  Oh, right no problem. Okay, bye-bye.",neutral
20022,Phoebe,Was it my work? Were they mad? Was it Jack? Did he yell?!,fear
20022,Ross,"J-j-just relax, nobody yelled. Jack just was calling to make sure that",neutral
20022,Phoebe,Thank God.,joy
20022,Ross,"Yeah, she’s fired.",neutral
20023,Phoebe,"...DUMB, DRUNKEN, BITCH!!!   Thank you, thanks.",anger
20023,Ross,"Hey, here’s a question; where did you guys get the finest oak East of the Mississippi?",neutral
20023,Chandler,"Uh-huh, first you tell us where you got the prettiest lace in all the land.",neutral
20023,Ross,I’m reading your ad.,neutral
20023,Joey,"Looks good, uh?",sadness
20023,Ross,Yeah.,neutral
20023,Chandler,"Stunning entertainment center. Fine,  fine Italian craftsmanship.",neutral
20023,Phoebe,"Oh my God, you guys are selling the entertainment center?",surprise
20023,Rachel,Why? I love that thing.,joy
20023,Chandler,You want it?,neutral
20023,Phoebe and Rachel,Oh no.,disgust
20023,Chandler,"Ahh, Gepeto, $5,000 dollars? Are you insane?",surprise
20023,Joey,"Hey, the ad alone cost 300 bucks!",neutral
20023,Chandler,"All right look, I’m changing it to 50 bucks, or your best offer.",neutral
20023,Joey,What kind of profit is that?! And you call yourself an accountant.,anger
20023,Chandler,Nooo.,neutral
20023,Joey,Oh. What do you do?,surprise
20024,Joey,"That's right Ross, I can see you in your new apartment!",neutral
20024,Joey,And you can see me!,neutral
20024,Joey,"Same as yesterday,  same as the day before.",neutral
20024,Monica,Is he doing his shark attack bit yet?,neutral
20024,Joey,"Nope. Op, wait! There he goes.",neutral
20025,Joey,Hey!,neutral
20025,Chandler,Hey!,neutral
20025,Monica,Hey!,neutral
20025,Joey,What are you guys doing up?,surprise
20025,Chandler,"Oh, we wanted to finish the crossword before we went to bed. Hey, do you know a six-letter word for red?",neutral
20025,Chandler,"Yeah, I think that's wrong, but there's a Connect the Dots in here for you later.  Hey, how about maroon?",neutral
20025,Monica,"Yes, you are so smart!",joy
20025,Joey,"Aww, you guys are so cute!",joy
20025,Monica,I know.,neutral
20025,Joey,"All right, I'll see you in the morning.",neutral
20025,Monica,Okay.,neutral
20026,Ross,What's with her?,disgust
20026,Joey,I don't know.,neutral
20026,Joey,"But hey, I know we can decide.",neutral
20026,Joey,"Okay, I'm gonna ask you questions and you answer real quick.",neutral
20026,Joey,Okay?,neutral
20026,Ross,Okay.,neutral
20026,Joey,What do you like better action or comedy?,neutral
20026,Ross,Action.,neutral
20026,Joey,Who would you rather sleep with Monica or Rachel?,neutral
20026,Ross,"Dude, you are sick.",disgust
20026,Joey,"Oh, I'm sorry. I forgot you had that whole Rachel thing.",surprise
20027,Rachel,"I mean, this is unbelievable.",surprise
20027,Phoebe,"I know. This is really, really huge.",surprise
20027,Chandler,No it's not. It's small. It's tiny. It's petite. It's wee.,neutral
20027,Chandler,"OK, is there a mute button on this woman?",disgust
20028,Rachel,More than jewelry.,neutral
20029,Joey,Hi! I’m Dr. Drake Remoray and I have a few routine questions I need to ask you.,neutral
20029,Man,Really? I’ve been dealing with Dr. Wells.,surprise
20029,Joey,"I know, but I’m a neurologist.",neutral
20029,Joey,"And just to be on the safe side, Dr. Wells wanted a more comprehensive overview of you status so he sent me.",neutral
20029,Man,Dr. Wells is a woman.,surprise
20029,Joey,"That was a test. Good response. All right, full name.",neutral
20029,Man,Clifford Burnett.,neutral
20029,Joey,Date of birth?,neutral
20029,Cliff,November 16,neutral
20029,Joey,Age?,neutral
20029,Cliff,Can’t you figure that out based on my date of birth?,anger
20029,Joey,"I’m a doctor Cliff, not a mathematician.",neutral
20029,Cliff,I’m 33.,neutral
20029,Joey,"Okay. And uh, are you married.",neutral
20029,Cliff,No.,neutral
20029,Joey,"Oh really? So, 33 and still single, would you say you have commitment issues?",surprise
20029,Cliff,Are all the questions this personal?,surprise
20029,Joey,Yes.,neutral
20029,Cliff,Well uh if you must know I’m a widower.,sadness
20029,Joey,Oh that’s terrible. I’m-I’m really sorry.,sadness
20029,Cliff,Yeah.,neutral
20029,Joey,Hmm. Do you sleep with women and never call them again?,neutral
20029,Cliff,No.,neutral
20030,Ross,"Chandler Muriel Bing. Boy, your parents never gave you a chance did they?",neutral
20031,Phoebe,"Hey! You guys, I’m writing a holiday song for everyone. Do you want to hear it?",joy
20031,Rachel,"Pheebs, that’s great!",joy
20031,Phoebe,"Oh, yay!",joy
20031,Rachel,"But y’know umm, Rachel doesn’t rhyme with draddle.",neutral
20031,Phoebe,I know but it’s so hard! Nothing rhymes with your stupid name!,disgust
20031,Joey,What are you talking about? Lots of things rhyme with Rachel. Bagel. Mail. Jail. Bail. Able. May-pole.,neutral
20031,Phoebe,"All good, thanks.  Do you maybe have a nickname have like a nickname that’s easier to rhyme?",neutral
20031,Monica,Didn’t your dad used to call you Pumpkin?,neutral
20032,Joey,Okay.,neutral
20032,Joey,"Okay, I can do this.",neutral
20032,Joey,I can tell her how I feel.,neutral
20032,Joey,"Just uh, just stand up straight.",fear
20032,Joey,Take a couple deep breaths.,fear
20032,Joey,Look confident.,fear
20032,Rachel,Joey? What’s up?,neutral
20032,Joey,"I uh, I just came by because I-I want to talk to you about something.",fear
20032,Rachel,Okay what’s up?,neutral
20033,Chandler,"What I do do…is manage to uh, create an atmosphere of support for the people working with me.",neutral
20033,Phoebe,I see. Nice sidestep on the do do thing by the way.,neutral
20033,Chandler,Hardest thing I’ve ever done in my life.,neutral
20033,Phoebe,You gotta go!,neutral
20033,Chandler,Oh!,neutral
20033,Phoebe,"Okay, don’t worry. You’re ready.",neutral
20033,Chandler,Really?,surprise
20033,Phoebe,Absolutely! Just fight all your natural instincts and you’ll be great.,neutral
20034,Monica,"Now, Mom, everything's going fine, really.",neutral
20034,Monica,"Yeah, Ross is great.",neutral
20034,Monica,"He's uh, he's in a whole other place.",neutral
20034,Monica,"No, he's gone.",neutral
20034,Monica,"No no, you don't have to fly back, really.",neutral
20034,Monica,What do you mean this might be your only chance?,surprise
20034,Monica,Would you stop?,anger
20034,Monica,"I'm only 26, I'm not even thinking about babies yet.",anger
20034,Chandler,Where have you been?,neutral
20034,Joey,"Oh, just had a baby.",joy
20034,Chandler,Mazel tov!,joy
20035,Ross,"Oh, wow! I should get going. I-I got a date tonight.",joy
20035,Chandler,Oh yeah! With who?,surprise
20035,Ross,You know that girl I told you about who lives up in Poughkeepsie?,neutral
20035,Ross,Not her.,neutral
20035,Ross,"Yeah, this is someone else I meet, and I-I can’t decide between the two of them.",neutral
20035,Ross,"Y’know the one from Poughkeepsie, even though she’s a two hour train ride away, is really pretty, really smart, and-and a lot of fun.",neutral
20035,Ross,"But this other girl, well, she lives right uptown.",neutral
20035,Ross,"Y’know she’s, well she’s-she’s just as pretty, I guess she’s smart, she’s",neutral
20035,Phoebe,"If she’s no fun, why do you want to date her at all?",neutral
20035,Ross,"Well, I-I want to give her another chance, y’know?",neutral
20035,Ross,She lives so close.,neutral
20035,Ross,"And, at the end of the date, the other time, she-she said something that was—if she was kidding was very funny.",neutral
20035,Ross,"On the other hand, if she wasn’t kidding, she’s not fun, she’s stupid, and kind of a racist.",anger
20035,Ross,Hey!,joy
20035,Phoebe,"Hey! Ooh, how was your first day working at the restaurant?",joy
20035,Joey,Damn!,joy
20036,Phoebe,Oh here’s a whole bunch.,neutral
20036,Rachel,"Oh, I mean she’s gonna be at the wedding waiting for him and people will be whispering, ""Oh that poor girl.""",neutral
20036,Rachel,Then she’ll have to come back here and live all alone.,sadness
20036,Phoebe,Oh my God!,surprise
20036,Rachel,What?,surprise
20036,Phoebe,"There was a pregnancy test in the garbage, and it’s positive. Monica’s pregnant.  So I guess she won’t be totally alone.",surprise
20037,Phoebe,Hi.,neutral
20037,Phoebe,"Listen, I’m sorry about that whole thing with Roger.",sadness
20037,Phoebe,"It really wasn’t right, and I, and I want to make it up to you, so umm, I brought you something that I think you’ll really enjoy.",anger
20037,Phoebe,"Now, this is just a loan.",neutral
20037,Phoebe,Okay?,neutral
20037,Phoebe,"I’m gonna, I’m gonna want him back.",neutral
20037,Phoebe,So…  I’m gonna go now.,neutral
20037,Phoebe,"I’m sorry, I thought I could do it and I can’t!",sadness
20038,Monica,"All right, well why don’t I go out with an ex-boyfriend and do Joey a favor?!",sadness
20038,Joey,"Hey, you wanna do Joey a favor, maybe you go out with Joey.",neutral
20039,Chandler,"All right ladies, here’s what we’re gonna do.",neutral
20039,Phoebe,"I-I wanna be with her,  I like her.",anger
20039,Chandler,"Oh, that’s fine! Go with your instincts, go with your instincts.",joy
20039,Monica,"Wait, now, what am I doing again?",surprise
20039,Chandler,"Come on! Would you please pay attention, I could wake up at any moment!",anger
20039,The Cigarette Guy,"Hi, I’m Joshua, I’m here to pick up Rachel.",neutral
20039,Rachel,"No-no-no, that’ not Joshua.",anger
20039,Chandler,"What do you want from me, I’ve never met the guy.",surprise
20039,Chandler,"So anyway, Rachel, I’m sorry you can’t stay,  but the rest of us have a",sadness
20040,Joey,How do I look?,neutral
20040,Chandler,"Oh, uh, I... don't... care.",neutral
20040,Chandler,"Ok, now, remember, no trading.",neutral
20040,Chandler,"You get the pretty one, I get the mess.",neutral
20040,Lorraine,"Hi, Joey. Well well, look what you brought. Very nice.",joy
20040,Chandler,...And what did you bring?,neutral
20040,Lorraine,She's checking the coats.,neutral
20040,Lorraine,"Joey, I'm gonna go wash the cab smell off my hands.",neutral
20040,Lorraine,"Will you get me a white Zinfandel, and a glass of red for Janice.",neutral
20040,Chandler,Janice?,surprise
20040,Janice,Oh.... my.... God.,surprise
20040,Chandler,"Hey, it's Janice.",neutral
20041,Ross,"Well, okay so, I don’t have it all worked out quite yet. Just don’t say anything to Rachel, please?",anger
20041,Phoebe,"Rachel is one of my closest friends.  Although, being the only one who knows anything about this does makes me feel special. Okay!",neutral
20041,Rachel,"Okay, stop-stop! Phoebe?!",sadness
20041,Phoebe,Hey Rach!,anger
20041,Rachel,What was that?!,surprise
20041,Phoebe,"Sorry, mix up. Hey, how was the movie?",neutral
20041,Rachel,I haven’t seen it yet!,neutral
20041,Phoebe,Well then you’d better hurry! The Angelica! Go! Go!,surprise
20041,Joey,No,anger
20042,All,Pheebs! Hey Pheebs!,joy
20042,Joey,"Uh, okay, Pheebs?",neutral
20042,Phoebe,Yeah?,neutral
20042,Joey,"Umm, y'know how the other day you were talking about how you didn't get to go to London and how you were kinda feeling left out?",neutral
20042,Phoebe,Yeah?,neutral
20042,Joey,"All right, well, we felt really bad about that so we decided we should all take a little trip together!",joy
20042,Phoebe,"Ohh, that's so nice! How great! Well, where? Where's the trip?!",anger
20042,Monica,"Well, we thought we would all go to a picnic , in Central Park!",joy
20042,Joey,"Yeah, all of us! All day!",joy
20042,Phoebe,That sucks!,disgust
20042,Phoebe,That's not a trip!,surprise
20042,Phoebe,I just came from the park!,anger
20042,Phoebe,What are we gonna high five about at the stupid Central Park?,anger
20042,Phoebe,"""Well, it's right by my house, all right!""",anger
20042,Chandler,"Well, I'm gonna go home and bask in the triumph of my Central Park idea.",anger
20042,Rachel,"Ho-ho-hold on a sec there, Mr. Kissey!",surprise
20042,Rachel,"Y'know, I've been meaning to talk to you about this whole, little, new European thing you got going on, and I just need to tell you that it makes me very uncomfortable and I just—y'know—stop it!",anger
20042,Chandler,I was just trying to bring a little culture to the group.,sadness
20042,Phoebe,"That's fine, just don't bring it in my mouth.",disgust
20042,Monica,Makes me wanna puke!,disgust
20043,Phoebe,Is she in there?,neutral
20044,Ross,"Yeah. She’s putting her down now, that’s her.",neutral
20044,Rachel,Oh it’s all right.,neutral
20045,Rachel,I’m guess I’m just done with the whole dating thing.,sadness
20045,Rachel,It’s one more thing in my life that’s suddenly completely different.,sadness
20045,Rachel,This is hard.,sadness
20045,Ross,Yeah I know.,neutral
20045,Ross,"On the other hand in um, in about seven months you’re gonna have something that you’re gonna love more than any guy you’ve ever gone out with.",neutral
20045,Ross,Just wait.,neutral
20045,Ross,"Wait until uh, wait until the first time your baby grabs your finger.",joy
20045,Ross,You have no idea.,joy
20045,Rachel,Thanks sweetie.,neutral
20045,Ross,"You wanna, you wanna grab some coffee?",neutral
20045,Rachel,"Oh no, I think I’m gonna go home and eat ten candy bars.",sadness
20045,Ross,"Hey, I thought I cheered you up.",neutral
20045,Rachel,"Oh you did, there are twenty in here.",neutral
20045,Ross,Right. Good night.,neutral
20045,Rachel,Good night.,neutral
20046,Mrs. Geller,Hi,neutral
20046,Ross,Hi!  Hey mom.,joy
20046,Rachel,"This is such a great party! 35 years. Very impressive, do you guys have any pearls of wisdom?",joy
20046,Mrs. Geller,Jack?,surprise
20046,Mr. Geller,Why would you serve food on such a sharp stick?,surprise
20046,Ross,"That’s a good question, dad. That’s a good question",neutral
20046,an,Congratulations you two!,joy
20046,Rachel,Thank you…we’re so excited,joy
20046,an,"And also, congratulations on your wedding.",joy
20046,Ross,Wha—What?,surprise
20047,Joey,Look at this clown!,joy
20047,Joey,Just because he’s got a bigger boat he thinks he can take up the whole river.,disgust
20047,Joey,Get out of the way jackass!,anger
20047,Joey,Who names their boat Coast Guard anyway?,disgust
20047,Rachel,That,neutral
20047,Joey,What are they doing out here? The coast’s all the way over there.,surprise
20048,Chandler,Hey!,anger
20048,Phoebe,Hey! Check it out! This is unbelievable! Joey has been holding his breath for almost four minutes!,surprise
20048,Joey,Dude! What are yo—you trying to kill me?!,neutral
20049,Monica,Ow!,anger
20049,Richard,"Really?! Well, it’s just like everyone else’s apartment. It’s got rooms, walls, and ceilings.",neutral
20049,Richard’s Date,"Well, I just wanted to see where you lived. Now, give me the tour.",neutral
20049,Monica,Oh my God! Oh my God!,surprise
20049,Richard,"Ah well, this is the living room.",neutral
20049,Richard,All right. This is the kitchen.,neutral
20049,Richard,The bedroom. Well it’s pretty much your typical...  bedroom.,neutral
20049,Richard’s Date,We’re still on this side of the door.,neutral
20049,Joey,Ha-ha,joy
20049,Richard’s Date,"Yeah, but I didn’t get to see it.",sadness
20049,Richard,Oh shoot! Maybe next time.  Thanks for a lovely evening.,neutral
20049,Monica,"So um, who was she?",joy
20049,Richard,"Oh,  that was the blind date that I told you about, she called and switched it to today.",neutral
20049,Monica,"Did you like her? And I’m just asking as a friend, because I am totally fine with this.",neutral
20049,Richard,"Well, you seem fine.",neutral
20050,Frank,"Well, I don’t think this, y'know.",neutral
20050,Phoebe,"No, no, no, I wouldn’t do you myself, I mean that would be weird.",disgust
20050,Phoebe,"Yeah, no, I’ll get one of the other girls to do it.",neutral
20050,Phoebe,"Oh, this will be so much fun!",joy
20050,Phoebe,Hey!,surprise
20050,Phoebe,Are you excited?,joy
20050,Frank,"Yeah! Hey, do Monica and Rachel work there?",neutral
20051,Phoebe,"Ok, so now we need, um sage branches and the sacramental wine.",neutral
20051,Monica,"All I have is, is oregano and a",neutral
20051,Phoebe,"Um, that's ok!  Ok. All right. Now we need the semen of a righteous man.",joy
20051,Rachel,"Ok, Pheebs, you know what, if we had that, we wouldn't be doing the ritual in the first place.",neutral
20051,Monica,Can we just start throwing things in?,neutral
20051,Phoebe,"Ok, yeah, ok.  Oh, OK.",neutral
20051,Rachel,"Ok, Barry's letters. Adam Ritter's boxer shorts.",neutral
20051,Phoebe,"Ok, and I have the, uh receipt for my dinner with Nokululu Oon Ah Ah.",neutral
20051,Monica,"Look, here's a picture of Scotty Jared naked.",neutral
20051,Rachel,Hey he's wearing a sweater.,surprise
20051,Monica,No.,neutral
20051,Rachel and Phoebe,Eww!,disgust
20051,Rachel,And here we have the last of Paulo's grappa.,neutral
20051,Monica,"Hey, Rachel, isn't that stuff almost pure...",neutral
20052,Ross,"Mona?  Okay, if I were a salmon shirt, where would I be?",neutral
20052,Mona,I am so sorry I spilled wine all over your shirt.,sadness
20052,Mona's Date,"Oh, it’s okay.",neutral
20052,Mona,"No, it’s still wet.",joy
20052,Mona,Let me get it out before it sets.,neutral
20052,Mona,"Ooh, I have something you can wear.",neutral
20052,Mona,Here.,neutral
20052,Mona's Date,"Oh umm, I-I don’t know if I want to wear a woman’s shirt.",sadness
20052,Mona,No-no that’s a man’s shirt.,neutral
20052,Mona's Date,It’s awfully pink.,neutral
20053,Joey,"Oh, it's perfect!",joy
20053,Ross,How about you?,neutral
20053,Chandler,It's a kitchen slash bathroom.,neutral
20053,Ross,"All right, I see what you guys are saying. I'll uh, I'll go downstairs and fill out an application.",neutral
20053,Chandler,We are bad people.,disgust
20053,Joey,He knew we were trying to get rid of him. He knew!  You think we could get a bathtub in our kitchen?,surprise
20054,Monica,Let’s get the show on it!,joy
20054,Rachel,"Okay, let me just get a cup of coffee.",neutral
20054,Monica,"Oh Rachel, I know the best coffee house and it’s sooo close.",neutral
20054,Rachel,Closer than here?,neutral
20054,Phoebe,"Oh, hey, look, I found coffee!  Okay, let’s skedaddle.",neutral
20054,Rachel,"Wait, I’m not just gonna drink somebody’s old coffee.",neutral
20054,Phoebe,"Okay, your highness.",neutral
20054,Phoebe,"Um, Rachel I’m really sorry.  That’s okay, do you wanna get back together?  Yeah, okay.  Did anyone else hear that?!",surprise
20055,Lydia,So how did you know I was even here?,surprise
20055,Guy,Your mom called me. So is this her?,neutral
20055,Lydia,"No, this is a loaner.",neutral
20055,Guy,I'm sorry you had to do this by yourself.,neutral
20055,Lydia,"I wasn't by myself. I had a doctor, a nurse, and a helper guy.  So, did you see who won the game?",neutral
20055,Guy,"Yeah, the Knicks by 10. They suck.",neutral
20055,Lydia,"Yeah, they're not so bad.",neutral
20056,Phoebe,"I’m sorry I won’t be able to make it to your imaginary wedding, but I’m",neutral
20056,Rachel,"I know. I know. I panicked, I panicked. I didn’t want him to start yelling at me like I was some ’74 Latour.",surprise
20056,Phoebe,It’s Lafite. The ’74 Latour is actually drinking quite nicely.,sadness
20056,Rachel,"All right here he comes. I’m gonna do this, I’m gonna tell him, I’m gonna be strong.",fear
20056,Dr. Green,I just called a friend of mine.,neutral
20056,Rachel,Yeah?,surprise
20056,Dr. Green,I think I may be able to book,neutral
20056,Rachel,Really?!,surprise
20056,Dr. Green,What is it sweetie?,joy
20056,Rachel,There’s not gonna be a wedding. Ross and I are not getting married.,sadness
20056,Rachel,I’m sorry daddy.,sadness
20056,Dr. Green,I don’t believe this!!,neutral
20056,Rachel,"Oh now daddy, stay calm. Please.",fear
20056,Dr. Green,Stay calm?!!,anger
20056,Dr. Green,How do you expect me to stay calm?!,anger
20056,Dr. Green,This is unacceptable Rachel!,anger
20056,Dr. Green,And I wanna know why?!!,anger
20056,Dr. Green,Is it because that punk Ross won’t marry you?!,anger
20056,Dr. Green,That’s it!,anger
20056,Dr. Green,Is that it?,anger
20056,Rachel,"Yes. Yes, he says I’m damaged goods.",sadness
20057,Phoebe,"So, you’re like a zillionaire?",surprise
20057,Chandler,And you’re our age. You’re our age.,surprise
20057,Phoebe,"Y'know what, you should like, you should buy a state and then just name it after yourself.",neutral
20057,Pete,What like Pete Dakota?,neutral
20057,Phoebe,"Yeah, or, or, or, Mississ-Pete.",neutral
20057,Joey,"Oh, oh, I got it! Pete-Chicago.",neutral
20057,Chandler,That’s not a state Joe.,neutral
20057,Joey,"Oh, and Mississ-Pete is?",neutral
20057,Pete,"I got to go, so ah, I’ll see you guys later.",neutral
20057,All,Okay.,neutral
20057,Chandler,You’re our age!,surprise
20057,Pete,"So ah, we on for tomorrow?",neutral
20057,Monica,Absolutely!,joy
20057,Monica,Now get out of here you!!,joy
20057,Monica,"Okay, I’m running out of places I can touch him!",anger
20057,Monica,"Look, is there something wrong with me?",sadness
20057,Monica,I mean why am I only attracted to guys where there’s no future?,sadness
20057,Monica,"Either they’re too old, or they’re too young, and then there’s Pete who’s-who’s crazy about me, and who’s absolutely perfect for me, and there’s like zip going on!",sadness
20057,Monica,"I mean, seriously, does it sound like something’s wrong with me?",sadness
20057,Ross and Joey,No.,neutral
20058,Phoebe,"Okay, I’m gonna go get Frank.",neutral
20058,Joey,"So, we’re walking down the street and I turn to you and I say, “Hey, let’s go hang out at Totally Nude Nudes,” remember?",neutral
20058,Joey,"And then, and then, you turn to me and say, “Nah, let’s just hang out at your place.” Well, that was a nice move dumb ass.",joy
20059,Phoebe,"Yeah, I think it was better when you guys were sad. Hey, uh, remember the roller blades?",neutral
20059,Rachel,You know what else I’m not gonna miss?,anger
20059,Rachel,"""I’m Monica.",anger
20059,Rachel,I wash the toilet 17 times a day.,anger
20059,Rachel,"Even if people are on it!""",anger
20059,Monica,"""Hi I’m Rachel, is my sweater too tight? No? Oh, I’d better wash it and shrink it!""",anger
20059,Rachel,"""I’m Monica, I don’t get phone messages from interesting people. Ever!""",anger
20059,Phoebe,Hey! I call her!,joy
20059,Monica,"""Oh my God, I love Ross! I hate Ross! I love Ross! I hate Ross!""",anger
20059,Rachel,"""Oh my God, I can’t find a boyfriend!",anger
20059,Rachel,"So I guess I’ll just stumble across the hall and sleep with the first guy I find in there!""",anger
20059,Phoebe,"Yeah, we should get a move on if we wanna make those dinner reservations.",neutral
20060,Ross,"Item J437-A, color: winterberry.",neutral
20060,Ross,"Hi umm, listen come here, come in.",neutral
20060,Ross,I’m so-so sorry about yesterday.,sadness
20060,Ross,I-I’m really sorry.,sadness
20060,Ross,It’s just that I,joy
20060,Mona,"Listen Ross, you don’t have to apologize. I understand why you were there.",neutral
20060,Ross,You do?,surprise
20060,Mona,"Yeah, you still have feelings for me.",sadness
20060,Mona,"And-and to be honest, I-I still have feelings for you.",joy
20060,Mona,"And I wish that we can work it out Ross, but we can’t.",sadness
20060,Mona,"It’s too complicated with you and Rachel and the baby, I-I just… It just wasn’t meant to be.",sadness
20060,Ross,Oh God you’re right.,joy
20060,Mona,"Ross, we…we have to be strong. Okay, I-I’m gonna go.  Can I? To remember you?",sadness
20060,Ross,No.,neutral
20061,Phoebe,"I’m telling you, if you want to take care of that thing, you should go to my herbal guy.",neutral
20061,Ross,"Thank you, but I want to remove it Pheebs. I don’t want to make it savory.",neutral
20061,Monica,"Y'know when girls sleep with guys with weird things on their body, they tell their friends about it.",neutral
20061,Ross,Gimme this.,neutral
20061,Rachel,"Hi! Okay, don’t be mad at me, but I couldn’t resist.",neutral
20061,Monica,Brides magazines?,surprise
20061,Rachel,"Yes, and I know that you’d say no if he asked you, but I’m sorry; how great would you look walking down the aisle in this Donna Carin.",neutral
20061,Phoebe,"Oh, you so would! Oh, you should get that anyway.  Like for clubbing.",sadness
20061,Monica,"It is so weird, I know what I said, but uh, this morning, I was lying in bed I was, I was imagining what it would be like to say yes.",surprise
20061,Monica,"I know it’s a little sudden, and it’s a little rushed, and it’s totally not like me to do something like this, but that doesn’t mean I can’t.",joy
20061,Monica,Right?,joy
20061,Monica,"I mean I’m-I’m crazy about Pete, and I know that we want the same things, and when I thought about saying yes, it made me really happy.",joy
20061,Rachel,Oh my God.,surprise
20061,Monica,I know.  I need more pie.,neutral
20061,Phoebe,"Hey Mon umm, if you do get married, can I bring two guests?",neutral
20061,Rachel,You didn’t break up with that fireman?,surprise
20061,Phoebe,"No, that was my way of telling you.",neutral
20061,Phoebe,"Well, it turns out he’s incredibly sensitive, he keeps a journal and he paints.",neutral
20061,Phoebe,He even showed me charcoal drawings that he drew of me.,neutral
20061,Rachel,Wow!,surprise
20061,Phoebe,"Yeah, well he’d prefer water colors, but y'know, he has easy access to a lot of charcoal.",neutral
20061,Monica,"So then, are you going to dump Jason?",neutral
20061,Phoebe,"Well, yeah, because I have to break up with someone, and… Okay so Jason is sensitive,  but now so’s Vince  Plus, Vince has the body y'know?",neutral
20061,Phoebe,So… It’s really just about the math.,neutral
20062,Mike,"Ok, so it's a tie again, 41 to 41.",neutral
20062,Chandler,"Ok, look! Enough is enough!",anger
20062,Monica,"No, I have just to have two more points to beat him!",joy
20062,Chandler,"Monica, that was also true an",neutral
20062,Monica,I can't just walk away! I've put in four hours!,anger
20062,Monica,You knew this about me when you married me!,neutral
20062,Monica,You agreed to take me in sickness and in health.,neutral
20062,Monica,"Well, this is my sickness!",anger
20063,Joey,"Oh yeah-yeah, the lobster.",neutral
20063,Rachel,"Yeah, I mean I was up sick all night.",neutral
20063,Joey,"Yeah me too, all night.",neutral
20063,Rachel,Really?! How come we didn’t cross paths?,surprise
20063,Joey,"Yeah well that’s because uh…I stayed in my room. Yeah, you don’t want to look in my hamper.",neutral
20064,Chandler,I can’t believe there is a naked hooker in there!,surprise
20064,Joey,Wait! Wait! Maybe she’s a hooker,surprise
20065,Phoebe,"Yeah, okay let’s leave these two alone.",neutral
20065,Rachel,"No! I do not care what my hormones are doing, I am not going to just do it with some random guy!",disgust
20065,Phoebe,Fine! Then you tell Roger because he was really looking forward to this!,anger
20066,Julie,So.,neutral
20066,Rachel,So.,neutral
20066,Rachel,I just thought the two of us should hang out for a bit.,neutral
20066,Rachel,"I mean, you know, we've never really talked.",neutral
20066,Rachel,"I guess you'd know that, being one of the two of us, though, right?",neutral
20066,Julie,"I know, I probably shouldn't even tell you this, but I'm pretty much totally intimidated by you.",fear
20066,Rachel,Really? Me?,surprise
20066,Julie,"Oh my god, are you kidding?",surprise
20066,Julie,"Ross is so crazy about you, and I really wanted you to like me, and, it's probably me being totally paranoid, but I kinda got the feeling that maybe you don't.",anger
20066,Rachel,"Well, you're not totally paranoid.",neutral
20066,Julie,Oy.,joy
20066,Rachel,"Um, ok, uh, oh god, um, when you and uh Ross first started going out, it was really hard for me, um, for many reasons, which I'm not gonna bore you with now, but um, I just, I see how happy he is, you know, and how good you guys are together, and um, Monica's always saying how nice you are, and god I hate it when she's right.",sadness
20066,Julie,"Thanks. Hey, listen, would you like to go to a movie sometime or something?",neutral
20066,Rachel,"Yeah, that'd be great. I'd love it.",joy
20066,Julie,"I'd love it too. Shoot, I gotta go. So, I'll talk to you later.",neutral
20066,Rachel,"All right, Julie.",neutral
20066,Julie,Bye.,neutral
20066,Rachel,Bye.  What a manipulative bitch.,disgust
20067,Phoebe,"Chandler, I found the perfect ring.",joy
20067,Chandler,"Oh, that’s uh, that’s pretty nice but I’m gonna go with the one I picked first.",neutral
20067,Phoebe,"Oh my God Chandler, the one you picked is gone. It’s over!",anger
20067,Chandler,What?,surprise
20067,Phoebe,Some guy bought it. I’m sorry. I tired to stop it but they  put me in jail!,sadness
20067,Chandler,They put you in jail?,surprise
20067,Phoebe,The little jail between the doors!,anger
20067,Chandler,"Phoebe, I asked you to guard the ring!",anger
20067,Phoebe,"I know, I’m sorry! But y’know, this ring is better! Monica never even saw the other ring.",anger
20067,Chandler,Yeah but when he proposed to me with the ring I got goose bumps.,sadness
20067,Phoebe,Maybe it was the guy.,neutral
20067,Chandler,It was the ring!,anger
20068,Rachel,"No, not that, I mean, what about you and Mindy?",neutral
20068,Barry,"Well, if you want, I'll just—I'll just break it off with her.",neutral
20068,Rachel,"No. No-no-no-no, no. I mean, don't do that. Not, I mean not for me.",anger
20068,Bernice,"Dr. Farber, Bobby Rush is here for his adjustment.",neutral
20068,Barry,"Thanks, Bernice.  Let's go away this weekend.",neutral
20068,Rachel,"Oh, Barry..! Come on, this is all way too..",surprise
20068,Barry,"We can, we can go to Aruba!",joy
20068,Barry,"When I went there on what would have been our honeymoon, it was, uh... it was really nice.",sadness
20068,Barry,You would've liked it.,sadness
20068,Rachel,I had a bra.,neutral
20068,Bobby,"Hey, Dr. Farber.",neutral
20068,Barry,"All right Miss Green, everything looks fine... Yep, I think we're starting to see some real progress here.",neutral
20068,Rachel,What?!,surprise
20068,Bobby,"I'm twelve, I'm not stupid.",fear
20069,Rachel,Oh my God! What does,surprise
20070,Monica,Oh that's an eye removal machine.,neutral
20070,Rachel,"All right, I'm outta here!",anger
20070,Monica,I'm kidding! I'm kidding!,joy
20070,Rachel,So were done then!,anger
20070,Dr. Miller,"Almost! But first, we gotta start.",neutral
20070,Dr. Miller,This is a glaucoma test.,neutral
20070,Rachel,Uh-huh.,neutral
20070,Dr. Miller,Sit down.,neutral
20070,Rachel,Okay.,neutral
20070,Dr. Miller,"But your chin here.  Now, you'll feel a small puff of air in each eye.",neutral
20070,Rachel,What?!,surprise
20070,Monica,"A small puff of air, now come on!",anger
20071,Joey,"Sure, now I’m scared.",fear
20071,Phoebe,"No, we can go together! Just don’t wait too long though, okay? ‘Cause I’m outta here sometime before Friday.",neutral
20071,Joey,"Yeah, but I don’t wanna die!",fear
20071,Phoebe,"No-no, it’ll be fun! We can come back and we can haunt these guys!",joy
20072,Phoebe,"Um, Chandler, Ross, this is Robert.",neutral
20072,Chandler,"Oh, hey.",neutral
20072,Robert,Hi.,neutral
20072,Phoebe,"You’ve have lipstick right here . That’s okay, it’s mine, we just kissed.",neutral
20073,Chandler,Hey!,surprise
20073,Joey,Hey!,surprise
20073,Joey,No. Y'know how we’re always saying we need a place for the mail.,neutral
20073,Joey,"Well, I started building one. But then I decided to take it to the next step.",neutral
20073,Chandler,You’re building a post office?,surprise
20073,Joey,"No, an entertainment unit, with a mail cubby built right in. It’s a one day job, max.",neutral
20073,Chandler,Okay.  My word! Those are snug.,surprise
20073,Joey,"Oh yeah. These are my old work pants, Sergio Valente’s.",neutral
20073,Joey,Power saw kinda got away from me there.,neutral
20074,Rachel,Hi!,joy
20074,Chandler,Another cheesecake came! They delivered it to the wrong address again!,anger
20074,Rachel,"So just bring it back downstairs, what’s the problem?",neutral
20074,Chandler,I can’t seem to say goodbye.,sadness
20074,Rachel,"Are you serious?! Chandler, we ate an entire cheesecake two days ago and you want more?",surprise
20074,Chandler,Well I’ve forgotten what it tastes like okay?!,anger
20074,Rachel,It was cheesecake.,neutral
20074,Rachel,It was fine.,neutral
20074,Rachel,"It had a buttery, crumbly, graham cracker crust, with a very rich yet light, cream cheese filling…  Wow!",surprise
20074,Rachel,My whole mouth just filled with saliva!,joy
20074,Chandler,Y’know what? Forget it!,anger
20074,Rachel,Yeah and we’ll drop it off downstairs so that we’re not tempted.,neutral
20074,Chandler,Good idea. Where do you want to go to lunch?,neutral
20074,Rachel,"Momma’s Little Bakery, Chicago, Illinois.",neutral
20075,Tag,This one’s from me.,neutral
20075,Rachel,Ahh!,surprise
20075,Tag,"It wasn’t on your list, but hopefully you’ll think it’s really fun.",neutral
20075,Rachel,A scooter!,surprise
20075,Ross,Stick to the list. Always stick to the list.,neutral
20075,Rachel,"No! No-no, I love it. Thank you.",joy
20075,Chandler,"Okay, open ours next. Open ours next!",joy
20075,Rachel,Okay.,neutral
20075,Joey,"Now that you’re a couple, we don’t get two presents from you guys?",neutral
20075,Chandler,For my last birthday you gave me a,neutral
20075,Rachel,Okay.,neutral
20075,Rachel,Happy birthday Grandma!,joy
20075,Rachel,It’s better to be over the hill  then buried under it.,neutral
20075,Rachel,All our love Monica and Chandler.,neutral
20075,Rachel,"That’s funny, yeah!",joy
20075,Chandler,No-no-no-no! That was the joke!,surprise
20075,Rachel,"No, I know! I get it! It’s funny!",joy
20075,Chandler,"No, because you’re not a grandmother!",sadness
20075,Rachel,"No I know, because to be a grandmother you have to be married and have children and I don’t have any of those things.",sadness
20075,Rachel,That’s why it’s so funny.,neutral
20075,Monica,All you had to do was buy the card!,anger
20076,Phoebe,"Hey, Joey. What's going on?",neutral
20076,Joey,Clear the tracks for the boobie payback express. Next stop: Rachel Green.,neutral
20076,Monica,Joey!! What the hell were you doing?!,disgust
20076,Joey,Sorry. Wrong boobies.,sadness
20076,Monica,"Hello, Joey.",neutral
20076,Mr. Tribbiani,"Oh! ...Hello, dear.",surprise
20077,Joey,Man. Can you believe he's only had sex with one woman?,surprise
20077,Chandler,"I think it's great. Y'know, it's sweet, it's romantic...",joy
20077,Joey,Really?,surprise
20077,Chandler,"No, you kidding? The guy's a freak..",disgust
20077,Both,"Hey, buddy.",neutral
20077,Receptionist,"Oh, that's attractive.",neutral
20077,Chandler,"Oh, I thought you were great in Silence of the Lambs. Oh come on, admit it! All things considered, you had fun tonight.",joy
20077,Ross,"Fun? Where was the fun? Tell me specifically, which part was the fun part? Where's my puck?",disgust
20077,Joey,"Oh, ah- the kid has it.",neutral
20077,Ross,"The kid...?  Excuse me, uh, that's, that's my puck.",anger
20077,Chandler,"You gotta do it, man.",neutral
20077,Ross,"Oh yeah? Well, I'm rubber, you're glue, whatever——can't do it.  Listen, uh- gimme back my puck.",anger
20077,Ross,"Yes', how about. C'mere. Gimme!",anger
20077,Receptionist,Hey! Hey! No rough holding in my ER!,anger
20077,Ross,GIVE ME MY PUCK!!,anger
20077,Ross,...Now,anger
20078,Rachel,"Oh, look, wish me luck!",joy
20078,Monica,What for?,neutral
20078,Rachel,I'm gonna go get one of those  job things.,neutral
20079,Phoebe,"Oh, I told the stripper to be here at five. That’s good right?",neutral
20079,Monica,You ordered a stripper for the shower?! That is totally inappropriate!,anger
20079,Phoebe,What? He’s gonna be dressed as a baby!  Oh hi Mrs. Green!,surprise
20079,Monica,Hi!,joy
20079,Phoebe,I’m so glad you could make it.,joy
20079,Monica,"Yes, thank you so much. And again, we’re so sorry. We could not feel worse about it.",joy
20079,Mrs. Green,Try. There’s my little girl.,joy
20079,Monica,She’s still mad.,neutral
20079,Phoebe,Yeah I know. Isn’t it great? One less person we have to make small talk with.,joy
20079,Monica,"Phoebe, Sandra’s mad at you too. It-it doesn’t bother you?",surprise
20080,Rachel,"Oh, that’s very—Really very-very okay.",neutral
20080,Marc,"Julie’s cervix is dilated a seven centimeters, that’s about four fingers. The doctor let me feel it myself.",joy
20081,Julie,Have you felt Rachel’s cervix Ross?,neutral
20082,Rachel,"No, I don’t think we’ll be doing that.",disgust
20082,Ross,We’re not gonna do that.,disgust
20082,Julie,"Well, if you like you can feel Rachel’s and then feel mine to compare.",neutral
20082,Mrs. Geller,Am I interrupting?,neutral
20082,Ross,Uh yes! Thank you.,joy
20082,Rachel,Oh. Oh wait no.,neutral
20082,Ross,Later.,neutral
20083,Ross,"Oh uh, I’m sorry.",neutral
20083,Rachel,No Ross! Ross! Ross! My child has no father!,fear
20084,Monica,Try feeding her again.,neutral
20084,Rachel,I already fed her.,neutral
20084,Monica,"I know, that’s why I said again!",anger
20084,Phoebe,"Alright you guys, we can’t turn on each other, Okay?   That’s just what she wants.",fear
20084,Chandler,Hey.,neutral
20085,Monica,Phoebe! Rachel! It’s Monica! I wonder what you could possibly need me for on such short notice!  Oh.,joy
20085,Rachel,"Oh Monica, we are so sorry.",sadness
20085,Monica,For what?,joy
20085,Rachel,"Well first, for forgetting to throw you a bridal shower.",sadness
20085,Phoebe,And then for forgetting to invite you to it.,neutral
20085,Monica,You al-you already had it?,surprise
20085,Phoebe,"Well, we called everyone in your phone book and a bunch of people came, but it took us so long to get you here that they-they had to leave.",neutral
20085,Rachel,"Yeah, we wanted to throw you a big surprise and a great shower, and now you don’t have either.",sadness
20085,Phoebe,We ruined everything.,sadness
20085,Rachel,Ugh,sadness
20085,Monica,"Well no, wait a minute, that’s not true!",sadness
20085,Monica,"No, what did, that was really sweet.",joy
20085,Monica,And it kinda works out for the best.,joy
20085,Rachel,"What do you, what do you mean?",surprise
20085,Monica,"Well now, I get to spend my shower with the only people I really love!",joy
20085,Monica,"I mean, I get all those presents  without having to talk to people I don’t even like!",joy
20085,Rachel,Surprise,sadness
20085,Joey,Surprise,joy
20085,Rachel,Monica.,neutral
20086,Monica,"I can't believe it's raining again! Oh, it's so unfair!!!",anger
20086,Phoebe,"Well, on the bright side, now you won't have to see all these paleontologists with their shirts off.",neutral
20086,Phoebe,Not you guys.,neutral
20086,Phoebe,You got it going on!,joy
20086,Monica,"So, what are we gonna do today?",neutral
20086,Mike,They have a game room downstairs! Ping pong and stuff.,neutral
20086,Monica,"Ping pong?  Honey, they have ping pong! Let's play!",surprise
20086,Chandler,I don't think so!,joy
20086,Monica,Why not?,neutral
20086,Chandler,"Because you know how competitive you get and well, I say it's cute, others disagree, and I'm lying!",neutral
20086,Monica,I'm not always that bad!,neutral
20086,Chandler,"Oh,",neutral
20086,Monica,I punched you...?,surprise
20086,Chandler,And...?,surprise
20086,Monica,... Phoebe...?,surprise
20086,Phoebe,... and...?,neutral
20086,Monica,I clunked your heads together!,neutral
20087,Ross,"Sorry I ah, I scared you in there.",sadness
20087,Monica,"Oh, that’s okay. By the way, I was just checking the shower massager.",neutral
20087,Ross,Yeah.,neutral
20087,Phoebe,Hey!,surprise
20087,Monica,I tried to reach you at work. There’s....been a fire.,sadness
20087,Phoebe,What?! Oh my...  Oh my God!! What happened?!,surprise
20087,Ross,"Well, we believe it originated here.  In the Aroma Room.",neutral
20087,Phoebe,All right. Did everyone get out okay?,fear
20087,Monica,"Well, the giraffe’s okay. And so is the pirate.",neutral
20087,Phoebe,Ohh. What is this?,surprise
20087,Ross,"No Phoebe, don’t look! You don’t want to see what’s under there!!",fear
20087,Phoebe,"Ohh, the-the Foster puppets!",sadness
20088,Ross,Hey! How long until Pete’s fight?,neutral
20088,Monica,"Oh, about five minutes. Right now they’re interviewing his opponent. Apparently he trains by going to Iran and pulling the arms off thieves.",neutral
20088,Ross,Hot dog?,neutral
20088,Monica,"Four, please.  I’m really nervous.  Thank you.",fear
20088,Phoebe,"So Ross, how umm, how did it go with Bonnie?",neutral
20088,Ross,"I gotta tell you, I-I wasn’t expecting to like her at all, I mean I actually wasn’t expecting to like anyone right now, but she’s really terrific.",joy
20088,Phoebe,"Ohh, that’s too bad!",sadness
20088,Ross,"No, I-I’m saying I liked her.",joy
20088,Phoebe,"Yeah, y'know what, there are other fish in the sea.",neutral
20088,Ross,"Pheebs, I think she’s great. Okay? We’re going out again.",joy
20088,Phoebe,"Okay, I hear you! Are you capable of talking about any thing else?",disgust
20088,Chandler,Hey! Which one’s my turkey burger?,neutral
20088,Ross,"Ahh, the one next to my foot. Sorry.",neutral
20088,Joey,"Hey, the fight’s starting!",joy
20088,Ross,"Okay, we’ll be right in.  So ah, did your boss try to slap you again today?",neutral
20088,Chandler,Nine times!,anger
20088,Chandler,"Okay, I had to put on lotion!",neutral
20088,Chandler,"But, it’s gonna be okay, because as of tomorrow I’m conducting an experiment, and if all goes as planned, my butt will be smack free.",neutral
20088,Joey,Fight’s over!,neutral
20089,Chandler,"Okay, okay, here she comes!  How do I look? Do I look like a guy who doesn’t want to get married?",neutral
20089,Joey,"Yeah! And also, a little like a French guy.  I never noticed that before.",surprise
20089,Monica,Hi guys!,joy
20089,Joey,Hey!,neutral
20089,Monica,What are you up too?,neutral
20089,Chandler,"Oh, just hanging out, talkin’ about uh, websites.",neutral
20089,Chandler,"Yeah, we saw this really interesting website about marriage and how totally unnecessary it is and how its just a way for the government to keep tabs on you.",neutral
20089,Joey,"Yeah, Big Brother.",neutral
20089,Monica,Well that’s a little crazy. Although I am y’know glad to hear that you’re branching out on what you look at on the Internet.,neutral
20089,Chandler,"Yeah, well… Y’know, it just got me thinking though, why would anybody ever want to get married huh?",neutral
20089,Monica,Why?! To celebrate your relationship! To solidify your commitment! To declare your love for one another to the world!,anger
20089,Chandler,Eh,neutral
20089,Monica,Okay well that’s good to know.,sadness
20089,Joey,The Mr. Bowmont’s here!!!,joy
20090,Chandler,"Oh that’s great, my friend Joey’s in the movie business.",joy
20090,Dana,Y’know who I ran into from school? Howie.,neutral
20090,Chandler,My friend’s name is Joey.,neutral
20090,Dana,Apparently Howie’s editing now.,neutral
20090,Dana,"Yeah, he-he-he calls me up and asks me if he can edit my new movie.",anger
20090,Dana,Can you believe that?!,surprise
20090,Dana,Y’know I-I-I haven’t spoken to him in like ten years and he asks me for a favor!,surprise
20090,Chandler,"Yeah, I’ve always hated that Howie.",disgust
20090,Dana,"No, no ""How you doing?"" Man, I mean not even a cup of coffee first!",disgust
20090,Chandler,The nerve huh?,disgust
20090,Dana,Yeah!,disgust
20090,Chandler,Refill?,neutral
20091,Ross,Hey! How you doing?,joy
20091,Tag,"Good! Good, long time no see.",joy
20091,Tag,Like your sweater.,neutral
20091,Ross,"Oh hey, right back at ya.",neutral
20091,Tag,"Oh, it’s crazy about Rachel huh?",surprise
20091,Ross,"Yeah. She—Well, she’s one crazy lady?",surprise
20091,Tag,So whose is it?,neutral
20091,Ross,"Umm, I don’t some Italian guy. Come on, read your own label. See you later.",neutral
20091,Tag,Okay.,neutral
20091,Ross,He is so weird.,anger
20092,Monica,You wanna fool around with Joey?,surprise
20092,Rachel,Yeah!,joy
20092,Rachel,"You know, ever since I had that dream about him, and can't    get it out of my head!",joy
20092,Rachel,"And what's the big deal, people do it all the time!",surprise
20092,Monica,Who? Who do you know that are friends that just fool around?,surprise
20092,Rachel,"Ok, off the top of my head... Don and Janet.",neutral
20092,Monica,"Who, who are they?",neutral
20092,Rachel,I know them from work.,neutral
20092,Monica,Both of them?,surprise
20092,Rachel,"No, one of them...",neutral
20092,Monica,Which one?,neutral
20092,Rachel,"I don't know, what were the names I just said?",neutral
20092,Monica,"Rachel, things can get incredibly complicated.",anger
20092,Rachel,"All right, all right, you're right",sadness
20092,Monica,What the hell are you cooking!,surprise
20093,Phoebe,Oh my God! How did you get back here?!,surprise
20093,Phoebe,"Fire alarm?  Oh! Hi, officer—fireman, can-can I help you?",surprise
20093,The Fireman,We found your fire alarm in the trash chute.,anger
20093,Phoebe,That’s not mine.,neutral
20093,The Fireman,Yes it is.,neutral
20093,Phoebe,How do you know?,fear
20093,The Fireman,"The next time you want to dump a fire alarm in a trash chute, don’t wrap it in a blanket that says, ""Property of Phoebe Buffay not Monica.""",disgust
20093,Phoebe,"Okay do you—Okay, do you have a search warrant? Because the last time I checked this was still America!",anger
20093,The Fireman,"Please reattach this, it’s against the law to disconnect them.",neutral
20093,Phoebe,Fine!  But please God.. tell me how to stop them from going off!,anger
20093,The Fireman,There’s a reset button under the plastic cover.,neutral
20093,Phoebe,There’s a reset button?!,surprise
20093,Phoebe,My God!,surprise
20093,Phoebe,Why didn’t I see that!,surprise
20093,Phoebe,"Reset button, reset button, where is there a reset button?",neutral
20093,Phoebe,Oh here it is!,joy
20093,Phoebe,Oh!,surprise
20093,Phoebe,"Ohh, God!",joy
20094,Ross,"Four letters: ""Circle or hoop"".",neutral
20094,Chandler,"Ring dammit, ring!",anger
20094,Ross,Thanks.,neutral
20094,Joey,"Hey, you know our phone's not working?",surprise
20094,Chandler,What?!,surprise
20094,Joey,"I tried to call you from the coffee shop, and there was no answer.",neutral
20094,Chandler,"I turned it off. Mother of God, I turned it off!",anger
20094,Monica,Just like you told her you did!  ... Just pointing out the irony.,neutral
20094,Joey,"Hey, so listen, I went across the street and talked to the doorman- I got the peeper's name! Can I use the phone?",anger
20094,Joey,Nngghhh!!!!!!!,anger
20094,Joey,"Can I use your phone?  Yeah, the number for a Sidney Marks, please.",neutral
20094,Ross,"""Heating device.""",neutral
20094,Phoebe,Radiator.,neutral
20094,Ross,Five letters.,neutral
20094,Phoebe,Rdtor.,neutral
20094,Joey,"Yeah, is Sidney there?  Oh, this is?  Sidney's a woman.",surprise
20095,Receptionist,"Well, you'll have to wait your turn.",neutral
20095,Joey,"Well, how long do you think it'll be?",neutral
20095,Receptionist,Any minute now.,neutral
20096,Ross,"Hey, this-  Heyy...",joy
20097,Chandler,Hey.,neutral
20097,Joey,Hey! Any good mail?,neutral
20097,Chandler,"Yes, you got something from the Screen Actor’s Guild.",neutral
20097,Joey,"Ooh, it’s probably a residual check, hey can you open it for me, I’m kinda….",neutral
20097,Chandler,"""Benefits lapsed.""",neutral
20097,Joey,Hmm that’s weird. I don’t remember being in a move called benefits lapsed.,neutral
20097,Chandler,"Okay, it’s not a check. They’re saying your health insurance expired because, you didn’t work enough last year.",neutral
20097,Joey,Let me see that!,surprise
20097,Chandler,All right.,neutral
20097,Joey,"Oh, I can’t believe this!",surprise
20097,Joey,This sucks!,anger
20097,Joey,"When I had insurance I could get hit by a bus or catch on fire, y’know?",fear
20097,Joey,And it wouldn’t matter.,anger
20097,Joey,Now I gotta be careful?,anger
20097,Chandler,"I’m sorry man, there’s never a good time to  stop catching on fire.",sadness
20097,Joey,"All right well, I guess I gotta go get a job. I’m gonna go see my agent.",sadness
20097,Chandler,"Okay, make sure you look both ways before you cross the street.",neutral
20097,Joey,look both ways before you cross the street.,joy
20098,Monica,I can't believe Phoebe's gonna have her babies!,surprise
20099,Chandler,"I know, it's beautiful. Amazing.",joy
20099,Chandler,"I had to kiss Phoebe and Rachel every time I left a room, I mean it's too bad they didn't see us having sex.",neutral
20099,Monica,Do you know anything about women?,neutral
20099,Chandler,No.,neutral
20099,Monica,That's all right.,neutral
20099,Chandler,Okay.,neutral
20100,Rachel,Remember when we went to Central Park and rented boats?.. That was fun.,joy
20100,Ross,Yeah. He could row like a viking.,joy
20100,Monica,Hi.,neutral
20100,All,Mmm.,neutral
20100,Ross,So how'd it go?,neutral
20101,Monica,"Oh, y'know..",neutral
20102,Phoebe,Did he mention us?,neutral
20102,Monica,He said he's really gonna miss you guys.,sadness
20102,Ross,"You had a rough day, huh.. c'mere.",sadness
20103,Monica,...love you.,joy
20103,Ross,Are you're hands still wet?,neutral
20103,Joey,"Uh, moist, yeah.",neutral
20103,Rachel,Let's dry 'em again.,neutral
20104,Rachel,Oh my God! Oh my God!!,sadness
20104,Monica,Still crying?,surprise
20104,Rachel,Like a,neutral
20104,Monica,"Y’know, I only know of two surefire ways to shut a man up. And one of them is sex.",neutral
20104,Rachel,What’s the other one?,neutral
20104,Monica,"I don’t know, I’ve never had to use the other one.",neutral
20104,Monica,"I’m just saying y’know, if we’re having sex, he’s not gonna be talking.",neutral
20104,Rachel,Oh that’s right.,joy
20104,Rachel,You’re the talker.,neutral
20104,Rachel,"Anyway uh, great idea!",joy
20104,Rachel,"Umm, I gotta go to the store; I told him that I would buy him some more tissues.",neutral
20104,Monica,"Oh, we have some",neutral
20104,Rachel,No you don’t!,anger
20105,Phoebe,"Okay, yeah.  Triple A can pick us up.",neutral
20106,Phoebe,"Yeah, what town are we near?",neutral
20106,Monica,"Freemont. West-Westmont, ah Westburg?",neutral
20106,Phoebe,Then why are you answering? Do you at least know what route we’re on?,anger
20107,Rachel,"Yeah, we are definitely on Route 27.",neutral
20107,Phoebe,"Okay.  We are at a rest stop on Route 27. Okay.  There is no Route 27.   Okay, either 93 or 76?",neutral
20107,Rachel,"I don’t know, I’m sorry, I always slept in the back when we drove up here.",sadness
20107,Phoebe,"Hey, can you send somebody up and down 76 and check every rest stop, and, and also 93?",neutral
20107,Phoebe,Okay!,neutral
20107,Phoebe,"Yeah, no they don’t do that.",neutral
20107,Rachel,"Ugh, okay, well somebody will come and save us.",neutral
20107,Monica,Who?,anger
20107,Monica,I mean have you seen a car come by here in the last hour and a half?,fear
20107,Monica,"I think we should call Ross, maybe he can get a car and come pick us up.",neutral
20107,Rachel,"No! No, I am not getting in a car with Ross, we will just have to live here!",anger
20107,Phoebe,But if...,fear
20107,Rachel,"No you guys, I am not getting in a car with him, you’ll have to think of something else.",anger
20107,Phoebe,"Oh good, oh Joey and Chandler are back.",joy
20107,Monica,So the going for help went well?,neutral
20108,Joey,"I’m telling you man, I saw it.",neutral
20108,Chandler,"Yeah, well, you’re wrong! Okay, you’re wrong.",anger
20108,Joey,"I’m not wrong! I wish I was. I’m sorry. Bet that barium enema doesn’t sound so bad now, huh?",sadness
20109,Monica,I know.,neutral
20109,Monica,Let’s try a look…of far off…wonderment.,neutral
20109,Monica,"Okay, we’ll-we’ll gaze into our future and we’ll think about our marriage and the days to come.",joy
20109,Monica,Chandler!,surprise
20109,Monica,What is the matter with your face?!,surprise
20109,Monica,"I mean this picture is supposed to say ""Geller and Bing to be married,"" not ""Local woman saves drowning moron!""",anger
20109,Monica,Hey!,anger
20109,Monica,Don’t laugh at him!,anger
20109,Monica,He’s,neutral
20110,Rachel,We’re gonna find love!,joy
20110,Phoebe,Definitely!,joy
20110,Rachel,"Yeah, I’m pretty confident about that.",neutral
20110,Rachel,That’s what makes it so easy for me to be 80% happy for Monica and Chandler!,joy
20110,Rachel,It would be nice to have a little guarantee though.,neutral
20110,Phoebe,What do you mean?,neutral
20110,Rachel,"Well y’know, some people make deals with a friend, like if neither of them are married by the time they’re 40, they marry each other.",neutral
20110,Phoebe,You mean a backup?,neutral
20110,Rachel,Exactly!,joy
20110,Phoebe,"Yeah, yeah I got that.",neutral
20110,Rachel,You do?,neutral
20110,Phoebe,Hm-mmm,neutral
20110,Rachel,Who?,neutral
20110,Phoebe,Yeah!,joy
20110,Rachel,Are you serious?!,surprise
20110,Phoebe,"Yeah, I locked him years ago!",joy
20110,Rachel,"Wh… So… If neither of you are married by the time you’re 40, you’re gonna marry Joey.",surprise
20110,Phoebe,"Yep, we shook on it. Yeah but believe me that is not how he wanted to seal the deal.",neutral
20110,Rachel,"Oh, seriously?",surprise
20110,Joey,"Yeah uh, what am I gonna do?",neutral
20111,Chandler,"Yeah, I’m sorry man.  You wanna go watch?",neutral
20111,Joey,Yeah!,joy
20112,Tag,Good morning.,neutral
20112,Rachel,"Hi Tag! Hey, so did you have fun with uh, with Joey last night?",joy
20112,Tag,Oh yeah! We went to the Knicks game.,joy
20112,Rachel,Ohh that’s nice.,joy
20112,Tag,Then we went to this bar and he hooked us up with all these women!,joy
20112,Rachel,Wo-women? You mean like old women?,disgust
20112,Tag,"Well kinda old, like 30.",neutral
20112,Rachel,Oh.,neutral
20112,Tag,"And I never used to be able to just talk to girls in bars, but I got like 20 phone numbers last night.",surprise
20112,Rachel,"That’s great! Wow man, so Joey must’ve really taught you some stuff huh?",surprise
20112,Tag,A little.,neutral
20112,Rachel,Yeah?,surprise
20112,Tag,How you doin’?,neutral
20113,Monica,"Phoebe, we are so proud of you! You're amazing!",joy
20113,Phoebe,I know.,neutral
20113,Rachel,So does it really hurt as bad as they say?,joy
20114,Monica,What did you just say?,surprise
20114,Chandler,You roll another hard eight and we get married here tonight.,joy
20114,Monica,Are you serious?!,surprise
20114,Chandler,Yes! I love you! I've never loved anybody as much as I love you.,joy
20114,Monica,I've never loved anybody as much as I love you.,joy
20114,Chandler,"Okay, so if an eight comes up, we take it as a sign and we do it!",joy
20114,Chandler,What do you say?,neutral
20114,Monica,Okay!,joy
20114,Chandler,Okay! Come on! Let's go! All right!,joy
20114,Chandler,Okay! That's a four! And where-where's the other one?,anger
20114,Drunken Gambler,It went under the table.,neutral
20114,Monica,"Nobody move!  Okay, you look that way; I'll look this way!",anger
20114,Chandler,Here it is! Here it is!,joy
20114,Monica,That could be a four or a five. It's your call.,neutral
20114,Chandler,It's a four.,neutral
20114,Monica,I think so too.,neutral
20115,Joey,Well that’s it. I’m done. Whew!  There come the meat sweats.,joy
20115,Monica,"Well Joey, we’re all…we’re all very proud of you.",joy
20115,Chandler,"Yes, I believe we can expect a call from the President any moment now.",neutral
20115,Phoebe,Is there anything we can do for you?,neutral
20115,Joey,"No just, nobody press on my stomach.",neutral
20115,Rachel,You can keep those pants by the way.,neutral
20115,Joey,Whoa—hey—wh-wh-what do you got there? What is that? Pie?,surprise
20115,Monica,"Yeah, you want some?",neutral
20115,Joey,"Ah, just cut me a little sliver.",joy
20115,Joey,A little bigger.,neutral
20115,Joey,Little bigger.,neutral
20115,Joey,What?!,surprise
20115,Joey,Are you afraid you’re gonna run out?!,anger
20115,Joey,Cut me a real piece!,anger
20116,Ross,"Phoebe, oh my God! Wh-wh-what are you doing here?",surprise
20116,Phoebe,"I need to talk to you, it’s pretty urgent. It’s about Monica and Chandler.",neutral
20116,Ross,Oh my God!,surprise
20116,Ross,"Of course, of course.",neutral
20116,Ross,"Umm, would you please excuse me for a moment?",neutral
20116,Ross,"Umm, do you know each other’s hometowns?",neutral
20116,Ross,Why don’t you…   Wh-what’s going on?,fear
20116,Phoebe,"Well, umm, not much.",neutral
20116,Phoebe,"But, I was just thinking that since those guys just got engaged that maybe it would be nice if they had some privacy, y’know?",neutral
20116,Phoebe,"So, could I just move in with you for a couple days?",neutral
20116,Ross,"Umm, okay, yeah, sure. But wh-what’s wrong with Monica and Chandler?",neutral
20116,Phoebe,Nothing..Why?,neutral
20116,Ross,"Phoebe, you said it was urgent!",anger
20116,Phoebe,Oh yeah it is! I’m going to the movies and it starts in like five minutes.,neutral
20116,Ross,Do you realize I have a classroom full of students?,anger
20116,Phoebe,"Oh, I’m sorry. I’m so rude. Does anyone want to come to the movies?",neutral
20117,Ross,"Look, look, there’s got to be a way we can work past this.",sadness
20117,Ross,"Okay,  I can’t imagine, I can’t imagine my life without you.",fear
20117,Ross,"Without, without these arms, and your face, and this heart.",sadness
20117,Ross,"Your good heart Rach,  and, and....",sadness
20117,Rachel,No.,neutral
20117,Rachel,"I can’t, you’re a totally different person to me now.",sadness
20117,Rachel,"I used to think of you as somebody that would never, ever hurt me, ever.",sadness
20117,Rachel,"God, and now I just can’t stop picturing with her, I can’t,  it doesn’t matter what you say, or what you do, Ross.",sadness
20117,Rachel,"It’s just changed, everything.",sadness
20117,Rachel,Forever.,sadness
20117,Ross,"Yeah, but this can’t be it, I mean.",sadness
20117,Rachel,Then how come it is?,sadness
20118,Monica,"Windows are clean, candels are lit.",neutral
20118,Monica,"Uh, belt's to tight, gotta change the belt.",joy
20118,Monica,Did I turn the fish?,neutral
20118,Monica,"No, cause I made lasagne.",neutral
20118,Monica,Am I out of control?,anger
20118,Rachel,Just a touch.,neutral
20118,Rachel,"Mon, I don't understand.",neutral
20118,Rachel,"I mean, you've been dating this guy since like, what... his midterms?",surprise
20118,Rachel,"I mean, why all the sudden are you so... Oh.",surprise
20118,Monica,What?,neutral
20118,Rachel,Could tonight be the Night?,joy
20118,Monica,I don't know.,neutral
20118,Monica,Look he's a great guy and I love being with him but... you know.,joy
20118,Monica,"Things happen, and they happen.",joy
20118,Monica,You don't plan these things.,neutral
20118,Rachel,"So, did you shave your legs?",neutral
20118,Monica,Yeah.,neutral
20119,Joey,Ross!,anger
20119,The Casting Director,"Okay, Raymond, Joey you're up.",neutral
20119,Joey,Hi!,joy
20119,The Casting Director,"Okay, uh well, let's try one. Whenever you guys are ready.",neutral
20119,Joey,Uh-oh.,fear
20119,The Casting Director,Is there a problem?,neutral
20119,Joey,"Well this is noodle soup and uh, I've been working with tomato.",neutral
20119,Joey,"But that's okay, no problem.",neutral
20119,Joey,No problem.,neutral
20119,Joey,"Hmm, noodle soup.",neutral
20119,The Casting Director,"Y'know, that's-that's fine, but the line is, ""Hmm, soup.""",neutral
20119,Joey,"Oh, what did I say?",surprise
20119,The Casting Director,"Hmm, noodle soup.",neutral
20119,Joey,How's that different?  Oh! Yeah!,surprise
20119,The Casting Director,"All right, let's try one.",neutral
20119,Joey,"Hmm, noodle soup.",neutral
20119,The Casting Director,Okay. Let's do it again.,neutral
20119,Joey,Okay.,neutral
20119,Joey,"Hmm, soup.  I mean, noodle soup. I mean soup!",anger
20119,Raymond,COME ON!!!!,anger
20119,The Casting Director,Y'know what? We need to move on.,anger
20119,Joey,"No! No! I-I can do it one more time! See? Look!  Hmm, noodle soup. Damnit!",anger
20120,Rachel,Okay. Just give us a second. Ross!,neutral
20120,Ross,Yeah?,neutral
20120,Rachel,Give her some money.,neutral
20120,Ross,I really think they’re out of rooms.,neutral
20120,Rachel,"They’re not!! Ross, they’re just saving them for the important people!! Okay?! What-what if I was the president?!",anger
20120,Ross,"Well then we’d be in a lot of trouble, you don’t know where any countries are.",neutral
20120,Ross,Okay.,neutral
20120,Ross,"Uh, say would you umm… Would you mind checking again to see if any umm, private rooms may have  opened up?",neutral
20120,Nurse,This is a hospital.,neutral
20120,Rachel,Y’know what?,neutral
20120,Rachel,I’d have to say I really don’t care for your tone.,anger
20120,Rachel,And this is not the only hospital in this city and we have no problem to—Whoa!,anger
20120,Rachel,Oh gosh!,surprise
20120,Ross,What-what?,surprise
20120,Rachel,Ow! Ow! Contraction.  Ow-ow! Ow-ow!,surprise
20120,Nurse,Would you like to see a semi-private room?,neutral
20120,Rachel,"Yeah, it couldn’t hurt to look.",neutral
20121,Ross,"I'm just sayin' if dogs do experience jet lag, then, because of the whole um, seven dog years to one human year thing, then, when a dog flies from New York to Los Angeles, he doesn't just lose three hours, he loses like a week and a half.",neutral
20121,Kristin,That's funny. Who are they?,joy
20121,Ross,"The blond woman is my ex-wife, and the woman touching her is her... close, personal friend.",neutral
20121,Kristin,You mean they're lovers.,surprise
20121,Ross,If you wanna put a label on it.,neutral
20121,Kristin,"Wow, uh, anything else I should know?",surprise
20122,Rachel,"Oh God, Ross, I cannot do this.",sadness
20122,Ross,"Okay, quick and painful.",neutral
20122,Rachel,"Oh God... Okay. Alright. Alright. Okay. Ross, please don't hate me.",fear
20122,Ross,"Oh, what? What-what?",surprise
20122,Rachel,Y'know Marcel?,neutral
20122,Ross,...Yeah?,neutral
20122,Rachel,"Well, I kind of... I kind of lost him.",sadness
20123,Rachel,Hi Pheebs!,joy
20123,Phoebe,Hi!,joy
20123,Rachel,How are ya?,neutral
20123,Phoebe,Good.,neutral
20123,Rachel,"Umm Pheebs, remember when we were in the coffee house we decided that I was going to keep the uh, the cute guy’s cell phone?",neutral
20123,Phoebe,Yeah.,neutral
20123,Rachel,And remember how I said I was going to keep it in my purse so that if it rang I could just pick it up?,neutral
20123,Phoebe,Yeah!,joy
20123,Rachel,And do you remember going into my purse and stealing the phone?!,anger
20123,Phoebe,"Ooh, now you lost me.",fear
20123,Rachel,You stole the phone!,anger
20123,Phoebe,No I didn’t!,anger
20123,Rachel,"No? So you’re saying that if I called it, it wouldn’t ring?",anger
20123,Phoebe,"No. Umm, okay. But while you dial, let me show you the features of my new ringing handbag.  Oh, it does work!",fear
20123,Rachel,Phoebe!,anger
20124,Tag,It’s not here.,neutral
20124,Rachel,"Puzzler. A bit of a puzzle. Why don’t you um, check the copy room, maybe you left the contracts in there?",neutral
20124,Tag,How could I have left them in the copy room?,neutral
20124,Rachel,I don’t know Tag! How can your genitals make phone calls? Okay? It’s not a perfect world! Just go please.,anger
20124,Tag,Fine.,anger
20125,Joey,How ya doin'? Welcome. Good to see ya!,joy
20125,Stage Director,This will be your phone.,neutral
20125,Joey,"That's great. But uh, I'm not really expecting a lot of calls.",neutral
20125,Stage Director,No you answer it and take pledges.,neutral
20125,Joey,But I'm the host!,surprise
20125,Stage Director,"No, Gary Collins is the host. You'll be answering the phones.",neutral
20125,Joey,"You don't seem to understand. See, I was Dr. Drake Remoray.",neutral
20125,Stage Director,"Well, here's your phone doctor.",neutral
20126,Gunther,Hey guys.,neutral
20126,Monica,Hey Gunther. Hi.  I mean you’re going out on a date with the noisy guy upstairs?,surprise
20126,Phoebe,"Well, he’s very charming.",neutral
20126,Monica,"I know, he’s too charming, but if you two start going out, then it’s just gonna make it so much harder for me to hate him.",disgust
20126,Phoebe,"Well, you’re just gonna have to try.",neutral
20126,Monica,"Joey, where are the",neutral
20126,Joey,"I don’t know, Chandler is supposed to be passin’ ‘em around...",neutral
20127,Chandler,"Okay, ten blocks down. Five to go.",anger
20127,Monica,Oh wait! Stop! Stop! Stop!,joy
20127,Chandler,Oh I’m sorry! Do you need a break?,surprise
20127,Monica,My boots in tan! Hey! Can you get a little closer so I can see the price?,joy
20127,Chandler,I can see it from right here. It’ll cost you one husband.,joy
20127,Monica,"Okay, I’m sorry. I think I can walk the rest of the way now. Just-just give me my boots.",sadness
20128,Phoebe,Come on more!,anger
20128,Monica,Oh God!,joy
20128,Phoebe,"Yeah, you like that don’t you?",neutral
20128,Monica,Oh yeah right there!,joy
20128,Phoebe,You want it there? You take it there baby!,joy
20128,Monica,Uh Phoebe?,sadness
20128,Phoebe,"Yeah, say my name. Say it!  And now I’m going to cover you back up, and umm we’re never doing this again.",joy
20129,Kate,Happy?! Is that what I’m supposed to be Vic? Happy?,anger
20129,Joey,"Well, why don’t you tell me what you’re supposed to be!",anger
20129,Joey,Huh?,neutral
20129,Joey,Because I sure as hell can’t figure it out!,anger
20129,Joey,I talk to you and it’s nothin’.,neutral
20129,Joey,"You look at me, and nothin’.",neutral
20129,Joey,Nothing.,neutral
20129,The Director,"You guys make me fly! High! Okay, we’re gonna pick it up here, tomorrow.",joy
20129,Kate,"Well, that was ah...",neutral
20130,Monica,What?! What are you doing?!,surprise
20130,Chandler,Do you know what just happened?,anger
20130,Monica,Yeah. We-we had sex and then we fell asleep.,neutral
20130,Chandler,No. We were in the middle of sex…and,neutral
20130,Monica,"Nooo! No, that’s not true. No, best time ever! Yeah, you rocked my world!",joy
20131,Joey,"Don't worry, Chandler, it's not a globe of the United States.",neutral
20131,Phoebe,Hey you guys I'm gonna go out and take a walk.,neutral
20131,Ross,"Phoebe, why is your bag moving?",surprise
20131,Phoebe,"Oh, it's not!",neutral
20131,Rachel,"Seriously, it's moving!",surprise
20131,Joey,What the hell is in there?,surprise
20131,Phoebe,It's just my knitting that's all!  Yes! I knit this. I'm very good.,neutral
20132,Joey,There will come a time in each of your careers when you’ll have a chance to screw over another soap opera actor.,neutral
20132,Joey,"I had such an opportunity in the recent, present.",neutral
20132,Joey,"And I’m ashamed to say that I took it, I advised a fellow actor to play a role, homosexually.",sadness
20132,Joey,"Yeah, we both auditioned for the part, and uh, as it turned out, they ah, they liked the stupid gay thing and cast him.",anger
20132,Joey,"And now, he’s got a two year contract opposite Susan Luchhi, the first lady of daytime television, and me, me I’m stuck here teaching a bunch of people, most of whom are too ugly to even be on TV.",sadness
20132,Joey,"I’m sorry, I’m sorry, I’m sorry.",sadness
20132,Joey,Thank you.,neutral
20133,Phoebe,Rach?,surprise
20133,Rachel,I’ll be out in a second.,neutral
20133,Phoebe,Oh.  It’s just so unexpected! I…I uh…Boy I’ll tell you it’s just such an honor to be nominated for a,joy
20133,Rachel,"Honey, we have to go. Our reservations are at 8:00.",neutral
20133,Phoebe,in Reservations at 8:00 by Neil Simon.  Thank-thank you Neil. Thank you for the words.,neutral
20133,Rachel,"Okay honey, you can finish this later we’re gonna be late. We gotta go.",neutral
20133,Phoebe,"Please, don’t play the music. Just uh one more.",joy
20134,Rachel,I can't believe you don't want to know.,surprise
20134,Rachel,"I mean, I couldn't not know, I mean, if, if the doctor knows, and Carol knows, and Susan knows....",joy
20134,Monica,And Monica knows...,neutral
20134,Ross,"Wha, heh, how could you know, I don't even know!",surprise
20134,Monica,"Carol called me to thank me for the lasagna, I asked, she told me.",neutral
20134,Joey,So what's it gonna be?,joy
20134,Ross,"Wait—oh—hey—huh, oh great now he knows, and I don't know!",anger
20134,Monica,"I'm sorry, I'm just excited about being an aunt!",joy
20134,Joey,Or an uncle...,neutral
20134,Chandler,Hey Phoebe!,joy
20134,Ross,Hi Pheebs!,joy
20134,Rachel,Pheebs!,joy
20134,Phoebe,Fine!,anger
20134,Monica,"Phoebe, what's the matter?",neutral
20134,Phoebe,"Nothing, I'm sorry, I'm just, I'm out of sorts.",sadness
20134,Rachel,"Oh, right, that's me!",surprise
20134,Joey,"Hey, Chandler, that table place closes at 7, come on.",neutral
20134,Chandler,Fine.,neutral
20134,Monica,"Phoebe, what is it?",neutral
20134,Phoebe,"All right, you know Paolo?",neutral
20134,Ross,"I'm familiar with his work, yes...",neutral
20134,Phoebe,"Well, he made a move on me.",anger
20134,Joey,"Whoa, store will be open tomorrow!",surprise
20134,Chandler,"More coffee over here, please!",joy
20135,Phoebe,Hey.,neutral
20135,Joey,"Hey. What, what are you doing here?",surprise
20135,Phoebe,"Well, I-I thought a lot about what you said, and um, I realilized duh, all right maybe I was a little judgmental.",sadness
20135,Phoebe,"Yeah,  oh, but oh...",neutral
20135,Joey,"Look now, Phoebe remember, hey, their just fulfilling their Christmas....",neutral
20135,Phoebe,Destiny.,neutral
20135,Joey,Sure.,neutral
20135,Phoebe,Yes.,neutral
20135,Joey,All right.,neutral
20135,Phoebe,Okay.  Yikes! That one doesn’t look very fulfilled.,surprise
20135,Joey,"Oh, that’s, that’s ah, one of the old ones, he’s just taking it to the back.",neutral
20135,Phoebe,"You keep the old ones in the back, that is so ageist.",anger
20135,Joey,Well we have to make room for the fresh ones.,neutral
20135,Phoebe,"So, what happens to the old guys?",sadness
20135,Joey,"Well, they go into the chipper.",neutral
20135,Phoebe,"Why, do I have a feeling that’s not as happy as it sounds?  No! Nooooo!!!",fear
20135,Joey,Hey! Hey!!,surprise
20136,Monica,Light still out?,neutral
20136,Rachel,Yeah.,neutral
20136,Monica,Oh. Maybe they're- napping.,neutral
20136,Rachel,"Oh please, they're having sex.",sadness
20136,Monica and Phoebe,Shut up!,anger
20136,Rachel,"So, whaddya think George is like?",neutral
20136,Monica,I think he's shy.,neutral
20136,Phoebe,Yeah?,surprise
20136,Monica,Yeah. I think you have to draw him out. And then- when you do- he's a preppy animal.,neutral
20137,Ross,"Hi! Hi, I’m Ross, you don’t know me, but I’m a big, big fan of yours. I mean,",joy
20137,Isabella,Aren’t you with that girl over there?,neutral
20137,Ross,"Well, yeah, kinda.",neutral
20137,Ross,"Um, but that’s okay, see we have an understanding, um, see we each have this list of five famous people,  so I’m allowed to sleep with you.",neutral
20137,Ross,"No, no, no, it’s flattery.",joy
20137,Ross,"Oh no, no, no, wait, wait, Isabella.",joy
20137,Ross,"Don’t, don’t just dismiss this so fast.",fear
20137,Ross,I mean this is a once in a lifetime opportunity...,neutral
20137,Isabella,"Yeah, for you. Is that the list?",neutral
20137,Ross,"Um, yeah.",neutral
20137,Isabella,May I see it?,neutral
20137,Ross,"Um, no.",fear
20137,Isabella,Come on!,joy
20137,Ross,"But, okay.",neutral
20137,Isabella,I’m not on the list!,surprise
20137,Ross,"Um, see, but that’s not the final draft.",neutral
20137,Isabella,It’s laminated!,anger
20137,Ross,"Yeah, um, okay see, you were, you were on the list but my friend, Chandler  brought up the very good point that you are international, so I bumped you for Wynona Rider, local.",neutral
20137,Isabella,Y'know it’s ironic...,neutral
20137,Isabella,...because I have a list of five goofy coffee house guys and yesterday I bumped you for that guy over there.,neutral
20137,Ross,We’re just gonna be friends.,neutral
20138,Phoebe,Get out of here you lurker!  Go on! Get!,anger
20138,Chandler,Hey Pheebs!,joy
20138,Phoebe,Ohh! You made up!,surprise
20138,Monica,"Yeah, I couldn't be mad at him for too long.",neutral
20138,Chandler,"Yeah, she couldn't live without the Chan Love.",joy
20138,Phoebe,"Ohh, get a room.",disgust
20138,Monica,We have one.,neutral
20138,Phoebe,I know. Use it.,disgust
20139,Rachel,"Oh Mon, listen I have to ask!",surprise
20139,Rachel,"Okay, Joey Tribbiani invited me back to his apartment, now does he do this with a lot of girls?",neutral
20139,Monica,"Yeah, a lot. A lot, a lot!",neutral
20139,Rachel,"Ohh! And I’m one of them!! Wow! Oh, I just cannot believe this! I mean, Joey Tribbiani!",surprise
20139,Monica,"Well, y’know it’s none of my business, but aren’t you married?",neutral
20139,Rachel,Yeah. Oh I just wish we could not be married for a little bit! Y’know I just wish we could be like on a break!,anger
20140,Rachel,Ross! I think she is trying to make something happen with you to get back at me!,anger
20140,Ross,So that’s the only reason she could be here huh?,neutral
20140,Ross,It couldn’t have anything to do with the fact that-that maybe I’m a good listener and I uh I put on a,neutral
20140,Rachel,"Ross, I am telling you that she is using you to get back at me!",anger
20140,Ross,"I think I can take care of myself, I’ll talk to you later.",neutral
20140,Ross,Good-bye.,neutral
20140,Ross,Whoa!,surprise
20140,Ross,"Uh, that was your sister actually.",neutral
20140,Ross,She-she thinks that you’re just using me.,neutral
20140,Jill,So?,neutral
20141,Phoebe,I’m sorry.,sadness
20141,Phoebe Sr,What are you doing here?!,surprise
20141,Phoebe,"I-I, came to fill your ice cube trays.",neutral
20141,Phoebe Sr,What?!,surprise
20141,Phoebe,"Umm, okay, okay, look.",neutral
20141,Phoebe,I took this picture from your fridge.,anger
20141,Phoebe,"Okay, because I know that this is my Father.",anger
20141,Phoebe,"Yeah, this is Frank Buffay and you are standing right there next to him.",anger
20141,Phoebe,"Now, look I deserve to know where I came from.",anger
20141,Phoebe,All right?,anger
20141,Phoebe,So if you can help me find my Father then you should!,anger
20141,Phoebe,"Otherwise, you’re just mean!",anger
20141,Phoebe,"So, just tell me the truth!",anger
20141,Phoebe Sr,"All right, the man in the picture is Chuck Magioni.",neutral
20141,Phoebe,My Father is Chuck Magioni?,surprise
20141,Phoebe Sr,"No, no, that’s just Chuck Magioni, I-I sold him a house last year!",neutral
20141,Phoebe Sr,"And I’m very sorry, but I don’t know where your Father is, and that’s the truth.",sadness
20141,Phoebe,Oh.,sadness
20141,Phoebe Sr,"But umm, you’re right.",neutral
20141,Phoebe Sr,I think that a person should know where they come from.,neutral
20141,Phoebe Sr,"Wh-which is why I ah,  ahh,  okay.",neutral
20141,Phoebe Sr,I’m your mother.,neutral
20141,Phoebe,Heh?,surprise
20141,Phoebe Sr,"Y'know I wanted to tell you yesterday, but I just, I kinda felt all floopy, and...",sadness
20142,A Student,What’s happening to your accent?,surprise
20142,Ross,Come again?,surprise
20142,Ross,What’s-what’s this nonsense?,fear
20142,Ross,"All right, I’m-I’m not English.",sadness
20142,Ross,I’m from Long Island.,neutral
20142,Ross,"I was really nervous and the accent just uh, just came out.",sadness
20142,Ross,I’m sorry.,sadness
20142,Ross,"So, if we could just get back to the lecture.",neutral
20142,Ross,"Umm, were there any questions?",neutral
20142,Ross,About paleontology.,neutral
20142,Ross,"All right, look I was just trying to make a good first impression.",anger
20142,Ross,"Obviously, I screwed up.",sadness
20142,Ross,But what you guys think of me is really important because I’m-I’m hoping to get a permanent job here.,neutral
20142,Ross,So if you just give me another chance to make a good impression,neutral
20142,Rachel,Ross!! Are you crazy?! I am,anger
20142,Ross,"Well, hello Rachel!",surprise
20143,Chandler,"Where you going, Joe?",neutral
20143,Joey,For a walk.,neutral
20143,Chandler,Oh. You mind if I join you?,neutral
20143,Joey,"Actually, that will be long. You know, I really need to organize    my thoughts.",neutral
20143,Chandler,Your thoughts? Plural?,surprise
20143,Joey,"Allright, fine, I only have one thought! It's about the hot nanny,    I gotta see her!",joy
20143,Chandler,"I'm afraid I can't let you do that, Joe.",neutral
20143,Joey,Now YOU'RE telling me I can't see her??,anger
20143,Joey,You guys are killing me!,sadness
20143,Joey,She's forbidden fruit!,sadness
20143,Joey,"It's like ... like she's the princess and I'm the stable    boy ... Why are you doing this, huh?",sadness
20143,Joey,Did Ross tell you not to let me go over    there?,neutral
20143,Chandler,"Yes, as a matter of fact he did, so I can't let you go.",neutral
20143,Joey,Huh. Interesting. Now there are obstacles. Hot nanny and me against    the world. This is the kind of stuff great novels are made of.,anger
20143,Chandler,Great novels?,surprise
20143,Joey,Fine ... mediocre porn,neutral
20144,Rachel,"Okay, I think we can get the evaluation back before they see it, but we’re gonna have to get into Mr. Zelner’s office.",neutral
20144,Rachel,"Now, he doesn’t get in until 10, so he’s no problem, but his assistant, Betty, she comes in early to eat her breakfast at her desk.",neutral
20144,Tag,That’s kinda sad.,sadness
20144,Rachel,"Yeah, well Betty is kinda sad. Which is why I believe I can lure her away with these chocolates.  Now, while I distract her,",neutral
20144,Tag,Got it!,joy
20144,Rachel,Let’s roll!,joy
20144,Mr. Zelner,"Hello Rachel, you uh, got a minute?",neutral
20144,Rachel,"Yeah, sure Mr. Zelner, for you anything—minute. Okay. Fine.  Abort the plan, abort the plan.",neutral
20144,Mr. Zelner,"Uh actually, I’d like to speak with both of you.",neutral
20144,Rachel,"Okay. Uh, well can we, can we get you anything Mr. Zelner? Maybe some chocolates?",neutral
20145,Phoebe,"Cassie, are you finding everything okay in there?",neutral
20145,Cassie,Yeah! Thank you so much for letting me stay here.,neutral
20145,Phoebe,Oh! No problem! I,joy
20145,Cassie,What?,surprise
20146,Hoshi,You are iron.,neutral
20146,Hoshi,You are steel!,joy
20146,Hoshi,"Let me ask you something, how come when I call your computer support line, I have to wait an hour and a half?",anger
20146,Pete,"I told you, we’re adding new operators all the time. Could we concentrate on my training?",neutral
20147,Rachel,"I mean why, of all people would you want to go out with Chip?!",surprise
20147,Monica,"Look, you and I went to different high schools...",neutral
20147,Rachel,"Okay, that doesn’t help me, because we went to the same high school.",neutral
20147,Monica,"You went to one where you were popular, and you got to ride off Chip’s motorcycle, and wear his letterman jacket.",neutral
20147,Monica,I went to one where I wore a band uniform they had to have specially made.,sadness
20147,Rachel,They had to have that specially made?!,surprise
20147,Monica,It was a project for one of the Home Ec classes.,neutral
20147,Rachel,"Oh my God, they told us that was for the mascot!",surprise
20147,Monica,"Back then, I thought that I would never, ever get the chance to go out with a Chip Matthews, and now he’s-he’s called me up and asked me out.",surprise
20147,Monica,And the fat girl inside of me really wants to go.,joy
20147,Monica,I-I owe her this.,neutral
20147,Monica,I never let her eat.,neutral
20147,Rachel,"Oh, you go out with him.",neutral
20147,Monica,"Oh, really?!",surprise
20147,Rachel,"Yeah. Just, if it’s possible, could you leave him somewhere and go have sex with another guy?",neutral
20147,Monica,I’ll try.,neutral
20148,Joey,"Hey! Tall guy! Hey, listen, I wanted to talk to you about that girl that you’re dancing with.",neutral
20148,Joey,"Yeah, yeah, okay.",neutral
20148,Joey,"Uh, look buddy, I came with that girl, and I had this plan to kiss her at the new years countdown – I’m trying to win her over, so I was wondering if..",joy
20148,Joey,"Oh come on man, you can dance with my partner, she’s real, uh, mellow!",anger
20148,Joey,"Well, I was hoping after tonight that maybe I could you know",neutral
20149,Rachel,"Ross, get over it! It’s not like she hates you.",anger
20149,Ross,Yeah but,sadness
20149,Rachel,"Ross, she’s not weird, she just wants her stuff to be one of a kind.",neutral
20149,Ross,Huh. Y’know what’s not one of a kind? A twin!,anger
20149,Rachel,"Ooh, Phoebe’s here! Okay, let’s turn out all the lights and we’ll just watch the movie!",joy
20149,Phoebe,"Okay. Hey—Ooh, cool sheets!",joy
20149,Ross,"Oh, you like it? You wanna know where I got it?",joy
20149,Phoebe,Sure!,joy
20149,Rachel,He got it a flea market!,joy
20149,Phoebe,"You bought your sheets at a flea market? Ross come on, you gotta loosen the purse strings a little.",disgust
20150,Rachel,And Joey?,neutral
20150,Joey,How do you think she's doing?,neutral
20150,Rachel,Am I the only one who doesn't think that she's hot? Ross?,surprise
20150,Ross,"Eh, I mean, I mena she's not unattractive but hot? I ....",surprise
20150,Rachel,Thank you!,joy
20150,Chandler,Now that Rachel's gone?,neutral
20150,Rachel,So hot I cried myself to sleep last night.,sadness
20151,Monica,"Oh, god help us.",sadness
20151,Joey,What?,surprise
20151,Monica,Ugly Naked Guy's laying kitchen tile. Eww!,disgust
20151,Joey,"Eww! Look, I'm asking a favor here. If I do this for her brother, maybe Angela will come back to me.",disgust
20151,Joey,"I know, but, I made a huge mistake. I never should have broken up with her. Will you help me? Please?",sadness
20152,Ross,"So honey, this morning was fun, huh? Me hopping in on you in the shower there.",joy
20152,Carol,Yeah! And maybe someday we could get a place with two bathrooms.,joy
20152,Ross,"Look Carol umm, I was, I was thinking maybe uh, maybe we can spice things up a little.",neutral
20152,Carol,What do you mean?,surprise
20152,Ross,Carol our sex life is—it’s just not working,sadness
20152,Ross,Hey there little fella!,joy
20152,Ross,"Hey, uh-hey, why don’t we get some shoes on ya, huh?",neutral
20152,Ross,"Hey, why don’t you show dad how you can put your shoes on, in your room!",joy
20152,Ross,Yay!,joy
20152,Ben,Yay!,joy
20152,Ross,Yay!,joy
20152,Ross,"Seriously, our sex life… I was thinking, maybe I don’t know, we could try some-some new things.",neutral
20152,Ross,For fun?,neutral
20152,Carol,Like what?,surprise
20152,Ross,"Well I don’t know umm,  what if we were too tie each other up?",joy
20152,Ross,"Umm, some people eat stuff off one another.",neutral
20152,Ross,Nah!,disgust
20152,Ross,"Umm, y’know we-we could try dirty talk?",neutral
20152,Ross,"Umm, we could, we could have a threesome.",neutral
20152,Carol,I love that idea!,joy
20153,Rachel,So who’s idea was it to put everybody in the diner on skates?,neutral
20153,Monica,"Oh, some idiot customer put a suggestion in the suggestion box.",anger
20153,Phoebe,"Oh my God, they took my idea!",surprise
20153,Monica,That was you?!,surprise
20153,Phoebe,"Yeah! Okay, here you go.",joy
20153,Gunther,"Rachel, I made you a cocoa.",neutral
20153,Phoebe,"Oh my God, are you guys okay?",surprise
20153,Gunther,Are you all right?,surprise
20153,Joey,Oh my.,surprise
20154,Rachel,Sit!,anger
20154,Joshua,Hi.,neutral
20154,Rachel,"Oh my gosh, Joshua!",surprise
20155,Joshua,All those things I said about not being ready,neutral
20155,Rachel,They’re not true?,fear
20155,Joshua,"No, they’re-they’re all true.",neutral
20155,Rachel,Oh.,joy
20155,Joshua,But,neutral
20155,Rachel,"Oh! Oh, I love that but.",surprise
20155,Rachel,You wanna go inside and have some coffee?,neutral
20155,Joshua,Yeah.,neutral
20155,Rachel,Okay.  Every time.,neutral
20156,Monica,"What, Phoebe, did you whip the potatoes? Ross needs lumps!",anger
20156,Phoebe,"Oh, I'm sorry, oh, I just, I thought we could have them whipped and then add some peas and onions.",sadness
20156,Monica,Why would we do that?,surprise
20156,Phoebe,"Well, 'cause then they'd be like my mom used to make them, you know, before she died.",sadness
20156,Monica,"Ok, three kinds of potatoes coming up.",neutral
20156,Rachel,"Ok, good-bye you guys. Thanks for everything.  Oh, sorry! Oh, sorry!",joy
20156,Chandler,The most unbelievable thing has happened. Underdog has just gotten away.,surprise
20156,Joey,The balloon?,neutral
20156,Chandler,"No, no, the actual cartoon character. Of course the balloon. It's all over the news. Right before he reached",neutral
20156,Rachel,"I can't, I gotta go.",neutral
20156,Chandler,Come on. An 80-foot inflatable dog let loose over the city. How often does that happen?,surprise
20156,Phoebe,Almost never.,anger
20156,Monica,Got the keys?,neutral
20156,Rachel,Ok.,neutral
20157,Monica,What d'you think?,neutral
20157,Joey,Lot of things.,neutral
20157,Rachel,Which one do you think she is?,neutral
20157,Teacher,May I help you?,neutral
20157,Monica,"Oh, no thanks, we're just here to observe.",neutral
20157,Teacher,You don't observe a dance class. You,neutral
20157,Rachel,What does she mean?,neutral
20157,Phoebe,I think she means  'You,neutral
20157,Monica,"Okay, d'y'see anybody you think could be me?",anger
20157,Teacher,People! Last time there were some empty yoghurt containers lying around after class. Let's not have that happen again!,anger
20157,Rachel,She could be you.,neutral
20157,Teacher,"Let's get started. Five, six, a-five six seven eight...",neutral
20157,Monica,"Okay, I'm not getting this!",anger
20157,Phoebe,I'm totally getting it!,joy
20157,Monica,Did you ever feel like sometimes you are just so unbelievably uncoordinated?,sadness
20157,Rachel,What? You just click when they click.,surprise
20157,Teacher,"Alright people, now everyone grab a partner.",neutral
20157,Phoebe,"Okay. And, my, dead, mother, says, you, are, it. I'm with Rachel.",neutral
20157,Monica,Great. It's gym class all over again.,disgust
20158,Rachel,"I'm not crazy, right? I mean, it was never like that.",surprise
20158,Barry,"Nooo, it wasn't.",neutral
20158,Rachel,"Ooh, and it's so nice having this little sink here...",joy
20159,Chandler,"Oh, ain't this nice? It's so quiet, I could just lie here all day.",joy
20159,Monica,I know,neutral
20159,Rachel,Open your drapes! Open your drapes!,joy
20159,Chandler,I'm so glad we've got adjoining rooms!,joy
20159,Monica,The sun is out!,joy
20159,Chandler,Hey! Remember when I had corneas?,anger
20159,Monica,"Ok listen, you go down to the pool and reserve the chairs, and I'll get the magazines and the lotion.",neutral
20159,Chandler,Ladies? Ross's speech is in 45 minutes.,neutral
20159,Ross,"Walls are pretty thin, guys!",anger
20160,Joey,"Hi uh, I’m Joey Tribbiani and with all do respect I’d like to donate some fluids.",joy
20160,Receptionist,"We’re actually at the end of one of our research cycles, so we’re not looking for applicants right now.",neutral
20160,Joey,"Oh that’s too bad. I’ve kinda been saving up.  Uh, are you sure there’s no studies I can participate in?",sadness
20160,Receptionist,"Well, here’s a schedule of what’s coming up.",neutral
20160,Joey,Thanks.  Well but this one starts now.,neutral
20160,Receptionist,"Oh that one is available now, but only identical twins are eligible. It’s a twins study.",neutral
20160,Joey,"But it’s $2,000.",surprise
20160,Receptionist,Sorry.,sadness
20160,Joey,Well how about this one? Testing the effects of Joey Tribbiani on attractive nurse receptionists.,neutral
20160,Receptionist,"We already got the results back on that on, and they’re not good.",joy
20161,Monica,Hey! How’s it goin’?,neutral
20162,Phoebe,"Well, not much has changed in the last five minutes.",neutral
20162,Monica,Yes it has! I made cookies!,joy
20162,Phoebe,Oh that’s all right. I’m still full from your homemade potato chips.,neutral
20162,Monica,But you should eat them now because they’re hot from the oven.,joy
20162,Phoebe,Okay.,neutral
20162,Monica,"Oh-ho! But not in here! Can’t eat ‘em in bed, remember? No crumbies!",joy
20162,Phoebe,"Okay, I’ll be out in a second.",neutral
20162,Monica,Okay!,neutral
20162,Monica,What are you doing?,neutral
20162,Phoebe,That doesn’t lock does it?,neutral
20163,Monica,"You know, it still smells like monkey in there.",disgust
20163,Julie,That saves us a conversation.,neutral
20163,Chandler,"Well, listen, this has been great but I'm officially wiped.",neutral
20163,Joey,"Me too, we should get goin'.",neutral
20163,Stephanie,No.,neutral
20164,Monica,"Okay, here comes another camera.",neutral
20164,Ross,Right. No biggie. Stay loose.,neutral
20164,Ross,Why do they keep doing that?,neutral
20164,Monica,"If we wanna get on camera, I think we have to get up on one of those platforms.",neutral
20164,Monica,They’ve been taping those people up there all day.,neutral
20164,Ross,Right.,neutral
20164,Ross,"Hey, what’d you guys do to get up on there?",joy
20164,Monica,Oh yeah? Well when you learned how to dance did you forget how to put on underpants?,joy
20164,Ross,Yeah!,joy
20164,Janine,Hey! You’re a good dancer!,surprise
20164,Joey,Really?,surprise
20164,Janine,"Yeah, well you’d be better if you just loosened your hips a little.",neutral
20164,Joey,What do you mean?,neutral
20164,Janine,Like this.,neutral
20164,Janine,"That’s it, feel the rhythm. That’s better.",neutral
20164,Joey,Uh-huh.,neutral
20164,Director,"Okay, you’re dancing with that girl over there.",neutral
20164,Joey,No-no-no-no-no we came together!,joy
20164,Director,"I don’t see it.  You are dancing with the tall guy over there. Tall guy, raise your hand!",neutral
20164,Joey,"No-no hey buddy, please let me dance with that girl, I really like her and I think I have a shot.",sadness
20164,Director,"Really, y’think so? I don’t..",anger
20165,Rachel,Why aren’t you home yet?!,anger
20165,Monica,Is someone there?,anger
20165,Rachel,"Oh yes, it’s me! Sorry!",neutral
20165,Chandler,What are you doing here?,neutral
20165,Rachel,"Uh, I’m just, I’m just looking out your window. At-at the view. What are you guys doing?",neutral
20165,Chandler,We got some,neutral
20165,Rachel,"Oh, he brought her back to his apartment.",neutral
20165,Monica,Who?  Is that your sister?,surprise
20165,Rachel,"Ugh, she",neutral
20165,Monica,"God, Ross is on a date with your sister! How weird is that?!",disgust
20165,Rachel,"Oh my God, look-look he’s taking off her clothes!",sadness
20165,Chandler,He’s taking off her coat!,disgust
20165,Rachel,"Oh, this is just terrible.",disgust
20166,Elizabeth,Ross! Wait!,sadness
20166,Ross,"Elizabeth, thank God! I was just thinking about",joy
20166,Elizabeth,You suck!!,anger
20166,Ross,What?!,anger
20166,Ross,"Okay, break-up’s still on!",anger
20167,Joey,Hey.,neutral
20167,Ross,Hey.,neutral
20167,Joey,"Look, I understand if you came by to hit me, I deserve it.",sadness
20167,Ross,"No, I don’t want to hit you.",neutral
20167,Joey,Oh what then? Kick me?,anger
20167,Ross,No.,neutral
20167,Joey,What do I do?,surprise
20168,Katie,"Well, the delivery went out to you and I realized they forgot this.",neutral
20168,Ross,"Ah, must’ve been fairly obvious since it was the only thing left in your store.",neutral
20168,Katie,"Listen, to be honest, home deliveries are really a part of my job description.",neutral
20168,Ross,Oh.,neutral
20168,Katie,Oh uh…I actually came here to ask you out.,fear
20168,Ross,"Oh! Wow! Uh, yeah! That sounds great. I’m just gonna put this  back in my pocket, pretend",joy
20168,Katie,Sure!,joy
20168,Rachel,Horny bitch.  No! You’re a horny bitch! Noooo! You’re the horny bitch! No! You’re a horny bitch!,anger
20169,Rachel,Chandler!! You have the best taste in men!,joy
20169,Chandler,"Well, like father, like son.",neutral
20169,Rachel,Patrick and I had such a great time last night! I mean I think this could maybe turn into something serious.,joy
20169,Chandler,Really?! I-I thought you weren’t looking for something serious? I thought you were looking for some kind of a fling.,surprise
20169,Rachel,"Well, y'know, possibly.  You didn’t tell him that, though? Right?",fear
20169,Chandler,"Ummmmmmmm, no.",neutral
20169,Rachel,You told this guy that I was looking for a fling?! You don’t tell the guy that!,anger
20169,Rachel,"Oh, between you telling him that I wanted to have a fling and me putting out on the first date—oh, he’s so gonna get the wrong idea.",sadness
20170,Chandler,"Alright, so I'm back in high school, I'm standing in the middle of the cafeteria, and I realize I am totally naked.",neutral
20170,All,"Oh, yeah. Had that dream.",neutral
20170,Chandler,"Then I look down, and I realize there's a phone... there.",surprise
20170,Joey,Instead of...?,surprise
20170,Chandler,That's right.,neutral
20170,Joey,Never had that dream.,neutral
20170,Phoebe,No.,neutral
20170,Chandler,"All of a sudden, the phone starts to ring.",neutral
20171,Monica,Honey! Dinner’s ready!,joy
20171,Joey,What’s my little chef got for me tonight?,joy
20171,Monica,Your favorite!,joy
20171,Joey,"Ho-ho-ho,  fried stuff with cheese!",joy
20171,Monica,Yep! And lot’s of it!,joy
20171,Joey,Thanks sweetheart. Give me a little sugar here.  Okay.,joy
20171,Monica,"Okay, in we go.",joy
20171,Joey,Here we go! Here we go! Here we go!  How you doin’?,joy
20172,Monica,"Something went wrong with Underdog, and they couldn't get his head to inflate.",neutral
20172,Monica,"So anyway, um, his head is like flopping down Broadway, right, and I'm just thinking... how inappropriate this is.",joy
20172,Monica,"Um, I've got something in my eye, uh, Joey, could we check it in the light, please?",neutral
20172,Monica,Oh my god.,surprise
20172,Joey,What?,surprise
20172,Monica,Hello! Were we at the same table? It's like... cocktails in Appalachia.,anger
20172,Joey,"Come on, they're close.",neutral
20172,Monica,Close? She's got her tongue in his ear.,disgust
20172,Joey,"Oh, like you've never gotten a little rambunctious with Ross.",neutral
20172,Monica,"Joey, this is sick, it's disgusting, it's, it's—not really true, is it?",disgust
20172,Joey,"Well, who's to say what's true? I mean...",neutral
20172,Monica,"Oh my god, what were you thinking?",disgust
20172,Joey,"All right, look, I'm not proud of this, ok? Well, maybe I am a little.",neutral
20172,Monica,Oh!,surprise
20172,Joey,Ow!,surprise
20172,Monica,I'm outta here.,disgust
20172,Joey,"Wait, wait, wait. You want him, I want her. He likes you.",neutral
20172,Monica,Really?,surprise
20172,Joey,"Yeah. I'm thinking, if we put our heads together, between the two of us, we can break them up.",neutral
20173,Chandler,Hello! One marriage please!,joy
20173,Monica,"Yep, we wanna get married!",joy
20173,Monica,All right.,neutral
20173,Chandler,Dum! Dum-dum-dum! Dum! Dum! Dum! Dum-dum-dum!,joy
20173,Monica,What are you doing?,neutral
20173,Chandler,"Oh, that's",neutral
20173,Monica,"No, only because that's the graduation song.",neutral
20173,Chandler,Okay!  This is it!  We're gonna get married!,joy
20173,Monica,Are you sure you wanna do this?,neutral
20173,Ross,"Well, hello, Mrs. Ross!",joy
20173,Rachel,"Well, hello, Mr. Rachel!",joy
20173,Rachel,Wait!  Okay!,neutral
20174,Monica,Would you ever be a surrogate for anyone?,neutral
20174,Rachel,It depends on who asked.,neutral
20174,Monica,What if I asked?,neutral
20174,Rachel,"Oh, Mon, sure.",neutral
20174,Monica,Really?,surprise
20174,Rachel,Yes.  You’re not asking are you?,surprise
20174,Monica,No.,neutral
20174,Rachel,Yes! Totally!,joy
20174,Kathy,Oh! Thank you! Thank you! Thank you! Yes! Thank you!,joy
20175,Rachel,"You…are…not going to believe it! Joshua came into work today, and guess what happened?",joy
20175,Monica,He asked you out?!,surprise
20175,Rachel,No. But I was showing him some cufflinks and I felt his pulse.,joy
20175,Monica,Saucy!,joy
20175,Rachel,What are these?,neutral
20175,Monica,Electrical plans for the building.,neutral
20175,Rachel,"Okay, okay, okay should I be scared?",fear
20175,Monica,"I know that switch does something, okay?",neutral
20175,Monica,So-so I went down to city hall and got these.,neutral
20175,Monica,All I had to do was pay $25 and wait in line for three hours.,sadness
20175,Rachel,Wow! If only more people knew.,surprise
20176,Janice,Uh-oh-okay. Uh-oh-okay. I know what you all are thinking. But Chandler is in,neutral
20176,Rachel,Yeah! No that's what I was thinking.,neutral
20176,Janice,"So I'm asking you please, take a moment before you judge me.",neutral
20176,Phoebe,"Oh, nobody's judging you.",neutral
20176,Janice,"Oh! Okay!  You, Mister Right Place at the Right Time, call me!",joy
20177,Ross,Oh man!,surprise
20177,Ross,I want that place so much!!,joy
20178,Ross,I was so sure that was gonna work!,sadness
20179,Ross,There's twelve bucks I'll never see again!,disgust
20179,Rachel,"All right honey, we'd better go if we wanna catch that movie.",neutral
20179,Monica,Bye!,neutral
20179,All,Bye!,neutral
20179,Phoebe,Bye Chandler!   I miss you already.,sadness
20179,Chandler,"Okay, did you see that?! With the inappropriate and the pinching!!",disgust
20179,Monica,"Actually, I did!",surprise
20179,Chandler,"Okay, so now do you believe that she's attracted to me?",neutral
20179,Monica,"Ohhh, oh my God! Oh my God! She knows about us!",surprise
20179,Chandler,Are you serious?,surprise
20179,Monica,Phoebe knows and she's just trying to freak us out! That's the only explanation for it!,anger
20179,Chandler,Okay but what about y'know my pinchable butt and my bulging biceps—She knows!,anger
20180,Elizabeth,"Ross, umm, you've been in there for a long time. I'm starting to get kinda freaked out.",fear
20180,Ross,"All right, I'm coming out. Hey, can you turn the lights off.",neutral
20180,Elizabeth,"No, let's just leave the lights on.",neutral
20180,Elizabeth,Oh my God!,surprise
20181,Monica,"You wanna go right now? 'Cause I'll take you right now, buddy! You wanna go?",anger
20181,Ross,Oh fine.,neutral
20181,Monica,Ready?  Wrestle!,joy
20181,Rachel,"Okay, y'know what uh, actually, that's great. That helps a lot. Thanks.",neutral
20182,Joey,"All right now remember, something this big and long is going to be difficult to manuver, fortunately I have a lot of experience in that area.",neutral
20182,Ross,"Can we please focus here, a naked man’s life hangs in the balance!",fear
20182,Phoebe,I’m telling you he’s dead. What we are about to have here is a dead fat guy on a stick.,anger
20182,Joey,"All right, ladies and gentlemen, let’s poke.",neutral
20182,Joey,Steady.,neutral
20182,Joey,Steady.,neutral
20182,Joey,"Okay, a little higher.",neutral
20182,Joey,Careful of the angle.,neutral
20182,Joey,"Okay, okay, we’re approaching the window  Thread the needle.",neutral
20182,Joey,Thread the needle.,neutral
20182,Phoebe,He’s alive! He’s a-live!!!,joy
20182,Monica,"And yet, we’re still poking him.",disgust
20182,Joey,"Okay, retract the device, retract the device.",neutral
20182,Ross,He does not look happy.,anger
20182,Rachel,"Hey-hey, now he’s showing us his poking device.",surprise
20182,Joey,"Hey, that’s never gonna make it all the way over here, buddy!",anger
20183,Rachel,"Well they have uh, some unusual pet names for each other.",sadness
20183,Rachel,"Including umm, evil bitch and uh, sick bastard.",disgust
20183,Rachel,Oh God oh!,surprise
20183,Rachel,Contraction!,surprise
20183,Evil Bitch,Are you looking at her?!,anger
20183,Sick Bastard,No!,anger
20183,Evil Bitch,Don’t you look at her you sick bastard!,anger
20183,Sick Bastard,Honey I swear! I wasn’t looking at her!,fear
20183,Evil Bitch,She’s in labor! You like that you sick son of a bitch!,anger
20183,Ross,"Umm. Umm, I’m-I’m just gonna—",neutral
20183,Evil Bitch,See? See? It was because you were looking fat pervert!,anger
20183,Ross,"No-no, I’m…I’m sure no one was looking. Just want some privacy.",neutral
20183,Evil Bitch,You miss your girlfriend?,neutral
20183,Ross,Just ignore them.,neutral
20183,Rachel,Ross.,neutral
20183,Ross,What? What?,fear
20183,Rachel,He’s looking at me.,neutral
20183,Ross,Hey! You wanna live to see your baby?!,anger
20183,Evil Bitch,Don’t you talk to my husband like that you stupid bastard!,anger
20184,Phoebe,Pat Sajak?,neutral
20184,Rachel,Yep!,joy
20184,Phoebe,Alex Trebek?,neutral
20184,Rachel,"Oh, of course!",joy
20184,Phoebe,Chuck Woolery?,neutral
20184,Rachel,"Definitely! Phoebe, you will not find a single game show host, who’s ass I cannot kick.",joy
20184,Rachel,Say it!,joy
20184,Phoebe,Say we are unagi!,joy
20184,Ross,It’s not something you are! It’s something you have!,anger
20184,Rachel,Say it!,joy
20184,Ross,"Y’know what? I can easily get out of this, but there is a chance you can get very, very hurt!",anger
20185,Monica,"Hey, Rach, can I borrow your eyelash curler, I think I lost mine.",neutral
20185,Rachel,"Yeah, it's in there.",neutral
20185,Joey,Oh! Ohh! Oh!!,surprise
20185,Chandler,"Joey, can I talk to you for a second?",neutral
20185,Joey,Oohh!! Ohh! Oh-oh-oh! Oh-oh!!,surprise
20185,Joey,oooooooooooooohhhhhhhhhhh,surprise
20185,Chandler,Yes. Yes.,neutral
20185,Joey,You?!  And-and you?!,surprise
20185,Monica,"Yes, but you cannot tell anyone! No one knows!",joy
20185,Joey,How?! When?!,surprise
20185,Chandler,It happened in London.,neutral
20185,Joey,IN LONDON!!!,surprise
20185,Chandler,The reason we didn't tell anyone was because we didn't want to make a big deal out of it.,neutral
20185,Joey,But it is a big deal!! I have to tell someone!,surprise
20185,Chandler,No-no-no-no-no! You can't!,fear
20185,Monica,"Please? Please?! We just don't want to deal with telling everyone, okay? Just promise you won't tell.",fear
20185,Joey,"All right! Man, this is unbelievable! I mean, it's",surprise
20185,Monica,"I know, it's great!",joy
20185,Joey,"Aww, I don't want to see that!",disgust
20185,Phoebe,We're so stupid! Do you know what's going on in there? They're trying to take Joey!,sadness
20186,Julie,"And my second grade teacher was Ms. Thomas, and my first grade teacher was Mrs. Cobb.",neutral
20186,Rachel,"Mrs., Mrs. Gobb?",neutral
20186,Julie,"No Cobb, as in cobb salad.",neutral
20186,Rachel,"Now, what exactly is in a cobb salad?",neutral
20187,Chandler,What're we gonna do? What're we gonna do?,fear
20187,Joey,"Uh, uh, we'll flip for it. Ducks or clowns.",neutral
20187,Chandler,"Oh, we're gonna flip for the baby?",surprise
20187,Joey,You got a better idea?,neutral
20187,Chandler,"All right, call it in the air.",neutral
20187,Joey,Heads.,neutral
20187,Chandler,Heads it is.,neutral
20187,Joey,Yes! Whew!,joy
20187,Chandler,We have to assign heads to something.,neutral
20187,Joey,"Right. Ok, ok, uh, ducks is heads, because ducks have heads.",neutral
20187,Chandler,What kind of scary-ass clowns came to your birthday?,anger
20188,Joey,"Okay, some tricks of the trade.",neutral
20188,Joey,"Now, I’ve never been able to cry as an actor, so if I’m in a scene where I have to cry, I cut a hole in my pocket, take a pair of tweezers, and just start pulling.",neutral
20188,Joey,"Or ah, or, let’s say I wanna convey that I’ve just done something evil.",neutral
20188,Joey,"That would be the basic ‘I have a fishhook in my eyebrow and I like it’  Okay, let’s say I’ve just gotten bad news, well all I do there is try and divide 232 by 13.",neutral
20188,Joey,And that’s how it’s done.,neutral
20188,Joey,"Great soap opera acting tonight everybody, class dismissed.",joy
20188,Student,"Hey, Mr. Trib.",neutral
20188,Joey,Hey-hey.,joy
20189,Phoebe,Then I’m gonna have to ask you to keep it down.,neutral
20189,Mr. Heckles,Who are you?,surprise
20189,Eric,"Hi, I’m Eric, I’m gonna be Chandler’s new roommate.",neutral
20189,Mr. Heckles,I’m Chandler’s new roommate.,surprise
20189,Eric,I-I-I don’t think so.,surprise
20189,Mr. Heckles,I could be Chandler’s new roommate.,surprise
20189,Eric,"But, he told me over the phone.",surprise
20189,Mr. Heckles,He told me in person.,neutral
20189,Eric,That’s weird.,surprise
20189,Mr. Heckles,"Well, I’m going to go into my new apartment now.  Ehh!",joy
20190,Phoebe,Hey! Look who I found!,surprise
20190,Chandler,"Oh, hey guys!",joy
20191,Phoebe,"Y’know, birds have a very good sense of direction, and I thought maybe they could help us find where the presents are hidden.",neutral
20191,Chandler,"Yes, if the presents are hidden south for the winter.",neutral
20192,Phoebe,Or we could just follow your clever jokes – any ideas?,neutral
20193,Phoebe,Didn’t think so!,neutral
20194,Phoebe,"Okay, c’mon guys, show us where the presents are!",neutral
20194,Chandler,"Oh, the duck seems to think that Monica got me garbage! Hmm, I wonder what I could get Monica that’s as good as garbage?",anger
20194,Phoebe,"Hmm, how about my azzz?",neutral
20194,Rachel,"Hey, this is hollow.",neutral
20194,Phoebe,What?,surprise
20194,Rachel,"This bench, it’s hollow! I can’t believe I never knew that!  Oh, the presents!!!",surprise
20194,Phoebe,"No, don’t look directly at them!",fear
20194,Chandler,What?,surprise
20194,Phoebe,"Alright, no, we could look at them!",neutral
20194,Monica,I,neutral
20195,Ross,"Hi! I’m so glad you’re here, but it’s gonna be a while. I-I wished you’d called first.",joy
20195,Mrs. Geller,"Oh that’s all right, I’m coming back later with your father.",neutral
20195,Ross,Oh good.,joy
20195,Mrs. Geller,I actually needed to talk to you before the birth.,neutral
20195,Ross,"Okay, what’s up?",neutral
20195,Mrs. Geller,"I brought something that I want to give you, assuming of course that you want it.",neutral
20195,Ross,"Ma, you’re asking me to marry you?",surprise
20195,Mrs. Geller,"This is your grandmother’s engagement ring, I want you to give it to Rachel.",joy
20195,Ross,"Mom no, come on! Thank you.",surprise
20195,Mrs. Geller,Just hear me out!,fear
20196,Ross,"Maybe this would’ve happened if I’d been more nurturing, or I’d paid more attention, or I... had a uterus.",sadness
20196,Ross,I can’t believe this!,sadness
20196,Phoebe,"I know no, no, y'know you don’t deserve this, you don’t Ross.",sadness
20196,Phoebe,"You’re, you’re really, you’re so good.",sadness
20196,Ross,Thanks.,sadness
20196,Phoebe,And you’re so sweet.  And you’re kind,neutral
20196,Ross,Thanks.,sadness
20196,Ross,"Wait, wait, wait, wait, wait.",surprise
20196,Phoebe,"Okay, it’s okay.",neutral
20196,Ross,"Wait, wait, wait.",joy
20196,Ross,My foot is stuck in the pocket.,sadness
20196,Phoebe,What?,surprise
20196,Ross,"No, I can’t get it out.",sadness
20197,Mark,Rachel?,neutral
20198,Rachel,Yeah.  Hi Mark!,surprise
20198,Mark,"Hi. I just talked to Joanna, and she loves you. You got it, you got the job.",joy
20198,Rachel,"Oh, I did!",surprise
20198,Mark,Yes.,joy
20198,Rachel,Oh my God!!,surprise
20198,Joey,Congratulations...oh..wow,joy
20199,Chandler,I can’t believe I did this! What an idiot!,anger
20199,Monica,"Oh, stop beating yourself up!",sadness
20199,Monica,People make mistakes!,neutral
20199,Monica,These things happen!,neutral
20199,Monica,There aren’t any message you’ve forgotten to give me are there?,neutral
20199,Monica,Apparently you’re not very good at it!,anger
20199,Monica,I,neutral
20200,Earl,Philadelphia.,neutral
20200,Phoebe,"Oh my God! So was she! Oh, I’ve got-I’ve got goose bumps.",surprise
20200,Earl,Really?,surprise
20200,Phoebe,"Well, y’know I’m wearing layers and it’s warm.",neutral
20200,Joey,Yeah.,joy
20200,Phoebe,"But if—no look, okay. These jerks might not care about you, but the universe does! And that says a lot!",sadness
20200,Earl,Did you hear that?!,neutral
20200,Earl,I don’t need you guys to care about me!,anger
20200,Earl,Because the universe cares!,joy
20200,Earl,The whole universe!,joy
20200,Earl,I really wished they’d care just a little bit though.,sadness
20201,Ross,"I like this one.  It seems to say, ""I love you and that’s why I have to kill you.""",joy
20201,Monica,"They can’t all be bad.  Find the one where you make your bedroom eyes. Ohh, there it is.",joy
20201,Chandler,Oh my God! Those are my bedroom eyes?! Why did you ever sleep with me?,surprise
20201,Monica,Do you really want to pull at that thread?,surprise
20201,Phoebe,I’m having a really good time!,joy
20201,Kyle,Me too! I’m sorry that guy in the subway licked your neck.,sadness
20201,Phoebe,"Ohh. No that’s okay, he’s a friend.",neutral
20201,Kyle,"Hey uh, I don’t mean to be presumptuous but I have these two tickets to the ballroom dancing finals tomorrow night if you want to go?",fear
20201,Phoebe,"Yeah, I… Well y’know I-I mean I missed the-the semi-finals, so I’d just be lost.",sadness
20201,Kyle,"I know it’s really lame, but I got these tickets from my boss and—Oh no! No! No! My God!",surprise
20201,Phoebe,"Okay, don’t freak out. I’ll go.",neutral
20201,Kyle,"No it’s… Uh, my ex-wife Whitney is out there. I cannot deal with her right now. That woman is crazy!",anger
20201,Phoebe,"Okay, I know. Hold on.  Hey Ross?",neutral
20201,Ross,Yeah?,neutral
20201,Phoebe,"Yeah, umm that’s Whitney , Kyle’s ex-wife out there, now do you think that you can y’know divert her so that we can slip out?",neutral
20201,Ross,What?! No!,surprise
20201,Phoebe,Well okay but I have two tickets to the ballroom dance finals.,neutral
20201,Ross,"Look, I don’t think so Pheebs.  All right, I’ll do it. But just because you’re a friend.",neutral
20202,Chandler,"Well, I-I-I'm done with this. You want anything Ross? Sports? International? Apartment listings?",neutral
20202,Ross,I'll take sports.,neutral
20202,Joey,Mine!,neutral
20202,Ross,"All right. Uhh, international.",neutral
20203,Ross,"Okay, look, I-I know what you guys are going to say",neutral
20203,Phoebe,You two will have very hairy children.,disgust
20203,Ross,"Okay, I didn't know you would say that.",surprise
20203,Rachel,Ross! Janice?!,anger
20203,Joey,"All right, hold on!",neutral
20203,Joey,Hold on.,neutral
20203,Joey,Hold on.,neutral
20203,Joey,"This is Ross, okay?",neutral
20203,Joey,He's our friend.,neutral
20203,Joey,He obviously went crazy.,anger
20203,Joey,He obviously lost his mind.,anger
20203,Phoebe,So are you actually gonna see her again?,neutral
20203,Joey,Phoebe! Don't put ideas in his head!,anger
20203,Joey,Damnit Phoebe!!,anger
20204,Ross,"Hey, don’t we have to...",neutral
20204,Chandler,"Yeah, we got, um-hmm.",neutral
20204,Phoebe,"Umm, I think you’re really, really great...",joy
20204,Robert,Oh God!,sadness
20204,Robert,Here we go again.,sadness
20204,Robert,Why does this keep happening to me?,anger
20204,Robert,Is it something I’m putting out there?,sadness
20204,Robert,Is this my fault?,sadness
20204,Robert,Or am I just nuts?,sadness
20204,Phoebe,"I-I-I-I-I don’t know, I don’t know what to say.",surprise
20204,Gunther,"Hey buddy, this is a family place, put the mouse back in the house.",disgust
20205,Joey,Wait!,sadness
20205,Joey,Terry!,sadness
20205,Joey,Please!,sadness
20205,Joey,"Look, I just lost my other job.",sadness
20205,Joey,Okay?,neutral
20205,Joey,You have no idea how much I need this.,sadness
20205,Joey,"Please, help me out, for old times sake.",sadness
20205,Nurse #1,This poor guy’s been in a coma for five years. It’s hopeless.,sadness
20205,Nurse #2,"It’s not hopeless! Dr. Stryker Ramoray’s a miracle worker. Look, here he comes.",joy
20205,Dr. Stryker Ramoray,"Good morning.  Drake, it’s your brother Stryker. Can you hear me?",neutral
20205,Joey,I’m back baby! Ha-ha-ha!,joy
20206,Monica,That kid really kicked me hard on the plane.,anger
20206,Chandler,Well you did pull his hair.,neutral
20206,Monica,He took my snack!,anger
20206,Chandler,I’m not getting into this again!,anger
20206,Monica,"Okay! Oh God, y’know what? It’s really bad.",sadness
20206,Chandler,"Well, I told you not to walk. Here.  There. Okay.",anger
20206,Monica,"This doesn’t mean anything, does it?",fear
20207,Joey,Of course! Only an idiot would wear this stuff if you didn’t have the car! Right?,anger
20207,Chandler,That is true.,neutral
20207,Phoebe,"Yeah, but only a genius would swallow a sonic blaster gun.",neutral
20207,Joey,"Oh, I’ve been there. Yeah, I am gonna go drive my Porsche.",neutral
20207,Monica,"Joey, you know you don’t actually have one.",neutral
20207,Joey,Come on! What are you doing?! I’m in character! Would you talk to her!,sadness
20207,Chandler,"Ahh, I think it just moved. It’s really poking me.",anger
20207,Monica,"All right, that’s it, we’re going to the emergency room.",neutral
20207,Phoebe,"What?! No, you can’t, you can’t leave me here with them! We’re baby-sitting!",anger
20207,Monica,"The babies are asleep, I’m sure you’ll be okay on your own for a while!",neutral
20207,Phoebe,But you-you can’t leave me with them! We-we’re a team! We’re playing a zone! They’re gonna triple team me!,anger
20207,Monica,"He’s got something plastic lodged in his throat, we’ve got to go to the hospital.",fear
20207,Phoebe,"But no, because a doctor won’t be able to help him, it’s just gonna y’know naturally pass through his system in like seven years.",neutral
20207,Chandler,I think that’s gum.,neutral
20207,Phoebe,I’m pretty sure it’s gun.,neutral
20207,Chandler,"Okay, listen this really hurts. Let’s go.",anger
20207,Phoebe,"A real man wouldn’t just run to the hospital!  No! What would, what would Krog do?",anger
20207,Ross,That was the only way I could get him to,neutral
20207,Joey,Hi! How are the Gellers?,neutral
20207,Rachel,Don’t call us that!,anger
20207,Ross,The judge wouldn’t let us get an annulment! Now we gotta get a divorce!! Did a Porsch throw up on you?,anger
20207,Joey,Hey! It’s Porsche!!,anger
20208,Monica,Hey sweetie!,joy
20208,Chandler,Hey!,joy
20208,Chandler,There’s no back to this couch!,surprise
20208,Monica,Why are you reading this? You hate this kind of stuff.,surprise
20208,Chandler,"Yeah I know, but I figured a shot y’know?",neutral
20208,Chandler,"Maybe one of those stories would make me cry and then you wouldn’t think I was y’know, all dead inside.",neutral
20208,Monica,"Oh that’s so sweet! Look Chandler I don’t care if you can’t cry, I love you.",joy
20208,Chandler,Oh that makes me feel so warm in my hollow tin chest.,neutral
20208,Monica,Stop it!,joy
20208,Chandler,"No, I mean, come on, seriously think about it, we get married, we’re up at the altar and I’m like this.",neutral
20208,Monica,"I won’t care, because I know you will be feeling it all in here.",neutral
20208,Chandler,Yeah?,neutral
20209,Ross,Of course he is!,joy
20209,Ross,"What, do you think I’d just use my son as-as an excuse?",joy
20209,Ross,What kind of father do you think I am?,anger
20209,Monica,"All right, sorry.",neutral
20209,Ross,I gotta go make a fake Ben.,neutral
20210,Monica,"The basket is totally empty! My God, the neighbors ate all the candy!",surprise
20210,Chandler,"Well, either that or uh",neutral
20210,Monica,Joey!!,anger
20210,Joey,Yeah?,neutral
20210,Monica,Did you eat all the neighbor candy?!,anger
20210,Joey,"Uh well yeah, that was the plan, but by the time I got to it there was only a couple of pieces left!",anger
20210,Phoebe,"Yeah, and they’ve been coming by all day. They love it!",joy
20210,Monica,They love my candy? Oh man!!! I’ve gotta go make more!!,joy
20210,Joey,"Hey Mon, you might wanna make some more lasagna too, because something might’ve happened to a huge chunk of it.",neutral
20210,Monica,Ross! The neighbors ate all my candy!!,joy
20210,Ross,Mine stole my newspaper! It’s like a,anger
20210,Phoebe,Sure!,neutral
20210,Ross,"Yeah, ever since you uh, told me that story about that bike I-I couldn’t stop thinking about it.",neutral
20210,Ross,"I mean, everyone should have a-a",neutral
20210,Phoebe,Oh my God Ross!!,surprise
20210,Ross,You like it?,joy
20210,Phoebe,I,neutral
20210,Ross,Yeah?,neutral
20211,Helena,Hello darlings.,neutral
20211,Chandler,And there’s daddy!,joy
20212,Phoebe,There he is! There he is!,surprise
20212,Monica,Where?,neutral
20212,Phoebe,Right- where we've been looking all night!,joy
20212,Rachel,He is so cute!,joy
20212,Monica,"Oh, George, baby, drop the towel!",joy
20212,All,"Yeah, drop it! Drop the towel! Please drop the——wowww.",joy
20213,Monica,"I've gotta tell you, Bob is terrific.",joy
20213,Angela,"Yeah, isn't he?",joy
20213,Monica,"It is so great to meet a guy who is smart and funny, and has an emotional age beyond, like eight.",joy
20213,Angela,You know what else? He's unbelievable in bed.,joy
20213,Monica,Wow. My brother never even told me when he lost his virginity.,surprise
20213,Angela,Huh. That's nice.,neutral
20214,Ross,"and the miracle was that that little bit of oil that should’ve just lasted just one day, burned for",neutral
20214,Ben,Eight whole days.,neutral
20214,Ross,"That’s right, and that’s why we celebrate Hanukkah today. The end.",joy
20214,Ben,Awesome!,joy
20214,Ross,Yeah?,surprise
20214,Chandler,My favorite part was when,neutral
20214,Ross,The Armadillo was actually not so,neutral
20214,Rachel,Hey!,joy
20214,Phoebe,Oh.,neutral
20214,Rachel,Wow! It looks like the Easter Bunny’s funeral in here.,surprise
20214,Ross,"Come on, come on, we’re-we’re-we’re lighting the candles!",joy
20214,Rachel,Oh.,neutral
20214,Phoebe,Oh.,neutral
20214,Phoebe,"Okay, I understand why",neutral
20215,Pete,"Yeah, sure. Good luck!",joy
20215,Monica,I’m quitting!! Woo-hoo!  I’m okay!! I’m all right!!,joy
20215,Phoebe,"Wow! That’s exciting, you went to Japan, made up a woman.",surprise
20215,Pete,What?,neutral
20215,Phoebe,"I’m just saying, this woman, I mean she’s fictitious. No?",surprise
20215,Pete,Why would you say that?,neutral
20215,Phoebe,‘Cause you’re still into Monica.,neutral
20215,Phoebe,"So you told her there was somebody else so she would agree to work with you, so ‘cause you figure oh if you spent a lot of time together, maybe something might happen, and...",neutral
20215,Pete,You’re good. You’re good!,joy
20215,Phoebe,"Yeah, no, I’m fairly intuitive and psychic. It’s a substantial gift.",neutral
20215,Pete,"Listen, can you promise me that you won’t tell her though?",fear
20215,Phoebe,"Absolutely, oh I promise. Tell her what?",neutral
20215,Pete,Thanks a lot.,neutral
20215,Phoebe,"No I’m serious. I mean I’m intuitive, but my memory sucks.",neutral
20216,Rachel,"Excuse me, pardon me, excuse me, excuse me, sorry. Hi.",neutral
20216,Man,"For God's sake, will you let it go? There's no Rachel!",anger
20216,Ross,"Oh, hey, hey, I got that.",neutral
20216,Julie,"Oh, thanks, sweetie.",joy
20216,Ross,No problem. I cannot wait for you to meet my friends.,joy
20216,Julie,Really?,surprise
20216,Julie,You don't think they'll judge and ridicule me?,fear
20216,Ross,"No, no, they will. I just... uh...",neutral
20216,Julie,Can't wait.,neutral
20217,Monica,Do I know you?,surprise
20217,Monica,"Oh my god, little Stevie Fisher? How've you been?",surprise
20217,Steve,"Good, good, I'm a lawyer now.",neutral
20217,Monica,You can't be a lawyer. You're eight.,surprise
20217,Steve,"Listen, it was nice to see you. I gotta run backstage.",joy
20217,Monica,"Uh, wait, backstage?",surprise
20217,Steve,"Oh, yeah, my firm represents the band.",neutral
20217,Ross,Ross.,neutral
20217,Chandler,Chandler.,neutral
20217,Steve,"Look, you guys wanna meet the group?",neutral
20217,Steve,Come on.,neutral
20217,Steve,"So, are you one of the ones who fooled around with my dad?",surprise
20218,Joey,Do you have any respect for your body?,disgust
20218,Ross,Don't you realise what you're-you're doing to yourself?,disgust
20218,Chandler,"Hey, y'know, I have had it with you guys and your cancer and your emphysema and your heart disease.",anger
20218,Chandler,"The bottom line is, smoking is cool, and you know it.",neutral
20218,Rachel,"Chandler? It's Alan, he wants to speak to you.",neutral
20218,Chandler,Really?,surprise
20218,Chandler,He does?,surprise
20218,Chandler,"Hey, buddy, what's up!",joy
20218,Chandler,"Oh, she told you about that, huh.",surprise
20218,Chandler,"Well, yeah, I have one now and then.",neutral
20218,Chandler,"Well, yeah, now.",neutral
20218,Chandler,"Well, it's not that big- ..well, that's true,.. Gee, y'know, no-one- no-one's ever put it like that before.",neutral
20218,Chandler,"Well, okay, thanks!",joy
20218,Rachel,"God, he's good.",joy
20218,Ross,If only he were a woman.,neutral
20218,Rachel,Yeah.,neutral
20219,Phoebe,"Oh, look look look.",surprise
20219,Phoebe,The last candle's about to burn out.,neutral
20219,Phoebe,"10, 9, 8, 7... ... negative 46, negative 47, negative 48....",neutral
20219,Ross,Thank you.,neutral
20219,Phoebe,Thanks.,neutral
20219,Ross,Kinda... spooky without any lights.,fear
20219,Joey,Bwah-hah-hah!,joy
20219,Ross,"OK, guys, guys? I have the definitive one. Mwwwooooo-hah-hah...",joy
20219,Ross,Oh.. oh... oh.,neutral
20219,Joey,"Hey Ross. This probably isn't the best time to bring it up, but you have to throw a party for Monica.",neutral
20220,Rachel,"All this stuff takes up a lot of room. Hey how uh, how serious are you about keeping Ben in your life?",neutral
20221,Charlie,You blew them away!,joy
20221,Ross,"Oh, I can't tell you how great it was to look at the crowd and see your face!",joy
20221,Ross,"I mean... uh, did you know you were  mouthing the words along with me?",neutral
20221,Charlie,I was,surprise
20221,Ross,"No, it's ok! Made me feel like a rock star!",joy
20221,Charlie,Oh my God!  I'm your,surprise
20221,Ross,I'd better not found you naked in my hotel room!,joy
20221,Ross,"Look, I took it too far!",joy
20222,Ross,"Okay, Monica: Right foot red.",neutral
20222,Monica,Could've played,neutral
20222,Chandler,Thanks.,neutral
20222,Ross,"Okay, Pheebs: Right hand blue. Good.",neutral
20222,Chandler,"Hello? Oh, uh, Rachel, it's the",neutral
20222,Rachel,"Oh, okay. Will you take my place?",neutral
20222,Chandler,"Alright.  Yes, this is Rachel.",neutral
20222,Rachel,Nooo!,surprise
20222,Rachel,Hello?,neutral
20222,Rachel,"Oh, yeah, no, I know, I-I haven't been using it much.",neutral
20222,Rachel,"Oh, well, thanks, but, I'm okay, really.",joy
20222,Ross,Green. To the green.,neutral
20222,Rachel,I've got magic beans.  Never-never mind.,neutral
20222,Chandler,"To the left, to the left- aww!",neutral
20222,Rachel,Ohhh... I'm fine.,neutral
20223,Joey,Hey!,joy
20223,Chandler,Please tell me you got the message!,fear
20223,Joey,What message?,neutral
20223,Chandler,"The actor playing Mac couldn’t do it, they needed to see you at 2 o’clock.",neutral
20223,Joey,What?! It’s 6 o’clock!,surprise
20223,Chandler,"Du-du-I wrote it, I wrote it on the board!",fear
20223,Chandler,"I wrote it on the board, then I went all over New York City looking for ya!",anger
20223,Chandler,I went to Ross’s!,neutral
20223,Chandler,I went to the coffeehouse!,neutral
20223,Chandler,I went to any place that they made sandwiches!,neutral
20224,Ross,"That’s the day you’re gonna die? See—darnit, I’ve got shuffleboard that day.",neutral
20224,Phoebe,That’s what you think.,neutral
20224,Monica,"Well, I mean what about friends of your grandmother’s? Wouldn’t they have the recipe?",neutral
20224,Phoebe,"Well, y’know I may have relatives in France who would know. My grandmother said she got the recipe from her grandmother, Nesele Tolouse.",neutral
20224,Monica,What was her name?,neutral
20224,Phoebe,Nestley Toulouse.,neutral
20224,Monica,Nestlé Toll House?,neutral
20224,Phoebe,"Oh, you Americans always butcher the French language.",neutral
20224,Phoebe,Yes!!  Oh.,surprise
20224,Monica,I cannot believe that I just spent the last two days trying to figure out the recipe and it was in my cupboard the whole time!,anger
20224,Phoebe,I know! You see it is stuff like this which is why  you’re burning in hell!!,anger
20225,Kim,"So, we're decided, no on plaid, yes on pink?",neutral
20225,Nancy,Absolutely!,joy
20225,Rachel,I am so on board!,joy
20225,Kim,Rachel didn't you just light that?,neutral
20225,Rachel,"Yeah, I did, but y'know what? I am really, really trying to cut back, y'know?  Good luck, Rach.",neutral
20225,Nancy,I've actually been thinking about quitting lately.,neutral
20225,Kim,"Oh sure, every Sunday night I'm telling myself I'm quitting but every Monday morning it's like",disgust
20225,Nancy,Tell me about it!,neutral
20225,Rachel,Well then let's just quit! We'll just quit! Let's all quit!,joy
20225,Kim,It does sound appealing.,neutral
20225,Nancy,"Oh, I never could do it.",joy
20225,Rachel,Oh but you could.,neutral
20225,Rachel,You can.,neutral
20225,Rachel,Absolutely!,joy
20225,Rachel,We can help each other out!,joy
20225,Rachel,We can get--what are those--those patches!,neutral
20225,Rachel,We could be like the Patch Sisters!,joy
20225,Kim,"Oh y'know, we really should quit. Okay, let's quit!",joy
20225,Rachel,Yes! Great! Give me those cigs! Give it! Give it!,joy
20225,Kim,My late husband gave me that lighter.  I'm not kidding.,sadness
20225,Rachel,Okay then!,joy
20226,Chandler,"Well, maybe it's a contest, y'know? Like, collect all five?",neutral
20226,Phoebe,"Does, um, anyone wanna see?",neutral
20226,All,Nooo..,disgust
20226,All,"Oh, hey, don't do that! Cut it out!",anger
20226,Rachel,It's worse than the thumb!,disgust
20226,Chandler,"Hey, this is so unfair!",anger
20226,Monica,"Oh, why is it unfair?",surprise
20226,Chandler,So I have a flaw!,anger
20226,Chandler,Big deal!,anger
20226,Chandler,Like Joey's constant knuckle-cracking isn't annoying?,anger
20226,Chandler,"And Ross, with his over-pronouncing every single word?",anger
20226,Chandler,"And Monica, with that snort when she laughs?",anger
20226,Chandler,"I mean, what the hell is that thing?",disgust
20226,Chandler,"...I accept all those flaws, why can't you accept me for this?",anger
20226,Joey,...Does the knuckle-cracking bother everybody?,anger
20226,Rachel,"Well, I-I could live without it.",neutral
20226,Joey,"Well, is it, like, a little annoying, or is it like when Phoebe chews her hair?",neutral
20226,Ross,"Oh, now, don't listen to him, Pheebs, I think it's endearing.",neutral
20226,Joey,"Oh,  ""you do, do you""?",anger
20226,Ross,"You know, there's nothing wrong with speaking correctly.",neutral
20226,Rachel,"""Indeed there isn't""... I should really get back to work.",joy
20226,Phoebe,"Yeah, 'cause otherwise someone might get what they actually ordered.",neutral
20226,Rachel,"Ohh-ho-hooohhh. The hair comes out, and the gloves come on.",anger
20227,Joey,Awww! Mel Torme died.,sadness
20227,Monica,"Joey, that paper’s like a year old!",neutral
20227,Joey,Aw! Does that mean the,sadness
20227,Ross,Hey.,neutral
20227,Joey,Hey.,neutral
20228,Phoebe,You're sure? You're absolutely sure?,neutral
20228,Monica,"Well, no. But, um, I bet she probably does.",neutral
20228,Phoebe,Probably?,neutral
20228,Phoebe,"Yeah, I don't like that word.",disgust
20228,Phoebe,Kind of what ‘probably’ really means.,neutral
20228,Phoebe,"Yeah, uh-huh.",neutral
20228,Phoebe,"Yeah, oh, ""Your mom probably won't kill herself,"" y’know?",anger
20228,Phoebe,"I'm sorry, but I'm not hanging all my hopes of Rachel and I living together on-on ""Probably!""",anger
20228,Phoebe,You gotta take care of yourselves!,neutral
20228,Phoebe,In,neutral
20228,Chandler,"Bing doesn't seem so weird now, does it?",neutral
20229,Janice,Yoo-hoo! Aaron Litman-Neurolic would like to say hello to his future bride.,joy
20229,Rachel,Ohhh!  Wow! He kinda takes your breath away doesn’t he?,joy
20230,Janice,He’s a keeper. How are you feeling?,neutral
20230,Rachel,"Oh, I’m fine.",neutral
20230,Janice,"Can I just say, I really admire what you’re doing. Just raising her all alone.",neutral
20230,Rachel,"Oh, I’m not doing it alone. I have Ross.",neutral
20230,Janice,"Oh, sure. Now. But what happens when he meets somebody else and gets married?",neutral
20230,Rachel,"Well then he gets a divorce, it’s Ross!",neutral
20230,Janice,"I’m telling you Rachel, listen to Janice. They all say they’re gonna be there until they start their real family.",neutral
20230,Rachel,Well I—That’s never gonna happen with Ross.,sadness
20230,Janice,"Oh well that’s what I thought about my first husband, now I’m lucky if my kid gets to spend the weekend with her father and the twins and little Ms. New Boobs.",disgust
20231,Phoebe,"And Tim I just wanna say, good luck here.",neutral
20232,Ross,Hey. Who’s that?,neutral
20232,Rachel,New people.,neutral
20232,Ross,What happened to the Disgustingtons?,neutral
20232,Rachel,They’re having their baby!,anger
20232,Rachel,It’s not fair Ross we got here first!,anger
20232,Rachel,Right after you left they wheeled her off into delivery.,neutral
20232,Rachel,Oh but not before she gave me a juicy shot of little Jamie just crowning away.,neutral
20232,Ross,"Wow! Sorry. So uh, how are the new people?",surprise
20233,Rachel,Phoebe?,neutral
20233,Phoebe,Yeah?,neutral
20233,Rachel,"Look at that guy by the window, wow!",surprise
20233,Phoebe,"He’s awfully short and I think he’s talking to himself. And to be completely honest, he’s not that good in bed.",neutral
20233,Rachel,"Oh, what is wrong with me lately?",sadness
20233,Rachel,I mean it’s like every guy I see—I mean look here.,neutral
20233,Rachel,"Look at that guy for example, I mean normally that’s not someone I would-would be attracted to, but right now, with the way I’m feeling, all I want to do is rip off his sweatpants and fanny pack.",neutral
20233,Phoebe,"Wait a second! This is about the fourth month of your pregnancy, right?",neutral
20233,Rachel,Yeah.,neutral
20233,Phoebe,"This is completely normal, around the fourth month your hormones start going crazy.",neutral
20233,Rachel,Really?! So this has happened to you?,surprise
20233,Phoebe,Oh absolutely yeah!,neutral
20233,Phoebe,"Oh and keep in mind, now, I was carrying triplets so in, y’know, medical terms I was-I was thrice as randy.",neutral
20233,Rachel,"Wow! This explains so much! Last weekend, I went from store to store sitting on Santa’s lap.",joy
20233,Phoebe,"Yeah. Yeah, I remember trying to steal a cardboard cutout of Evander Holyfield from a",neutral
20234,Joey,Ugh!,disgust
20234,Joey,I don’t know what I’m going to do!,fear
20234,Joey,I called the company that sent and th-they don’t care!,anger
20234,Joey,"Then I called 9-1-1 and they laughed at me, if this isn’t an emergency, then what is?",anger
20234,Ross,Hey guys!,joy
20234,Chandler,Hey!,joy
20234,Joey,Hey,neutral
20234,Ross,"I just wanted to thank you again for last night, what a great party!",joy
20234,Ross,And the guys from work had a blast.,joy
20234,Ross,"Y’know, one of them had never been to a bachelor party before.",joy
20234,Ross,Yeah!,joy
20234,Ross,"And-and another one had never been to a party before, so",surprise
20234,Joey,"So uh, hey, that uh, that wedding ring, huh? Man, that’s nice!",joy
20234,Ross,"Yeah, right!",joy
20234,Joey,"I was uh, I was thinking I might want to pick one of those babies up for myself, I might want to get one of those",neutral
20234,Ross,"That ring? When my grandmother first came to this country, that ring and the clothes on her back were all she had with her.",surprise
20234,Chandler,"So you might say, the ring is irreplaceable?",surprise
20234,Ross,"Oh absolutely! It has been in my family for generations, and every bride who has worn it has had a long and happy life.",joy
20234,Chandler,"So you might say, it’s a magic ring.",joy
20235,Ross,OH MY GOD!! I didn’t really believe it until you just said it!!,surprise
20236,Ross,Well obviously only one of us can keep dating her.,neutral
20236,Joey,"Obviously! So, how do we decide?",neutral
20236,Ross,"Well now let’s-let’s look at this objectively, I think I should date her",neutral
20236,Joey,Uh-huh. Uh-huh.,neutral
20236,Ross,"That’s interesting, but check this out. I date her",joy
20236,Joey,Yeah-yeah I like that but just to go in another direction,neutral
20236,Ross,"Okay, okay. This can go on for a while.",neutral
20236,Joey,Yeah well we should order some food then.,neutral
20236,Ross,"No Joey! Look why don’t, why don’t we just let her decide? Okay? Hey-hey, we’ll",neutral
20236,Joey,That sounds fair.,neutral
20236,Ross,Maybe I’ll take her to that new French restaurant down the street,neutral
20236,Joey,Ah yeah—wait a second now!,anger
20236,Joey,Look we’re gonna have to set a spending limit on the date.,neutral
20236,Joey,I don’t have the money to take her to a fancy place like that.,anger
20236,Ross,"Well sorry, that’s what I do on dates.",neutral
20236,Joey,"All right, well I guess I’ll just have to do what I do on dates.",neutral
20236,Ross,So let’s decide on the spending limit,neutral
20236,Joey,"Yeah. Uh, …a slice……six dollars?",neutral
20236,Ross,I was thinking more like a hundred.,neutral
20236,Joey,Okay. Can I borrow 94 dollars?,neutral
20237,Monica,"Hi, again.",neutral
20237,Joey,Hey!,neutral
20237,Chandler,Hey!,neutral
20237,Monica,"Thank you soo, much.",joy
20237,Chandler,"Oh, don’t thank me, thank the jerk that never showed up. Okay, I gotta get to get to work.",anger
20237,Monica,You want some help with that?,neutral
20237,Joey,"Oh, no thanks, I got it.  No I don’t!",neutral
20237,Monica,Whoa! Are you okay?,surprise
20237,Joey,"Whew! Stood up to fast, got a little head rush.",surprise
20237,Monica,It’s the heat.  And-and the humidity.,neutral
20237,Joey,"That’s a uh, that’s a tough combination.",neutral
20237,Monica,Do you wanna come in for some lemonade?,neutral
20237,Joey,Like you wouldn’t believe.  Wow! This is a great place.,surprise
20237,Monica,What do you mean?,neutral
20238,Phoebe,Remember how you said you were really dense about poetry? Oh.,neutral
20239,Joey,Oh!,surprise
20239,Joey,"Hey, somebody left their keys.",neutral
20239,Joey,"Ooohh, to a Porsche!",surprise
20239,Joey,"Hey Gunther, these yours?",neutral
20239,Gunther,"Yeah, that’s what I drive. I make four bucks an hour, I saved up for 350 years!",disgust
20239,Joey,Na-uh!  Hey did anybody lose their keys?,neutral
20239,Monica,"Joey, why don’t you put them in the lost and found?",neutral
20239,Joey,There’s a lost and found?  My shoe!,surprise
20239,Chandler,You left a shoe here?!,surprise
20239,Joey,"Well, I didn’t realize until I got home.",neutral
20239,Joey,I wasn’t gonna walk all the way back down here with one shoe!,neutral
20239,Joey,I’m gonna go find that guy’s car and leave a note on the windshield.,neutral
20239,Chandler,"Oh good, when he comes back for his keys, I’ll be sure to give him your shoe.",neutral
20239,Joey,Great! Thanks.,joy
20240,Carol,"Ok, and this is Funny Clown. Funny Clown is only for after his naps, not before his naps or he won't sleep.",neutral
20240,Ross,"Carol, we've been through this before, ok?",joy
20240,Ross,We have a good time.,joy
20240,Ross,"We laugh, we play.",joy
20240,Ross,It's like we're father and son.,joy
20240,Susan,"Honey, relax. Ross is great with him.  Don't look so surprised. I'm a lovely person.",joy
20240,Rachel,"Oh, this is so cute.",joy
20240,Susan,"Oh, I got that for him.",neutral
20240,Ross,My mommies love me. That's clever.,joy
20240,Monica,Hello?,neutral
20240,Monica,"Oh, Hi, Ju——Hi, Jew!",neutral
20240,Monica,Uh huh?,neutral
20240,Monica,Uh huh?,neutral
20240,Monica,"Ok.  Um, sure, that'd be great.",neutral
20240,Monica,See ya then.,neutral
20240,Monica,Bye.,neutral
20240,Rachel,"Did you just say Hi, Jew?",surprise
20240,Monica,"Yes. Uh, yes, I did. That was my friend, Eddie Moskowitz. Yeah, he likes it. Reaffirms his faith.",neutral
20241,Monica,Now there you go! I wouldn’t want my best guest to strain her eyes!,joy
20241,Phoebe,Thanks Monica!,joy
20241,Monica,Does that smell bother you?,disgust
20241,Phoebe,"What the smell from Joey’s? No, I can hardly smell it over here.",surprise
20241,Monica,"Well you let me know if you can, because y’know I can bake a pie to cover it.",neutral
20241,Phoebe,"I can smell it a little, bake the pie.",joy
20241,Monica,Okay!,joy
20241,Phoebe,Okay.,neutral
20241,Monica,"Hello?  Oh yes, one minute please.  It’s for you. It’s the fire inspector.",neutral
20241,Phoebe,Oh!  Hello?  Yeah this is Phoebe.  Really?!,surprise
20241,Joey,"Yeah, so it turns out that it wasn’t the hair straightener that started the fire.",neutral
20241,Joey,"No-no, it was the candles.",neutral
20241,Joey,It’s very not good leaving candles unattended.,neutral
20241,Joey,"In fact, one of the first things they teach you in fire school is…  Uhh… Uhh… Okay.",neutral
20241,Joey,"Well, I have to go now.",neutral
20242,Rachel,Joey proposed to me.,surprise
20243,Monica,Is he crazy?! You just had Ross’s baby!,surprise
20243,Rachel,"Well, I-I said yes.",fear
20243,Monica,What?!,surprise
20243,Monica,Are you crazy?,anger
20243,Monica,You just had Ross’s baby!,anger
20243,Monica,It’s-it’s so  inappropriate.,anger
20243,Monica,"No, it’s worse than that.",disgust
20243,Monica,It’s wrong.,disgust
20243,Monica,It’s… It is bigger than  mine!,surprise
20243,Rachel,I know.,neutral
20243,Monica,You can’t marry him!,sadness
20243,Rachel,Why not? I don’t want to do this alone! And he’s such a sweet  guy and he loves me so much.,sadness
20243,Monica,Well do you love him?,neutral
20243,Rachel,Sure.,neutral
20243,Monica,Sure?,neutral
20243,Rachel,"Yeah, I mean whatever.",neutral
20243,Monica,"Honey, the question is…do you really want to marry Joey?",sadness
20243,Rachel,"No. No, I don’t. Could you be a dear and go tell him?",sadness
20244,Phoebe,So-so you two were married huh? What happened? You just drift apart?,neutral
20244,Mrs. Geller,Here comes the bride.,joy
20244,Phoebe,Oh my God Monica!,surprise
20244,Monica,I wanna wear this everyday.,joy
20244,Rachel,You look so beautiful.,joy
20244,Monica,I’m so happy for me.,joy
20244,Rachel,Hello?,neutral
20244,Joey,Hey! Did Chandler show up yet?,fear
20244,Rachel,"Yeah, we got him back. Everything’s fine.",neutral
20244,Joey,Damnit!,anger
20245,Ross,"I will be! Listen, I don’t want you teaching my son that stuff anymore. Okay?",anger
20245,Rachel,Fine.,neutral
20245,Rachel,"Fine, but I’ll have you know that once I taught him that stuff he called me Fun Aunt Rachel.",anger
20245,Rachel,And I loved being Fun Aunt Rachel but I’ll go back to being Boring and Uncomfortable Aunt Rachel if that’s what you want!,anger
20245,Ross,"No that’s not what I want. Uh, I’m glad you guys were bonding but I",neutral
20245,Rachel,"Look he doesn’t have any brothers or sisters, somebody’s gonna have to teach him this stuff!",sadness
20245,Rachel,And I haven’t taught him anything that a normal 6-year-old doesn’t know anyway!,neutral
20245,Ben,Crap!!,anger
20245,Rachel,I gotta go!,neutral
20246,Monica,Look at that! Look at that! They’re going into the first class lounge! Do you know what they have in there?,surprise
20246,Chandler,No.,neutral
20246,Monica,Me neither! We have to get in!,surprise
20246,Chandler,Just act like you belong.,neutral
20246,Monica,Oh my God! Oranges!,surprise
20246,Chandler,Shh!  Nice to see you again.,neutral
20246,Airline Employee,"Uh sir, may I see your tickets please?",neutral
20246,Chandler,"Yes, of course.",neutral
20246,Airline Employee,"I’m sorry, would you move your thumb? I can’t see the seat number.",neutral
20246,Chandler,"Oh that’s all right, I have it memorized. It’s 1A.",neutral
20247,Rachel,Okay!,joy
20247,Rachel,Y’know what?,neutral
20247,Rachel,I realized it was stupid to get upset about not having a husband and kids.,joy
20247,Rachel,All I really needed was a plan.,neutral
20247,Rachel,See I wanna have three kids,neutral
20247,Phoebe,"Oh let me guess, and you wanna have them all at the same time and you wanna have them for your brother.",joy
20247,Rachel,As I was saying… I should probably have the first of the three kids by the time I’m 35 which gives me five years.,neutral
20248,Joey,You spent a hundred dollars. That’s the limit. You’re screwed!,joy
20248,Ross,"Uh actually, I sent the flowers before the actual date. So technically,",anger
20248,Joey,Oh-oh! So that’s the way it’s gonna be huh? Yeah I can break the rules too y’know!,anger
20248,Ross,Oh yeah? What are you gonna do?,anger
20248,Joey,I don’t know.,neutral
20248,Ross,Why am I not surprised?,disgust
20248,Joey,Y’know what Ross? I’m not gonna let you get away with this!,anger
20248,Ross,I don’t think you have much choice.,neutral
20248,Joey,Well we’ll see!,anger
20248,Ross,Bye-bye!,neutral
20248,Joey,Yeah bye-bye!  Hey! So just a light layer?,neutral
20248,Ross,Yes. Yes. Just here  and there .,neutral
20249,Ross,Dad?,neutral
20249,Mr. Geller,I’m here!,neutral
20249,Ross,Hey!,surprise
20249,Mr. Geller,"Hi. God, it seems like just yesterday you guys used to come out to watch me work.",joy
20249,Ross,"Dad, we-we can’t believe you’re selling the house.",sadness
20249,Mr. Geller,"Well, it’s time for a new family to start their memories here and hopefully their check will clear before they find the crack in the foundation and the asbestos in the ceiling.",neutral
20249,Ross,Let’s grab our stuff and get the hell out of here.,neutral
20249,Mr. Geller,I’m sorry we can’t store your childhood things anymore.,sadness
20249,Monica,"Oh, that’s okay, I can’t wait to see everything again! All of the memories",joy
20249,Mr. Geller,"Well, I don’t know what’s in the boxes down here, but I do know there are six or seven",neutral
20249,Monica,I used to,neutral
20249,Ross,"Yeah, not as much as you used to love to play uncooked batter eater.",neutral
20249,Monica,"Hey, it is unreasonable to expect a child to wait for a",neutral
20250,Ross,"Ok, got the vent open.",neutral
20250,Phoebe,"Hi, I'm Ben. I'm hospital worker Ben. It's Ben... to the rescue!",joy
20250,Ross,"Ben, you ready?",neutral
20250,Ross,"All right, gimme your foot.",neutral
20250,Ross,"Ok, on three, Ben.",neutral
20250,Ross,"One, two, three.",neutral
20250,Ross,"Ok, That's it, Ben.",neutral
20250,Susan,What do you see?,neutral
20250,Phoebe,"Well, Susan, I see what appears to be a dark vent. Wait. Yes, it is in fact a dark vent.",neutral
20250,Ross,"Phoebs, It's open! It's open!",surprise
20250,Janitor,Wait! You forgot your legs!,surprise
20251,Mr. Posner,"You have a very impressive resume, Ms. Green. I especially like what I see here about implementing a new filing system.",joy
20251,Rachel,Thank you.,joy
20251,Joanna,Filing system?,neutral
20251,Joanna,Oh-oh!,surprise
20251,Joanna,You mean those-those little colored labels you put on all the folders?,neutral
20251,Joanna,It certainly did brighten up the inside of the filing cabinets.,joy
20251,Rachel,"Well, they uh, they-they do more than that.",neutral
20251,Mrs. Lynch,I notice that you’ve been trusted with a lot of rather important responsibilities.,neutral
20251,Rachel,"Yes, Joanna really has been an incredible mentor to me.",joy
20251,Joanna,Oh. And Rachel has been really incredible in getting my morning bagel for me. It’s amazing how she gets it right almost,joy
20251,Rachel,"I-I-I of course, I have more responsibilities than that.",neutral
20251,Joanna,"Oh yes, well there’s the coffee too.  Rachel can carry two things at once!",joy
20251,Mr. Posner,"Yes, that’s very good. Now a uh, big part of this job is cultivating personal relationships, especially with designers.",neutral
20251,Rachel,"Yes, I realize that",neutral
20251,Joanna,"And Rachel shouldn’t have any problem with that. The only problem might be getting a little too friendly, if you know what I mean.",neutral
20251,Rachel,I love working with designers!,joy
20251,Joanna,"With them, under them, what’s the difference? Eh, Rach?",neutral
20252,Rachel,"Chandler, you have an assistant right?",neutral
20252,Chandler,Did she call? You-you told her I was sick right? Always tell her I am sick!,fear
20253,Monica,"Chandler, listen to me sweetie, I know you can do this. Okay? You have a beautiful smile.",neutral
20253,Chandler,I do?,surprise
20253,Monica,"Yeah!  All right, maybe you don’t have to smile. Let’s try something else. Let’s try umm, try looking sexy.",neutral
20253,Chandler,Okay.,neutral
20253,Monica,Or not.,neutral
20254,Phoebe,Where's Chandler?,neutral
20254,Chandler,Here I am.,neutral
20254,Phoebe,Wash your hands!!!,disgust
20254,Chandler,How did you…know?,surprise
20254,Ross,Hey! What's she doing back here?,surprise
20254,Monica,"Relax, Ross. She's not made of ice cream!",neutral
20254,Ross,"Hey look, Phoebe. I, uh, I laid out the states geographically...",neutral
20255,Monica,What happened in Atlantic City?!,surprise
20255,Ross,"Well, Chandler and I are in a bar",neutral
20255,Chandler,"Did you not hear me say, ""Du-ude?!""",anger
20255,Ross,"And this girl is making eyes at Chandler, okay?",neutral
20255,Ross,"So after awhile he-he goes over to her and uh, after a minute or two, I see them kissing.",neutral
20255,Ross,"Now, I know what you’re thinking, Chandler’s not the type of guy who just goes to bars and makes out with girls, and you’re right, Chandler’s not the type of guy who just goes to bars and makes out with…girls.",joy
20255,Monica,You kissed a guy?!! Oh my God.,surprise
20255,Chandler,"In my defense, it was dark and he was a very pretty guy.",anger
20255,Ross,"Oh Mon, I laughed so hard",joy
20255,Chandler,"Ho-ho, so hard we had to throw out your underwear again?",anger
20255,Ross,"Whatever dude, you kissed a guy.",neutral
20256,Rachel,"So umm, you’re gonna stay with me as long as I need you?",neutral
20256,Mrs. Green,Of course I am!,joy
20256,Rachel,"Oh mom, I swear I’m not an idiot.",neutral
20256,Rachel,"I’ve read all kinds of books on pregnancy and giving birth, but I-I just didn’t think to read the part about what to do when the baby comes.",neutral
20256,Rachel,And-and then guess what?,neutral
20256,Rachel,The baby’s coming and I don’t know what to do.,sadness
20256,Rachel,"Oh, can I throw up in my diaper genie?",sadness
20256,Mrs. Green,"No. Sweetie, you’re gonna be fine.",neutral
20256,Rachel,Wait-wait where are you going? Where are you going?,fear
20256,Mrs. Green,I’m going to the bathroom.,neutral
20256,Rachel,Okay.,neutral
20256,Mrs. Green,Now don’t worry! Everything’s gonna be okay.,neutral
20256,Monica,It,neutral
20256,Ross,Hey!,joy
20256,Phoebe,Hey! Why are you all red and sweaty?,surprise
20256,Ross,I just Bamboozled Chandler!  Which is not uh sexual thing. That was a quick shower.,neutral
20256,Phoebe,Not if you were here.,neutral
20257,Monica,"Okay, the reason why I asked you guys out to brunch today is because I have been doing some thinking about who should be my maid of honor.",neutral
20257,Rachel,Oh my God! This is it!   I really hope it’s you!,joy
20257,Phoebe,I hope it’s you.,neutral
20257,Rachel,Me too!,joy
20257,Monica,"First of all um, I love you both so much and you’re both so important to me",joy
20257,Rachel,"Okay, bla-bla-bla-bla!! Who is it?!",joy
20257,Monica,"Well umm, I was thinking that maybe we could come up with a system where we trade off being maid of honor for each other.",neutral
20257,Monica,"Like hypothetically, if Phoebe were mine",neutral
20257,Phoebe,Yes!!! Oh!!,joy
20257,Rachel,Hypothetically!,anger
20257,Phoebe,Still.,neutral
20257,Monica,If Phoebe were my maid of honor,neutral
20257,Monica,"Rachel would be Phoebe’s, I would be Rachel’s, that way we all get to do it once and no one would get upset.",neutral
20257,Rachel,Yeah that’s actually a pretty good idea.,neutral
20257,Phoebe,"Yeah, I’ll do that. So who gets to be yours?",neutral
20257,Monica,"Well that’s the best part. Umm,",neutral
20257,Phoebe,Wh-why is that the best part?,surprise
20257,Monica,Because then I don’t have to!,joy
20257,Rachel,Well of,neutral
20257,Monica,I’m really not deciding!,joy
20257,Rachel,Fine!,anger
20257,Phoebe,"Aww, and good luck to you too!  What a nice lady!",joy
20258,Chandler,"If you wanna give Joey a Christmas present that disrupts the entire building, why not get him something a little bit more subtle, like a wrecking ball, or a phial of small pox to release in the hallway?",neutral
20259,Monica,It's not just the drum noise.,neutral
20259,Monica,"Every five minutes, Joey throws his sticks in the air, and I have to hear, ""Oh my eye!",anger
20259,Monica,"Oh god, my eye!""",anger
20259,Monica,"I mean, it is so annoying.",anger
20259,Phoebe,"Yes, thank you. You see, this is how normal people are supposed to react to drums.",neutral
20259,Monica,"Phoebe, you got Joey drums to annoy Rachel, so she wouldn't wanna live there anymore?",surprise
20259,Phoebe,Maybe on some level.,neutral
20260,Rachel,Joey? Could you get that?  What are you doing here? I thought you were in your room?,surprise
20260,Joey,"No, I’m picking you up for our date. These are for you.",neutral
20260,Rachel,"Ohh, Lilies. Joey, they’re my favorite. Thank you.",joy
20260,Joey,"And, a brownie!",joy
20260,Joey,"Well, half a brownie.",neutral
20260,Joey,"Actually, it’s just bag.",neutral
20260,Joey,It’s been a long walk from the flower shop and I was startin’ to feel faint so,neutral
20260,Rachel,Oh man!,joy
20260,Rachel,This is so great!,joy
20260,Rachel,I actually feel like I’m going on a real date!,joy
20260,Rachel,"Although, I have a hint of morning sickness, and I’m wearing underwear that goes up to about……there.",neutral
20260,Joey,"Hey come on now, this is a real date.",neutral
20260,Joey,"Uh, so…nice place you got here.",neutral
20260,Joey,"Foosball, huh?",surprise
20260,Joey,Pizza box.,neutral
20260,Joey,"Oh, a subscription to",surprise
20260,Rachel,"Yeah, actually that’s my roommate’s.",neutral
20260,Joey,I would like to meet him. He sounds like a stand up guy.,neutral
20260,Rachel,"Ah yes, but he’s very protective of me so you’d better watch yourself.",neutral
20260,Joey,"Ah… Hey, so this roommate of yours…is he good looking?",joy
20260,Rachel,Hm-mmm,neutral
20260,Joey,"Oh yeah, it must be tough to keep your hands of him, huh?",neutral
20260,Rachel,"Yeah, but I’m pretty sure he’s gay.",neutral
20260,Joey,"No-no-no-no, he’s not! No! Why are you trying to ruin the game? Come on!",anger
20261,Rachel,Can you believe what a jerk Ross was being?,anger
20261,Monica,"Yeah, I know. He can get really competitive.",neutral
20261,Phoebe,"Ha. Ha, ha.",joy
20261,Monica,What?,neutral
20261,Phoebe,"Oh, hello, kettle? This is Monica. You're black.",neutral
20261,Monica,Please! I am not as bad as Ross.,disgust
20261,Rachel,"Oh, I beg to differ. The",neutral
20261,Monica,That was,neutral
20261,Rachel,Oooooh.  : Oh! I got an interview! I got an interview!,joy
20262,Ross,"Well, not playing raquetball!",surprise
20262,Joey,He forgot to leave his grip size!,surprise
20262,Ross,He didn't get the goggles!,surprise
20262,Rachel,"Well,sounds like you two have issues.",neutral
20262,Rachel,"Goodbye, baby.",neutral
20262,Paolo,"Ciao, bela.",neutral
20262,Ross,Do they wait for me to do this?,neutral
20262,Joey,So are you gonna tell him?,neutral
20262,Ross,Why would I tell him?,neutral
20262,Joey,"How about 'cause if you don't, his mother might.",neutral
20262,Monica,What are you guys doing here?,anger
20262,Joey,Uhhhh.... he's not even wearing a jockstrap!,surprise
20262,Monica,...What did I ask?,neutral
20263,Rachel,God. I feel violated.,disgust
20263,Monica,"Did anybody else feel they just wanted to peel the skin off their body, to have something else to do?",disgust
20263,Chandler,"Ross, ten o'clock.",neutral
20263,Ross,Is it? Feels like two.,sadness
20263,Chandler,"No,",neutral
20263,Chandler,"There's a beautiful woman at eight, nine, ten o'clock!",joy
20263,Ross,Oh. Hel-lo!,joy
20263,Chandler,"She's amazing! She makes the women that I dream about look like short, fat, bald men!",joy
20263,Monica,"Well, go over to her! She's not with anyone.",joy
20263,Chandler,"Oh yeah, and what would my opening line be? 'Excuse me. Blarrglarrghh.'",fear
20263,Rachel,"Oh, c'mon. She's a person, you can do it!",joy
20263,Chandler,"Oh please, could she",neutral
20263,Ross,He could never get a woman like that in a million years.,neutral
20263,Phoebe,"Oh, oh, but y'know, you always see these really beautiful women with these really nothing guys, you could be one of those guys.",neutral
20263,Monica,You could do that!,joy
20263,Chandler,You think?,surprise
20264,Chandler,"OK, that's enough of the view. Check this out, look at this. Sit down, sit down.",neutral
20264,Phoebe,OK.,neutral
20264,Chandler,"This is great!  Helen, could you come in here for a moment?",joy
20264,Chandler,"Thank you Helen, that'll be all.",neutral
20264,Chandler,"Last time I do that, I promise.",neutral
20265,Chandler,"I am so, so, so, so sorry!",sadness
20265,Monica,Uh-huh.,disgust
20265,Chandler,"And I will cook anything you want in here , and do anything in there!",fear
20265,Monica,"Yeah you will!  And, are you kiddin’ me?!",anger
20265,Chandler,"Come on Monica, it’s our Valentine’s Day. Please? Please-please, please?",sadness
20265,Monica,Okay.,neutral
20265,Chandler,Okay.,neutral
20265,Chandler,"So, are we going in there?",neutral
20265,Monica,I am!!,joy
20266,Ross,Wow!,surprise
20266,Ross,It actually is in the handbook.,neutral
20266,Ross,I can’t date you or have a hot plate in my office.,neutral
20266,Ross,I can’t believe we have to stop seeing each other.,sadness
20266,Elizabeth,For what it’s worth I did appreciate you standing up for me. It felt really nice. It kinda made me like you even more.,joy
20266,Ross,"I know, I know I really like you too. But we-we can’t date. It’s against the rules. It’s forbidden.",neutral
20266,Elizabeth,Wow!,surprise
20266,Ross,What?,surprise
20266,Elizabeth,"Just hearing you describe it as forbidden, it’s really hot.",joy
20266,Ross,Really?,surprise
20266,Elizabeth,Yeah.,neutral
20266,Ross,"Well I-I-I don’t care how hot it is it’s-it’s uh, it’s wrong.",joy
20266,Elizabeth,Stop it!,joy
20266,Ross,No! No! It’s wrong! It’s-it’s-it’s naughty. It’s taboo.,joy
20266,Elizabeth,Shut the book!,joy
20266,Ross,Let’s also get a hot plate!,joy
20267,Monica,"Rach, you’re in a great place in your life. Come on, you’ve got a great job! Good friends",joy
20268,Monica,Yeah! So-so when are you getting married?,joy
20268,Megan,"Oh I’m not, I just like to try these on.",neutral
20268,Rachel,I do the same thing.,neutral
20268,Megan,I’m just kidding. I’m getting married July 25,joy
20268,Rachel,I’m just kidding too.  I’m getting married in December.,joy
20268,Megan,So when are you getting married?,neutral
20268,Monica,Oh May 15,neutral
20268,Megan,Oooh it’s getting close!,joy
20268,Megan,"So uh, who’s your photographer?",neutral
20268,Monica,Jeffrey,neutral
20268,Megan,We met with him. Did he show you the photos of the nude wedding he did?,neutral
20268,Monica,The best man? Wow!,surprise
20268,Megan,"I know! I almost called off my wedding. Oh, who’s your band?!",joy
20268,Monica,"Oh, my fiancee wants the Swing Kings.",neutral
20268,Megan,"Oh, you’re so lucky. My fiancee wants the heavy metal band Carcass.",sadness
20268,Phoebe,"Ooh, is that spelled with a ‘C’ or a ‘K’? Oh my God! It doesn’t matter; they’re both great!",joy
20268,Rachel,Oh y’know what?,neutral
20268,Rachel,Now that you know what you want you should go to Kleinman’s and get it half off.,neutral
20268,Rachel,This place is so overpriced.,disgust
20268,Rachel,"So, does this  come in another color or",neutral
20269,Chandler,"I am telling you, years from now, schoolchildren will study it as one of the greatest first dates of all time.",neutral
20269,Chandler,It was unbelievable!,surprise
20269,Chandler,"We could totally be ourselves, we didn't have to play any games...",joy
20269,Monica,So have you called her yet?,neutral
20269,Chandler,Let her know I like her?,fear
20269,Chandler,"What are you, insane?",anger
20269,Chandler,It's the next day!,joy
20269,Chandler,How needy do I want to seem?,neutral
20269,Chandler,"I'm right, right?",neutral
20269,Joey and Ross,"Oh, yeah. Yeah. Let her dangle.",neutral
20269,Monica,I can't believe my parents are actually pressuring me to find one of you people.,surprise
20269,Phoebe,"Oh, God, just do it!  Call her! Stop being so testosteroney!",anger
20269,Chandler,"Which, by the way, is the real San Francisco treat.  I got her machine.",neutral
20269,Joey,Her answer machine?,neutral
20269,Chandler,"No, interestingly enough her leaf blower picked up.",neutral
20269,Phoebe,"So, uh, why didn't you say anything?",neutral
20269,Chandler,"Oh, no-no-no-no. Last time I left a spontaneous message I ended up using the phrase ""Yes indeedy-o.""",disgust
20269,Monica,"Look look! It's Rachel and Barry. No, don't everybody look at once!",surprise
20269,Ross,"Okay, okay, what's going on?",neutral
20269,Phoebe,"Okay, they're just talking...",neutral
20269,Ross,"Yeah, well, does he look upset? Does he look like he was just told to shove anything?",neutral
20270,Ross,"So, um, what do you do for a living?",neutral
20270,Kristin,"Well, um, for the past few years I've been working.....which is funny because, that wasn't even my major.",neutral
20270,Carol,Oh no. I thought you said they could shoot the spot without you.,neutral
20270,Susan,I thought they could...I'll try to get back as soon as I can. I'm sorry.,sadness
20270,Ross,Now that is funny.,neutral
20270,Ross,"Hey, do you think...would it be too weird if I invited Carol over to join us?",neutral
20270,Ross,"Cause she's, she's alone now, and pregnant, and, and sad.",sadness
20270,Kristin,I guess.,neutral
20270,Ross,Are you sure? Great. Carol? Wanna come over and join us?,neutral
20270,Carol,"Oh, no no no. I'm fine. I'm fine.",neutral
20270,Ross,Come on.,neutral
20270,Ross,These people'll scooch down.,neutral
20270,Ross,"You guys'll scooch, won't you?",neutral
20270,Ross,Let's try scooching!,joy
20270,Ross,Come on.,neutral
20270,Ross,Come on.,neutral
20270,Ross,"Uh, Kristen Riggs, this is Carol Willick.",neutral
20270,Ross,"Carol, Kristin.",neutral
20270,Ross,"Uh, Carol teaches sixth grade.",neutral
20270,Ross,"And, Kristin, Kristin......does something that, funnily enough, wasn't even her major!",joy
20271,Paul,Okay.,neutral
20271,Paul,When I was six years old.,neutral
20271,Rachel,Hm-mm,neutral
20271,Paul,I wanted a big wheel.,neutral
20271,Paul,And instead my parents got me this little plastic chicken that you hop around on.,anger
20271,Paul,"It was embarrassing, kids made fun of me.",sadness
20271,Paul,That was a pretty tough year.,sadness
20271,Rachel,That’s-that’s great!,joy
20271,Rachel,See?,neutral
20271,Rachel,I already feel like I know you a little better!,joy
20271,Rachel,Thank you.,joy
20271,Rachel,"Okay, come on.",neutral
20271,Rachel,Now we can go eat.,neutral
20271,Rachel,Let’s go.,neutral
20271,Paul,It was horrible. They called me chicken boy.,sadness
20271,Rachel,Oh!,surprise
20272,Joey,"Will you pick one, just pick one! Here, how about that one?",anger
20272,Chandler,That's patio furniture!,surprise
20272,Joey,"So what, like people are gonna come in and think, ""Uh-oh, I'm outside again?"" Of course!",neutral
20272,Chandler,What about the birds?,neutral
20272,Joey,"I don't know, birds just don't say, ""Hello, sit here, eat something.""",neutral
20272,Chandler,You pick one.,neutral
20272,Joey,"All right, how about the ladybugs?",neutral
20272,Chandler,"Oh, so, forget about the birds, but big red insects suggest fine dining!",anger
20272,Joey,"Fine, you want to get the birds, get the birds!",anger
20272,Chandler,"Not like that, I won't!  Kip would have liked the birds!",sadness
20273,Joey,Bijan for men?,neutral
20273,Joey,Bijan for men?,neutral
20273,Joey,"Bijan for...   Hey, Annabelle, Uh, listen, I was wondering if maybe after work you and I could go maybe grab a cup of coffee.",neutral
20273,Annabelle,"Oh, actually I sorta have plans.",neutral
20273,Hombre Man,"Ready, Annabelle?",neutral
20273,Annabelle,You bet.  Maybe some other time?,neutral
20273,Joey,"Hey, it's not the first time I lost a girl to a cowboy spraying cologne.  Bijan for men?  Bijan for men?!",sadness
20274,Chandler,That was amazing!,joy
20274,Monica,Phoebe and Gary are,neutral
20274,Chandler,That was amazing.,joy
20274,Monica,We are the hottest! Huh?,joy
20274,Chandler,"No, you're the best.",neutral
20274,Monica,"No, you're the best.",neutral
20274,Chandler,"No, you're the best.",neutral
20274,Monica,I,neutral
20274,Joey,Hey guys!  What 'cha been doin'?,neutral
20274,Monica,Hey Joey! Isn't that the girl that waved at you the other day?,neutral
20275,Joey,So what are you gonna do?,neutral
20275,Ross,"What can I do? One person wants to break-up, you break-up.",sadness
20275,Chandler,"Hey, no way! Come on, this is you guys, call her and work it out.",sadness
20275,Ross,"Oh come on, we just had this huge fight, all right, don’t I have to wait a while?",sadness
20275,Chandler,"Hey, this isn’t like swimming after you eat, pick up the phone!!",anger
20275,Chandler,Y'know that whole swimming thing is a myth.,neutral
20275,Joey,"Yeah, tell that to my Uncle Lenny.",neutral
20275,Chandler,Why? What happened to him?,neutral
20275,Joey,"Nothing, he’s just really believes in that.",neutral
20276,Dr. Zane,It looks like your uterus is ready for implantation.,neutral
20276,Phoebe,Oh! I knew it! I knew it! I felt really thick this morning.,joy
20276,Frank,"Well, okay, so what’s now—go get, go get the eggs, put ‘em in there.",neutral
20276,Dr. Zane,"Okay, it’ll take just a little while to prepare the embryos.",neutral
20276,Phoebe,"Embryossss? As in, ""More than one?""",surprise
20276,Dr. Zane,"Um-hmm, five actually.",neutral
20276,Phoebe,"Five? Okay, where am I giving birth, a hospital or a big box under the stairs?",neutral
20276,Dr. Zane,We do five because that gives you a 25% chance that at least one will attach.,neutral
20276,Phoebe,That’s it! 25 percent? That means that’s it’s like 75 percent chance of no baby at all!,surprise
20276,Frank,"Hey, y’know I was thinking, what are the odds like if-if, if you stuff like 200 of them in there?",neutral
20276,Alice,"Sweety, now, she’s a woman, not a gumball machine.",neutral
20276,Phoebe,"Okay, well y’know what, don’t worry you guys, ‘cause I’m-I’m gonna do this as many times as it takes to get it right.",neutral
20276,Frank,"Well, you see, the-the thing is, we-we only got, we kinda have one shot to make it right.",neutral
20276,Alice,"Umm, it costs $16,000 each time you do this.",neutral
20276,Alice,"So, umm, we’re kinda using all the money we have to do it just this one time.",neutral
20276,Phoebe,"Whoa!! That—okay, that’s a",disgust
20276,Dr. Zane,"No, I’m sorry.",neutral
20276,Phoebe,Wow! You guys really don’t know anything!,surprise
20276,Frank,I know! Why don’t you get drunk! That worked for a lot of girls in my high school.,anger
20277,Joey,Hey!,neutral
20277,Monica,Hey!,neutral
20277,Joey,You guys got anything to eat? I just went down to Johnos for some chicken and it was closed!,surprise
20277,Phoebe,"Oh, I took Larry there to eat but it was all violated. So we shut it down!",disgust
20277,Joey,"Pheebs, if this guy keeps closing down all of our favorite places, where are we gonna eat?!",anger
20277,Monica,"I don't know, clean places?",neutral
20277,Joey,"Mm, yum!",neutral
20277,Monica,It's Danny.,neutral
20277,Rachel,Don't let him in! I'm supposed to be at a regatta gala.,fear
20277,Monica,We'll be right there!  Can't you just say it starts later?,anger
20277,Rachel,What? What kind of a regatta gala starts at night?!,surprise
20277,Monica,The fake kind!,anger
20277,Danny,"Hey, hi, I need a ladle. You got a ladle?",neutral
20277,Monica,We have a ladle.,neutral
20277,Danny,"Thanks, see you at the party.",neutral
20277,Monica,"Okay, great!",joy
20277,Phoebe,"Hey, guys, you know what Larry would say? He would say, ""See you ladle.""",neutral
20278,Monica,You're so efficient. I love you!,joy
20278,Chandler,Let's go!,joy
20278,Monica,No-no-no! We need something old!,sadness
20278,Chandler,"Ohh, great, I have condom in my wallet I've had since I was twelve.",neutral
20278,Monica,That'll work!,joy
20278,Chandler,I don't think so.,neutral
20278,Monica,"Okay, now we just need something borrowed!",joy
20278,Chandler,Here just…take this.,neutral
20278,Monica,That's stealing!,sadness
20278,Chandler,"No, we'll-we'll bring it back! Just put it under your dress.",neutral
20279,Monica,Ohh.,joy
20279,Chandler,"Okay, one thing at a time.",neutral
20280,Barry,Sorry about that. So. What have you been up to?,neutral
20280,Rachel,"Oh, not much. I-I got a job.",joy
20280,Barry,"Oh, that's great.",joy
20280,Rachel,Why are- why are you so tanned?,surprise
20280,Barry,"Oh, I, uh- I went to Aruba.",neutral
20281,Monica,Noooo!  I'm lying. I am so drunk.,joy
20281,Rachel,"Oh God, oh.",anger
20281,Rachel,"Great, Monica, y'know what, you could've called, I have been up here, I've been worried...",sadness
20281,Rachel,Monica? Monica!,anger
20281,Monica,Water rules!,joy
20281,Rachel,"Yes, yes, it does. Okay, look, the restaurant called, they wanna know if you're gonna be showing up for work?",neutral
20281,Monica,Nope. Going to the,neutral
20281,Rachel,"Okay Monica, what are you doing? You're gonna lose your job! This is not you!",anger
20281,Monica,"No, it is me!",joy
20281,Monica,"Y'know, I'm not just the person who needs to fluff the pillows and pay the bills as soon as they come in!",anger
20281,Monica,"Y'know, when I'm with her, I am so much more than that.",joy
20281,Monica,I'm- I'm Monana!,joy
20281,Rachel,"Hello? Yes, she is, hold on a second, please. Monana, it's for you, the credit card people.",neutral
20281,Monica,Helloooo? Yeah. Oh my God. Thanks.,joy
20281,Rachel,What?,neutral
20281,Monica,They've arrested Monica.,sadness
20282,Joey,Note the painterly lines    and subtle impasto on this canvas. Monet painted quickly and usually outdoors    as his elusive subject was light itself.,neutral
20282,Ross,"Now, do you have any idea what you just said?",neutral
20282,Joey,"No, no, my mouth    says the words, my brain is thinking monster trucks!",neutral
20282,Ross,"Ok now, remember, when you get to the museum, Monet is not spelt    M-O-N-A-Y.",neutral
20282,Ross,I just...,neutral
20282,Ross,I wrote that out phonetically for you.,neutral
20282,Joey,Phonetically?,neutral
20282,Ross,"Yeah, yeah that means... you know? We just... we don't have time    for this.",neutral
20282,Ross,"Ok, but you know what? I gotta say, I'm really impressed that    you were able to memorize all this so quickly!",surprise
20282,Joey,"Ah! I'm an actor! I can memorize anything! Last week on ""Days""    I had to say ""Frontal temporal zygomatic craniotomy"".",joy
20282,Ross,Wow. What does,surprise
20282,Joey,No idea!,surprise
20282,Joey,"But the guy I said it to dies in the next scene so I    guess it means ""you're gonna get eaten by a bear"".",neutral
20282,Ross,Ok! So let's move on to the Renaissance?,neutral
20282,Joey,"Ok, Caravaggio uses chiaroscuro here to highlight the anguish    of the central figure. Touch it, it's really bumpy! .",neutral
20282,Ross,"Nah ah! Nah ah!  No no no! No ad-libbing    and dude, you can't",anger
20282,Joey,Come on! you...,neutral
20282,Ross,No!,anger
20283,Ross,Oh.  Oh-oh.,neutral
20283,Rachel,Hey!  What happened to you? Why didn’t you come up?,surprise
20283,Ross,Done!,joy
20283,Rachel,You just finished?,surprise
20283,Ross,"Well, I wanted to be thorough.",neutral
20283,Ross,"I mean this-this is clearly very, very important to you, to us!",joy
20283,Ross,"And so I wanted to read every word carefully, twice!",joy
20283,Rachel,"So umm, does it?",neutral
20283,Ross,I’m sorry.,sadness
20283,Rachel,Does it?,fear
20283,Ross,"Does it? Does it? Yeah, I wanted to give that whole ‘Does it?’ part just another glance.",neutral
20283,Rachel,"What are you talking about, Ross, you just said that you read it twice!",anger
20283,Rachel,"Look, y'know what, either it does or it doesn’t, and if you have to even",anger
20283,Ross,"No, Rach, no. I don’t, I don’t, I don’t",neutral
20283,Rachel,Are you sure?,joy
20283,Ross,"Oh, sure! I’m sure.",joy
20284,Russell,You got married again.,neutral
20284,Ross,Yes.,neutral
20284,Russell,So that’s your second marriage in two years.,neutral
20284,Ross,"Yes, second in two years. Third overall.",neutral
20284,Russell,"Ross, I have been a divorce attorney for 23 years and never had I so much business from one client.",neutral
20284,Russell,Why don’t you tell me what happened.,neutral
20284,Ross,"Basically, Rachel and I were in Vegas and we got drunk",neutral
20284,Russell,"I’m sorry, is this the same Rachel who’s name you said at the altar in the second marriage?",surprise
20284,Ross,"Yes-yes-yes! But, I-I do",neutral
20284,Russell,"Oh, that’s better then.",neutral
20284,Ross,This was just a drunken mistake and I need to get it annulled.,neutral
20284,Russell,I see. Have you considered therapy?,neutral
20284,Ross,I think just the,neutral
20284,Russell,There are a couple of forms to fill out.,neutral
20284,Ross,Easy.,neutral
20284,Russell,"And we’ll need to have witnesses who can testify that you were not of uh, sound mind.",neutral
20284,Ross,No problem.,neutral
20284,Russell,And we’ll need you and Rachel to testify before a judge.,neutral
20284,Ross,Ooh!,surprise
20284,Ross,There’s no way to do this without her?,surprise
20284,Ross,"‘Cause I kinda all ready told her uh, it was, it was already taken care of.",fear
20285,Ross,"So, Phoebs owes $7.50, Monica, you owe $10, and Rachel, you owe fifteen big ones.",neutral
20285,Joey,"But hey, thanks for teachin' us Cross-Eyed Mary. You guys, we gotta play that at our regular game.",neutral
20285,Phoebe,"Alright, here's my $7.50.  But I think you should know that this money is cursed.",neutral
20285,Joey,What?,surprise
20285,Phoebe,"Oh, I cursed it. So now bad things will happen to he who spends it.",neutral
20285,Chandler,"That's alright, I'll take it.",neutral
20285,Chandler,Bad things happen to me anyway.,neutral
20285,Chandler,This way I can break 'em up with a movie.,neutral
20285,Ross,"Well, that just leaves the big Green poker machine, who owes fifteen...",neutral
20286,Phoebe,You wanna do it right now?,neutral
20286,Julie,Great!,joy
20286,Phoebe,"Ok, I just wanna be really sure this time. Andie McDowell's the girl from",neutral
20286,Rachel,No. No no no no no. That's Rodney McDowell. Andie McDowell is the guy from,neutral
20286,Phoebe,"Oh, yeah. Ok, thank you.",neutral
20286,Rachel,You're welcome.,neutral
20287,Ross,is for me not to see you anymore.,sadness
20287,Rachel,That's crazy!,surprise
20287,Rachel,You can't do that!,surprise
20287,Rachel,What are you going to tell her?,sadness
20287,Rachel,Oh God.,fear
20287,Rachel,"Ohh, you already agreed to this, haven't you?",sadness
20287,Ross,"It's awful I know, I mean, I feel terrible but I have to do this if I want my marriage to work.",sadness
20287,Ross,"And I do, I have to make",sadness
20287,Rachel,Ohh! Lucky me! Oh my God! That,surprise
20287,Ross,You have no idea what a nightmare this has been. This is so hard.,sadness
20287,Rachel,"Oh yeah, really? Is it Ross? Yeah? Okay, well let me make this a just a little bit easier for you.",anger
20287,Ross,What are you doing?,surprise
20287,Rachel,Storming out!,anger
20287,Ross,"Rachel, this is your apartment.",neutral
20287,Rachel,"Yeah, well that's how mad I am!!",anger
20288,Joey,These little women. Wow!,surprise
20288,Chandler,"Your liking it, huh?",neutral
20288,Joey,Oh yeah! Amy just burned Jo’s manuscript. I don’t see how he could ever forgive her.,joy
20288,Ross,"Umm, Jo’s a girl, it’s short for Josephine.",neutral
20289,Phoebe,Chandler.,neutral
20289,Chandler,Hi.,neutral
20289,Frank,Hi.,neutral
20289,Phoebe,Joey.,neutral
20289,Joey,Hey-hey!,joy
20289,Frank,Hey.,neutral
20289,Phoebe,This is Monica.,neutral
20289,Frank,Whoa!,surprise
20289,Phoebe,And this is Rachel.,neutral
20289,Rachel,Hi!,joy
20289,Frank,Whoa!!,surprise
20289,Phoebe,I’m gonna get coffee.,neutral
20289,Frank,"Hey, how do you guys get anything done?",joy
20289,Chandler,"We don’t, really.",neutral
20289,Rachel,"Well, so, now, do you guys have a lot of big plans?",neutral
20289,Phoebe,"Oh yeah! Yeah, no, we’re gonna connect, y'know bond, and everything.",joy
20289,Frank,"Yeah, I was thinking that maybe we could go down to Time Square and pick up some ninja stars.",neutral
20289,Frank,"And, oh, um, my friend Larry, he wants me to take a picture of a hooker.",neutral
20289,Chandler,"You know, we don’t really take advantage of living in the city.",neutral
20290,Rachel,"Okay, Chandler!",neutral
20290,Chandler,Okay.,neutral
20290,Rachel,"And your horoscope says, ""On the fifth a special someone is going to give you a gift.""",joy
20290,Chandler,"Oh, well thank you in advance.",joy
20290,Rachel,"Op, but the twelfth brings a lover’s spat.",surprise
20290,Rachel,"Oh, wait and on the nineteenth a secret crush announces itself.",surprise
20290,Joey,Hey guys!,neutral
20290,Chandler,Hey!!,joy
20290,Rachel,Oh my God! It’s Joey Tribbiani of Mac and C.H.E.E.S.E.!!!!!!!,surprise
20290,Chandler,Oh that’s right. It’s your first day! So are you psyched to fight fake crime with your robot sidekick?,joy
20290,Joey,Am I psyched? The lead in my own TV series? I’ve dreamed about this for years! Why have I not been preparing?!,joy
20290,Phoebe,"No! Joey, you’re going to be great!",neutral
20290,Joey,"But I got to act with a robot Pheebs, and-and I don’t know anything about technology!",fear
20290,Joey,I can’t even use Chandler’s computer except to find porn!,anger
20290,Joey,And-and that’s only ‘cause it’s right there when you turn it on!,anger
20290,Monica,I think our lover’s spat will start a little early this month.,anger
20290,Phoebe,I’ll be waiting.,neutral
20291,Monica,"Now, this is last minute so I want to apologize for the mess. Okay?",joy
20291,Rachel,Oh my God! It sure didn’t look this way when I lived here.,surprise
20291,Monica,I know!,surprise
20291,Monica,"Now look, there’s only one problem though.",joy
20291,Monica,"There’s only room for one, so I guess one of you will have to stay at Joey’s.",neutral
20291,Phoebe,"Well, since the fire was kinda my fault I guess  you should get to stay here.",sadness
20291,Rachel,"Hey! Hey-hey, now this was no one’s fault Pheebs. Okay? It was an accident.",neutral
20291,Phoebe,"Well no, it was my fault so you should get the nice room.",neutral
20291,Rachel,Okay!,joy
20291,Monica,So Rach!,joy
20291,Monica,You’re the first guest at Hotel Monica!,joy
20291,Monica,"Umm, you’ll just have to tell me how you like your eggs in the morning.",neutral
20291,Monica,"And I thought I would bring them to you, y’know, in bed.",neutral
20291,Monica,"Oh, you have been through so much.",sadness
20291,Rachel,I have.,sadness
20292,Monica,This is just Bactine. It won't hurt.,neutral
20292,Joey,"Sorry, that was wax.",neutral
20292,Phoebe,"Oh, poor little Tooty is scared to death. We should find his owner.",sadness
20292,Ross,Why don't we just put 'poor little Tooty' out in the hall?,disgust
20292,Rachel,During a blackout? He'd get trampled!,sadness
20292,Ross,Yeah?,neutral
20293,Ross,"Ben, I want you to know that there may be some times when I may not be around, like this.",sadness
20293,Ross,"But I'll still always come back, like this.",neutral
20293,Ross,"And sometimes I may be away longer, like this.",neutral
20293,Ross,"But I'll still always come back, like this.",neutral
20293,Chandler,"And sometimes, I'll want you to steal third, and I'll go like this.",neutral
20293,Monica,He is so amazing.,joy
20293,Rachel,"Oh, I know. Look at him.",joy
20293,Joey,"Ben, Ben, hey Ben. Nothing. I don't think that's his name.",neutral
20293,Phoebe,"Oh, look, look, he's closing his eyes.  Look, he's opening his eyes.",joy
20293,Joey,"He doesn't do much, does he?",neutral
20293,Ross,"No, this is pretty much it.",neutral
20293,Rachel,You guys wanna get some coffee?,neutral
20293,All,Yeah.,neutral
20293,Ross,"All right, I'll see you guys later.",neutral
20293,Phoebe,"Oh, look, he's closing his eyes again.",neutral
20294,Ross,"Come on, they're gonna love you.",joy
20295,Chandler,"Well, thank you for lunch.",neutral
20295,Rachel,"What? Wait a minute, I didn’t pay, I thought you paid!",neutral
20295,Chandler,So apparently we just don’t pay for food anymore.  Do you see what I see?,neutral
20296,Monica,How did it go?,neutral
20296,Chandler,Had the money in the wrong hand.,neutral
20297,Monica,"All right, I’m gonna go steam my wedding dress okay? Who wants the responsibility of making sure nothing happens to it?",neutral
20297,Rachel,I’ll do it.,neutral
20297,Monica,Who wants it? Anybody?,neutral
20297,Rachel,I said I’ll do it!,anger
20297,Monica,"Nobody wants to do it? All right, I’ll do it myself.",disgust
20297,Rachel,Monica! I’m not gonna screw it up!,anger
20297,Monica,"You’re right, I’m sorry.",sadness
20297,Monica,Actually you were a big help tonight.,joy
20297,Monica,"Yeah, and thanks for putting my grandmother in the cab and making sure she got to the hotel safely.",neutral
20297,Rachel,Well of course that is what I’m here for!,joy
20297,Monica,Okay. Sorry.,neutral
20297,Rachel,Ugh!  What grandmother?,surprise
20298,Rachel,"Hi. Tag, I have a conference call today is that correct?",neutral
20298,Tag,"Yes, at 4:00.",neutral
20298,Rachel,"Okay, thank you.",neutral
20298,Rachel,That’ll be all.,neutral
20298,Rachel,Wait!,surprise
20298,Rachel,Wait!,surprise
20298,Rachel,Did you see that?,surprise
20298,Rachel,That mail guy had no idea there was something going on between us.,surprise
20299,Joey,"You’ve seen my huge stack of porn, right?",neutral
20300,Chip,"Hey Monica, it’s Chip.",neutral
20300,Monica,Yes.,joy
20300,Ross,Who’s Chip?,neutral
20300,Monica,Shhh!,neutral
20300,Chip,"Good runnin’ into you at the bank today, so ah, here’s my number, 555-9323. Give me a call. Later.",neutral
20300,Monica,"Chip, is Chip Matthews.",neutral
20300,Ross,The guy who took Rachel to the prom? Why is he calling you?,surprise
20300,Monica,"‘Cause I ran into him at the bank, he is still soo cute.",joy
20300,Ross,"Monica, you’re so lucky! He’s like the most popular guy in school!!",joy
20300,Monica,"I know!!   Chip? Hi! It’s Monica.  ‘Kay.  ‘Kay.  Okay.  Okay, good-bye.  Oh my God, we just had",joy
20300,Ross,I was just leaving.,neutral
20300,Rachel,"Good! ‘Cause I’ve got a product report to read, it’s like eight pages, I hope I don’t fall asleep.",neutral
20300,Ross,Why? Did you write it?,neutral
20300,Rachel,"Wow! Look at that, Chip Matthews called. I wonder what he wants?",surprise
20300,Ross,"Well ah, actually...",neutral
20301,Monica,Here’s your tea Phoebe.,neutral
20301,Phoebe,"It’s so good.  Oh, thanks.",joy
20301,Rachel,Good.,joy
20301,Monica,I’m so glad you liked it.,joy
20301,Phoebe,Oh!,surprise
20301,Monica,What?!,surprise
20301,Rachel,What?! She made the tea!,surprise
20301,Phoebe,"Oh! No, I-I think I just had a contraction.",surprise
20301,Rachel,You what?,surprise
20301,Monica,Oh my God!,surprise
20302,Mr. Burgin,I like her. She sees smart.,joy
20303,Ross,"I've no idea, could be. Listen, I'm sorry I had to work tonight.",sadness
20303,Rachel,"Oh it's OK. You were worth the wait, and I don't just mean tonight.",neutral
20304,Joey,I have actually,neutral
20304,Mr. Treeger,": Yeah, well your friends are in violation of it.",neutral
20304,Mr. Treeger,"I’ve been a nice guy up until now, but uh, I don’t need this grief.",anger
20304,Mr. Treeger,I’m gonna call the landlord and tell him that Monica is illegally subletting here grandmother’s apartment.,anger
20304,Mr. Treeger,Your friends are outta here pal.,anger
20304,Joey,Why don’t you tell me something I don’t know!,anger
20305,Chandler,All right! I found one that fits!,joy
20305,Rachel,"Well y’know what they say, the 23",neutral
20305,Chandler,Whose is it?,neutral
20305,Rachel,Oh does it matter?! All that matters is that you look so handsome.,sadness
20306,Ben,Oh damnit!,disgust
20306,Rachel,No! Don’t say that! Don’t say that!,fear
20306,Ben,Damn it!,joy
20306,Rachel,No don’t! Go back to repeating!,fear
20306,Ben,Damn it!,joy
20306,Rachel,Oh crap!,anger
20306,Ben,Oh crap!,joy
20307,Joey,"Hey Rach! Hey, you mind if I read my comic books in here?",neutral
20307,Rachel,Sure! Why?,surprise
20307,Joey,"Oh well, Chandler and Monica are over there and it's kinda hard to concentrate.",neutral
20307,Rachel,What?!,surprise
20307,Rachel,She just called and said that she was gonna be working late!,anger
20307,Rachel,She keeps lying to me!,anger
20307,Rachel,That's it!,anger
20307,Rachel,I'm just gonna go over there and confront them right now!,anger
20308,Phoebe,"So Chandler, I-I'd love to come by tonight.",joy
20308,Chandler,Really?,surprise
20308,Phoebe,"Oh absolutely. Shall we say, around seven?",joy
20308,Chandler,Yes.,neutral
20308,Phoebe,Good. I'm really looking forward to you and me having sexual intercourse.,joy
20308,Joey,"Hey-hey, check it out! Check it out! Ugly Naked Guy has a naked friend!",surprise
20308,Rachel,Oh yeah!  Oh my God! That is,surprise
20308,All,"Yeah, it is! Naked Ross!!",surprise
20309,Ross,"Y'know, hey! You’re the one who ended it, remember?",anger
20309,Rachel,"Yeah, because I was",neutral
20309,Ross,You still love me?,anger
20309,Rachel,Noo.,disgust
20309,Ross,"What does this mean? What do you, I mean do you wanna, get back together?",neutral
20309,Rachel,"Noo! Maybe! I, I don’t know.",sadness
20309,Ross,What?!,surprise
20309,Rachel,"I just, I feel, I-I just...",sadness
20310,Phoebe,I won! I won! I finally won!,surprise
20310,The Lurker,I won! That was my quarter!,anger
20310,Phoebe,Fine! Here! Take a hike toots!,anger
20310,The Lurker,"Excuse me, sir! This lady played my quarter, this is my money.",anger
20310,The Security Guard,Is that true miss?,neutral
20310,Phoebe,Sells drugs to kids.,disgust
20310,The Security Guard,What?!,surprise
20310,Phoebe,She sells drugs to kids.,disgust
20310,The Lurker,It was my quarter!,anger
20310,The Security Guard,Was it her quarter?,neutral
20310,Phoebe,How about we talk about this over dinner?,neutral
20310,The Security Guard,"Okay lady, you're out of here.",disgust
20310,Phoebe,"No! No, you can't arrest me! No!! I won't go back! I won't go back to that hell hole!!",anger
20310,The Security Guard,I'm just taking you outside!,anger
20310,Phoebe,"Oh, okay.",neutral
20311,Ross,Hey!,neutral
20311,Rachel,Hey!,neutral
20311,Ross,"Listen, I know you wanted to talk to me, but I have an idea that may make you want to stay married.  We register, and",neutral
20311,Rachel,No!,anger
20311,Rachel,"Ross, come on!",anger
20311,Rachel,No!,anger
20311,Rachel,"Listen, look I thought a lot about how to tell you this and the bottom line, Ross, is we can not stay married.",sadness
20311,Ross,I don’t know if it’s true.,neutral
20311,Rachel,Oh b-b-but it is!,anger
20311,Ross,"Oh, okay, y’know what this is?",neutral
20311,Rachel,"Oh Ross, come on! This is not, this is not a marriage!! This is the world’s worst hangover! Ross, listen, if",anger
20311,Ross,"All right. All right, I’ll do it.",sadness
20311,Rachel,"Thank you.  Hey-hey umm, uh, is there, is there any such thing as an annulment shower?",neutral
20312,Chandler,Hey! What are you guys doing?,neutral
20312,Monica,Making holiday candy for the neighbors.,neutral
20313,Monica,Yes!,joy
20313,Chandler,So I really never get to win anymore?,sadness
20313,Monica,How much did ever really win before?,neutral
20314,Monica,"He is so cute.  So, where did you guys grow up?",neutral
20314,Angela,Brooklyn Heights.,neutral
20314,Bob,Cleveland.,neutral
20314,Monica,"How, how did that happen?",surprise
20314,Joey,Oh my god.,surprise
20314,Monica,What?,surprise
20314,Joey,I suddenly had the feeling that I was falling. But I'm not.,neutral
20315,Chandler,"Ok, I'm makin' a break for it, I'm goin' out the window.",neutral
20315,Joey,"No, no, no, don't! I've been waitin' for like, forever to go out with Lorraine. Just calm down.",anger
20315,Chandler,Calm down? Calm down? You set me up with the woman that I've dumped twice in the last five months!,anger
20315,Joey,"Can you stop yellin'? You're makin' me nervous, and I can't go when I'm nervous.",anger
20315,Chandler,"I'm sorry, I'm sorry, you're right.  Come on, do it, do it, go, come on!!!",anger
20316,Phoebe,"Hey you guys, guess what?",neutral
20316,Chandler,The British are coming?,neutral
20316,Phoebe,"Ohh, you and your ways.  Since it’s Christmastime. I’m going to be one of those people collection donations.",joy
20316,Phoebe,"Yeah, I already have my bell and later on...I get my bucket.",joy
20316,Chandler,Ohh.,neutral
20316,Phoebe,"Yeah, yeah, I’m going to be out there spreading joy to the people.",joy
20316,Phoebe,"I mean, last year, I spread a little joy but not really enough.",joy
20316,Phoebe,"So this year, I’m going to do the whole city.",joy
20316,Monica,"You know, I knew a girl in high school who did that. She was",neutral
20317,Monica,I can't,neutral
20317,Chandler,"Oh! Look at that, time's up! My turn!",joy
20317,Monica,That was a half an hour?,surprise
20317,Chandler,It's your timer.,neutral
20317,Monica,"Y'know, I don't like to brag about it, but I give the",neutral
20317,Chandler,"All right, then massage me up right nice!",joy
20317,Chandler,Ah! Ahh!! Ahh!!,joy
20317,Monica,"It's so good, isn't it?",neutral
20317,Chandler,It's so good I don't know what I've done to deserve it!,joy
20317,Monica,Say good-bye to sore muscles!,joy
20317,Chandler,Good-bye muscles!!,joy
20318,Phoebe,Oh whoa-whoa-whoa!,anger
20318,Phoebe,"Wait a minute, open up your hand; let me take a look.",neutral
20318,Phoebe,Quarter.,neutral
20318,Phoebe,Dime.,neutral
20318,Phoebe,Lint?,neutral
20318,Phoebe,Not interested in that.,neutral
20318,Phoebe,What's this?,neutral
20318,Phoebe,A Canadian coin?,neutral
20318,Phoebe,Get outta here!,surprise
20318,Phoebe,Whoa-whoa-whoa!,surprise
20318,Phoebe,No drinks near the bucket!,anger
20318,Phoebe,Set it down over there and then you can make a contribution!,anger
20318,Phoebe,And you can leave the hurt bunny look over there too!,anger
20318,Phoebe,Hi Bob!,joy
20318,Phoebe,I thought I told you to get outta here!,anger
20318,Bob,"Uh, Phoebe we've been getting complaints and uh, we're gonna move you to a less high-profile spot.",neutral
20319,Phoebe,"Well, because we thought you knew!! It’s so obvious! God, that would be like telling Monica, ""Hey, you like things clean.""",neutral
20320,Chandler,Hey Joe! You wanna shoot some hoops?,joy
20320,Joey,"Oh no, I can’t go. I’m practicing; I got an audition to be the host of a new game show.",joy
20321,Ross,Oh cool!,joy
20322,Chandler,That’s great.,joy
20323,Joey,"Yeah-yeah, and if I get it by day I’ll  Dr. Drake Remoray, but by night I’ll be  Joey Trrrribbiani!",joy
20323,Chandler,You’ll be perfect for this! That’s already your name!,joy
20323,Joey,But the audition’s in a couple hours and I don’t even understand the game.,fear
20323,Ross,Well do you want some help?,neutral
20323,Joey,Oh really? That’d be great! You guys can be the contestants!,surprise
20323,Ross,Awesome!,joy
20323,Chandler,"Okay, I guess we can lose to junior high girls some other time.",neutral
20323,Joey,All right! Let’s play Bamboozled!,joy
20323,Chandler,Bamboozled?,surprise
20323,Joey,"Yeah, isn’t that a cool name?",joy
20323,Ross,Yeah!,joy
20323,Chandler,No!,disgust
20324,Ross,"Oh. Okay, just breathe.",neutral
20324,Julie,"Oh honey, I think I’m having one too!",surprise
20324,Marc,Look at this!  There we go!,joy
20325,Ross,"Excuse me. Hi, I’m a professor here. Do you know the Paleontology section, fifth floor, stack 437?",neutral
20325,The Librarian,"Well, yes! Just give me five minutes, I just have to find someone to cover my shift.",joy
20325,Ross,No! No!! No! Can I speak to someone in charge please?!,anger
20325,The Head Librarian,How can I help you?,neutral
20325,Ross,"Hi, I was wondering if it is possible to increase security in the Paleontology section?",anger
20325,Ross,"See I-I wrote a book up there and instead of reading it people are-are-are well, rolling around in front of it.",anger
20326,The Head Librarian,We are aware of the problem you are referring to.,neutral
20327,The Head Librarian,"But as far as increasing security, I’m afraid the library is very understaffed.",neutral
20327,The Head Librarian,"I, I can’t help you.",sadness
20327,Ross,"Well, fine.",anger
20327,Ross,Fine!,anger
20327,Ross,"If-if I’m the only person with any appreciation of the sanctity of the written word, I’ll go up there and defend it myself!",anger
20327,Ross,And don’t you follow me!,anger
20328,Phoebe,"Okay. Would you rather live in the shirt pocket of a sweaty giant, or inside his shower drain?",neutral
20328,Rachel,"Oh my God! Phoebe look, it’s Ross and that girl.",surprise
20328,Phoebe,No! No! Look at that!  It’s a line of ants! They’re working as a team!,surprise
20328,Phoebe,"Right, oh yeah.",neutral
20328,Phoebe,"Wow, oh, it looks like Ross is breaking up with her.",surprise
20328,Phoebe,"Uff, I hope he lets her down easy.",neutral
20328,Rachel,"Come on Phoebe, look at that!",anger
20328,Rachel,"They are not breaking up, look at them.",neutral
20328,Rachel,"Okay that’s, you know what that is?",neutral
20328,Rachel,"That is a, that is a second date, that’s what that is!",sadness
20328,Rachel,"Look at that, she just put her hand on his thigh...",neutral
20328,Phoebe,"Oh no! That really is nothing, she is",neutral
20328,Rachel,"Ohh!  Phoebe, this is all your fault! Now he loves her, he’s gonna marry her, and this is all your fault.",anger
20329,Chip,You know where I work!,neutral
20329,Monica,I do?,neutral
20329,Chip,"The movie theatre, you used to come in all the time.",neutral
20329,Monica,You still work at the multiplex?,neutral
20329,Chip,"Oh, like I’d give up that job! Free popcorn and candy, anytime I want. I can get you free posters for your room.",joy
20329,Monica,"Thanks, I’m set. Do you still live with your parents?",neutral
20329,Chip,"Oh yeah, but I can stay out as late as I want.",neutral
20330,Guy #1,Nice car!,joy
20330,Joey,"Yeah, it’s not mine.",neutral
20330,Woman,I love your car.,joy
20330,Joey,"Yeah, it’s  mine.",neutral
20330,Woman,I bet it’s fast.,neutral
20330,Joey,"Me too! Yeah. And comfortable. Do uh, do you like leather seats?",neutral
20330,Woman,Yeah!,joy
20330,Joey,It’s got ‘em!,joy
20331,Ross,"Joey, please!",fear
20331,Joey,Sorry.,neutral
20331,Joey,Ahhh..,anger
20331,Chandler,Hello children!,joy
20331,Joey,Hey! Wanna play some foosball? Please?,neutral
20331,Chandler,Okay.,neutral
20331,Joey,"No-no, no! We have to move the table into my room, yeah! 'Cause of all the boxes. Come on!",neutral
20331,Joey,"All right, I have one question.",neutral
20331,Chandler,Bye-bye little puppet Joey hand?,neutral
20331,Joey,"No, the quiet down thing!",anger
20331,Chandler,You mean this.,neutral
20331,Joey,"Um-hmm! Look, I-I-I don't know how much more of this I can take! Did you know he taped over my",anger
20331,Chandler,"All right look, y'know, this maybe tough but come on, this is Ross! I survived college with him!",neutral
20331,Joey,"All right, I guess I can hold out a little longer. Let's have a game.",neutral
20331,Chandler,Okay.,neutral
20331,Chandler,No-no-no-no!,fear
20331,Joey,YES!!,joy
20331,Ross,"Uh fellas,",neutral
20331,Chandler,"Okay, so he's out of here.",neutral
20332,Chandler,"Okay y'know what, because you said that, I'm not putting out tonight.",neutral
20333,Joey,I know it doesn't make much sense,neutral
20333,Chandler,Much,neutral
20333,Joey,"Look Chandler, it was instinct! Okay? I just went for it!",anger
20333,Chandler,"So you risked your life, for a sandwich!",joy
20333,Joey,"I know it sounds crazy, but Chandler this is  the greatest sandwich in the world!",joy
20333,Chandler,"So you didn't uh, choose Ross before me.",sadness
20333,Joey,No! I would never do that! You-you're like my brother!,sadness
20333,Chandler,Really?!,surprise
20333,Joey,"Yeah! In fact, to prove how much you mean to me,  here.",neutral
20333,Chandler,Thanks.,joy
20333,Joey,"No, eh, oh-oi, easy, it's not a hot dog!",anger
20333,Joey,How good is that?,neutral
20333,Chandler,"Oh-oi-ho, yeah!",joy
20333,Joey,See?,neutral
20333,Joey,"Oh-whoa-hey, dude, what are you doing?!",surprise
20333,Chandler,I thought you were showing me how much you mean to me.,surprise
20333,Joey,Yeah. With a bite!  Gee-e-e-eez!,joy
20334,Chandler,Check out the ring.,joy
20334,Rachel,Nice! One and a half carat easy.,joy
20334,Phoebe,Hi.,neutral
20334,Ross,Hey-hey Pheebs!,joy
20334,Ross,Chandler’s gonna ask Monica to marry him!,joy
20334,Phoebe,"Oh I know, I helped pick out the ring.",neutral
20334,Ross,You told her before you told us?,surprise
20334,Chandler,"Well, she walked in when I was looking at the ring brochures. You can understand that, right?  Guys? Guys?",fear
20335,Monica,Let's see.,neutral
20335,Monica,"Congress is debating a new deficit reduction bill... the mayor wants to raise subway fares again... the high today was forty-five... and- oh, teams played sports.",neutral
20335,Phoebe,What about Glen? He could be a Glen.,neutral
20335,Monica,Nah... not-not special enough.,neutral
20335,Phoebe,Ooh! How about Agamemnon?,neutral
20335,Monica,Waaay too special.,neutral
20336,Joey,Hey Pheebs!,joy
20336,Phoebe,Hey!,joy
20336,Joey,Check it out.  How much of a man am I?!,joy
20336,Phoebe,Wow! Nice! Manly and also kind of a slut.,joy
20336,Joey,"Y’know, I’m beginning to see what Jake was talking about.",neutral
20336,Phoebe,Uh-huh.,neutral
20336,Joey,The silk? Feels really good!,joy
20337,Cassie,"Ah yeah, sorry about that.",sadness
20337,Ross,"It’s okay. Come, come on in.",neutral
20337,Cassie,"Thanks for letting me stay here! I mean Monica’s place was nice, but her fiancée sure stares a lot.",joy
20337,Ross,Oh.,neutral
20337,Cassie,Oh my God! You do a great Chandler!,surprise
20337,Ross,"Uh-huh. Yeah, I-I have a knack for impressions.",neutral
20337,Cassie,"Well, maybe after we get reacquainted uh, you can do me.",joy
20337,Ross,Yeah—No!!,disgust
20338,Joey,"Hey! You guys! Check it out, check it out!  Guess which job I got.",joy
20338,Chandler,"I don’t know, but Donald Trump wants his blue blazer black.",neutral
20338,Ross,What?,neutral
20338,Chandler,Blue blazer back. He-he wants it back.,neutral
20338,Rachel,But you-you said black. Why would he want his blue blazer black?,neutral
20338,Chandler,"Well, you-you know what I meant.",neutral
20338,Monica,"No, you messed it up. You’re stupid.",anger
20338,Chandler,So what job did you get Joe?,neutral
20338,Joey,"Oh, ah, tour guide at the museum. Yeah, Ross got it for me.",neutral
20338,Rachel,"Well, how can you be a tour guide, don’t you have to be a dinosaur expert or something?",neutral
20339,Chandler,I just walked in the bathroom and saw Kathy naked! It was like torture!,anger
20339,Ross,"Y'know if we ever go to war and you’re captured, you’re in for a",neutral
20339,Chandler,It just keeps getting worse and worse!,anger
20339,Chandler,"I mean it’s bad enough that I’m in love with my roommates girlfriend—which by the way, I think she knows.",neutral
20339,Chandler,Because every time we’re in the room together there’s this weird like energy between us.,neutral
20339,Chandler,"And call me crazy, but I think she likes me too.",neutral
20339,Chandler,And now I have seen her naked.,neutral
20339,Chandler,"I mean at least when I’ve seen her with clothes on, I could imagine her body was like covered in boles or something.",neutral
20339,Chandler,"But there are no boles, she’s smooth!",neutral
20339,Chandler,Smooth!,neutral
20339,Phoebe,Wow! Could everyone totally see up his robe?,surprise
20339,All,Yeah! Oh my God!,surprise
20340,Joey,"So, you and Angela, huh?",surprise
20340,Bob,Yep. Pretty much.,joy
20341,Joey,"Oh, that's what she meant!",surprise
20341,Joey,"You know, if they're    gonna shorten it, they should call it the MUSE!",neutral
20341,Joey,"You know, short for museum,    and avoid all the confusion!",neutral
20341,Ross,"Yeah, most of it it's a place",neutral
20341,Joey,"Ok, all right, so I'll take her to the MET.",neutral
20341,Ross,"Yeah, uh, uh, ok, there's this great rare bookstore on Madison    Avenue.",neutral
20341,Ross,You know what?,neutral
20341,Ross,"She loves architecture, you know what you should do?",neutral
20341,Ross,You should take a walk down fifth to the Saint Patrick's Cathedral and there    there's this great little pastry shop that she'd love.,joy
20341,Joey,"Geez, sounds like you should be going on this date!",surprise
20341,Ross,But I'm not! . You know what if you're in the mood for    Thai food...,neutral
20341,Joey,"Whoa, whoa, whoa! Slow down, you go",surprise
20341,Ross,Ok.,neutral
20341,Joey,You got to tell me exactly what to do there.,neutral
20342,Ross,"Ok, when you walk in the museum, take the right, that's the antiquities    wing.",neutral
20343,Ross,"Ancient Egypt, Mesopotamia, up to the Byzantine Empire.",neutral
20343,Joey,"Whoa, whoa, whoa, whoa, whoa! So, I walk in the door and make    the right",surprise
20344,Ross,Hey!,joy
20344,Rachel,"Hey, so did everything go all right with the annulment?",neutral
20344,Ross,"Oh, yeah, no problems. It’s all taken care of.",neutral
20344,Rachel,"Ross, thank you. Hey, do you guys wanna go see a movie?",neutral
20344,Ross,"Oh yeah, why not?",neutral
20344,Rachel,Pheebs?,neutral
20344,Phoebe,"No thanks, I’ve already seen one.",neutral
20344,Rachel,"Okay, umm, I’m gonna get my sweater.",neutral
20344,Ross,"Okay.  You uh, you wanna hear something weird?",joy
20344,Phoebe,Always.,neutral
20344,Ross,I didn’t get the annulment.,sadness
20344,Phoebe,What?!,surprise
20344,Ross,We’re still married! Don’t tell Rachel. See you later.,joy
20345,Joey,Hey! Are you okay?,neutral
20345,Kate,Fabulous.,joy
20345,Joey,"Listen, drama critics they’re nothing but, but people who couldn’t make it as actors. You know what you should do?",joy
20346,Ross,"Exactly. So you didn’t, didn’t mention anything to Issac right?",fear
20346,Chloe,"Oh, well I tell Issac everything.",neutral
20346,Ross,"You tell, of course you do. Issac. Issac. Hey, Issac. Issac, hi! Y'know we haven’t actually met...",neutral
20346,Issac,You dog!,joy
20346,Ross,"Yes, I suppose I am a dog. But Issac, see I-I happen to have a girlfriend.",neutral
20346,Issac,"Oh right, that Rachel chick from the coffee place.",neutral
20346,Ross,"Yeah, that’s the one. Listen, I don’t want to hurt her.",neutral
20346,Issac,"Oh, hey, man I know, doesn’t matter how much we love ‘em, monogamy is too cruel a rule.",neutral
20346,Ross,"Yeah. Listen, can you keep this information to yourself?",neutral
20346,Issac,"Aw, no problem dude. Y'know we got to look out for each other. We’re the same, you and me.",neutral
20346,Ross,"Actually, no, we’re not.",joy
20346,Issac,"Yeah, we are.",neutral
20346,Ross,"No, we’re not.",neutral
20346,Issac,"Yeah, we are.",neutral
20346,Ross,"No, we’re not!!",anger
20346,Issac,"Okay, we’re not.",neutral
20346,Ross,Right.,neutral
20346,Issac,"But, we are.",neutral
20346,Ross,Fine. I just need to know that you’re not gonna tell your sister.,neutral
20346,Issac,I can promise not to tell her again.,neutral
20347,Ross,Emily!,joy
20347,Emily,Oh my God! What are you doing here?,surprise
20347,Ross,"I just, I had to see you one more time before you took-off.",joy
20347,Emily,You are so sweet.,joy
20347,Ross,"That’s, that’s, that’s a big candy bar. (She’s holding one of those huge",sadness
20347,Emily,Me too.,neutral
20347,Emily,"Well, that’ me.  Here, have this.  I’m only allowed one piece of carryon anyway.",neutral
20347,Ross,"Wait uh, listen.",neutral
20347,Ross,"I-I, I have to tell you something.",fear
20347,Ross,"Umm, I’ve been thinking, I’m just gonna come out and say it.",fear
20347,Ross,Okay?,fear
20347,Ross,"I-I-I ah, I-I think I love you.",joy
20347,Emily,Oh.  Thank you.,neutral
20347,Ross,That’s no problem.,neutral
20348,Chandler,Monica!,surprise
20348,Monica,She’s sleeping.,neutral
20348,Chandler,"I know, just quick-quick question, quick question. Which one was",neutral
20348,Monica,Deep Impact,neutral
20348,Chandler,"Sorry, I just…can’t sleep.",surprise
20348,Chandler,Ooh!,anger
20348,Chandler,"Where is that book that you are reading with the two women who were ice-skating and wearing, wearing those hats with the flowers on it?",neutral
20348,Chandler,Because every time I look at that cover I’m like,neutral
20348,Monica,It is in the living room where there is also a light! And no one will kick you in the shin.,neutral
20349,Monica,"Hey Ross! So, I was checking out the uh, real estate section",sadness
20349,Ross,Yeah?,neutral
20349,Monica,Look at this.,neutral
20349,Ross,"Oh, it looks like mom and dad’s house.",neutral
20349,Ross,"Oh, it even has a tree with a broken limb out front and the uh, the window in the attic is…Oh my God!",surprise
20349,Phoebe,What? What happened to the window in the attic?!,surprise
20349,Monica,I can’t believe mom and dad are selling the house!,anger
20349,Ross,I can’t believe they-they didn’t even tell us!,joy
20349,Phoebe,I can’t believe I still don’t know what happened to the,surprise
20350,Joey's Hand Twin,Nothing?,neutral
20350,Joey,"Look, you and I have been given a gift.",neutral
20350,Joey,We have to do something with it.,neutral
20350,Joey,"Like-like, hand modeling!",joy
20350,Joey,Or-or magic!,joy
20350,Joey's Hand Twin,I have to get back to,neutral
20350,Joey,Whoa!,surprise
20350,Joey,Whoa!,surprise
20350,Joey,We could have our own show!,joy
20350,Joey,Y'know we could clap our hands together people will love it!,joy
20350,Joey,Huh?,anger
20350,Joey,And-and-and I wrote a song for us!,joy
20350,Joey,"(Singing, to the tune of",joy
20350,Joey's Hand Twin,That's okay.,neutral
20350,Joey,But you haven't even heard the chorus!,neutral
20351,Mr. Geller,"Well, she’ll understand right? It’s not like I did it on purpose.",sadness
20351,Ross,"Dad, that won’t matter to her.",neutral
20351,Ross,"Look, all my stuff is safe and dry and all hers is-is, is growing new stuff!",anger
20351,Ross,"See, this is exactly the kind of thing that makes her think you guys love me more than you love her.",anger
20351,Mr. Geller,"Oh my God, does she really thinks that?",surprise
20351,Ross,"Well, can you blame her?",sadness
20351,Mr. Geller,"Well I don’t know, I-I suppose we may have favored you unconsciously, you were a medical marvel! The doctor said your mother could",joy
20351,Ross,"Dad, dad I don’t want to hear about it.",sadness
20351,Mr. Geller,Really?,surprise
20351,Ross,"Well, not right now.",neutral
20351,Ross,"Okay look, Monica came here for some memories and damnit, we’re gonna give her some!",neutral
20351,Ross,"Okay, grab…grab some empty boxes.",neutral
20351,Ross,Okay?,neutral
20351,Ross,We’ll-we’ll take stuff from mine and whatever we can pass off as hers we’ll-we’ll put ‘em in there.,joy
20352,Rachel,"Y’know Joey, I could teach you to sail if you want.",joy
20352,Joey,You could?,surprise
20352,Rachel,Yeah! I’ve been sailing my whole life. When I was fifteen my dad bought me my own boat.,joy
20352,Phoebe,Your own boat?,surprise
20352,Rachel,What?! What?! He was trying to cheer me up! My pony was sick.,surprise
20353,Ross,He’s coming here for Thanksgiving!,joy
20354,Monica,Count in our heads as-as good,anger
20354,Joey,I guess I'm done.,neutral
20354,Chandler,Fun’s over,joy
20354,Monica,"Wait-wait, guys! If-if we follow the rules, it's still fun and it means something!",fear
20354,Joey,I think I'm gonna take-off.,neutral
20354,Monica,"Guys, rules are good! Rules help control the fun!  Ohhh!",joy
20355,Chandler,Dehydrated Japanese noodles under fluorescent lights... does it,neutral
20355,Shelley,"Question. You're not dating anybody, are you, because I met somebody who would be perfect for you.",neutral
20355,Chandler,"Ah, y'see, perfect might be a problem. Had you said 'co-dependent', or 'self-destructive'...",neutral
20355,Shelley,Do you want a date Saturday?,neutral
20355,Chandler,Yes please.,neutral
20355,Shelley,"Okay. He's cute, he's funny, he's-",neutral
20355,Chandler,He's a he?,surprise
20355,Shelley,Well yeah!,surprise
20355,Shelley,...Oh God.,fear
20355,Shelley,"I- just- I thought- Good, Shelley.",anger
20355,Shelley,I'm just gonna go flush myself down the toilet now...,disgust
20355,Shelley,"Okay, goodbye...",disgust
20356,Chandler,"Well, it's official there are no good movies.",sadness
20356,Janice,"Well, let's go to a bad one and make out.",neutral
20356,Monica,"Perhaps, you would like me to turn like this,  so that you can bunny bump against my back.",neutral
20356,Joey,Hey!,surprise
20356,Phoebe,Hey.,neutral
20356,Chandler,"Hey, man. What's up?",neutral
20356,Joey,Maybe you can tell me.,neutral
20356,Joey,My agent would like to know why I didn't show up at the audition I didn't know I had today.,anger
20356,Joey,The first good thing she gets me in weeks.,neutral
20356,Joey,How could you not give me the message?,anger
20356,Chandler,"Well, I'll tell ya I do enjoy guilt, but, ah, it wasn't me.",anger
20356,Phoebe,"Yes, it was! It was him! Uh huh!  Okay, it was me!",anger
20357,Chandler,"See Joe, that's why your parents told you not to jump on the bed.",neutral
20358,Ross,Can I ask you something? Have you ever had a guy have a crush on you?,neutral
20358,Joey,Is that why you wanted to tie my tie?,surprise
20358,Ross,There’s this kid in my class who said he’s in love with me.,sadness
20358,Joey,Whoa!,surprise
20358,Rachel,Whoa what?,surprise
20358,Joey,Ross has a boyfriend.,neutral
20358,Ross,I do-I do,joy
20358,Rachel,Really?,surprise
20358,Ross,Yeah!,joy
20358,Ross,I don’t know.,neutral
20358,Ross,"I mean, last year Elizabeth now-now this kid.",anger
20358,Ross,What-what-what-what is it?!,joy
20358,Ross,Am I giving out some kind of…sexy professor vibe?,anger
20358,Rachel,Not right now.,neutral
20358,Ross,It-it—The point is my natural charisma has made him fail his midterm.,sadness
20358,Rachel,"Oh, see now I feel bad for the kid!",sadness
20358,Rachel,I had a crush on a teacher once and it was so hard!,joy
20358,Rachel,Y’know you—I couldn’t concentrate and I blushed every time he looked at me.,neutral
20358,Rachel,"I mean come on, you remember what’s it’s like to be 19 and in love.",neutral
20359,Rachel,Oh yes! Thank you very much!  Oh that’s-that’s actually how the French drink it.,joy
20360,Monica,A new pair of shoes for the Chan-Chan man!  Yes!,joy
20360,Chandler,Yes! I've-I've never seen a roll like this in my life!,joy
20360,Monica,"That's right baby! Okay, what do I want now?",joy
20360,Chandler,"Okay, ah umm, ah, a 8. Ah, a 6?",neutral
20360,Monica,Pick a number! That is your,neutral
20360,Chandler,8. 8!,joy
20360,Monica,Thank you!,joy
20360,Chandler,"If you get this one, we buy everybody here a steak dinner!",joy
20361,Richard,"Yeah, I understand.",neutral
20361,Richard,Take as much time as you want.,neutral
20361,Richard,"Ten, even twenty minutes if you need it.",neutral
20361,Richard,I’ll be here.,sadness
20361,Richard,Not smoking.,sadness
20362,Ross,"We’re really gonna do this, huh?",surprise
20363,Carol,Looks like it.,neutral
20363,Ross,"Y’know, if, if this is too weird for you, we can still back out at",neutral
20363,Carol,I got it!,joy
20363,Ross,Okay.,neutral
20363,Carol,Susan! Hi!,joy
20363,Susan,Hey!,joy
20363,Carol,Thank you so much for coming.,joy
20363,Susan,"Oh, I wouldn’t miss it for the world.",joy
20363,Ross,I’m-I’m Ross by the way.,neutral
20363,Susan,Hello Ross.  I love what you’ve done with this space.,joy
20363,Carol,Thank you so much.,joy
20363,Ross,How hot is this?!,surprise
20364,Ross,"Guess who's here. It's the toughest guy in toy land, Ben.  'A real American hero. I'm",neutral
20364,Rachel,G.I. Joe,neutral
20364,Ross,"Look Ben, it's a toy that protects U.S. oil interests overseas!",joy
20365,Monica,"It took me 28 years to find one man that I wanna spend my life with, if I have to wait another 28 years then, I'll be 56 before I can have a baby, and that's just stupid.",sadness
20365,Chandler,"That, that's what's stupid.",disgust
20365,Monica,"I don't need an actual man, just a couple of his best swimmers.",neutral
20365,Monica,"And there, there are places you can go to get that stuff.",neutral
20365,Rachel,Down at the docks again?,anger
20366,Ross,"Hi there. How many, how many ah, did you sell?",neutral
20366,Girl,I’m not gonna tell you! You’re the bad man who broke Sarah’s leg.,anger
20366,Ross,"Hey now! That was an accident, okay.",anger
20366,Girl,You’re a big scrud.,anger
20366,Ross,What’s a scrud?,neutral
20366,Girl,"Why don’t you look in the mirror, scrud.",anger
20366,Ross,I don’t have too. I can just look at you.,joy
20366,Leader,"All right girls, and man. Let’s see your final tallies.  Ohhhh, Debbie,  321 boxes of cookies,  Very nice.",joy
20366,Ross,Not nice enough.,anger
20366,Leader,"Charla, 278. Sorry, dear, but still good.",neutral
20367,Monica,"So, how’d the lasagne go over?",neutral
20367,Monica,Really?!,surprise
20367,Monica,Good.,neutral
20367,Monica,So you owe me three pretty things.,neutral
20367,Monica,"Yeah, I’ve been thinking a lot about you too.",neutral
20367,Monica,It’s hard this whole platonic thing.,sadness
20367,Monica,It’s a word!,surprise
20367,Monica,"Yeah, I do think it’s better this way.  Yeah, we’re being smart.   Yes, I’m sure.",neutral
20367,Richard,You really sure?,neutral
20367,Monica,I’ll call you back.,neutral
20368,Chandler,"So, are you really gonna go out with that nurse man?",surprise
20368,Monica,"Well uh, you and I are just goofing around, I thought, why not goof around with him.",neutral
20368,Chandler,"Y'know, I don't know if you've ever looked up the term goofing around in the dictionary… Well, I have, and the technical definition is, two friends who care a lot about each other and have amazing sex and just wanna spend more time together.",neutral
20368,Chandler,"But if you have this new fangled dictionary that gets you made at me, then we have to, y'know, get you my original dictionary.",neutral
20368,Chandler,I am,neutral
20368,Monica,I think you're better than you think you are.,neutral
20368,Chandler,"Really? Okay, so",surprise
20368,Monica,Know when to stop.,neutral
20368,Chandler,"Y'know, I sensed that I should stop. So we're okay?",neutral
20368,Monica,"Yeah. All right, I'm gonna go tell Dan that it's not gonna happen.  Don't do the dance.",neutral
20368,Chandler,Right!,joy
20369,Frank,"Ow!-Ow!-Ow! Ow! Ow! Ow! Ow! Ow! Ow! Y'know, ow!",anger
20369,Phoebe,Hey!-Hey! What’s going on?,surprise
20369,Frank,She broke my arm.,anger
20369,Girl,He touched my fanny.,anger
20369,Frank,"No, she touched mine first!",anger
20369,Girl,That’s my job!,anger
20370,Janice,Are you being British?!,surprise
20370,Chandler,No. Not anymore.,neutral
20370,Janice,Why are you shopping here? You don't live in this neighborhood. Were you here waiting for me?,surprise
20370,Chandler,"Yeah, huh. I'm just uh, you know I'm just picking up some things for a party.",neutral
20370,Janice,Barley? What kind of party serves barley?,anger
20370,Chandler,"Well, I'm sorry if my friends aren't as sophisticated as yours.",anger
20370,Janice,Where is this party?,neutral
20370,Chandler,Here in Chelsea.,neutral
20370,Janice,Who's party is it?,anger
20370,Chandler,A woman's,neutral
20370,Janice,What woman?!,anger
20370,Chandler,Chelsea.,neutral
20370,Janice,"Either you're seeing somebody behind my back, which would make you the biggest jerk on the planet.",disgust
20370,Janice,"Or, else you're pretending that you're seeing somebody, which just makes you so pathetic that I could start crying right here in the cereal aisle.",disgust
20370,Janice,So like which of these two guys do you want to be?,sadness
20370,Chandler,Can I be that guy?,joy
20371,Chandler,Great story again! The yarns that you weave! Woo-hoo-hoo!,joy
20371,Dana,"Y’know uh, actually I-I-I should get going.",anger
20371,Chandler,Oh no-no-no! Stay! Stay! Because you-you should you-you-you should stay!,fear
20371,Dana,"Wow. Oh, I am really flattered, but I just I don’t feel that way about you.",surprise
20371,Chandler,"Oh no-no-no, that’s not—No-no-no!",anger
20372,Monica,Did you just flick me?,anger
20372,Rachel,"OK, well, you wouldn't let me finish and I was jus- [Monica flicks her back] Ow. That hurt [flicks Monica]",joy
20372,Phoebe,"Oh!  All right.  Now, let's not do this!",anger
20372,Phoebe,Happy thoughts!  Happy thoughts!,anger
20372,Phoebe,"OK, now I'm gonna kick some ass.",anger
20372,Rachel,Ow! Ow! Ow!,anger
20372,Phoebe,"Alright, now I will let go if you both stop.",neutral
20372,Rachel,Fine!,anger
20372,Monica,Fine!,anger
20372,Phoebe,"There we go.You know what, if we were in prison, you guys would be, like, my bitches.",neutral
20373,Joey,"Okay, buddy-boy. Here it is. You hide my clothes, I'm wearing everything you own.",neutral
20373,Chandler,Oh my God!,surprise
20373,Joey,Look at me! I'm Chandler! Could I,joy
20373,Joey,"Whew, it's hot with all of this stuff on.",neutral
20373,Joey,"I ah, I better not do any, I don't know, lunges.",neutral
20374,Chandler,Hi.,neutral
20374,Monica,Hi.,neutral
20374,Chandler,"Hi, listen, I’m sorry about before.",sadness
20374,Chandler,I don’t need to have a game room.,neutral
20374,Chandler,"I mean when I was a kid I only played those games because I couldn’t get girls, and now I",neutral
20374,Monica,Stop it Chandler.  I’m sorry too.,sadness
20374,Chandler,Really?,surprise
20374,Monica,Yeah! Oh yes!,anger
20374,Chandler,Ohh.,neutral
20374,Monica,"Listen, we don’t have to make that a guest room, we can think of something to do with the room together.",joy
20374,Chandler,That’s a great idea! We can,joy
20375,Monica,Totally!,joy
20376,Chandler,We don’t have to come up with this now.,neutral
20376,Monica,Oh good.,joy
20377,Rachel,"Yeah, and I am okay with being a pushover.",neutral
20377,Phoebe,That’s great. Good for you guys.,joy
20377,Monica,I am not high maintenance!,anger
20377,Rachel,I am not a pushover!,anger
20377,Phoebe,Who said you were?,neutral
20377,Rachel,You did!,anger
20377,Phoebe,"Oh, I’m flaky. I’ll say anything.",neutral
20378,Rachel,"Ok, I know this is gonna sound really stupid, but I feel that if I can do this, you know, if I can actually do my own laundry, there isn't anything I can't do.",joy
20378,Ross,That does not sound stupid to me.,neutral
20378,Ross,"You know, it's like the first time I had to make dinner for myself, after Carol left me?",neutral
20378,Ross,"I'm sorry, that's all the time we have.",sadness
20378,Ross,Next on Ross... Uh-oh.,neutral
20378,Rachel,What uh-oh?,joy
20378,Ross,"Uh-oh, uh-oh, the laundry's done.",fear
20378,Ross,"It's, uh, it's a song.",neutral
20378,Ross,The laundry song that we sing.,neutral
20378,Ross,"Uh-oh the laundry's done, uh-oh, uh-oh.",neutral
20378,Rachel,"Ross, what's the matter?",anger
20378,Ross,"Nothing, nothing. Lee-lo, the laundry's done.",neutral
20379,Chandler,Why are you here?,surprise
20379,Janice,"Well, Sid and I are trying again and we had trouble last time    because apparently we...",sadness
20379,Chandler,"No no no... I mean,",neutral
20379,Janice,Oh! Someone's a little cranky today cuz they have to do it in    a cup!  Oh! They gave you the kiddy size .,anger
20379,Chandler,What!?,surprise
20379,Monica,This was fun! But I've got an invasive vaginal exam to get to!,joy
20379,Chandler,"I'd love to stay, but I have eh...  got    a hot date...",joy
20379,Janice,Please... go!  Just let me know if you    need a hand!,neutral
20379,Chandler,I think it just fell off.,neutral
20380,Ross,"I don't want to be single, okay? I just... I just- I just wanna be married again!",sadness
20380,Chandler,And I just want a million dollars!,fear
20380,Monica,Rachel?!,surprise
20381,Chandler,Yeah.,neutral
20381,Monica,"Look, these clowns are trying to take us for a ride and I'm not gonna let 'em!",anger
20381,Monica,And we're not a couple of suckers!,anger
20381,Chandler,"I hear ya, Mugsy!",neutral
20381,Chandler,"But look, all these rooms are fine okay?",neutral
20381,Chandler,"Can you just pick one so I can watch--have a perfect, magical weekend together with you.",anger
20381,Monica,"Okay,",neutral
20381,Chandler,Nothing! It's over! Dammit! This is regularly scheduled programming!,anger
20381,Monica,Can we turn the TV off? Okay? Do we really want to spend the entire weekend like this?,disgust
20381,Chandler,"Oh, I'm sorry, am I getting in the way of all the room switching fun?",anger
20381,Monica,"Hey, don't blame me for wigging tonight!",anger
20381,Chandler,"Oh, who should I blame? The nice bell man who had to drag out luggage to 10 different rooms?",anger
20381,Monica,"I don't know, how about the idiot who thought he could drive from Albany to Canada on a half a tank of gas!",anger
20381,Chandler,Do not speak ill of the dead.,anger
20381,Monica,"We're supposed to uh, be spending a romantic weekend together, it-it, what is the matter with you?",anger
20381,Chandler,"I just want to watch a little television. What is the big deal? Geez, relax mom.",sadness
20381,Monica,What did you say?,anger
20381,Chandler,"I said, ""Geez, relax Monnnnn.""",fear
20382,Monica,"Y’know, maybe it’s best that we never got to do it again.",neutral
20382,Chandler,"Yeah, it kinda makes that-that one night special.  Y’know, technically we still",neutral
20382,Monica,"I’m gonna go to the bathroom, maybe I’ll see you there in a bit?",neutral
20382,Chandler,‘Kay!,neutral
20382,Joey,Can I ask you something?,neutral
20382,Chandler,"Uhh, no.",neutral
20382,Joey,"Felicity and I, we’re watching",neutral
20382,Chandler,No.,neutral
20382,Joey,"I mean, the giant is like five years younger than me, y’know, you think I’ll ever get there?",neutral
20382,Chandler,Yes.,neutral
20382,Joey,Thanks man.,neutral
20382,Chandler,Okay man.,neutral
20382,Joey,But what about how much taller he is than me?,neutral
20382,Joey,"I mean, there’s no way I can make myself taller now, y’know?",neutral
20382,Joey,"And who knows what science will come up with in the future, but Chandler, what if I die an unsuccessful, regular sized man?",anger
20382,Joey,"Hey, Monica, wow you’ve been in the bathroom for like a half-hour.",surprise
20382,Monica,I know!,anger
20382,Joey,"Had the beef-tips, huh?",neutral
20383,Dr. Wesley,"Good-bye and God speed, Hope Brady.",neutral
20383,Dr. Drake Remoray,Not so fast Wesley!,anger
20383,Dr. Wesley,Ramoray!,sadness
20383,Dr. Drake Remoray,"That’s right Wesley! I just stopped by to say that, you’re not a real doctor! And that woman’s brain, is fine!",anger
20383,Rachel,Oh! Thank God!,joy
20383,Dr. Drake Remoray,Hope! Hope!,joy
20383,Hope,Drake!,joy
20383,Dr. Drake Remoray,"You’re not dying Hope, you’re gonna live a long, healthy life. With me.",joy
20383,Hope,Oh Drake.,joy
20383,Rachel,Okay!,joy
20383,Rachel,Here we go!,joy
20383,Rachel,Okay!,joy
20383,Rachel,"Hi, Joey!",joy
20383,Rachel,It’s Rachel!,joy
20383,Rachel,"Umm, I am free tomorrow night.",neutral
20383,Rachel,"Yeah, sure, sure I can bring some sandwiches.",neutral
20384,Monica,"OK, we got the cole slaw, we got the buns...",neutral
20384,Phoebe,"We've got the ground-up flesh of formerly cute cows and turkeys, ew...",disgust
20384,Chandler,Men are here.,neutral
20385,Rachel,"Mom, would you relax.",sadness
20385,Rachel,"That was 10 blocks from here and, the, the woman was walking alone at night, I would never do that.",sadness
20385,Rachel,"Mom, c'mon, stop worrying.",fear
20385,Rachel,"This is a safe street, this is a safe building, there's nothing",neutral
20385,Stranger,Hi.,neutral
20385,Rachel,"Hi, hi can I help you?",joy
20385,Stranger,"Yeah, I'm looking for Phoebe, does she still live here?",neutral
20385,Rachel,"Uh, no she doesn't but I can, I can get a message to her.",neutral
20385,Stranger,"Great. Uhh, just tell her her husband stopped by.",neutral
20385,Rachel,What?,surprise
20385,Stranger,"Hey, how, how did you do that?",surprise
20386,Rachel,"Alright, somebody.",neutral
20386,Monica,"OK, I'll go. OK, senior year of college... on a pool table.",neutral
20386,All,Whoooaa!,surprise
20386,Ross,That's my sister.,neutral
20386,Joey,OK... my weirdest place would have to be... the women's room on the second floor of the New York CIty public library.,neutral
20386,Monica,Oh my God! What were you doing in a library?,surprise
20386,Ross,"Pheebs, what about you?",neutral
20386,Phoebe,Oh... Milwaukee.,neutral
20386,Rachel,Um... Ross?,neutral
20386,Ross,"Disneyland, 1989, 'It's a Small World After All.'",neutral
20386,All,No way!,surprise
20386,Ross,The ride broke down.,neutral
20386,Ross,"So, Carol and I went behind a couple of those mechanical Dutch children... then they fixed the ride, and we were asked never to return to the Magic Kingdom.",joy
20386,Phoebe,"Oh, Rachel.",neutral
20387,Monica,Hey!,joy
20387,Rachel,Hey!,joy
20387,Phoebe,"Oh, is the play over?",neutral
20387,Monica,Yeah. Where were you?,neutral
20387,Hold Voice,"Thank you for your patience, you’re the next caller.",neutral
20387,Monica,You were the next caller five hours ago. You must be going crazy.,joy
20387,Phoebe,Nah. I kept myself busy.,neutral
20387,Phoebe,"Oh, okay, yeah.  I put your stuff in her room, and her stuff in your room.",neutral
20388,Rachel,"Well there’s yore. And uh, y’know, yesteryear.",neutral
20388,Phoebe,"Yeah no, I’m telling you Rachel has such a great eye for this stuff.",neutral
20388,Phoebe,"Ross, y’know if you ever decide you need to redecorate—And I think that you should.",neutral
20388,Phoebe,"You should, you should ask Rachel to help.",neutral
20388,Rachel,Oh honey he doesn’t need my help.,neutral
20388,Phoebe,"Oh, come on! I think he’s ready to get rid of, what did you call it? The cheap knock-offs and dinosaur junk.",joy
20388,Ross,Really?!,surprise
20388,Ross,"Hey, y’know what?",surprise
20388,Ross,"Since you have such a great sense of what I need, uh ooh, here’s-here’s 60 bucks, why don’t you take Phoebe down to that Colonial flea market of yours and get me some stuff.",neutral
20388,Rachel,"Y’know what? I don’t, I don’t think Phoebe really wants to come.",joy
20388,Phoebe,No! I do want to!,joy
20388,Rachel,"Oh, she does want to.",neutral
20388,Ross,She does want to.,neutral
20388,Phoebe,Yeah!,joy
20389,Rick,"Wow, you have really pretty feet.",surprise
20389,Phoebe,These old things.,sadness
20389,Rick,"Would you mind spending some time on my siadic area, it’s been killing me today.",anger
20389,Phoebe,"You mean the—Okay by siadic, you mean the towel covered portion.",neutral
20389,Rick,Yeah.,neutral
20389,Phoebe,"Sure, yeah, no I can do that, yeah, because umm, y'know, the muscles in the siadic area can get y’know, real  nice and tight.",neutral
20389,Phoebe,"So umm, tell me Rick, how umm, how did you injure the area.",surprise
20389,Rick,"Oh, a 16-hour sit-in for Greenpeace.",neutral
20389,Phoebe,Oh.,neutral
20389,Rick,Ow! Did you just bite me?,surprise
20389,Phoebe,No!,surprise
20390,Phoebe,"Um, that's it.",neutral
20390,Phoebe,No.,neutral
20391,Phoebe,Crew guy.,neutral
20391,Phoebe,Yeah.,neutral
20391,Phoebe,Why have you been following me?,anger
20391,Phoebe,"I mean, all week long everywhere I look there's you.",neutral
20391,Guy,"You wouldn't return my calls, you sent back my letters....",sadness
20391,Phoebe,What?,surprise
20391,Guy,"One more chance Ursula, please?",sadness
20391,Joey,Okay.,neutral
20392,Phoebe,"Okay, and then this is the coffee house. This is where I play my music.",neutral
20392,Vince,Good deal.,joy
20393,Gunther,Here you go.,neutral
20393,Rachel,Thank you.,neutral
20393,Mark,Hi!,joy
20393,Rachel,"Hi! All right, let’s go shoppin’!!",joy
20393,Mark,"Um, y'know, before we go ah, there’s something I need to say.",fear
20393,Rachel,"Oh, okay.",neutral
20393,Mark,"I’ve kinda of had this ah, this crush on you.",fear
20393,Mark,"But since you were with Ross, I-I didn’t do anything about it.",joy
20393,Mark,"But, now that you’re not, I’d really like to ask you out sometime.",fear
20393,Mark,"So-so that’s-that’s what I’m doing, now.",fear
20393,Rachel,Wow! Umm....,surprise
20393,Gunther,I dropped a cup.,neutral
20394,Phoebe,"Hello, tiny embryos.",neutral
20394,Phoebe,"Well, I’m-I’m Phoebe Buffay, hi!",joy
20394,Phoebe,I’m-I’m-I’m hoping to be your uterus for the next nine months.,joy
20394,Phoebe,"You should know, that we’re doing this for Frank and Alice, who you know, you’ve been there!",joy
20394,Phoebe,"Umm, y’know they want you so much, so when you guys get in there, really grab on.",joy
20394,Phoebe,"Okay, and-and I promise that I’ll keep you safe and warm until you’re ready to have them take you home, so… Oh!",joy
20394,Phoebe,"And also, umm next time you see me, I’m screaming, don’t worry, that’s what’s supposed to happen.",neutral
20394,Dr. Zane,Ready?,neutral
20394,Phoebe,Uh-huh.  Good luck.,sadness
20395,Ross,Then we have to await the data from recent MRI scans and DNA testing which call into question information gathered from years of simple carbon dating.,neutral
20395,Rachel,"Look at that woman sitting by the pool getting tan... so leathery and wrinkled, I'm so",sadness
20396,Man,I'm not your brother.,neutral
20396,Phoebe/Waitress,What about my children Drake?! Huh!?  No!! No!! No! God!,anger
20397,Nurse,Why don’t we try massaging the breast to stimulate the flow.,neutral
20397,Joey,Are you kidding me?!,anger
20397,Rachel,It’s just so frustrating! Why doesn’t she want my breast?!,anger
20397,Joey,I don’t know! Maybe she’s crazy!,anger
20398,Janine,"Hey Joey, I got some beer for you.",neutral
20398,Joey,"Uh, don't you mean ""for whom?""",neutral
20398,Janine,"Sure, listen I was gonna order some pizza, you wanna share one?",neutral
20398,Joey,"Pizza, heh, its not like I never had that before...ba dum bum cheshhh.",neutral
20398,Janine,Is there something wrong?,neutral
20398,Joey,"All right, All right, let's just get this out in the open okay?",neutral
20398,Joey,You're hot.,neutral
20398,Joey,I'm lovable.,neutral
20398,Joey,Clearly there's a vibe going on between us.,neutral
20398,Joey,"But, we're roommates and it's a huge mistake for us to continue down this road.",neutral
20398,Janine,Joey...,neutral
20399,Monica,"Oh no it’s not, no it’s not. It’s a first date. I’m",fear
20399,Chandler,"Ho-oh, he’s gonna get some!",joy
20399,Chandler,Of the glare from the streetlight out of his apartment.,neutral
20399,Chandler,"Y’know so umm, he’s closed the drapes there so he can have a nice, pleasant conversation with your little sister.",neutral
20399,Chandler,"Well, I’m off to bed!",neutral
20400,Katie,You were so funny with that waiter! You're such a nut!,joy
20400,Joey,"Y'know, breadstick fangs are always funny.",joy
20400,Katie,"No, you make them funny. You're the funny one!",joy
20400,Joey,"Uhh, look Katie, uh listen, we-we need to talk.",fear
20400,Joey,Okay?,neutral
20400,Joey,"Umm, look I like you.",fear
20400,Joey,"I-I really do, I like you a lot.",fear
20400,Joey,Okay?,anger
20400,Joey,"But sometimes when you, when you playfully punch me like that it-it feels like someone's hitting me with a very tiny but very",joy
20400,Katie,"Aww, like I could hurt you. Are you making fun of my size? Don't make fun of me because of my size!",surprise
20401,Rachel,"Oh, Joey! Sorry!",surprise
20402,Rachel,They made you head of the department!,joy
20402,Ross,"No, I get to teach one of his advanced classes!  Why didn’t I get head of the department?",joy
20402,Joey,"Oh! Hey Rach, listen umm",neutral
20402,Rachel,Yeah.,neutral
20402,Joey,"I got a big date coming up, do you know a good restaurant?",neutral
20402,Rachel,"Uh, Paul’s Café. They got great food and it’s really romantic.",neutral
20402,Joey,"Ooh, great! Thanks!",joy
20402,Rachel,"Yeah! Oh, and then afterwards you can take her to the",neutral
20402,Joey,"You sure are naming a lot of ways to postpone sex, I’ll tell ya",neutral
20402,Rachel,"Ooh, I miss dating.",sadness
20402,Rachel,Gettin’ all dressed up and going to a fancy restaurant.,neutral
20402,Rachel,"I’m not gonna be able to do that for so long, and it’s so much fun!",joy
20402,Rachel,I mean not that sitting at home worrying about giving birth to a sixteen pound baby is not fun.,neutral
20402,Joey,"Hey, y’know what?",neutral
20402,Rachel,Huh?,neutral
20402,Joey,Why don’t I take you out?,neutral
20402,Rachel,"What?! Joey, you don’t want to go on a date with a pregnant lady.",surprise
20402,Joey,Yes I do!,joy
20402,Joey,"And we’re gonna go out, we’re gonna have a good time, and take your mind off of childbirth and c-sections and-and giant baby heads stretching out",joy
20402,Rachel,Okay! I’ll go with ya! I’ll go! I’ll go with ya.,joy
20402,Joey,I’ll be fun.,neutral
20402,Rachel,All right?,neutral
20403,Rachel,Hi!,joy
20403,Joey,Hey!,joy
20403,Rachel,"Joey, I gotta tell ya, I've been thinking",neutral
20403,Joey,"Oh, you know, the writing was good, and the director is good,    and... and my co-star's good",joy
20403,Rachel,"God, you have to tell me what happens tomorrow!",joy
20403,Joey,"Ow, I'm just going over the script now! You wanna read lines with    me?",surprise
20403,Rachel,"Me? Oh, no, I am not an actress.",disgust
20403,Joey,"Oh, all right, I can ask Monica.",neutral
20403,Rachel,"Oh screw her, that part is mine!",anger
20403,Joey,"Right...  ok, so just from the top of the page, right here.",neutral
20403,Rachel,"Okay. . Hello Drake, I'm surprised to see you    here.",surprise
20403,Joey/Drake,I can't believe you married him.,surprise
20403,Rachel/actress,But what choice did I have. He was keeping my sister    in a,anger
20403,Joey/Drake,So what about us? Everything we feel for each other.,sadness
20403,Rachel/actress,It's over! You,joy
20403,Joey/Drake,How can I?,surprise
20403,Joey/Drake,"Knowing I'll never hold you in my arms again,    or touch your skin, or feel your lips, knowing I'll never make love to you?",sadness
20403,Joey/Drake,How can I accept that...,sadness
20403,Joey/Drake,I can never kiss you again when it's all I can do not    to kiss you right now.,sadness
20403,Rachel,Kiss me.,joy
20403,Joey,What?,surprise
20404,Phoebe,"Come on, you know, Thanksgiving. Ooh, you got the bigger half. What'd you wish for?",joy
20404,Joey,The bigger half.,neutral
20404,Chandler,I'd like to propose a toast.,joy
20404,Chandler,"Little toast here, ding ding.",joy
20404,Chandler,"I know this isn't the kind of Thanksgiving that all of you all planned, but for me, this has been really great, you know, I think because it didn't involve divorce or projectile vomiting.",joy
20404,Chandler,"Anyway, I was just thinking, I mean, if you'd gone to Vail, and if you guys'd been with your family, if you didn't have syphilis and stuff, we wouldn't be all together, you know?",anger
20404,Chandler,So I guess what I'm trying to say is that I'm very thankful that all of your Thanksgivings sucked.,joy
20404,All,That's so sweet.,joy
20404,Ross,"And hey, here's to a lousy Christmas.",joy
20404,Rachel,And a crappy New Year.,joy
20404,Chandler,"Here, here!",joy
20405,Ross,"Now, hold on!",anger
20405,Ross,Hold on!,anger
20405,Ross,"Look, look, your daughter and I are supposed to leave tonight for our honeymoon, now-now you-you tell her that I’m gonna be at that airport and I hope that she’ll be there too!",anger
20405,Ross,"Oh yeah, I said Rachel’s name, but it didn’t mean anything, Okay?",anger
20405,Ross,She’s-she’s just a friend and that’s all!,anger
20405,Ross,That’s all!,sadness
20405,Ross,Now just tell Emily that I love her and that I can’t imagine spending my life with anyone else.,anger
20405,Ross,"Please, promise me that you’ll tell her that.",sadness
20405,Mr. Waltham,"All right, I’ll tell her.  Come on bugger face!",anger
20405,Mrs. Waltham,Call me.,neutral
20405,Mr. Waltham,"You spend half your life in the bathroom, why don’t you ever go out the bloody window!",anger
20406,Ross,What happened?!!,surprise
20406,Joey,"Well, I don’t know!!",surprise
20406,Ross,We fell asleep! That is all.,neutral
20406,Joey,"Yeah. Yep. Yeah. All right, well uh, I’d better go.",neutral
20406,Ross,I think that would be best.,neutral
20406,Joey,"Yeah. All right, I’ll talk to you later.",neutral
20406,Ross,Okay. But not about this!,anger
20406,Joey,No! Never! Never!  Bye.,anger
20406,Ross,No touch! No touch!,neutral
20407,Chandler,"Umm ma’am, do you have a minute?  I kind of have some bad news. I don’t think I can move to Tulsa.",sadness
20407,Ms. McKenna,What?,surprise
20407,Chandler,"It’s a funny story, actually.",neutral
20407,Chandler,"I kind of fell asleep  in the meeting this morning so when I said I’d move to Tulsa, I didn’t really  know what I was saying.",neutral
20407,Ms. McKenna,You fell asleep?,surprise
20407,Chandler,"But only because I was up all night worried about this  meeting, ain’t that funny?",fear
20407,Chandler,Irony?,surprise
20407,Chandler,"Not a fan, alright .",neutral
20407,Chandler,"See, here’s  the thing.",neutral
20407,Chandler,I went home and told my wife about Tulsa and she won’t go.,neutral
20407,Chandler,"See, me, I  love Tulsa!",joy
20407,Chandler,Tulsa is heaven!,joy
20407,Chandler,Tulsa is Italy—Please don’t make me go  there!,fear
20407,Ms. McKenna,"Chandler, I…",joy
20407,Chandler,No no no!,fear
20407,Chandler,"Look, Carol, can I call you Carol?",neutral
20407,Chandler,Wh-why  would I when your name is Elaine?,joy
20407,Chandler,"Oh what a great picture of your son,  strapping!",joy
20407,Chandler,"That’s a picture of your daughter, isn’t it,  well she’s lovely.",joy
20407,Chandler,I like a girl with a strong jaw.,sadness
20407,Chandler,I’ll call you from Tulsa.,neutral
20408,Monica,Hi.,neutral
20408,Fake Monica,Hey.,neutral
20408,Monica,How are you?,neutral
20408,Fake Monica,"I'm not too bad. Fortunately, blue's my colour. How-how did you know I was here?",neutral
20408,Monica,Because... I'm Monica Geller. It was my credit card you were using.,neutral
20408,Fake Monica,That I was not expecting.,surprise
20408,Monica,"I want you to know, it wasn't me who turned you in.",neutral
20408,Fake Monica,Oh. Thanks.,neutral
20408,Monica,"No, thank you! You have given me so much! I mean, if it wasn't for you, I would never have gotten to sing",joy
20408,Fake Monica,"Well, actually, you only got to sing 'Memo-'.",neutral
20408,Monica,I just can't believe you're in here.,surprise
20408,Monica,"I mean, what am I gonna do without you?",sadness
20408,Monica,Who's gonna crash the embassy parties with me?,sadness
20408,Monica,Who's gonna take me to the,sadness
20409,Rachel,"Uh... Oh, Mindy, you are so stupid. Oh, we are both so stupid.",disgust
20409,Mindy,What do you mean?,neutral
20409,Rachel,Smell familiar?,neutral
20409,Mindy,Oh no.,fear
20409,Rachel,"Oh, I am so sorry.",sadness
20409,Mindy,"No me, I am so sorry...",sadness
20409,Joey,Oh my.,surprise
20410,Ross,"Well, there's no way I'm gonna get a shot.",fear
20410,Ross,"Maybe they can take the needle and thquirt it into my mouth, you know, like a thquirt gun.",fear
20410,Monica,"Doctor, can I see you for just a minute please? My brother has a slight phobia about needles.",neutral
20410,Ross,Did you tell him about my thquirt gun idea?,neutral
20410,Monica,"My brother, the PhD would like to know if there's any way to treat this orally.",neutral
20410,Doctor,"No, under these circumstances it has to be an injection, and it has to be now.",neutral
20410,Ross,Tho?,neutral
20411,Ross,Ohhh.,fear
20411,Monica,"That's good, have a seat.",neutral
20412,Monica,"Um, the doctor says it's gotta be a needle.",neutral
20412,Monica,"You're just gonna have to be brave, ok?",neutral
20412,Monica,Can you do that for me?,neutral
20412,Ross,Ok.,neutral
20412,Monica,Ok. Oh boy. You are doin' so good. You wanna squeeze my hand?,neutral
20412,Ross,Yes!,fear
20412,Monica,"All right, Ross, don't squeeze it so hard.",neutral
20412,Monica,"Honey, really, don't squeeze it so hard!",anger
20412,Monica,Let go of my hand!,anger
20413,Ross,You’re gonna love me so much. I got Sting tickets!!,joy
20413,Phoebe,Oh my God! I do love you! How did you do it?!,joy
20413,Ross,Well…let’s just say,neutral
20413,Phoebe,"Oo, where are the seats?",joy
20413,Ross,"Uh, middle balcony.",neutral
20414,Boy in the Cape,You’re a mean old woman.,anger
20414,Rachel,No! Wait no! Shut up—I mean don’t cry! Let me get my checkbook!,sadness
20414,Monica,"Look honey, you don’t have to do this, okay?",surprise
20414,Monica,It’s the strength you have inside that means the most to me.,joy
20414,Monica,"You’re loyal, you’re honest, and you have integrity!",joy
20414,Monica,That’s the kind of strength that I want in the man that I love!,joy
20414,Chandler,That means nothing to me.  Come on!,anger
20415,Rachel,"Oh! Hey, Mr. Treeger.",fear
20415,Mr. Treeger,: What are you doing?,neutral
20415,Rachel,Ummm. Oh! I’m sorry.  It’s a little old but,joy
20415,Mr. Treeger,: No! You’re clogging up the chute that I spent a half-hour unclogging!,anger
20415,Rachel,I’m sorry. I didn’t—I don’t come in here a lot.,sadness
20415,Mr. Treeger,": Oh yeah, of course you don’t!",anger
20415,Mr. Treeger,": ‘Cause you’re a little princess! ""Daddy, buy me a pizza. Daddy, buy me a candy factory. Daddy, make the cast of",disgust
20415,Mr. Treeger,": You think you could make a mess and the big man in coveralls will come in here and clean it up, huh?",anger
20415,Mr. Treeger,"Well, why don’t think of someone else for a change?",anger
20415,Rachel,"Okay, I’m sorry.",sadness
20416,Ross,Hello!,joy
20416,Ross,What's this?,neutral
20416,Ross,Oh right its that girl's phone number.,neutral
20416,Ross,"Yeah-yeah, there it is, just a phone number a really hot girl gave me.",joy
20416,Ross,"It's no big deal, I mean it is her home phone number, but... Whoa!",surprise
20416,Ross,"Whoa-whoops, I almost lost this baby!",joy
20416,Ross,"Yeah, the lovely Amanda gives me her number and I-I go and drop it.",anger
20416,Phoebe,Thank you.,neutral
20417,Monica,I don’t know how any of these got opened?!,surprise
20417,Joey,You opened them all?,surprise
20417,Monica,"I know! I know! I am a terrible person! I mean, Chandler is never going to trust me with anything ever again!",joy
20417,Joey,Oh hey! You got my parent’s gift!,joy
20417,Monica,Yeah. What is that?,neutral
20417,Joey,"Well, I don’t know. I think it does something to salami.",sadness
20417,Monica,Hey! How’d it go?,sadness
20417,Joey,Yeah. What-what did Tag say?,neutral
20417,Rachel,Tag is not the father! And Joey knows now?,sadness
20417,Joey,"I do Rach. I do, and I so happy for you.",joy
20417,Rachel,"Oh wow, you didn’t even try to unhook my bra!",surprise
20417,Monica,So are you ever gonna tell whoever it is?,neutral
20417,Rachel,"No, I will. I’m just not up for it tonight.",neutral
20417,Joey,"Hey Rach listen, no matter what this guy says I want you to know you’re not gonna be alone in this.",joy
20417,Rachel,I’m not?,surprise
20417,Joey,Listen I uh…  It’s a scary world out there especially if you’re a single mom.,fear
20417,Joey,"Y’know, I always felt like you and I have this-this special bond.",neutral
20417,Joey,"So,  Rachel Green will you marry me?",joy
20418,Rachel,Thank you.,neutral
20418,Joey,If I can’t have it you can’t have it!,anger
20419,Monica,"I can’t believe her, y’know it’s just—it’s so typical.",disgust
20419,Chandler,"Now Monica, I know you’re upset, but don’t forget.",neutral
20419,Chandler,"There is going to be a wedding, you are going to throw the bouquet, and",neutral
20419,Monica,Paris?,neutral
20419,Chandler,We will take a moonlit walk on the Rue de la .,neutral
20419,Monica,Keep talking.,neutral
20419,Chandler,"Then we will sprinkle rose pedals on the bed and make love. Not just because it’s romantic, but because I can!",joy
20419,Monica,I love you!,joy
20420,Joey,Yes!,joy
20420,Joey,I win again!,joy
20420,Joey,Ha-ha!,joy
20420,Joey,That’s like 500 bucks you owe me!,joy
20420,Joey,Whoo-ho-hoo!,joy
20420,Joey,$500 that is a loooot of electricity!,joy
20420,Joey,Whoo-ho-ho!,joy
20420,Joey,I gotta buy some food.,neutral
20420,Chandler,"Okay, give me a chance to win my money back. Okay? Sudden death, one goal, $1,000.",neutral
20420,Joey,You serious?,surprise
20420,Chandler,Oh yes!,anger
20420,Joey,"Okay, get ready to owe me!",joy
20420,Chandler,Okay.,neutral
20420,Joey,"Okay, here we go. Ready?",neutral
20420,Chandler,No! No! No! No——one can beat me.,anger
20420,Chandler,"See? Now, that’s why only the little fake men are supposed to do all the kicking.",fear
20421,Monica,Who is that?!,surprise
20421,Chandler,"Don’t worry, I’m brave!",sadness
20421,Chandler,I am brave!,fear
20421,Chandler,I…I am brave!,fear
20421,Chandler,No-no-no-no!!,fear
20421,Chandler,Can you tell me who is there please?,neutral
20421,Gary,Hi!,joy
20421,Monica,Hi. Do you know what time it is?,neutral
20421,Gary,It’s candy time! My roommate says that they taste like little drops of heaven.,joy
20421,Monica,Oh please!  Did you hear that? Little drops of heaven.,joy
20421,Chandler,4:00 A.M.,neutral
20421,Gary,"So, can I get some candy?",neutral
20421,Chandler,"I am sorry, but some of us have to",neutral
20421,Monica,"Umm, listen I am sorry, but I’ll put some out first thing in the morning.",sadness
20421,Gary,"Well okay, I’ll swing by later. Do you live in this building?",neutral
20421,Monica,Um-hmm.,neutral
20421,Gary,Mm! Seems like I would’ve remembered you!,surprise
20421,Chandler,Mm! Night Gar’!,neutral
20422,Joey,Aaron! You gotta let me go. The guy’s hammered!,joy
20422,The Director,"I’m sorry Joey, as long as he’s here and he’s conscious we’re still shooting.",neutral
20422,Richard,You wouldn’t happen to have a very big fork?,neutral
20422,Joey,"So I uh, I just talked to the director. That’s it, we’re done for the day.",neutral
20422,Richard,Well have we finished the scene?,surprise
20422,Joey,Yeah! You…you were wonderful.,joy
20422,Richard,As were you.,neutral
20422,Joey,"So I got your car, it’s right outside.",neutral
20422,Richard,"Oh, thank you. You’re welcome.",joy
20422,Joey,No-no-no! We gotta go! Come on!  Here we go.,fear
20422,Richard,Is that my ass?,joy
20423,Monica,What about these? These look the same?,neutral
20423,Phoebe,Definitely!,joy
20423,Monica,Not as each other!,neutral
20423,Phoebe,"Oh, then no.",neutral
20423,Chandler,Hey!,joy
20423,Monica,Hi!,anger
20423,Chandler,You look amazing. I'm the luckiest man in the world.,joy
20423,Monica,"Ohh, you're about to get a little luckier.",joy
20423,Chandler,Let me see the earrings.,neutral
20423,Monica,"Oh, honey, the earrings",neutral
20423,Chandler,They look great! Does your boyfriend have the best taste or what?,joy
20423,Monica,My boyfriend really does have good taste!,joy
20423,Chandler,Thanks for picking out the earrings man.,neutral
20423,Ross,Mm-Hm,neutral
20424,Monica,"I know that there’s no hole there, I just really liked that picture.",neutral
20424,Rachel,Oh my God! Look at this!,surprise
20424,Monica,"Okay, but there",neutral
20424,Rachel,I don’t care! The wires have come loose in your head!,anger
20424,Monica,I just thought that if I could follow the wire I could find out what it did.,neutral
20424,Rachel,And did you?!,sadness
20424,Monica,"No. It disappears back there behind that baseboard. For a minute there, I thought it went downstairs.",neutral
20424,Monica,But it didn’t. Say hello to Mrs. Chatracus.,neutral
20424,Rachel,Oh my God.,surprise
20424,Mrs. Chatracus,Hello darling.,neutral
20424,Rachel,"Hello, Mrs. Chatracus.",neutral
20425,Ross,"Okay, is everybody clear? We’re gonna pick it up…and move it. Now all we need is teamwork, okay? We’re gonna",neutral
20425,Rachel,"Ross, I really don’t think",neutral
20425,Ross,Lift!! And slide!,joy
20425,Chandler,"Okay, here we go.",neutral
20425,Ross,"All right everyone, lift!  And slide!!",joy
20426,Joey,"All right Carl, we’re next. Now remember, what is not gonna be?",neutral
20426,Carl,Another,neutral
20426,Joey,That’s right! And what are you not gonna do?,neutral
20426,Carl,"Well, I’m not gonna talk because",neutral
20427,Monica,"I mean, I realize that his feelings may never completely go away, but",sadness
20427,Janice,"Oh?my Gawd, I-I understand.",sadness
20427,Janice,"I-I am so sorry, I’ll go.",sadness
20427,Janice,"Good-bye Monica , I wish you a lifetime of happiness with him.",sadness
20427,Janice,"Chandler,  you call me when this goes in the pooper.",neutral
20428,Joey,I found my identical hand twin!,joy
20428,Phoebe,"Ohh, you are",neutral
20428,Chandler,No!,neutral
20428,Phoebe,But she just came up here!,surprise
20428,Chandler,That was Joey!,neutral
20428,Phoebe,I wonder where she is. That is so weird.,neutral
20428,Chandler,"Yeah, well, she's probably talking to Richard.",neutral
20428,Phoebe,Would you stop that!,anger
20428,Phoebe,Do you wanna know the first thing she said when she came back from her lunch with Richard?,neutral
20428,Phoebe,She didn't feel anything for him.,neutral
20428,Phoebe,She loves you!,sadness
20428,Chandler,Really?,surprise
20428,Phoebe,"Yes! Now, she feels terrible! She really wants to make up! You gotta find her.",anger
20428,Chandler,Okay.,neutral
20428,Phoebe,Good.  I should really start wearing hats!,neutral
20429,Monica,"I mean, why should I let them meet him?",neutral
20429,Monica,"I mean, I bring a guy home, and within five minutes they're all over him.",disgust
20429,Monica,"I mean, they're like- coyotes, picking off the weak members of the herd.",joy
20429,Paula,Listen.,neutral
20429,Paula,"As someone who's seen more than her fair share of bad beef, I'll tell you: that is not such a terrible thing.",neutral
20429,Paula,"I mean, they're your friends, they're just looking out after you.",neutral
20429,Monica,"I know. I just wish that once, I'd bring a guy home that they actually liked.",sadness
20429,Paula,"Well, you do realise the odds of that happening are a little slimmer if they never get to meet the guy..",neutral
20430,Chandler,No-no-no-no.  Hey!,surprise
20430,Phoebe,"Anyway, I should go. Okay, bye.",neutral
20430,Monica,Hey sweetie.,neutral
20430,Chandler,"Hi sweetie. So, what was with all the whispering?",neutral
20430,Monica,I can’t tell you. It’s a secret.,neutral
20430,Chandler,Secret? Married people aren’t supposed to have secrets between one another. We have too much love and respect for one another.,anger
20430,Monica,Awww.  But still no.,neutral
20430,Chandler,"No I’m serious, we should tell each other",neutral
20430,Monica,"Really? Okay, so why don’t you tell me what happened to Ross Junior year at",neutral
20430,Chandler,"Oh no-no, I can’t do that.",fear
20430,Monica,"If you tell me, I’ll tell you what Phoebe said.",neutral
20430,Chandler,Okay.,neutral
20430,Monica,Okay.,neutral
20430,Chandler,"So, Ross and I are going to",neutral
20430,Monica,Oh my God. He threw up?,disgust
20430,Chandler,"No, he visited a little town south of throw up.  So what was Phoebe’s secret?",neutral
20430,Monica,"Oh, Nancy Thompson from Phoebe’s old massage place is getting fired.",neutral
20430,Chandler,That’s it?! I gave up my,joy
20430,Monica,That’s right! You lose sucker!!  Please still marry me.,joy
20431,Phoebe,Oh hey! How was your audition?,joy
20431,Joey,"I’m sorry, do I know you?",neutral
20431,Phoebe,What are you doing?,neutral
20431,Joey,"Nothing, I’m just practicing blowing you off because I’m gonna be a big movie star!",surprise
20431,Phoebe,Oh! You got it?!,sadness
20431,Joey,"Well no, not yet. But the audition went really good.",joy
20431,Monica,What was it for?,neutral
20431,Joey,"Oh, it’s this big budget period movie about these three Italian brothers who come to America around the turn of the century.",neutral
20431,Joey,It’s really classy!,joy
20431,Joey,"Oh, and the director is supposed to be the next next Martin Scorcese.",joy
20431,Phoebe,The next next?,neutral
20431,Joey,"Yeah, there’s this guy from Chicago who’s supposed to be the next Martin Scorcese, all right?",neutral
20431,Joey,But then this guy’s right after him.,neutral
20431,Joey,Hello!,joy
20431,Joey,They loved me!,joy
20431,Joey,Oh my God!,joy
20431,Joey,"Are you kidding me? I never rent a movie without it!  Oh.  Uh, okay uh let me call you back.",surprise
20431,Phoebe,What’s the matter?,neutral
20431,Joey,They want me to be totally naked in the movie!,surprise
20431,Monica,Wow!,surprise
20431,Joey,I know! My grandmother’s gonna see this!,joy
20431,Phoebe,Grandma’s gonna have to get in line.,joy
20432,Elizabeth,Oh please! It was such a big class! You never even noticed me!,joy
20432,Ross,"What? Of course I did! You uh, you sat next to Sleepy Sleeperson.",surprise
20432,Elizabeth,Who?,neutral
20432,Ross,"Oh uh, I had trouble remembering everyone’s name, so I-I kinda came up with nicknames.",neutral
20432,Ross,Like the guy on the other side of you was Smelly von Brownshirt.,neutral
20432,Elizabeth,"Oh yeah. So umm, did you have a nickname for me?",neutral
20432,Ross,"Umm, no. No.",neutral
20432,Elizabeth,Yes you did! What was it?,surprise
20432,Ross,"Umm, it’s Cutie McPretty.",neutral
20432,Elizabeth,Ohh that’s so sweet!,joy
20432,Ross,"Listen, I gotta tell ya, I-I’m having a great time!",joy
20432,Ross,"Y’know how before you said it might be weird, the whole student teacher thing, and to be frank I thought it would be too, but it’s not.",surprise
20432,Ross,I mean it’s not at all.,neutral
20432,Burt,Dr. Geller!,joy
20432,Ross,Burt!,joy
20433,Phoebe,"Okay, so we got some more good rejections, lots of stuff to work on.",neutral
20433,Joey,"Okay, shoot.",neutral
20433,Phoebe,"Okay, um, oh, the zoo commercial.",neutral
20433,Joey,I didn't get it?,neutral
20433,Phoebe,"No. They said you 'Weren't believable as a human being.' So, you can work on that.",joy
20433,Joey,"Okay, what else?",neutral
20433,Phoebe,"Um, the off-Broadway play people said 'You were pretty but dumb.'",neutral
20433,Joey,Oh.,sadness
20433,Phoebe,"Oh no wait, I'm sorry, that's 'pretty dumb.'",neutral
20434,All,Hey.,neutral
20434,Ross,How's the maniac?,neutral
20434,Phoebe,"Oh, well he's yummy. We did a little kissin'.",joy
20434,Rachel,"Phoebe, what are you doing?",surprise
20434,Phoebe,"Oh, no, no, no, no. You know what, he's not into that stuff anymore. He quit for me.",neutral
20434,Rachel,"Pheebs, this guy has been obsessed with your sister, for God knows how long, okay, you don't just give up something like that.",disgust
20434,Phoebe,"Look, he gave me his night vision goggles and everything.",joy
20434,Ross,You're taking the word of a guy who has night vision goggles?,surprise
20434,Phoebe,"What, he's not still following her. Do you think he is still following her?",surprise
20434,Chandler,"Pheebs, wake up and smell the restraining order.",disgust
20434,Phoebe,What are you saying I should do?,neutral
20434,Monica,"I think, that if you really like this guy, you should just trust him.",neutral
20434,Phoebe,"Thank you, Monica.",joy
20434,Joey,"Orrr, you could follow him and see where he goes.",neutral
20434,Monica,"Oh, that's what I would do, forget mine.",surprise
20435,Monica,Hey guys check it out! My mom sent me the paper!,joy
20435,Phoebe,"Ooh, let’s see it!",joy
20436,Joey,She’s not crazy is she?,surprise
20436,Monica,No.,neutral
20436,Joey,"So uh, how you doin’?",neutral
20437,Chandler,There he is!,joy
20437,Monica,There’s our star!,joy
20437,Joey,"So, so, what’d ya think?",neutral
20437,Chandler,Almost as good as that play with the two naked girls on the see-saw.,joy
20437,Joey,I-I wasn’t in that.,sadness
20438,Phoebe,"Wow, I have the spirit of an old Indian women living in mine.",neutral
20438,Monica,So then you know?,joy
20438,Phoebe,"The mailman was downstairs, so I brought up your mail.",neutral
20438,Monica,"Oh, good. Thanks.",neutral
20438,Phoebe,Now what is Fabutec?,neutral
20438,Monica,"Okay, all right don’t judge me to much.",fear
20438,Monica,Okay?,neutral
20438,Monica,"Um, but I saw this info-mercial, and um, I swear to you I have never-ever bought anything on TV before, except for this mop.",neutral
20438,Monica,"But there was this stuff on leg waxing, it just, it looked so amazing....",joy
20438,Phoebe,"Oh, it’s incredible! I so want to be a Waxine girl.",joy
20438,Monica,I know!!,joy
20438,Phoebe,God. Do think it really doesn’t hurt? ‘Cause how can they do that?,fear
20438,Monica,Hello! Organic substances recently discovered in the depths of the rain forest!,joy
20438,Phoebe,They have the best stuff in there.,neutral
20439,Woman,"Comin' through. Move, move.",anger
20439,Rachel,"Oh, 'scuse me. I was kinda using that machine.",joy
20439,Woman,"Yeah, well, now you're kinda not.",disgust
20439,Rachel,But I saved it. I put my basket on top.,anger
20439,Woman,"Oh, I'm sorry, is that your basket? It's really pretty. Unfortunately, I don't see suds.",anger
20439,Rachel,What?,surprise
20439,Woman,"No suds, no save. Ok?",anger
20439,Ross,What's goin' on?,neutral
20439,Rachel,"Hi, uh, nothing. That horrible woman just took my machine.",disgust
20439,Ross,Was your basket on top?,neutral
20439,Rachel,"Yeah, but, there were no suds.",neutral
20439,Ross,So?,neutral
20439,Rachel,"Well, you know, no suds, no save.",neutral
20439,Ross,"No suds? Excuse me, hold on a second.  That's my friend's machine.",anger
20439,Woman,"Hey, hey, hey, her stuff wasn't in it.",neutral
20439,Ross,"Hey, hey, hey, that's not the rule and you know it.",anger
20440,Phoebe,Cause it's good money! But that doesn't change the fact that    this is an evil blood sucking corporate machine!,anger
20440,Receptionist,"Well, I think this is a great place to work!",joy
20440,Phoebe,"Ok, are they listening?",anger
20441,Chandler,Varrrrrroom!,joy
20441,Chandler,Hey!,joy
20441,Chandler,Watch it lady!,anger
20441,Chandler,Varrrrrrrrrrom!,joy
20441,Chandler,Hey-hey good lookin’!,joy
20441,Chandler,Varrrrrrrrroom.,joy
20441,Chandler,"All right, I’ll leave.",sadness
20441,Chandler,My bed’s so boring.,sadness
20442,Rachel,Ross do you realise this is the first time in my life I’m doing something I actually care about.,anger
20442,Rachel,This is the first time in my life I’m doing something that I’m actually good at.,anger
20442,Rachel,I mean.,neutral
20442,Rachel,if you don’t get that...,anger
20442,Ross,"No, hey, I get that, okay, I get that big time.",anger
20442,Ross,"And I’m happy for ya, but I’m tired of having a relationship with your answering machine!",anger
20442,Ross,"Okay, I don’t know what to do anymore.",sadness
20442,Rachel,Well neither do I!,joy
20443,Ross,Hey!,anger
20443,Ross,"I’m sorry I’m late, did I miss anything?",neutral
20443,Phoebe,Joey stuffing 15,neutral
20443,Ross,15?  Your personal best! (Ross takes an,surprise
20443,Phoebe,Where were you?,neutral
20443,Ross,"Oh, on a date. Yeah, I met this girl on the train going to a museum upstate.",neutral
20443,Chandler,"Oh, yeah! How did you meet her?",surprise
20443,Phoebe,"Oh, which museum?",neutral
20443,Phoebe,"No, answer his.",neutral
20443,Ross,"Okay, it was just me and her at the back of the train, and I sat near the door, so she’d have to pass by me if she wanted to switch cars.",joy
20443,Ross,She was totally at my mercy.,joy
20443,Chandler,Were you so late because you were burring this woman?,sadness
20443,Ross,"No, I’m getting back down ‘cause she lives in Poughkeepsie.",neutral
20443,Ross,"She seems really great, but she’s like totally great, but she lives two and a half hours away.",joy
20443,Chandler,How can she be great if she’s from Poughkeepsie?  That joke would’ve killed in Albany.,anger
20443,Joey,"Done! I did it! Heh, who’s stupid now?",joy
20444,Monica,"No, there is no way! It can",joy
20444,Chandler,Why is your family,neutral
20444,Monica,He cannot play at our wedding!,anger
20444,Monica,I mean everyone will leave!,anger
20444,Monica,"I mean come on, that is just noise!",anger
20444,Monica,It’s not even a song!,anger
20444,Chandler,"If you listen very carefully, I think its",neutral
20445,Phoebe,"Oh, I want to look too! . Yikes!",surprise
20445,Monica,"So do you think that these pictures—Are, are they trying to tell a story?",neutral
20445,Rachel,"Oh, yeah, sure.",neutral
20445,Rachel,"I mean, like in the case of this young woman, she has lost her clothes, so she rides naked on the horse, she’s crying out, ‘Where are they, where are they?’",neutral
20445,Monica,"Well, she’s not going to find them lying in the grass like that.",neutral
20445,Phoebe,"Oh, yeah. Aw, remember the days when you used to go out to the barn, lift up your shirt, and bend over?",joy
20445,Monica,Yeah.,neutral
20445,Rachel,"You see, now, I would date this girl.",neutral
20445,Rachel,"She’s cute, she’s outdoorsy, you know, and she knows how to build a fire.",neutral
20445,Rachel,"I mean, that’s got to come in handy",neutral
20445,Monica,"Okay, I’ve got a question. If you had to pick one of us to date, who would it be?",neutral
20445,Rachel,I don’t know.,neutral
20445,Monica,Me neither.,neutral
20445,Phoebe,Rachel.,neutral
20445,Monica,What?!,surprise
20445,Phoebe,I don’t know.  Me neither.,neutral
20446,Monica,"Look, I wanted to tell I’m-I’m sorry you lost.",sadness
20446,Chandler,"Listen, I’ve got a secret for ya. I let him win.",neutral
20446,Monica,Is that a secret or a lie.,anger
20446,Chandler,"No, I let him win—Ross!",neutral
20446,Ross,Yeah?,surprise
20446,Chandler,Would you tell her I let you win please?,anger
20446,Ross,Oh. Yeah.  Uh Chandler,neutral
20446,Chandler,I am strong! I’ll show you!,anger
20446,Monica,Chandler please!,disgust
20446,Chandler,Oh what’s the matter? Are you scared?,anger
20446,Monica,Let’s go big bunny!,anger
20446,Chandler,Okay. 1…2…3—Go!   I’m gonna kill myself!,neutral
20447,Joey,"Hey Ross, is uh, is Staten Island really an island?",neutral
20447,Ross,"Uh-huh, that's why they call it Staten",surprise
20447,Joey,Ohhh. I thought it was like Long Island.,surprise
20447,Ross,Also an island.,neutral
20447,Joey,"Hey, what time is it?",neutral
20447,Ross,2:17.,neutral
20447,Joey,"Wow! You realize that we've been throwing this ball, without dropping it, for like an hour?",surprise
20447,Ross,Are you serious?!,surprise
20447,Joey,Yeah. I realized it about a half-hour ago but I didn't want to say anything 'cause I didn't want to jinx it.,neutral
20447,Ross,Wow! We are pretty good at this! Hey! We totally forgot about lunch!,surprise
20447,Joey,"Oh, I-I, I think that's the first time I ever missed a meal!  Yeah, my pants are a little loose!",anger
20447,Rachel,"Hey, you guys",neutral
20447,Joey,Hey!,joy
20448,Ursula,Who is it?,neutral
20448,Phoebe,It’s Phoebe! Phoebe!,joy
20448,Ursula,Hey!,joy
20449,Phoebe,Oh God. So-so you’re making porn movies.,surprise
20450,Ursula,No I’m not.,anger
20450,Phoebe,You’re making one right now!,anger
20450,Phoebe,And-,neutral
20450,Ursula,"Yeah, can I help you with something?",neutral
20450,Phoebe,"Look, I’m talking right now! You’re—you mean her.",joy
20450,Ursula,"Y’know, twin stuff is always a real big seller.",neutral
20450,Phoebe,What?!,surprise
20450,Ursula,"Yeah, I can talk them into giving you like, 30 dollars.",neutral
20450,Phoebe,No!!,disgust
20450,Phoebe,And stop using my name!,anger
20450,Phoebe,And shame on you!,disgust
20450,Phoebe,And shame on all of you!,disgust
20450,Phoebe,You’re disgusting!,disgust
20450,Phoebe,Especially you  with that!,disgust
20451,Phoebe,Hey!,joy
20451,Rachel,Hi Pheebs!,joy
20451,Phoebe,Are you moving out?,neutral
20451,Rachel,"No, these aren't all my suitcases.  This one's Paolo's.",neutral
20451,Phoebe,"Um, um, Rachel can we talk for a sec?",neutral
20451,Rachel,"Well, sure...just a sec, though, 'cause Paolo's on his way over.",neutral
20451,Phoebe,"Oh!  Ok, um, ok, um,",fear
20451,Rachel,"Oh, Pheebs, Pheebs...",joy
20451,Phoebe,"Ok, um,  we haven't known each other for that long a time, and, um, there are three things that you should know about me.",neutral
20451,Phoebe,"One, my friends are the most important thing in my life, two, I never lie, and three, I make the best oatmeal raisin cookies in the world.",neutral
20451,Rachel,"Ok, thanks Pheebs  Oh my God, why have I never tasted these before?!",surprise
20451,Phoebe,"Oh, I don't make them a lot because I don't think it's fair to the other cookies",neutral
20451,Rachel,"All right, well, you're right, these are the best oatmeal cookies I've ever had.",surprise
20451,Phoebe,Which proves that I never lie.,neutral
20451,Rachel,I guess you don't.,neutral
20451,Phoebe,Paolo made a pass at me.,sadness
20452,Monica,"I’m so sorry. Please, stop freaking out.",fear
20452,Chandler,I’m not freaking out.,neutral
20452,Chandler,Why would I be freaking out?,neutral
20452,Chandler,"A woman named Heldi called and said we were getting married, but that happens everyday.",neutral
20452,Monica,"Honey, we were at this beautiful place, and I-I-I just put our names down for fun!",anger
20452,Monica,"I mean, what’s the harm in that?",neutral
20452,Chandler,Right here!,sadness
20452,Monica,"Chandler, please don’t think I was trying to pressure you. Phoebe and Rachel",anger
20452,Chandler,Phoebe and Rachel!,anger
20452,Chandler,"So the people that knew about our wedding before me were you, Phoebe and Rachel, Heldi, and apparently some band called Starlight Magic 7 who are available by the way!",sadness
20452,Monica,"It was a mistake. Please don’t take this to mean anything, because it doesn’t.",sadness
20452,Chandler,Okay.,neutral
20452,Monica,Really?,joy
20452,Chandler,"Yes, if it really doesn’t mean anything, because you know that I’m just not ready",neutral
20452,Monica,I know! I know.,neutral
20452,Chandler,Okay.,neutral
20452,Monica,I’m gonna go tell Joey that  that you’re back. I was really worried about you.,anger
20452,Phoebe,"Hey, did she buy it?",neutral
20452,Chandler,Totally.,neutral
20452,Phoebe,So did Heldi show you the place?,neutral
20452,Chandler,"Yeah, it’s beautiful.",neutral
20452,Phoebe,I can’t believe you’re gonna ask Monica to marry you!,joy
20452,Chandler,I know.,neutral
20453,Rachel,"Okay look, I have an idea.",neutral
20453,Rachel,"Why don’t we, why don’t we see what kind of number he has on his speed dial, and then from that we can tell who has more in common with him.",neutral
20453,Rachel,And then whoever does gets the phone.,neutral
20453,Rachel,"All right, first name on the speed dial is mom.",neutral
20453,Phoebe,"Ohh, I lost my mom to suicide.",sadness
20453,Rachel,"Okay no way, you cannot use that to get the cute guy and the last blueberry muffin.",sadness
20453,Phoebe,Did I use that already today? I’m sorry.,sadness
20453,Rachel,Joe.,neutral
20453,Rachel,"Oh, I win! He’s got",joy
20453,Phoebe,So you don’t know that’s,neutral
20453,Rachel,His new girlfriend!,surprise
20454,Monica,I can’t believe this. Do you think that your parents could help pay for it?,surprise
20454,Chandler,"I don’t know, my mother spent most of her money on her fourth wedding.",sadness
20454,Chandler,She’s saving the rest for her divorce.,anger
20454,Chandler,And any extra cash my father has he saves for his yearly trips to,neutral
20454,Rachel,Well what happened at dinner?,neutral
20454,Monica,My parents spent the money for our wedding!,anger
20454,Phoebe,My God! What did you order?!,surprise
20454,Rachel,"Wait, but there’s no money! Well this is terrible! You guys are gonna have to get married in like a, rec. center!",sadness
20454,Chandler,"Honey, it’s gonna be okay.",neutral
20454,Monica,No! No it’s not! It’s not gonna be okay! It sucks! No swing band! No lilies!,sadness
20454,Rachel,"No, y’know what?",neutral
20454,Rachel,It’s gonna be okay.,neutral
20454,Rachel,I mean you don’t have to have this rustic Italian feast.,neutral
20454,Rachel,Y’know?,neutral
20454,Rachel,"And-and you don’t need, you don’t need this custom-made, empire-waisted, duchess, satin gown; you can wear off the rack.",neutral
20455,Older Scientist,"Dr. Geller, there’s a seat over here.",neutral
20455,Ross,"Thank you, Dr. Phillips, but I’m having my lunch at this table, here in the middle.",neutral
20455,Ross,"I’m having lunch right here, with my good friend Joey, if he’ll sit with me.",neutral
20455,Joey,I will sit with you Dr. Geller.,neutral
20455,Ross,"Y'know, we work in a museum of natural history, and yet there is something unnatural about the way we eat lunch.",neutral
20455,Ross,"Now, I look around this cafeteria, and y’know what I see, I see-I see division.",sadness
20455,Ross,"Division, between people in white coats and people in blue blazers, and I ask myself, ""My God why?!""",fear
20455,Ross,"Now, I say we shed these-these coats that separate us, and we get to know the people underneath.",neutral
20455,Ross,I’m Ross!,joy
20455,Ross,"I’m divorced, and I have a kid!",joy
20455,Joey,I’m Joey! I’m an actor! I don’t know squat about dinosaurs!,joy
20455,Another Tour Guide,"I’m Ted, and I just moved here a month ago, and New York really scares me.",anger
20455,Ross,"All right, there you go!",joy
20455,Joey,"Yeah, you hang in there Teddy!",anger
20455,Older Scientist,"I’m Andrew, and I didn’t pay for this pear.",neutral
20455,Ross,"Okay, good-good for you.",joy
20455,Tour Guide,"I’m Rhonda,  and these aren’t real!",neutral
20455,Ross,"Wow, Rhonda.",surprise
20455,Another Scientist,I’m Scott.,neutral
20455,Ross,"Yeah, okay, Scott!",neutral
20455,Another Scientist,And I need to flip the light switch on and off 17 times before I leave a room or my family will die.,fear
20456,Doug,So thanks for the warm welcome.,neutral
20456,Doug,"It’s good to have you guys on my team, and I come to play.",joy
20456,Doug,I hope you do too.,neutral
20456,Doug,"Now, let’s go out there and get ‘em!",joy
20456,Doug,"And remember, there is no ‘I’ in team.",neutral
20456,Chandler,"Yes, but there’s two in martini, soo everybody",joy
20456,Doug,You! Chuckles! What’s your name?,neutral
20456,Chandler,"Oh it’s Bing, sir. I’m sorry , I was just ah...",fear
20456,Doug,"No-no, I heard what you said, funny.",neutral
20456,Doug,I like funny.,joy
20456,Doug,"This team is about hard work, but it’s also about having fun.",joy
20456,Doug,Good to have you aboard Bing!,joy
20457,Phoebe,Yeah. You won't be able to take it.,neutral
20457,Chandler,"So uh, now that little Chandler turned out to be a girl, what are they gonna name her?",neutral
20457,Phoebe,They're gonna call her Chandler.,neutral
20457,Chandler,"That's kind of a masculine name, don't you think?",neutral
20457,Phoebe,Works on you.,neutral
20458,Ross,"Oh, that is so sweet.",joy
20458,Ross,"No, no, ok, you hang up.",joy
20458,Ross,"Ok, ok, one, two, three.",joy
20458,Ross,Well you didn't hang up either.,joy
20458,Rachel,She didn't hang up either...,joy
20458,Ross,"Ok, no, no, you hang up. You, you, y—",joy
20459,Rachel,"Ross, hi, it's Rachel.",neutral
20459,Rachel,"I'm just calling to say that um, everything's fine and I'm really happy for you and your",neutral
20459,Ross,"Rach, I got a message from you.",neutral
20459,Rachel,Oh my God.,surprise
20459,Rachel,"Oh my God Ross, no, hang up the phone, give me the phone Ross, give me the phone, give me the phone, give me the.",sadness
20459,Ross,You're over me?,surprise
20459,Rachel,Ohhhhhhhh God.,surprise
20459,Ross,"Wha... you're uh, you're, you're over me?",surprise
20459,Rachel,"Ohh, ohh.",sadness
20459,Ross,"When, when were you... under me?",surprise
20459,Rachel,"Well, basically, lately, I've uh, I've uh, sort of had feelings for you.",neutral
20459,Ross,"OK, I need to lie down.",surprise
20460,Joey,"Hey! I'm in, they're gonna let me audition!",joy
20460,Ross,Really? That's great!,joy
20460,Joey,"I know! I know! It turns out that one of the casting ladies has actually seen me in a play, so I steered clear of her",joy
20460,Carol,(noticing a kid who has picked up a copy of,neutral
20460,Joey,"Oh yeah, yeah! He's done tons of commercials. I've seen him in like Sugar Smacks,",joy
20460,Ross,"Yeah well, he's not gonna get this one.",joy
20460,Ross,Ben is way cuter than that kid.,joy
20460,Ross,"I mean look at him, look at you,",disgust
20460,Joey,"That's great. Listen, wouldn't it be great though if I got to play Ben's dad?",neutral
20460,Ross,"Joey, you look nothing like Ben.",neutral
20460,Joey,I look more like him than you do!,anger
20460,Carol,"Y'know, I don't really know you well enough for you to do that.",joy
20461,Monica,That really was some of your best work.,joy
20461,Chandler,"Hm-hmm, I told you!  I can’t believe that I’ve only got two hours before I call in sick for work.",neutral
20461,Monica,I have to be up in seven minutes.,neutral
20461,Chandler,"Well, you’re not gonna believe this, but if you have seven minutes",neutral
20461,Monica,Really?!,surprise
20461,Chandler,Do you wanna?,neutral
20461,Monica,Okay! You get the vacuum cleaner and I’ll get the furniture polish!,joy
20462,Kristen,Oh okay. But y’know what? Be careful. Because a guy who was helping me before had to leave because he hurt his back.,neutral
20462,Joey,Boyfriend?,surprise
20462,Kristen,No.,neutral
20462,Joey,I’m Joey.,neutral
20462,Kristen,Kristen.,neutral
20462,Joey,"Oh wow, what a beautiful name!  What is it again?",joy
20462,Kristen,Kristen.,neutral
20462,Joey,Got it!  So,neutral
20462,Kristen,"So uh, do you live around here?",neutral
20462,Joey,Yeah!,neutral
20462,Joey,Yeah!,joy
20462,Joey,Right down there.,neutral
20462,Joey,Hey listen.. let me give you a little tip.,neutral
20462,Joey,Do not take a nap on this stoop  or you can wake up with your shoes gone.,joy
20462,Kristen,I’ll remember that.,neutral
20462,Joey,"Okay. Yeah. Listen would you uh, would you like to have dinner with me tonight?",neutral
20462,Kristen,"Oh I, I have plans tonight.",neutral
20462,Kristen,But how about tomorrow?,neutral
20462,Joey,"Sounds great! Okay, alright, well where does this go?",joy
20462,Kristen,"You look strong, why don’t I take that and you grab one of the boxes.",neutral
20462,Joey,"Okay. Yeah.  Yeah, I’ll grab this one.",neutral
20463,Phoebe,Hey.,neutral
20463,Phoebe,"Listen, um...",neutral
20463,Phoebe,I'm sorry.,sadness
20463,Phoebe,": Yeah, um...  You know you, you should just forget about what I said under the bridge, I was talkin'",neutral
20463,Phoebe,"That's right, I don't... But I was, I was drunk on you!",sadness
20463,Phoebe,"Okay, yeah, so it's not gonna work.",neutral
20463,Phoebe,"If it was, would you stop hanging out with her?",neutral
20463,Phoebe,"Um, then yes, it's 'cause of Phoebe! So, you know, it's either her or me.",anger
20463,Phoebe,"You know...  You're gonna be really, really hard to get over.",sadness
20464,Ross,"By the way, the week before your wedding you may not see a lot of me.",neutral
20464,Phoebe,"Oh, hello liar.",anger
20464,Ross,"Look, I-I’m really sorry I let go of the bike.",sadness
20464,Phoebe,I could’ve been killed I hope you know!,anger
20464,Ross,"I know. I know. But, can we please try it again? Huh? I mean, you were",sadness
20464,Phoebe,"Well, I would love to but…the bike got stolen and the police have no suspects.",joy
20464,Ross,Phoebe.,neutral
20464,Phoebe,What?!  What the hell?!,anger
20464,Ross,"All right, y’know what?",anger
20464,Ross,"If you are not going to learn how to ride this bike then I’m sorry, I’m just gonna have to take it back.",anger
20464,Phoebe,What?! Why?!,surprise
20464,Ross,"Because! Because, it-it-it’s… It’d be like you having this guitar  and-and never playing it. Okay, this guitar",anger
20464,Phoebe,"All right. If you care enough to make up that load of crap, okay.",anger
20464,Ross,Great! Great!  You’re making the bike very happy.,joy
20464,Phoebe,Okay Ross!  Please don’t die!,anger
20465,Mona,How could you have kept all of this from me?,fear
20465,Ross,"I was going to tell you, but",neutral
20465,Dr. Green,But what?! You figured you’d get what you wanted and then dump her like you dumped Rachel!,anger
20465,Ross,Hey! I did not dump Rachel!  Nor are we still together.  Can I just…  Why don’t we just let the machine get that?,anger
20465,Joey,Hey Ross. It’s Joey. There’s a hooker over here and we thought maybe you’d know something about it.,neutral
20465,Ross,"No! No! No! No! No! I-I-I-I—I need to, I need to lie down.",neutral
20466,Joey,Everything on your application looks really good—Ohh!,joy
20466,Joey,"Just one last question umm, are you and your friends gonna be over here all the time like partying and hanging out?",anger
20466,The Potential Roommate,"Oh don’t worry, I’m not really a party girl.",neutral
20466,Joey,"Whoa!! Now look, don’t be just blurtin’ stuff out. I want you to really think about your answers. Okay?",joy
20466,Chandler,You can call off the roommate search!  Hi! I’ll be living here.,joy
20466,Joey,"Oh don’t listen to him, he’s just some guy who really wants the apartment, but I don’t think he’s gonna get it.",sadness
20466,Chandler,Why did you take the shower curtain down?,surprise
20466,Joey,That thing was a hazard!  I’m very safety conscious.,fear
20467,Joey,Hi.,neutral
20467,Chandler,"Hey man, how did the audition go?",neutral
20467,Joey,Estelle said I didn't get it.,sadness
20467,Rachel,What?! Why? Joey you were so ready for it!,surprise
20467,Joey,"Yeah, I thought so too but, she said the casting people had some problems with me.",joy
20468,Ross,No!,surprise
20468,Ross,"For all I know, she’s trying to find me but couldn’t because I kept moving around.",neutral
20468,Ross,"No, from now on, I’m staying in one place.",neutral
20468,Ross,Right here.,neutral
20468,Monica,"Well, it’s getting late.",neutral
20468,Chandler,"Yeah, we’re gonna go.",neutral
20468,Ross,"Actually, do you guys mind staying here for a while?",neutral
20468,Monica,"Ugh, y’know, umm we gotta get up early and catch that plane for New York.",neutral
20468,Chandler,"Yeah, it’s a very large plane.",neutral
20468,Ross,That’s cool.,neutral
20468,Chandler,"But, we’ll stay here with you.",neutral
20468,Ross,"Thanks guys!  I really appreciate this, y’know, but you don’t have to rub my butt.",joy
20469,Phoebe,"Hey, Mel Gibson and Clint Eastwood.",surprise
20469,Ross,They’re not a couple!,surprise
20469,Phoebe,"Oh-okay, I get the game now.",neutral
20469,Joey,"Okay look, look, let me ask you a question, when they were doing it on stage, was it like really hot?",neutral
20469,Ross,Oh yeah!,joy
20469,Joey,"Well okay, so then you’re fine.",neutral
20469,Joey,The rule is when two actors are actually doing it off-stage all the sexual tension between them is gone.,neutral
20469,Joey,Okay?,neutral
20469,Joey,So as long as it’s hot onstage you got nothing to worry about.,neutral
20469,Joey,"It’s when the heat goes away, that’s when you’re in trouble.",neutral
20469,Chandler,Really?,surprise
20469,Joey,"Look, you guys have been to every play I’ve ever been in, have I ever had chemistry on stage?",neutral
20469,Ross,No.,neutral
20469,Joey,Noooo!!,neutral
20470,Phoebe,"Ursula!  Wait! Err-err, it’s me! Phoebe!",surprise
20470,Ursula,"Oh, I thought there was a mirror there. Okay, bye-bye.",neutral
20470,Phoebe,"Wait a second! So, what’s new with you?",surprise
20470,Ursula,"Umm, nothing. I mean, I’m getting married next week.",neutral
20471,Jim,And your breasts! Hmm!!!,surprise
20471,Phoebe,Okay.,neutral
20471,Phoebe,"Umm look, you’re coming on a little strong.",fear
20471,Phoebe,"But I’m going to give you the benefit of the doubt, because it seems the universe really wants to be together.",neutral
20471,Phoebe,"So, why don’t we just start over okay?",neutral
20471,Phoebe,And you can just tell me about yourself.,neutral
20471,Jim,All right.,neutral
20471,Phoebe,Okay.,neutral
20471,Jim,"I write erotic novels, for children.",neutral
20471,Phoebe,What?!,surprise
20471,Jim,They’re wildly unpopular.,neutral
20471,Phoebe,Oh my God!,disgust
20471,Jim,"Oh also, you might be interested to know that I have a Ph.D.",neutral
20471,Phoebe,Wow! You do?,surprise
20471,Jim,"Yeah,  a Pretty Huge",joy
20471,Phoebe,All right.,disgust
20472,Ross,"So, uh, how's she doing?",sadness
20472,Aunt Lillian,The doctor says it's a matter of hours.,sadness
20472,Monica,"How-how are you, Mom?",sadness
20472,Mrs. Geller,"Me? I'm fine, fine. I'm glad you're here. ...What's with your hair?",anger
20472,Monica,What?,surprise
20472,Mrs. Geller,What's different?,surprise
20472,Monica,Nothing.,neutral
20472,Mrs. Geller,"Oh, maybe that's it.",neutral
20472,Monica,"She is unbelievable, our mother is...",anger
20472,Ross,"Okay, relax, relax.",neutral
20472,Ross,"We are gonna be here for a while, it looks like, and we still have boyfriends and your career to cover.",neutral
20472,Monica,Oh God!,surprise
20472,Monica,The fuzzy little mints at the bottom of her purse.,neutral
20472,Ross,Oh!,surprise
20472,Ross,"...Yeah, they were gross.",disgust
20472,Ross,"Oh, you know what I loved?",joy
20472,Ross,Her Sweet 'n' Los.,joy
20472,Ross,How she was always stealing them from- from restaurants.,joy
20472,Mr. Geller,"Not just restaurants, from our house.",neutral
20473,Rachel,Maybe.,neutral
20473,Monica,You can't!,surprise
20473,Rachel,Why?  Seriously I did not understand a word that    you said.,surprise
20473,Monica,In the hall.,neutral
20474,Ronni,"Now, y'see, most people, when their pets pass on, they want 'em sorta laid out like they're sleeping.",neutral
20474,Ronni,But occasionally you get your person who wants them in a pose.,neutral
20474,Ronni,"Like, chasing their tail,  or, uh, jumping to catch a frisbee.",neutral
20474,Chandler,"Joey, if I go first, I wanna be looking for my keys.",neutral
20474,Ronni,That's a good one!,joy
20474,Mr. Tribbiani,"Hey, Joe.",neutral
20474,Joey,"Dad, Ronni's here.",neutral
20474,Mr. Tribbiani,Huh?,surprise
20475,Rachel,"So now, these are all the tuxedos that we make and if there’s anything that you like, we can make you a deal.",neutral
20475,Rachel,Anything at all.,neutral
20475,Rachel,But these are the three that Monica pre-approved.,neutral
20475,Chandler,"Well, thanks a lot for hookin’ me up Rach. I want you to know that I want you to attend our wedding as my guest.",joy
20475,Rachel,I’m Monica’s maid of honor. Okay? Don’t try to blue pin me!,anger
20476,Ross,"Oh here, I think this is us.  Yeah.",neutral
20476,Monica,Limited seating my ass. Let’s see who made the cut.  Hi!,anger
20476,Monica,I’m Monica Gellar. Who do you know the bride and groom?,neutral
20476,Monica,Used to work with her. Used to! I’m a relative and I didn’t get invited! A,anger
20476,Ross,"Stop saying, ""Blood"" to strangers.",sadness
20476,Monica,"So, how about you huh? How do you know the happy couple?",joy
20476,Monica,"Okay, you’re fine.",neutral
20477,Emily,"Monica, why have you brought me here of all places?!",surprise
20477,Monica,You’ll see.,neutral
20477,Emily,"I tell you, this wedding is not going to happen.",joy
20477,Ross,"Okay? But-but imagine a lot more lights, okay? And-and y’know fewer bricks, and-and-and flowers, and candles",neutral
20477,Monica,"And the musicians, look, they can go over here , okay? And the chairs can face this way , and…  You go.",neutral
20477,Ross,"But-but, if you don’t love this, we’ll do it in any other place at any other time.",neutral
20477,Ross,"Really, it’s fine, whatever you want.",neutral
20477,Emily,It’s perfect.,joy
20477,Ross,"And, I don’t know, if it starts to rain",joy
20477,Emily,Well then we’ll get wet.,anger
20477,Monica,Ohh. And I don’t even have a date.,sadness
20478,Rachel,Coming.,neutral
20478,Ross,I have a bone to pick with you.,anger
20478,Rachel,Uh-oh.,fear
20478,Ross,Yes! Ben learned a little trick.,anger
20478,Rachel,Oh yeah? Did he pull the old,surprise
20478,Ross,That’s right! That’s right!,joy
20478,Rachel,Oh that.,neutral
20478,Ross,Yeah that! You know I hate practical jokes! They’re mean and they’re stupid and-and I don’t want my son learning them!,anger
20479,Cecilia,Y’know what? It doesn’t matter! Because it is not true!,anger
20479,Joey,Okay.,neutral
20479,Cecilia,"And if it were true, how",neutral
20479,Joey,Ms. Monroe…  Oh there you go.,neutral
20480,Joey,Mark's a genius!,surprise
20480,Ross,Why?! How?! How is he a genius?,surprise
20480,Chandler,"Look, don't you see what's happening here.",anger
20480,Chandler,"Instead of hitting on her right away, he's becoming her confidant.",anger
20480,Chandler,Now he's gonna be the guy she goes too to complain about you.,neutral
20480,Ross,What am I going to do?,fear
20480,Chandler,"Well, why don't you send her a musical bug, op, no you already did that.",neutral
20480,Chandler,"All right look, you're going to have to go there yourself now, okay, make a few surprise visits.",neutral
20480,Ross,I don't know you guys.,fear
20480,Chandler,"All right fine, don't do anything, just sit here and talk to us, meanwhile she is talking to him about you.",disgust
20480,Chandler,"And he's being Mr. Joe Sensitive, and she starts thinking 'Maybe this is the guy for me, because he understands me.'",disgust
20480,Joey,"And before you know it, she's with him.",anger
20480,Joey,"And you'll be all, 'Ohh, man!'",anger
20480,Joey,"And he'll be all, 'Yes!'",anger
20480,Joey,"And us, we'll be like, 'Wh-whoa, dude.'",joy
20480,Joey,"And pretty soon you'll be like,  'Hhiii,' and, and, and, 'I can't go, Rachel and Mark might be there.'",disgust
20480,Joey,"And we'll be like, 'Man get over it, it's been four years!!'",disgust
20480,Chandler,He paints quite a picture doesn't he?,neutral
20481,Joey,"This is what I’ve got going for the party so far, liquor wise. Get a lot of liquor.",neutral
20481,Ross,Great. Great.,neutral
20481,Joey,"Okay, now uh, in terms of the invite list, I’ve got you, me, and Chandler and I’m gonna invite Gunther ‘cause, well, we’ve been talking about this pretty loud.",neutral
20481,Gunther,I’ll be there.,neutral
20481,Joey,"Listen, I know this is your party, but I’d really like to the number of museum geeks that are gonna be there.",neutral
20481,Ross,"Yeah. Tell ya what, let’s not invite any of the anthropologists, only the dinosaur dudes!",neutral
20481,Joey,Okay! We’ll need a six-pack of,neutral
20481,Chandler,"Hey guys, what are you doing?",neutral
20482,Chandler,"Hey, y’know what, if you’re gonna do that, if you’re gonna name him Joey, you should name him Chandler.",neutral
20482,Chandler,"Oh, come on!",sadness
20482,Chandler,"Chandler’s funny, sophisticated, and he’s very loveable, once you get to know him.",neutral
20482,Joey,"Oh well, hey, Joey’s loveable too! But the thing about Joey is, if you need him, he’ll be there.",neutral
20482,Chandler,"Well, Chandler will be there for you too.",neutral
20482,Chandler,"I mean, well, he might be a little late, but-but, he’ll be there.",neutral
20482,Chandler,"And he’ll bring you some cold soda, if want you need him for is that you’re really hot.",neutral
20482,Joey,What do ya say? What do ya say?,neutral
20482,Phoebe,"Well, I, I like the idea of naming him after someone I love, and Joey and Chandler are great names.",neutral
20482,Phoebe,"But, all right, I don’t—maybe I’ll just name him The Hulk.",neutral
20482,Joey,I knew I shouldn’t have mentioned it! That’s what I wanted to name my kid!,sadness
20483,Mrs. Geller,"What that Rachel did to her life.... We ran into her parents at the club, they were not playing very well.",sadness
20483,Mr. Geller,I'm not gonna tell you what they spent on that wedding... but forty thousand dollars is a lot of money!,surprise
20483,Mrs. Geller,"Well, at least she had the chance to leave a man at the altar...",joy
20483,Monica,What's that supposed to mean?,surprise
20483,Mrs. Geller,Nothing! It's an expression.,neutral
20483,Monica,No it's not.,neutral
20483,Mr. Geller,Don't listen to your mother.,neutral
20483,Mr. Geller,"You're independent, and you always have been!",neutral
20483,Mr. Geller,"Even when you were a kid... and you were chubby, and you had no friends, you were just fine!",neutral
20483,Mr. Geller,"And you would read alone in your room, and your puzzles...",neutral
20484,Joey,PBS Telethon.,neutral
20484,Phoebe,Hi Joey.,neutral
20484,Joey,Hey Pheebs!,joy
20484,Phoebe,I,neutral
20484,Joey,"$200? Are you sure Pheebs? I mean, after what",surprise
20484,Phoebe,"Oh, I'm still mad at them but I also now that they bring happiness to lots of kids who's moms didn't kill themselves, so by supporting them, I'm doing a good thing, but I'm not",anger
20485,Ross,What kind of problem?,surprise
20485,Joey,"Well to tell you the truth, they uh,  they had a problem with the bag!",sadness
20485,Chandler,Oh my God!,surprise
20485,Joey,Y'know what? It was a stupid play anyway!,sadness
20485,Monica,"Y'know, Joey, I think it's time to give up the bag.",sadness
20485,Joey,I don't wanna give up the bag.,sadness
20485,Joey,I don't have to give up the bag!,anger
20485,Joey,Do I Rach?,sadness
20485,Joey,"Oh, you think I should give up the bag!",anger
20485,Rachel,"Honey wait, Joey, I’m sorry I mean as terrific as I think you are with it",neutral
20485,Rachel,I just don't know if the world is ready for you and your bag.,sadness
20485,Joey,I can't believe I'm hearing this!,sadness
20485,Rachel,Wait a minute!,sadness
20485,Rachel,Wait a minute!,anger
20485,Rachel,"I'm not saying that you shouldn’t have a bag, I just—it's just there are other bags that are a little less umm,  controversial.",neutral
20485,Chandler,"Yeah umm, they're called wallets.",neutral
20486,Hotel Clerk,I think you'll find this room more to your liking.,neutral
20486,Chandler,"Okay, great.",joy
20486,Hotel Clerk,They say he's only got half a tank left.,neutral
20486,Chandler,Half a tank? We still got a lot of high-speed chasing to do!,surprise
20486,Monica,We're switching rooms again.,anger
20486,Chandler,What? Why?,surprise
20486,Monica,"This is a garden view room, and we paid for an ocean view room.",anger
20486,Hotel Clerk,Our last ocean view room was unacceptable to you.,joy
20486,Monica,"Excuse me, umm, can I talk to you over here for just a second?",anger
20486,Chandler,Uh-huh.,neutral
20486,Monica,Chandler!,neutral
20487,Chandler,Are you kidding me?! Joey. Joey! Joey! Joey! Joey! Joey! Joey! Joey! Joey! Joey!!,anger
20487,Joey,Joey. Joey. Joey. Joey! Joey!!,anger
20487,Chandler,"Oh. Oh, did-did-did I wake you?",surprise
20488,Phoebe,Hey!,joy
20488,David,"Hey! Oh, I was just about to leave. I-I-I-I didn’t think you were coming.",surprise
20488,Phoebe,"Oh, I wouldn’t miss this.",joy
20488,David,"Well, I’m very glad you’re here.",joy
20488,Phoebe,"Oh, you’re such a gentleman.  Come on! We’re going to my place!",joy
20489,Joey,Hey!,joy
20489,Monica,Hey-hey.,neutral
20489,Joey,So are guys doing okay?,neutral
20489,Chandler,"Yeah, we talked and Monica made me see that I over reacted a little bit and some things in life are more important.",neutral
20490,Tag,Do you have a minute?,neutral
20490,Rachel,"Well yeah, sure, what’s up?",neutral
20490,Tag,I got asked out twice today when I was at lunch…by guys.,neutral
20491,Rachel,Oh really?!,surprise
20491,Tag,Yeah. Did you tell someone that I was gay?,neutral
20491,Rachel,"Oh, did you not want people to know that?",joy
20492,Tag,But I’m not gay. And I especially wouldn’t want you to think I was gay.,joy
20493,Rachel,Why’s that?,neutral
20494,Tag,I don’t think I should say.,neutral
20494,Rachel,"Ohh, you can say. Come on, I don’t want you to feel like you can’t tell me things.",neutral
20494,Tag,Okay.,neutral
20494,Rachel,‘Kay.,neutral
20494,Tag,Well,neutral
20494,Rachel,Yeah.,neutral
20494,Tag,I’d love to ask out your friend Phoebe.,neutral
20494,Rachel,"Yeah, she’s gay.",neutral
20495,Casey,Here you go.,neutral
20495,Joey,"Great! All right, so I’ll call you later.",joy
20495,Casey,Great!,joy
20495,Chandler,Hey-Hey-Hey! Who was that?,surprise
20495,Joey,That would be Casey. We’re going out tonight.,neutral
20495,Chandler,"Goin’ out, huh? Wow! Wow!  So things didn’t work out with Kathy, huh? Bummer.",surprise
20495,Joey,"No, things are fine with Kathy. I’m having a late dinner with her tonight, right after my early dinner with Casey.",neutral
20495,Chandler,What?,surprise
20495,Joey,Yeah-yeah. And the craziest thing is that I just ate a whole pizza by myself!,anger
20495,Chandler,Wait! You’re going out with Kathy!,surprise
20495,Joey,Yeah. Why are you getting so upset?,surprise
20495,Chandler,"Well, I’m upset—for you. I mean, having sex with an endless line of beautiful women must be very unfulfilling for you.",disgust
20495,Joey,What is the big deal? It’s not like we’re exclusive.,sadness
20495,Chandler,"Look, Joey, Kathy is clearly not fulfilling your emotional needs.",anger
20495,Chandler,"But Casey, I mean granted I only saw the back of her head, but I got this sense that she’s-she’s smart, and funny, and gets you.",neutral
20495,Joey,You got all that from the back of her head?,surprise
20495,Chandler,"All right look, I think it’s time for you to settle down. Y'know? Make a choice, pick a lane.",neutral
20495,Joey,Who’s Elaine?,neutral
20496,Chandler,Can you people not see me?!,joy
20496,Rachel,"So, will you talk to him?",neutral
20496,Joey,I don’t know Rach.,neutral
20496,Rachel,"Oh, come on! I’ll give you ten free",anger
20496,Joey,One!  No ten! You said ten! You can’t take that back!,anger
20497,Rachel,Hey!,joy
20497,Chandler,Hi!,joy
20497,Chandler,"Listen, can we watch cartoons on your television?",neutral
20497,Chandler,We need a porn break.,neutral
20497,Chandler,"We spent the last two hours watching In & Out & In, Again.",neutral
20497,Rachel,"Well, so, why don’t you just turn it off?",joy
20497,Chandler,Because then we would be the guys who turned off free porn.,neutral
20497,Phoebe,"Ooh, good, you’re hear! Okay.",joy
20497,Monica,Hey!,joy
20497,Phoebe,Hi!,joy
20497,Rachel,"Well, what-what ‘cha got there?",joy
20497,Phoebe,"Oh this, well I’m glad you asked.",joy
20497,Phoebe,"Now, don’t you hate it when you have to cut a tin can with an ordinary steak knife?",disgust
20497,Phoebe,Ahh!,neutral
20497,Phoebe,"Now, I know what you’re thinking",neutral
20497,Chandler,Pregnant Woman Slays Four?,fear
20497,Monica,"Phoebe, they didn’t make you pay for those knives, did they?",surprise
20497,Phoebe,No!,joy
20497,Rachel,"Honey, you’re not gonna make enough money to help Frank and Alice just by selling knives.",neutral
20497,Phoebe,"No-no, I know that, but I just have to make enough money for the second part of my plan.",neutral
20497,Chandler,What’s the second part of your plan?,neutral
20498,Ross,Yes that’s right.,neutral
20498,The Instructor,Why?,surprise
20498,Ross,"I tired attacking two women, did not work.",neutral
20498,The Instructor,What?!,surprise
20498,Ross,"No, I mean it’s okay, I mean, they’re-they’re my friends.",neutral
20498,Ross,"In fact, I-I-I was married to one of them.",anger
20498,The Instructor,"Let me get this straight man, you attacked your ex-wife?!",anger
20498,Ross,"Oh, no!",surprise
20498,Ross,No-no!,surprise
20498,Ross,"No, I tired!",surprise
20498,Ross,But I couldn’t.,neutral
20498,Ross,That’s why I’m here.,anger
20498,Ross,Maybe we could attack them together?,neutral
20498,Ross,That-that’s a no.,neutral
20499,Ross,"What? No! No, I’m not stopping. I’m Red Ross!",sadness
20499,Joey,"Dude, if you go back out there, you’re gonna be Dead Ross!",anger
20499,Ross,I don’t care! I am not quitting! I insist on finishing this game!,anger
20499,Emily,"All right, all right, if you insist on doing this, at least let me help you.",anger
20499,Ross,"No, God no! That is no place for a woman. Those guys will grab anything.",neutral
20499,Emily,No. That’s not what I’m saying. I just may know a few things that might help you inflict some pain.,neutral
20499,Ross,I like that.,joy
20499,Emily,"Yeah? Listen closely, Devon has got a weak ankle.",neutral
20499,Ross,Huh?,neutral
20499,Emily,One swift kick and he’ll back off.,neutral
20499,Ross,"All right, bad ankle, got it!",neutral
20499,Emily,"And that big bloke with the beard, he has got a trick hip.",neutral
20499,Emily,Yeah.,neutral
20499,Emily,"And uh, and David over there, I heard he doesn’t wear a cup.",neutral
20499,Ross,"Yeah? I can use that, trick hip, no cup, okay! Okay!",joy
20499,Emily,"And uh, Liam, Liam’s got bad knees. You hit him right and he’ll go down like a lamp.",neutral
20499,Ross,"But-but, Liam’s on my team.",joy
20499,Emily,I don’t care! You just get him!,anger
20499,Ross,"I’m gonna go get him! Okay, I am going back in!",joy
20499,Joey,The Red Ross! Okay.,joy
20500,Rachel,Oh!  Oh by the way?,neutral
20500,Phoebe,Uh-hmm.,neutral
20500,Rachel,James Brolin?,neutral
20500,Phoebe,"Oh, I know. I could only think of two names, him and Ed Begley Jr. and then I remembered he’s gay.",neutral
20500,Rachel,Ed Begley Jr. is not gay.,neutral
20500,Phoebe,Really?!,surprise
20501,Rachel,Hello?,neutral
20501,Russell,"Hello, is Ross there?",neutral
20501,Rachel,"Uh no, he’s not. Can I take a message?",neutral
20501,Russell,"Yes, this Russell, Ross’s divorce lawyer, just tell him that since I haven’t heard from him, I assume he’s decided to give the marriage a try.",neutral
20501,Rachel,Ross got married again—Nooooooo!!!!!!!!!,surprise
20502,Rachel,"Oh-oh! Okay, she’s kicking!",joy
20502,Chandler,Oh!  She’s growing inside you.,neutral
20502,Rachel,Whoa!!,surprise
20502,Chandler,Oh!,surprise
20502,Rachel,Wow that was a big one.,surprise
20502,Chandler,I think that’s the youngest girl ever to reject me.,joy
20502,Phoebe,Oh hey you guys!,joy
20503,Joey,"Sure, I can hang out ‘til I have to meet ya.  What uh—How come you’re not going?",neutral
20503,Chandler,I have a job interview I have to get ready for.,neutral
20503,Joey,I thought you already have a job.,neutral
20503,Chandler,And people say you don’t pay attention.,neutral
20503,Chandler,"No, this is a much better job.",neutral
20503,Chandler,It’s vice-president of a company that does data reconfiguration and statistical factoring for other companies.,neutral
20503,Joey,Wow! How do you know how to do that?!,surprise
20503,Chandler,That’s what I do now.,neutral
20503,Monica,"Hey Joey, come taste this.",neutral
20503,Joey,What is it?,neutral
20503,Monica,Remember that guy that gave me a bad review? Well…  I’m getting my revenge!,anger
20503,Joey,You cooked him?,surprise
20503,Monica,No.,neutral
20503,Monica,"He teaches a course on food criticism at the New School, so before we go to the movies I wanna go by there and make him try my bouillabaisse again.",neutral
20503,Monica,"Oh, I cannot wait to read the front page of the Post tomorrow!",joy
20503,Monica,"""Restaurant reviewer admits: I was wrong about Monica.""",joy
20503,Chandler,"The front page? You really do live in your own little world, don’t ya?",sadness
20504,Joey,"So, did you uh, find anyone to marry you guys yet?",neutral
20504,Chandler,"No, but Horny for Monica Minister called, wanting to know if we were still together.",disgust
20504,Monica,We’re never gonna find anybody.,sadness
20504,Joey,Well then let me do it!,joy
20504,Chandler,Joe,joy
20504,Joey,No-no-no!,neutral
20504,Joey,"Look, I’ve been thinking about it.",neutral
20504,Joey,I’m an actor right?,neutral
20504,Joey,So I won’t get nervous talking in front of people.,neutral
20504,Joey,"I won’t spit, and I won’t stare at Monica’s breasts!",anger
20504,Joey,Everyone knows I’m an ass man!,joy
20504,Monica,That is true.,neutral
20504,Joey,"Yeah and the most important thing is that it won’t be some like, stranger up there who barely knows you.",joy
20504,Joey,It’ll be me!,joy
20504,Joey,And I swear I’ll do a really good job.,joy
20504,Joey,"Plus, y’know I love you guys and-and it would really mean a lot to me.",joy
20504,Monica,It might be kinda cool.,joy
20504,Joey,So I can do it?,joy
20505,Phoebe,Ah-ha! Too cocky!,joy
20506,Joey,I still can’t believe they took away my key. You trust me with yours.,fear
20506,Phoebe,Of course I do! And I’m gonna give it back to you as soon as they’re done with it at the key shining place.,neutral
20506,Joey,What the hell is that?,anger
20506,Joey,"Whoa! Whoa! Whoa! Treeger, what are you doing?",surprise
20506,Mr. Treeger,You said there was a gas leak in here.,neutral
20506,Phoebe,Well why don’t you use your key?,neutral
20506,Mr. Treeger,"Because by the time I find it on this thing , the whole place might have exploded.",neutral
20506,Mr. Treeger,"If that happens at another building that I manage, people are gonna start asking questions.",neutral
20506,Mr. Treeger,Come on!,anger
20506,Mr. Treeger,Hurry up.,sadness
20506,Phoebe,Oh! We could have done that.,neutral
20507,Chandler,"Luckily, the guy she settled for can’t hear what you’re talking about.",neutral
20507,Phoebe,"Oh, I’m so sorry.",sadness
20507,Phoebe,"Um, and maybe I’m wrong!",sadness
20507,Phoebe,"I but—y’know I’m gonna go out with him again, I’ll find out more.",neutral
20507,Chandler,You believe that this guy is destined for someone else and you’re still gonna date him?,surprise
20507,Phoebe,"Well, he may not be my soul mate, but a girl’s gotta eat.",neutral
20508,Monica,"Oh, but it’s made her so happy.",anger
20508,Ross,Little girl misses her cat.,neutral
20508,Ross,Crazy lady thinks her mother is in a cat.,sadness
20508,Ross,"Okay, y'know what, I have to go have dinner with my son, can I trust that when you see Phoebe, you will tell her.",neutral
20508,All,Yeah.,neutral
20508,Ross,Thank you.,neutral
20508,Rachel,I,neutral
20508,Monica,"He is right, isn’t he?",joy
20508,Chandler,"Y'know what, I think this might be one of the times he’s wrong.",neutral
20508,All,You think?,surprise
20508,Chandler,"Oh-no, he’s right.",neutral
20509,Joey,Seven hundred bucks!,joy
20509,Chandler,"Alright, you did it! Do we have any fruit?",joy
20509,Joey,"Man, hell of a two weeks, huh? Y'know what, though? I really feel like I learned something.",joy
20509,Chandler,"Really? So, you're gonna stick with this 'it's all for her' thing?",neutral
20509,Joey,"What, are you crazy? When a blind man gets his sight back, does he walk around like this?",disgust
20510,Phoebe,Oh.,neutral
20510,Monica,Y'know those are a delicacy in India.,neutral
20511,Phoebe,Me too.,neutral
20511,Phoebe,"Although this city is my home, so.",neutral
20511,Phoebe,"So that’s dumb what I said, don’t tell him I said that.",neutral
20511,Phoebe,"Umm, you make something up.",neutral
20511,Phoebe,"Nice,  thank you.",joy
20511,Phoebe,This is me.,neutral
20511,Phoebe,Here.,neutral
20511,Mischa,Your eyes are very pretty.,joy
20511,Phoebe,"Thank you, very much! Oh!  Thank you!",joy
20511,Mischa,He would like to kiss you.,neutral
20511,Phoebe,"Okay, y'know what, you don’t have to do that now.",neutral
20511,Phoebe,No-no-no-no!!,joy
20511,Phoebe,"Not him, you don’t!",surprise
20511,Phoebe,Well the moment’s over.,neutral
20511,Phoebe,Oh.,neutral
20511,Mischa,Oy!,neutral
20512,Chandler,"Hey! Hold on a minute, hold on a second. Do you think these pearls are nice?",anger
20512,Joey,I’d really prefer a mountain bike.,neutral
20512,Chandler,"Janice’s birthday is coming up, I want to get her something speacial. Come in here with me.",neutral
20512,Joey,"Whoa, whoa, whoa, wait, whoa.",surprise
20512,Joey,"Do you ah, want to get her something speacial, get her flowers, get her candy, get her gum, girls love gum.",anger
20512,Chandler,"That’s a good idea, ‘Dear Janice have a Hubba-Bubba birthday’. I would like to get her something serious.",disgust
20512,Joey,"Oh, you want something serious.",neutral
20512,Joey,"Y'know what you should do, you should get her one of those um, barium enemas.",neutral
20512,Joey,Those are dead serious.,neutral
20512,Chandler,"All right. Look, I’m gonna go in here, and you don’t buy me anything ever.",anger
20512,Joey,"No, no, you can’t, you can’t, okay, you can’t, you can’t buy her pearls, you just can’t, you can’t, you can’t.",fear
20512,Chandler,Why not?!,surprise
20512,Joey,"Oh God. Uh, okay, here’s the thing, this is the thing, okay, the thing is...",neutral
20512,Chandler,What is the thing?,sadness
20512,Joey,"Okay. I went down to the ‘Mattress King’ showroom and, and I saw Janice, kissing her ex-husband.",sadness
20512,Chandler,What?,surprise
20512,Joey,They were in his office.,neutral
20512,Chandler,"Well she, she wouldn’t do that, she’s with, she’s with me.",sadness
20513,Rachel,I’m telling you it’s like watching Bambi learn how to walk.,anger
20513,Ross,You’re drunk! Mom and dad are gonna be maaaaadd! Maybe I’m a little drunk.,surprise
20513,Joey,Hey! Are those crab cakes?  Did I not tell ya to come straight to me when more crab cakes were ready?,joy
20513,Chandler,How are you feeling?,neutral
20513,Monica,You are,neutral
20513,Ross,I really wish that you wouldn’t.,anger
20513,Chandler,"Now all you have to do is just get through a little bit more, okay?",neutral
20513,Chandler,"Then we can put you in bed, okay?",neutral
20513,Chandler,Just smile and don’t talk to,neutral
20513,Phoebe,Speech! Speech! Let’s hear from the birthday girl! Huh?,joy
20513,Chandler,Pheebs!!,joy
20513,Phoebe,Don’t you see? Everyone’s looking at me! The plan’s working! I didn’t even have to take off my top yet!,joy
20513,Mrs. Geller,Speech! Come on Monica!,joy
20513,Ross,Come on!,joy
20513,All,Come on! Speech!,joy
20513,Mr. Geller,"Hey Chandler, you can’t keep your hands off her for one second!",anger
20513,Mrs. Geller,"Oh-ho, I think it’s nice.",joy
20514,Rachel,Well you have to because maybe it’s stupid.,neutral
20514,Chandler,Well it’s just while Monica and I were dancing to them it was…the first time I knew that…you were the woman I wanted to dance all my dances with.,joy
20514,Monica,Oh crap!,anger
20515,Monica,All right.,neutral
20515,Monica,The super couldn’t figure out what it did.,neutral
20515,Monica,A $200 an hour electrician couldn’t figure out what it did.,sadness
20515,Monica,I’ve had seven pretty serious shocks.,sadness
20515,Monica,I officially give up.,disgust
20515,Rachel,Thank God.,joy
20515,Monica,"I guess Joey was right, it does nothing.",joy
20515,Phoebe,See? I’m doing it. I am totally doing it.  I lost it.,anger
20516,Chandler,Are there no conscious men in the city for you two?,sadness
20516,Monica,He doesn't have anyone.,neutral
20516,Phoebe,"Yeah, we-we feel kinda responsible.",anger
20516,Joey,I can't believe you said woowoo. I don't even say woowoo.,disgust
20516,Rachel,"Oh, she's coming up! She's coming up!",joy
20516,Jay Leno,"Folks, when we come back we'll be talking about her new book, 'Euphoria Unbound': the always interesting Nora Tyler Bing.",neutral
20516,Jay Leno,You might wanna put the kids to bed for this one.,neutral
20516,Chandler,"Y'know, we don't have to watch this.",neutral
20516,Rachel,"No way, forget it.",joy
20516,Joey,"C'mon, she's your mom!",anger
20516,Chandler,Exactly.,neutral
20516,Rachel,"Chandler, I gotta tell you, I love your mom's books!",joy
20516,Rachel,I love her books!,joy
20516,Rachel,I cannot get on a plane without one!,joy
20516,Rachel,"I mean, this is so cool!",joy
20516,Chandler,"Yeah, well, you wouldn't think it was cool if you're eleven years old and all your friends are passing around page 79 of 'Mistress Bitch.'",disgust
20516,Ross,"C'mon, Chandler, I love your mom. I think she's a blast.",joy
20517,Joey,Thank you.,neutral
20517,Rachel,And a nice hot cider for Monica.,neutral
20517,Monica,"Aww, thank you.  Uh Rach?",neutral
20517,Rachel,Yeah?,neutral
20517,Monica,Why does my cinamon stick have an eraser?,surprise
20517,Rachel,Oh! That's why.  I'm sorry!,surprise
20518,Phoebe,"Oh. Oh! Ma'am? Excuse me, ma'am?",neutral
20518,Phoebe,You can't put your cigarette out on a tree!,anger
20518,The Smoking Woman,"Yeah I can, it worked real well.",neutral
20518,Phoebe,No but you shouldn't! Don't ever do that again.,anger
20518,The Smoking Woman,I won't!  Until I have my next cigarette.,anger
20518,Phoebe,Hold it!  N.Y.P.D! Freeze punk!,anger
20518,The Smoking Woman,What?!,surprise
20518,Phoebe,Yeah that's right you are so busted.  Book 'em.,anger
20518,The Smoking Woman,Who are you talking too?,surprise
20518,Phoebe,"Save it Red! Unless you wanna spend the night in the slammer, you apologize to the tree.",disgust
20518,The Smoking Woman,I am,neutral
20518,Phoebe,You apologize to the tree right now or I am calling for backup.   Backup! Backup!!,anger
20518,The Smoking Woman,I-I'm sorry! Sorry.,fear
20518,Phoebe,"Okay, cancel backup! Cancel backup!",neutral
20519,Phoebe,Shh! Get me out of here.,fear
20519,Rachel,Oh.,neutral
20519,Joey,Ross!,surprise
20519,Ross,What?,neutral
20519,Joey,"Come here, check this out!",surprise
20519,Ross,What? Is it the comet?,neutral
20519,Joey,"No! No-no. Look, there’s a bug stuck in tar right here.",surprise
20519,Ross,"Joey come—I can’t believe—I bring you here to see the Bapstein-King comet, one of nature’s most spectacular phenomenon, and all you care about are bugs stuck in tar and-and some woman!",anger
20519,Joey,"Y’know, there’s",neutral
20519,Ross,Show me where?,neutral
20519,Joey,Right-right up here.,neutral
20519,Ross,Joey where’s the pipe that was holding the door open?,neutral
20519,Joey,"I don’t know!   Yeah, I do.",joy
20519,Ross,Joey!,anger
20519,Joey,What?! All right—Hey! Don’t look at me! You’re the one who wanted to come up and look for some stupid,anger
20519,Ross,"It’s called the Bapstein-King comet, okay?  Hey! Hey! Bapstein was a very well respected astronomer!",anger
20519,Joey,Oh no! No! No!,surprise
20520,Phoebe,Wow! This place is incredible!  Sting’s pen…that he gave to Phoebe.  Come on! Secret passageway!,joy
20520,Trudie Styler,Hi!,neutral
20520,Phoebe,Hi!,neutral
20520,Trudie Styler,I’m Trudie.,neutral
20520,Phoebe,Uh-huh.,neutral
20520,Trudie Styler,You must be Ben’s mum.,neutral
20520,Phoebe,Why else would I be here?,neutral
20520,Trudie Styler,Do sit down.,neutral
20520,Rachel,Yeah.,neutral
20521,Monica,Hi.. how was the game?,neutral
20521,Ross,Well..,neutral
20521,All,WE WON!! Thank you! Yes!,joy
20521,Monica,Fantastic! I have one question: How is that possible?,surprise
20521,Joey,Alan.,neutral
20521,Ross,He was unbelievable.,joy
20521,Ross,"He was like that-that-that Bugs Bunny cartoon where Bugs is playing all the positions, right, but instead of Bugs it was first base-Alan, second base-Alan, third base-...",joy
20521,Rachel,"I mean, it-it was like, it was like he made us into a team.",joy
20521,Chandler,"Yep, we sure showed those Hassidic jewellers a thing or two about softball..",joy
20521,Monica,Can I ask you guys a question? D'you ever think that Alan is maybe.. sometimes..,neutral
20521,Ross,What?,surprise
20521,Monica,"..I dunno, a little too Alan?",neutral
20521,Rachel,"Well, no. That's impossible. You can never be too Alan.",joy
20521,Ross,"Yeah, it's his, uh, innate Alan-ness that-that-that we adore.",joy
20521,Chandler,I personally could have a gallon of Alan.,joy
20522,Joey,"Well I had a great time! Learned how to bake, ate great food, that’s the first A I’ve gotten since seventh grade,",joy
20522,Monica,"Oh, look! Acting for Beginners! Want to feel good about yourself?",fear
20522,Joey,What the hell!,surprise
20522,Monica,Okay.,neutral
20522,The Acting Teacher,"All right, let’s start with some basics. Can anybody tell me what the difference between upstage and downstage is?",neutral
20522,Joey,"Yeah, this was a stupid idea.",disgust
20523,Ross,My God!,surprise
20523,Ross,These pants are burning up!,surprise
20523,Ross,"Oh come on, she wants to snuggle now!",surprise
20523,Ross,What is she trying to kill me?,anger
20523,Ross,It's like a volcano in here!,surprise
20523,Ross,Are you hot?,neutral
20523,Ross,"Okay, it must just be me then.",neutral
20523,Ross,"That was just the pants on the couch. Umm, hey, do you, do you mind if I use your bathroom?",neutral
20524,Joey,You're driving me crazy with that!,anger
20524,Chandler,"Okay, I'll stop.",neutral
20524,Joey,Don’t stop! Move the bowl further away! Ross could make that shot!,anger
20524,Joey,"Well, you suck! But at least you suck at a man's game now.",anger
20524,Chandler,You wanna play?,neutral
20524,Joey,"Chandler, I can't be playing games, Ross is gonna be home soon.",neutral
20524,Joey,And I have to write five whole pages if I'm gonna stick to his schedule.,neutral
20524,Chandler,"Well, so, play for the next 30 minutes and then write until he gets home.",neutral
20524,Joey,"All right! But uh, listen, what do you say we crank it up a notch?",joy
20524,Chandler,I'm intrigued.,neutral
20524,Joey,"All right, all we need is a little lighter fluid.",neutral
20524,Chandler,"Okay, but be careful okay, because I wanna get our security deposit back.",joy
20524,Joey,"Yeah, I think we said good-bye to that when we invented hammer darts.",joy
20524,Chandler,Do you even remember which part of the wall is not spackle?,neutral
20524,Joey,"Uh yeah, right here.",neutral
20525,Monica,"Hey, Rach. How was it with your friends?  Okay! How would you like some Tiki Death Punch?",joy
20525,Rachel,What's that?,neutral
20525,Monica,"Weeeell, it's rum, and-",neutral
20526,Monica,I'm sure they'll be here soon.,neutral
20526,Rachel,"Yeah, honey, they wouldn't miss this.",neutral
20526,Joey,Relax. You're only at nine centimeters. And the baby's at zero station.,neutral
20526,Chandler,You are really frightening me.,fear
20526,Chandler,"Somebody wanna help me, tryin' to rip out my heart.  Uh, that's great.  Anybody seen a nipple?",fear
20526,Dr. Franzblau,"All right, ten centimeters, here we go.",neutral
20526,Nurse,"All right, honey, time to start pushing.",neutral
20526,Carol,But they're not here yet!,fear
20526,Dr. Franzblau,"I'm sorry, I can't tell the baby to wait for them.",neutral
20526,Carol,"Oh, god.",fear
20527,Ross,"Here we go. Mona umm, I think it’s time we-we had a conversation about-about where things are with us.",joy
20527,Mona,"Yeah, I-I think I suggested that.",neutral
20527,Ross,"Aw, we-we are so… So umm, well I-I-I like you and I-I love umm, y’know hanging out with you.",joy
20527,Ross,And I mean-I’m having a lot of fun.,joy
20527,Mona,Okay.,neutral
20527,Ross,"I mean, there’s no point in spending time with someone if-if it’s just fun.",neutral
20527,Ross,"It’s gotta be, it’s gotta be going somewhere right?",joy
20527,Ross,So where-where is it going?,neutral
20527,Ross,Ah!,surprise
20527,Ross,That’s-that’s the real question.,neutral
20527,Ross,And-and the answer is…is it’s going somewhere…fun.,joy
20527,Ross,"Now I-I know what you’re thinking, fun was fine for you like ten years ago y’know, but you’re-you’re not getting any younger.",neutral
20527,Ross,"No I mean—No not you, not you, you—you",fear
20527,Mona,"I’m sorry, so umm, so where are we?",sadness
20528,Chandler,Y’know what?,neutral
20528,Chandler,I am going to take you out to dinner tonight.,joy
20528,Chandler,I found this place that makes the greatest mozzarella sticks and jalepino poppers .,joy
20528,Chandler,No?,anger
20528,Chandler,Really?,surprise
20528,Chandler,They taste so good.,joy
20529,Phoebe,Drum roll.,neutral
20529,Chandler,"Okay. Okay. All right. Help! Am I a Mark, or a John?",neutral
20529,Joey,"Nah, you’re not tall enough to be a Mark, but you might make a good Barney.",neutral
20529,Chandler,"All right look, am I serious, okay? Tomorrow at 3:30 I am going down to the courthouse.",neutral
20529,Phoebe,You’re actually going through with this?,surprise
20529,Chandler,"Hey, look, this name has been holding me back my entire life.",anger
20529,Chandler,"Okay, it’s probably why kids picked on me in school, and why I never do well with women… So, as of 4 o’clock tomorrow, I’m either gonna be Mark Johnson or John Markson.",neutral
20529,Phoebe,You got problems because of you!,anger
20529,Phoebe,Not your name!,sadness
20529,Phoebe,"All right, this has got to stop!",anger
20529,Phoebe,Chandler is a great name!,anger
20529,Phoebe,"In fact—yes,  I’m, I’m sorry.",sadness
20529,Phoebe,"I know you really wanted me to name the baby Joey, but eh, so, I’m-I’m, I’m gonna, I’m gonna name the baby Chandler.",neutral
20530,Ross,Damn! I thought that was going to be romantic as hell!,surprise
20530,Emily,It was.,neutral
20531,Student,"Look, I just saw my best friends brains smeared across the canvas, that’s not gonna be me, not me.",sadness
20531,Joey,Wow! That was good. That was... Tweezers?,surprise
20531,Student,No.,neutral
20531,Joey,Whoa. That was really good.,surprise
20531,Student,"Thanks, any suggestions?",neutral
20532,Phoebe,You-you…you had sex with Ursula?!,surprise
20532,Eric,"Uh, a little bit. She-she-she walked in and I thought she was you and I kissed her and",fear
20532,Phoebe,You didn’t notice she was wearing different clothes?!,surprise
20532,Eric,Well I was just so excited to see you.,sadness
20532,Phoebe,Oh. Ew! Ew! Ew! Ugh! Y’know what? This is too weird.,disgust
20532,Eric,No-no it’s not!,sadness
20532,Eric,I don’t want to lose you!,fear
20532,Eric,It’s-it’s like I was saying to Ursula when I was making love to her and I thought she was you—Yeah it is too weird.,sadness
20532,Phoebe,So I guess this is it.,sadness
20532,Eric,Yeah.  Maybe it’s for the best. You smell just like her.,sadness
20532,Phoebe,"Yeah, so do you.",anger
20533,Phoebe,Hey!,joy
20533,Rachel,Hi.,neutral
20533,Phoebe,"So, did shopping make you feel any better about Ross?",neutral
20533,Rachel,Manhattan does not have enough stores.,sadness
20533,Phoebe,"Well,",neutral
20533,Rachel,You can?,surprise
20533,Phoebe,Yeah. I just need you to bring me some photos of Ross.,neutral
20533,Rachel,Um-hmm.,neutral
20533,Phoebe,And a small piece of chocolate.,neutral
20534,Rachel,Okay.,neutral
20534,Chandler,"Okay, we have to talk. I’m just getting out of a very serious relationship",sadness
20534,Janice,"I know! And I’m just getting out of a marriage, I mean talk about meant to be!",fear
20534,Chandler,Right! I just think that this is happening too soon.,joy
20534,Janice,"Oh, too soon, too schmoon. Face it honey, I am not letting you get away this time.",sadness
20534,Chandler,"I hear ya.  But! Unfortunately, my company is transferring me overseas!",disgust
20534,Janice,Oh no! Where to?  Too Paris?,surprise
20534,Chandler,"No! No! Not, Paris.",neutral
20534,Janice,"Too London? No-no, Rome? Vienna? Ooh-ooh, Barcelona?",joy
20534,Chandler,"Okay, could you just stop talking for a second?  Yemen. That’s right, yes, I’m being transferred to Yemen!",anger
20534,Janice,When?,anger
20534,Chandler,I don’t know exactly.,neutral
20534,Janice,"Ugh, well I will just have to soak up every once of Chandler Bing until that moment comes.",sadness
20534,Chandler,But I do know that it’s some time tomorrow.,joy
20535,Phoebe,"Ooh, this is it!  Oh, that’s him! That’s him!",joy
20535,Joey,Great! Go get him.,joy
20535,Phoebe,"Wait a second, or maybe you can go in first.",neutral
20535,Joey,He’s not really my type.,neutral
20535,Phoebe,"No not you, Dr. Drake Remoray. You can ask him questions and see what’s he like. People tell doctors everything.",neutral
20535,Phoebe,"But lately all the guys I meet seem really nice at first, then they turn out to be the biggest jerks.",sadness
20535,Joey,You do attract some stinkers.,sadness
20536,Woman,Chandler.,neutral
20536,Chandler,"Mrs. Tedlock. You're looking lovely today. And may I say, that is a",neutral
20536,Mrs. Tedlock,"Yes. Well, Mr. Kostelick wants you to stop by his office at the end of the day.",neutral
20536,Chandler,"Oh, listen.",neutral
20536,Chandler,"If this is about those prank memos, I had nothing to do with them.",neutral
20536,Chandler,Really.,joy
20536,Chandler,Nothing at all.,neutral
20536,Chandler,Really.,joy
20536,Chandler,Nothing.,neutral
20537,Chandler,"Y’know when we move in together, can I get a gumball machine?",neutral
20537,Monica,Of course! Joey wouldn’t let you have one?,sadness
20537,Chandler,"No. When it comes to sweets, he’s surprisingly strict.",sadness
20537,Monica,"Hey, have you figured out a way to tell him you’re moving out?",neutral
20537,Chandler,"No, no, I keep trying, y’know?",anger
20537,Chandler,"I can get out, ""Joey, I have too…"" but then I lose my nerve and I always finish with, ""…go to the bathroom.""",sadness
20537,Chandler,He may think I’m sick.,neutral
20537,Monica,"Y’know, I really have to tell Rachel, but I… We just have to get it over with!",neutral
20537,Monica,"Y’know, the next time we see them we’re just gonna tell them.",neutral
20537,Monica,That’s it.,neutral
20537,Chandler,"Oh, so that’s this is gonna work now? You’re just gonna order me around all the time?",joy
20537,Monica,Pretty much.,neutral
20537,Chandler,All right.,neutral
20537,Joey,Hey Monica!,joy
20537,Monica,Hi!,joy
20537,Joey,"Hey man, you feeling any better?",neutral
20537,Monica,"Joey, we have something to tell you.",neutral
20537,Joey,Oh my God! You’re pregnant!,surprise
20538,Phoebe,"Yeah, if you get married in Vegas, you’re only married in Vegas.",neutral
20538,Monica,What are you talking about? If you get married in Vegas you’re married everywhere.,neutral
20538,Phoebe,Really?!,surprise
20538,Monica,Yeah!,neutral
20538,Phoebe,Oh my God!—Eh! Well,surprise
20539,Monica,"You see that guy? He’s in classics now, but y'know as soon as we leave he’s going straight to the porn.",disgust
20539,Richard,He’s gonna go up to the counter with,neutral
20539,Monica,Yeah.,neutral
20539,Richard,I missed this.,joy
20539,Monica,Me too.,anger
20539,Richard,"So, you wanna get a hamburger or something?",neutral
20540,The Guys,Yes! Yes! Yes! Yes! Awww!,joy
20540,Phoebe,"Hey, it’s your Thanksgiving too, y'know, instead of watching football, you could help.",anger
20540,The Guys,We will.,neutral
20540,Monica,"Okay, Rachel, you wanna put the marshmellows in concentric circles.",neutral
20540,Rachel,"No Mon,",neutral
20540,Monica,Every year.,neutral
20541,Phoebe,Hey! Ross!,joy
20541,Chandler,Die Hard,neutral
20541,Joey,"Yep. Hey, what do you say we make it a double feature?",neutral
20541,Chandler,What’d you rent?,neutral
20541,Joey,Die Hard 2,neutral
20541,Chandler,"Joey, this is",neutral
20541,Joey,"Oh, well we watch it a second time and its",neutral
20541,Ross,"Joey, we",neutral
20541,Joey,And?,neutral
20541,Ross,And it’ll be cool to see it again! Yeah!,joy
20541,Ross,Die Hard,neutral
20541,Ross,"Dude, you didn’t say",neutral
20541,Chandler,"Yeah, I just got uh, got plans.",neutral
20541,Ross,"Well, John McClane had plans!",anger
20541,Chandler,"No, see the thing is I want to get out of here before Joey gets all worked up and starts calling everybody bitch.",neutral
20541,Joey,What are you talking about? Bitch.,anger
20542,Joey/Drake,I know you botched that operation on purpose.,joy
20542,Joey/Drake,"I can't prove    it yet, but when I do, you'll be going to jail for murder.",anger
20542,Joey/Drake,I don't care if you    are my brother.,disgust
20543,Phoebe,"Good for you! And hey, I thought your paper on punctuated equilibrium    in the Devonian era was top notch!",joy
20543,Ross,Stop going through my stuff !,anger
20543,Rachel,Hey!,joy
20543,Monica,Hey!,joy
20543,Rachel,"I just wanted to let you know I've changed my mind: I'm gonna    do it, I'm gonna kiss Joey.",anger
20543,Monica,"No, you can't! Friends hooking up is a bad idea.",fear
20543,Rachel,"Please, what about you and Chandler?",anger
20543,Monica,That's different! I was drunk and stupid!,anger
20543,Rachel,Well hello !,anger
20543,Monica,What about all the guys that you've got the phone numbers from?    Why don't you just kiss one of them?,neutral
20543,Rachel,"I could, I could but I don't want to! I want to kiss Joey!",anger
20543,Monica,Alright . I think it's a big mistake but it's your decision.,neutral
20543,Rachel,I'm gonna do it.,joy
20543,Monica,And I can't stop you.,neutral
20543,Rachel,No.,neutral
20543,Ross,"Hey Rach, have you seen Charlie anywhere?",neutral
20543,Ross,I'm smarter than,neutral
20544,Ross,"Oh, hey, Gunther, check this out.",joy
20544,Gunther,"Yeah, that-that Chandler cracks me up.",joy
20544,Joey,"Hey Ross, listen, you want anything to drink, ‘cause I’m heading up there.",neutral
20544,Ross,"Uh, yeah, I’ll take a coffee. Thanks, man.",neutral
20544,Joey,Sure.  Coffee? ‘Cause I’m going up there.,joy
20544,Rachel,No.,neutral
20544,Monica,"No, thank you.",neutral
20544,Joey,"You guys need anything, ‘cause I’m heading up there.",neutral
20544,Woman,I’d love an ice water.,neutral
20544,Joey,You got it.,neutral
20544,Monica,"Joey, what are you doing?",surprise
20544,Joey,Just being friendly.,anger
20544,Rachel,"Joey, honey, I don’t think you’re supposed to go back there.",anger
20544,Joey,"Nah, it’s okay. Right, Gunther?",neutral
20544,Gunther,Don’t wink at me. And put on your apron.,anger
20544,Joey,"Okay, but I don’t see you asking any other paying customers to put on aprons.",sadness
20544,Monica,"Joey, do you work here?",surprise
20544,Joey,No.,neutral
20544,Customer,"Hey, waiter.",neutral
20544,Joey,Yeah?,neutral
20545,Chandler,"You’ve reached Monica and Chandler’s, if you’re listening to this message, we’re probably screening.  Yeah we are.",neutral
20545,The Museum Official,"Hi, this is Heldi from the Morgan Chase museum.",neutral
20545,The Museum Official,I’m calling for Monica Geller.,neutral
20545,The Museum Official,"I want to let her know that there was a cancellation and if she’s still interested in having the Bing-Geller wedding at our facility, it is available",neutral
20545,Chandler,"This is Chandler Bing! This is Chandler Bing!  Yes, the groom—No! Not the groom!!",surprise
20546,Monica,Thank you.,neutral
20546,Phoebe,Thanks.,neutral
20546,Monica,I can't believe this! This is like the worst night ever!,anger
20546,Phoebe,Y'know Monica you had a minor setback in your relationship with Chandler. Big deal! It's only Chandler.  I am,neutral
20546,Monica,"This is crazy! I mean, it's such a stupid argument. I don't even wanna see Richard again.",sadness
20546,Phoebe,So go fix it!,neutral
20546,Phoebe,Go find Chandler!,neutral
20546,Phoebe,He's probably up in your room!,sadness
20546,Phoebe,Tell him that you're sorry and that you love him.,anger
20546,Monica,Y'know what? You're right Phoebe. You're right. Thank you!,joy
20546,Phoebe,"Sure!   Yeah! Las Vegas, number one!",joy
20546,Monica,Anybody lose this?,neutral
20546,The Croupier,Comin' out. Place your bet.  Dice are out.  Double or nothin'! Pay the front line!,joy
20546,Monica,Hmm.,neutral
20547,Rachel,Do you remember where the duck food is?,neutral
20547,Phoebe,"Yeah, it’s in the guys’ apartment under the sink. Why?",surprise
20547,Rachel,Because I’m going to London.,neutral
20547,Phoebe,What?! What do you mean you’re going to London?,surprise
20547,Rachel,"Yeah, I have to tell Ross that I love him.",neutral
20547,Rachel,"Now honey, you take care, you don’t have those babies until I get back.",neutral
20547,Phoebe,"I—Rachel, you can’t go! Ross loves Emily!",fear
20547,Rachel,"Yeah, I know, I know, I know he does.",fear
20547,Rachel,But I have to tell him how I feel!,sadness
20547,Rachel,He deserves to have all the information and then he can make an informed decision.,neutral
20547,Phoebe,That’s not why you’re going!,sadness
20547,Phoebe,"You’re going because you hope he’s gonna say, ""Yeah, I love you too, Rach.",sadness
20547,Phoebe,"Forget that British chippy.""",sadness
20547,Rachel,Ohh—Do you think he will?!,surprise
20547,Phoebe,No!,sadness
20547,Phoebe,Because he’s in love with the British chippy!,sadness
20547,Phoebe,"Look, Rachel, if you go, you’re just gonna mess with his head and ruin his wedding!",anger
20547,Phoebe,"Y’know, it’s too late!",anger
20547,Phoebe,You missed you’re chance!,sadness
20547,Phoebe,"I’m sorry, I know this must be really hard, it’s over.",sadness
20547,Rachel,"Y’know what? No. It’s not over until someone says, ""I do.""",anger
20547,Phoebe,"I do! I do! I do!  I do!  Ugh, like I can really chase you. I’m carrying a litter.",joy
20548,Ross,So is everybody here?,neutral
20548,Ross,I got here a little early myself.,neutral
20548,Ross,Let us begin.,neutral
20548,Ross,"Now, the hydrosaurids have been unearthed in two main locations.",neutral
20548,Ross,Here.,neutral
20548,Ross,Here.,neutral
20548,Ross,Now as for the hydrosaurs,neutral
20549,Joey,"Well, so anyway Beth, what I’m saying is I should’ve considered your feelings before I went home with you that night.",neutral
20549,Joey,"I’ve ah, I’ve recently learned what’s it like to be on your side of it, and I’m sorry.",sadness
20549,Joey,"So, do you think you can forgive me?",sadness
20549,Joey,Great.,joy
20549,Joey,Thanks.,joy
20549,Joey,"Okay, bye.",neutral
20549,Joey,"Hello, Jennifer?",neutral
20549,Joey,"Oh hi, Mrs. Loreo, is Jennifer there?",surprise
20549,Joey,"Oh, she’s not home huh?",surprise
20549,Joey,"Well ah, actually I kinda need to talk to you too.",neutral
20550,Phoebe,Hey!,anger
20550,Rachel,Hi.,neutral
20550,Phoebe,Are you all right?,neutral
20550,Rachel,Uhh… I think I just got engaged.,fear
20550,Phoebe,Oh my God! He did it?,surprise
20550,Rachel,Well…did you know he was gonna ask me?,joy
20550,Phoebe,Are you kidding?,surprise
20550,Phoebe,I’m like the one who talked him into it.,joy
20550,Phoebe,I  like to think of myself as the puppet master of the group.,sadness
20550,Rachel,And you really think this is a good idea?,sadness
20550,Phoebe,"I just talked him into it, don’t tell me I have to do you too.  The puppet master gets tired people.",neutral
20550,Rachel,I just don’t know! It just doesn’t feel right.,sadness
20550,Phoebe,"Why?! You two are so meant to be together, everybody thinks  so.",surprise
20550,Rachel,Really?! Even Ross?,surprise
20550,Phoebe,Especially Ross!,joy
20550,Joey,"Oh uh, hey Pheebs. Uh y’know what? I’ll-I’ll come  back later.",neutral
20550,Ross,"Wow! Kind of uh, kind of a full house here. I’ll guess just…I’ll  come back.",surprise
20550,Phoebe,"There he goes, your fiancée.",joy
20550,Rachel,I guess so.,neutral
20550,Phoebe,Although he does play with himself in his sleep.,neutral
20550,Rachel,I can’t say that I’m surprised.,neutral
20551,Phoebe,"Oh, that is so unfortunate.",sadness
20551,Ross,What?,neutral
20551,Phoebe,Cute naked guy is really starting to put on weight.,joy
20551,Monica,"Okay, I’ll be back in just a minute. Oh, Phoebe I’m sorry that I left lipstick marks on the phone.",neutral
20551,Phoebe,You didn’t leave lipstick marks on the phone.,neutral
20551,Monica,"Oh, then it must’ve been you. Bye.",neutral
20551,Phoebe,Bye-bye!  That’s why I moved out.,joy
20551,Ross,"Hey, y'know while we’re on that, when are you gonna tell my sister that you don’t live here anymore.",neutral
20551,Phoebe,I think on some levels she already knows.,neutral
20552,Jeannine,Night Mon. Night Julio.,neutral
20552,Julio,Adiós.,neutral
20552,Monica,"Look Julio, someone left their book here.",surprise
20552,Julio,"Ah actually, that is mine.",neutral
20552,Monica,"Oh yeah, what are you reading?",neutral
20552,Julio,"Flowers of Evil, by Beaudalire. Have you read it?",neutral
20552,Monica,"Have I read it?  No, are you enjoying it?",neutral
20552,Julio,"I thought I would, but the translation's no good.",neutral
20552,Monica,Your a poet and don't know it.,neutral
20552,Julio,"Actually I ah, I am a poet.",neutral
20552,Monica,"Oh, then you do know it.  So um what kind of things do you write about?",neutral
20552,Julio,"Things that move me. The, the shadow of a tree, a child laughing, or this lip.",neutral
20552,Monica,Mine?  Right here?,neutral
20552,Julio,I can write an epic poem about this lip.,joy
20552,Monica,"How would that go?  Well, it didn't rhyme, but I liked it.",joy
20553,The Conductor,"Last stop, Montreal. This stop is Montreal.",neutral
20553,Ross,What?,surprise
20553,Woman On Train,"I made a bet with myself that you have beautiful eyes. Now that I see them, I win.",neutral
20553,Ross,What?,surprise
20553,Woman On Train,We’re at my stop. But would you like to have coffee?,neutral
20553,Ross,Are we really in Montreal?!,surprise
20553,Woman On Train,"Yes we are. So, coffee?",neutral
20553,Ross,"Coffee sounds great.  Wait, so, so you live in Montreal?",neutral
20553,Woman On Train,"Oh, no. But it’s just a two hour ferry ride to Nova Scotia.",neutral
20554,Monica,"Okay, here’s batch 22.",neutral
20554,Monica,"Oh, maybe these’ll taste a little like your grandmother’s.",anger
20554,Monica,"This has a little bit of orange peel, but no nutmeg.",neutral
20554,Ross,Let’s give it a shot.,neutral
20554,Phoebe,"Oh, what was that for? Like a bake sale?",surprise
20554,Monica,"No, just a Friday night.",neutral
20555,Phoebe,Would she?,neutral
20555,Joey,Would she?  You ate my candy bar!,anger
20556,Rachel,"Oh God, I hate my job, I hate it, I hate my job, I hate it.",disgust
20556,Monica,"I know honey, I’m sorry.",sadness
20556,Rachel,"Oh, I wanna quit, but then I think I should stick it out, then I think why would such a person stay in such a demeaning job, just because it’s remotely related to the field they’re interested in.",sadness
20556,Monica,"Gee, I don’t know Rach. Order up!! I got a Yentel soup, a James Beans, and a Howdy hold the Dowdy!",joy
20556,Rachel,"Oh honey, come on, I’m sorry, I didn’t....",sadness
20556,Rachel,"I don’t mind paying my dues, y'know, its just how much am I gonna learn about fashion by walking Mira, the arthritic seamstress, to the bathroom.",disgust
20556,Rachel,Hi! Is my misery amusing to you?,anger
20556,Guy,"I’m sorry, I wa, I wa, I was just ah....",fear
20556,Rachel,"It’s not funny, this is actually my job.",anger
20556,Guy,"Oh believe me, I-I-I’ve been there. I had to sort mannequin heads at that Mannequins Plus.",neutral
20556,Rachel,"Oh well then, so I’m just going to go back to talking to my friend here.",joy
20556,Rachel,And you can go back to enjoying your little hamburger.,joy
20556,Guy,"Ah, just one other thing.",neutral
20556,Rachel,Yes?!,joy
20556,Guy,"I ah, I work at",neutral
20556,Rachel,Do you want my pickle?,neutral
20557,Phoebe,Do you think they have yesterday's daily news?,neutral
20557,Monica,Why?,surprise
20557,Phoebe,"Just wanna check my horoscope, see if it was right.",neutral
20557,Monica,Oh my God.,surprise
20557,Monica,Phoebe.,neutral
20557,Monica,"Don't look now, but behind us is a guy who has the potential to break our hearts and plunge us into a pit of depression.",neutral
20557,Phoebe,"Where?  Ooh, come to Momma.",joy
20557,Monica,"He's coming. Be cool, be cool, be cool.",anger
20557,Phoebe,We should do something. Whistle.,joy
20557,Monica,We are not going to whistle.,anger
20557,Phoebe,"Come on, do it.",neutral
20557,Monica,No!,anger
20557,Phoebe,Do it!,joy
20557,Monica,No!,anger
20557,Phoebe,Do it do it do it!,joy
20557,Monica,Woo-woo!,joy
20557,Phoebe,I can't believe you did that!,surprise
20558,Monica,"Hi! Umm, I’m Monica Geller, I’m the chef at Alessandro’s.",neutral
20558,The Food Critic,Still?,surprise
20558,Monica,"I think the things that you said about me are really unfair, and I would like for you to give my bouillabaisse another chance.",neutral
20558,The Food Critic,I don’t see any reason why I would do that to myself again.,joy
20558,Joey,"Either eat it, or be in it.",anger
20558,Monica,"Spoon?  So, what do you think?",joy
20558,The Food Critic,"I’m torn, between my integrity and my desire to avoid a beating. But I must be honest, your soap is abysmal.",disgust
20558,Joey,Thata girl! Huh? We should get out of here.. there’s a new class comin’ in.,joy
20558,The Cooking Teacher,"Welcome to introduction to cooking. Now, before we start, can anyone tell me the difference between a hollandaise sauce and a bearnaise sauce?",neutral
20558,Monica,I can.,neutral
20558,The Cooking Teacher,"Okay, go ahead.",neutral
20558,Monica,"Well umm, they both have a egg yolk and butter base, but a bearnaise has shallots, shirvel, and most importantly tarragon.",neutral
20558,The Cooking Teacher,"That’s very good, what’s your name?",neutral
20558,Monica,Monica.,neutral
20558,The Cooking Teacher,"Monica, you go to the head of the class.",neutral
20558,Monica,Okay.,joy
20559,Phoebe,"And there's a country called Argentinaaaa,    it's a place I've never seeeeen.",neutral
20559,Phoebe,But I'm told for fifty pesos you can buy a    human spleen.,neutral
20559,Phoebe,Human spleeeen.,neutral
20559,Phoebe,Olé!,joy
20559,Monica,What are you doing here!,surprise
20559,Phoebe,"Well, you said that you had customers lined up in the street,    so I am here to entertain!",joy
20559,Monica,Great!,joy
20559,Phoebe,Yeah!,joy
20559,Phoebe,"It really has been great too, you know, some of this people    must have seen me play before because they were requesting a bunch of my songs!",joy
20559,Phoebe,"Yeah, ""You suck"" and ""shut up and go home"".",joy
20559,Monica,Listen Phoebe...,joy
20559,Phoebe,Yeah.,neutral
20559,Monica,"You know how much I love listening to your music, you know,    but...",neutral
20559,Phoebe,But what?,neutral
20559,Monica,This is kind of a classy place.,neutral
20559,Phoebe,"Ok, say no more.",neutral
20560,Joey,"I'm so bored! Stupid rain, we... we can't do anything.",sadness
20560,Rachel,"Well, I've brought some books. We could read.",neutral
20560,Joey,"Hey, it hasn't come to that yet.",joy
20560,Joey,Hey hey hey! Don't mind if I do!,joy
20560,Waiter,"I'm sorry sir, these are for the pharmaceutical convention",neutral
20560,Joey,"Hey Rach, do you feel like going to a convention?",neutral
20560,Rachel,We can't. We're not pharmacists!,sadness
20560,Joey,"I know we're not, but  Frank Medeio and...  Eva Trorro... womba...",neutral
20560,Rachel,Kate Miller?,neutral
20560,Joey,Kate Miller it is.,neutral
20560,Rachel,And... that's the most sex I'm gonna have this weekend.,joy
20560,Joey,In that case should I make sure it's on real good?,neutral
20560,Rachel,Thank you.,neutral
20561,Chandler,Oh my God!,surprise
20561,Monica,"We heard about your pants, I'm so sorry.",sadness
20561,Ross,This year was supposed to be great!,anger
20561,Ross,"But, it's only the second day and I'm a loser with stupid leather pants that don't even fit!",disgust
20561,All,"No. No, you're not a loser.",sadness
20561,Ross,Look at me!,anger
20561,Monica,"Hey, hey, look. Look Ross, Ben drew a picture of you!  Huh? You're-you're a cowboy!",joy
20561,Ross,"Oh, be-because of the leather pants.",sadness
20561,Monica,"See? Ben doesn't think you're a loser, he thinks you're a cowboy! Now that's something.",joy
20561,Rachel,That really is something.. that's really cool.,joy
20561,Joey,Howdy partner!,joy
20561,Ross,Maybe I should get another pair!,joy
20561,Ross,"Ooh, y'know, they-they had some with fringe all down the sides.",joy
20561,Ross,I'm gonna go kiss Ben goodnight.,joy
20561,Ross,I can't believe he thinks I'm a cowboy.,joy
20561,Ross,I would make a good cowboy.,joy
20561,Monica,"Okay, now that everything's wrapped up here, I think I'm, I'm gonna go do my laundry.",neutral
20561,Chandler,"Oh yeah, me too. Y'know if this shirt is dirty.  Yep.",neutral
20562,Ross,"No you didn't. You said you would, but you never did!",anger
20562,Chandler,Oh yeah!,surprise
20563,Joey,Great nap.,neutral
20563,Ross,It really was.,neutral
20563,Joey,"Uh me? Gay? No! No. No, but I have a number of close friends who are.",joy
20563,The Interviewer,"So, let’s talk about women. I’m sure our female readers will be interested to know about your romantic life.",neutral
20563,Joey,"Oh-oh-oh-oh, how I do it is, I look a woman up and down and say, ""Hey, how you doin’?""",neutral
20563,Phoebe,"Oh, please!",disgust
20563,Joey,"Hey, how you doin’?",neutral
20564,Phoebe,Hey Mikey,neutral
20564,Mike,Hey P,neutral
20564,Phoebe,What are you doing?,neutral
20564,Mike,Setting rattraps,neutral
20564,Phoebe,To kill Bob??,surprise
20564,Mike,"No, no, to test his neck strength.",neutral
20564,Phoebe,"No, Mike, I don't want to kill him!",anger
20564,Phoebe,"I thought we were just gonna    capture him and, and you know, set him free in the country side where he can    maybe meet a friendly possom and a wisecracking owl.",sadness
20564,Mike,"Ok, ok, I'll throw away the traps.",neutral
20564,Phoebe,"I'll find Bob, I'll get him.",neutral
20564,Phoebe,Bob?,fear
20564,Phoebe,Bob!,sadness
20564,Phoebe,Robert!,anger
20564,Phoebe,"Oh wait, I think I hear him.",neutral
20564,Phoebe,Oh - Oh my god!,surprise
20564,Phoebe,Bob    had babies!,surprise
20564,Phoebe,Bob's a mom!,surprise
20564,Mike,Better think of a new name for him.,neutral
20564,Phoebe,"I don't know, I kinda like Bob for a girl.",neutral
20564,Mike,"I don't know, I mean I'm not sure  ...",neutral
20564,Phoebe,"Oh my god, we killed Bob!",sadness
20564,Mike,"Maybe it wasn't Bob, maybe it was a mouse.",neutral
20564,Phoebe,Suzie,neutral
20565,Joey,"Hmmm, soup!",joy
20565,Carol,"Joey, Ross is gonna be here any second, would you mind watching Ben for me while I use the ladies' room?",neutral
20565,Joey,"Oh yeah, no problem.",neutral
20565,Carol,Thanks.,neutral
20565,Joey,"Hi Ben! So you wanna be an actor huh? I gotta tell ya, it's no picnic. There's tons of rejection.",sadness
20565,Ross,Joey!,surprise
20566,Monica,What one? You wanted him to invite you to the party and he did it!,surprise
20566,Rachel,"Yeah, but he waited until the last minute!",anger
20566,Rachel,"So if I said yes, he would know I had nothing better to do than wait around for an invitation to his stupid party.",anger
20566,Rachel,"I said, ""No!""",anger
20566,Rachel,Which puts,neutral
20566,Monica,Great. So the ball is in his court?,anger
20566,Rachel,Ball? There is no ball.,anger
20567,Danny,"Oh, hey Rach! I thought we said seven?",surprise
20567,Rachel,"Yeah uh, y'know what uh, let's skip it.",neutral
20567,Danny,What?! Why?!,surprise
20567,Rachel,"Umm, you-you and your sister seem to have umm, a very special bond, and",neutral
20567,Danny,Oh great! That,anger
20567,Danny,"Do-do you, do you have brothers?",neutral
20567,Rachel,"No, I have two sisters. But one of them has a very masculine energy.",neutral
20567,Danny,Are you close with them?,neutral
20567,Rachel,"No-no, they're not very nice people.",neutral
20567,Danny,"Okay, listen, I really like you.",neutral
20567,Danny,Okay?,neutral
20567,Danny,I think this can go somewhere.,neutral
20567,Danny,"So what if I'm close to my family, are you gonna let that stand in the way of us?",neutral
20567,Rachel,"Well, uh, I-I don't know. See when-when you put it that way y'know it does sort of",neutral
20567,Krista,Danny! Hurry up! The bath is getting cold!,neutral
20567,Danny,What?,surprise
20567,Rachel,"Yeah, okay, I'll see you later.",neutral
20568,Ross,It’s over.,sadness
20568,Rachel,"Oh, was it awful?",sadness
20569,Ross,"Well, it was loong.",sadness
20570,Ross,"I didn’t even realise how late it was, until I noticed the 5 o’clock shadow on her head.",neutral
20570,Ross,"Anyway, she didn’t want to stay.",sadness
20570,Ross,I called a cab. she just left.,neutral
20570,Rachel,I wrote you a letter.,neutral
20570,Ross,Ohh! Thank you! I like mail.,joy
20570,Rachel,It’s just some things I’ve been thinking about.,neutral
20570,Rachel,"Some things about us, and before we can even think about the two of us getting back together, I just need to know how you feel about this stuff.",neutral
20570,Ross,"Okay.  Wow, it’s-it’s 5:30 in the morning.  So, I’d better get cracking on this baby.",neutral
20570,Rachel,"Well, I’ll be waiting for you, just come up when you’re done.",neutral
20570,Ross,"Okay, I’ll be up in,  18 pages. Front and back. Very exciting.",joy
20571,Monica,The waiter carried the breadsticks in his pants!,anger
20571,Allesandro,"Well, you said that we except the",neutral
20571,Monica,"All right, that I’ll retract.",neutral
20571,Monica,"But I stand by my review, I know food and that wasn’t it.",disgust
20571,Monica,You’re marinara sauce tasted like tomato juice!,disgust
20571,Monica,You should serve it with vodka and a piece of celery.,disgust
20571,Allesandro,"Hey! I’m proud of that sauce, it’s delicious.",anger
20571,Monica,Oh my God! You own an Italian restaurant and you think that tastes good?! Where are you even from?,surprise
20571,Allesandro,Lebanon.,neutral
20571,Monica,"Hand me those tomatoes, I’m gonna show you what it should taste like! Come on, hand me them.",anger
20571,Allesandro,How long is this gonna take? ‘Cause I got another critic to go yell at.,neutral
20572,Phoebe,"Okay, then what happened?",neutral
20572,Phoebe,Ohh. Uh-huh. Uh-huh.  You'll get your turn!,anger
20572,Ross,"Hey Pheebs, what's going on?",neutral
20572,Phoebe,Nothing!   This is not over!,anger
20572,Ross,No! No! No!,anger
20572,Phoebe,What?!,surprise
20572,Ross,"I was up all night writing this really nasty letter to Emily! It was perfect and now it's all covered in-in…  Actually, thanks!",sadness
20572,Joey,All right! Everybody ready to go to the movies?,neutral
20572,Ross,"Uh actually, I think I'm gonna skip it.",sadness
20572,Joey,Really?,surprise
20572,Ross,"Yeah, I'm gonna stay and read my book. I just wanna be alone right now.",sadness
20572,Joey,"Oh. Are you sure you don't want to come? Tom Hanks, Meg Ryan, they get mail and stuff.",neutral
20572,Ross,"That's okay, Joe.",neutral
20572,Joey,"All right, let's go Pheebs.",neutral
20572,Ross,Oh God!,surprise
20573,Chandler,That was amazing.,joy
20573,Monica,I know.,neutral
20573,Monica,"Hey, do you realize we may have just changed our lives forever?",joy
20573,Monica,We may have just started a family.,joy
20573,Monica,"Nine months from now we can be here, having our own baby.",joy
20573,Chandler,"And if not, we got to do it on a bucket.",neutral
20574,Chandler,Ross! You gotta stop! Okay?! You can’t just stare through the peep hole for three hours! You’re gonna get peep eye!,anger
20574,Ross,I knew it!,surprise
20574,Ross,I knew it!,anger
20574,Ross,I always knew she liked him!,anger
20574,Ross,"Y'know, she’d say no, but here we are!",anger
20574,Ross,Right?,neutral
20574,Ross,"We just broke up, first thing she does!",anger
20574,Chandler,You didn’t just break up.,neutral
20574,Ross,"Hey, it’s been like three weeks!",anger
20574,Chandler,You slept with somebody three hours after you thought you broke up. I mean bullets have left guns slower!,disgust
20575,Ross,"Hey, so uh, y'know how there's something I wanted to talk to you about?",neutral
20575,Rachel,Oh yeah!,joy
20575,Ross,"Well, y'know how I'm trying to work things out with Emily.",joy
20575,Ross,"Well, there's this one thing… Okay,  here goes.",neutral
20575,Ross,I made a promise that--Oh hey!,surprise
20575,Rachel,What?,neutral
20575,Ross,You're nose is bleeding!,surprise
20575,Rachel,Oh God.,sadness
20575,Rachel,No!,sadness
20575,Rachel,Oh not again!,anger
20575,Rachel,This-this happened when my grandfather died.,sadness
20575,Rachel,It's ugh!,disgust
20575,Rachel,Sorry.,sadness
20575,Rachel,"Oh, okay, so I'm sorry, what-what were you-what did you want to tell me?",neutral
20575,Ross,Umm,neutral
20575,Rachel,Sorry. Sorry.,sadness
20575,Ross,"Okay, I uh, I can't see you anymore.",sadness
20575,Rachel,"Yeah, I know. It's ridiculous! I can't see you either.",neutral
20576,Monica,Not yet! Not yet! Not yet! Not yet! Not yet! Not yet! Not yet! Not yet!,fear
20576,Rachel,"Hello, Chip.",neutral
20576,Chip,"Hey, Rach! How ya doin’?",joy
20576,Rachel,I’m great! I’m great. I’ve got a great job at,joy
20576,Chip,"So ah, Monica ready yet?",neutral
20576,Rachel,"She’ll be out in a second. So, Chip, how’s umm, Amy Welch?",neutral
20576,Chip,"Amy Welch? Wow! I haven’t seen her since... So, Monica about ready?",surprise
20577,Ross,"That’s right, I love you! And-and I’m gonna play with you all the time.",joy
20577,Phoebe,How can you let him talk to your crotch like that?,surprise
20577,Rachel,He’s talking to the baby.,neutral
20577,Phoebe,Ohh!,surprise
20577,Phoebe,Okay!,surprise
20577,Phoebe,"Okay, cause when-when he said, ""I can’t wait to hear your first words,"" I thought, ""There’s a trick.""",surprise
20577,Rachel,"Okay. Well, I gotta go you guys. I’ll see you later.",neutral
20577,Phoebe,Okay.,neutral
20578,Joey,"Oh my, oh my God!",surprise
20578,Rachel,"Aw, it’s unbelievable!",surprise
20578,Rachel,Wow!,surprise
20578,Rachel,She is kicking so much!,surprise
20578,Rachel,"Oh, she’s like umm…oh…who’s that kind of annoying girl soccer player?",joy
20578,Joey,Mia Hamm?,neutral
20578,Rachel,Mia Hamm!,joy
20578,Joey,Oh that’s amazing.,joy
20578,Rachel,Oh-oh!! One hand on the sheet Joe!,surprise
20578,Joey,Whoa-hey-oh! Sorry!,surprise
20579,Chandler,"Okay, what do you guys think?",neutral
20579,Ross,Dude!,surprise
20579,Joey,I have never known love like this.,sadness
20579,Chandler,You really like it?,surprise
20579,Ross,Dude! How-how did you write this?,surprise
20579,Chandler,I stole Monica’s and changed the name.,neutral
20579,Ross,You can’t,neutral
20579,Joey,If he goes first he can!,joy
20580,Ross,Yeah!,anger
20580,Ross,"Anyway, I-I still think we should try to patch things up, y’know?",neutral
20580,Ross,"Like uh, maybe we could get him to get tickets to another Knicks game and invite him.",neutral
20580,Joey,Oh wow that’s a great idea! And,joy
20580,Gunther,Here you go.,neutral
20580,Joey,"Hey-hey-hey-ho-ho, I got this one.",joy
20580,Joey,Here you go.,neutral
20581,Joey,"Y’know I gotta tell ya, sometimes I just—I don’t get Chandler.",neutral
20582,Joey,"Y’know, me and him do stuff all the time without you and you don’t get all upset.",neutral
20582,Ross,All the time?,sadness
20582,Joey,All the time!,anger
20583,Ross,"Cassie, how you-how you doin’ on that…hot dog.",neutral
20583,Cassie,I’m all done.,neutral
20583,Ross,Thank God.,joy
20583,Cassie,I guess the last time we really hung out was when our parents rented that beach house together.,neutral
20583,Ross,Oh right.,neutral
20583,Ross,Right.,neutral
20583,Ross,"Ooh, remember the time I uh, I pinned you down and tickled you ‘til you cried?",joy
20583,Ross,We’re probably too old to do that now.,sadness
20583,Cassie,"I’ll always remember that summer, because it’s when I got all of these freckles.",joy
20583,Ross,Uh-huh! Uh-huh! And-and-and I’ll always remember that summer because that’s when I realized that we are related.,joy
20583,Cassie,"It took you that long to figure it out, huh?",surprise
20583,Ross,"Well I’m, I’m a little slow.  Just as our children would be.",neutral
20584,Phoebe,Relax every muscle in your body.,neutral
20584,Phoebe,Listen to the plinky-plunky music.,neutral
20584,Phoebe,"Okay, now close you eyes, and think of a happy place.",neutral
20584,Phoebe,"Okay, tell me your happy place.",neutral
20584,Monica,"Richard's living room, drinking wine.",joy
20584,Phoebe,"All right. No, no, no, not a Richard thing, just put down the glass. And get out!",anger
20584,Monica,"I'm sorry, but that's my happy place.",sadness
20584,Phoebe,"Well, okay, fine, use my happy place.",neutral
20584,Phoebe,"Okay, I'm just gonna, I have to ask that you don't move anything.",neutral
20584,Monica,"All right, I'll try not to.",neutral
20584,Phoebe,"Okay, all right, so, your in a meadow, millions of stars in the sky....",neutral
20584,Monica,Do you think breaking up with him was a huge mistake?,sadness
20584,Phoebe,"All right, there are no questions in the happy place. Okay, just, the warm breeze, and the moonlight flowing through the trees....",joy
20584,Monica,"I'll bet he's totally over me, I'll bet he's fine.",sadness
20584,Phoebe,"All right, betting and wagering of any kind, are, I'm sure, not permitted in the happy place.",neutral
20584,Phoebe,Okay.,neutral
20584,Phoebe,"Just-just, you know, the-the lovely waterfalls, and the, the trickling fountains.",joy
20584,Phoebe,And the-the calming sounds of the babbling brook....,neutral
20584,Monica,"Okay, this isn't working. I'm still awake and now I have to pee.",disgust
20585,Ross,"OK sweetie, I'll see you later.",neutral
20585,Julie,See you later Rach.,neutral
20586,Rachel,Bye-bye Julie.,neutral
20586,Rachel,Hey.,neutral
20586,Ross,Hey.,neutral
20586,Rachel,"Hey, c'mon, cut it out.",joy
20586,Ross,Hey?,neutral
20586,Rachel,What?,neutral
20586,Ross,Can I ask you somethin'?,neutral
20587,Phoebe,"Hey Rach, wanna hear the new song I'm thinkin' of singing this afternoon? I wrote it this morning in the shower.",joy
20587,Rachel,Ok.,neutral
20587,Terry,"Uh, Rachel, sweetheart, could I see ya for a minute?",neutral
20587,Rachel,What's up?,neutral
20587,Terry,F.Y.I..,neutral
20587,Terry,I've decided to pay a professional musician to play in here on Sunday afternoons.,neutral
20587,Terry,Her name is Stephanie... something.,neutral
20587,Terry,She's supposed to be very good.,neutral
20587,Rachel,But what about Phoebe?,surprise
20587,Terry,"Rachel, it's not that your friend is bad, it's that she's so bad, she makes me want to put my finger through my eye into my brain and swirl it around.",disgust
20587,Rachel,"Ok, ok, so you're not a fan, but I mean, come on, you cannot do this to her.",sadness
20587,Terry,Uh...,neutral
20587,Rachel,"Oh, no no no no. Oh no no no no. I have to do this to her?",fear
20588,Ross,"Ahh, no.",sadness
20588,Rachel,Oh.,neutral
20588,Ross,Are you jealous?,surprise
20588,Rachel,"Noo, I y'know I don't see why she has to play with you, that's all.",anger
20588,Rachel,I mean doesn't she have any y'know other stripper moms friends of her own?,anger
20588,Ross,You are totally jealous.,joy
20588,Rachel,I'm not jealous.,anger
20588,Rachel,"All right this is about, umm, people feeling certain things y'know about strippers.",neutral
20588,Rachel,"And y'know, and um, I...",neutral
20588,Ross,"Honey, I love you too.",neutral
20588,Rachel,"Ugh. Wait, wait, wait.",sadness
20588,Ross,What?,surprise
20588,Ross,Huh.,surprise
20588,Rachel,"Well, there's a kiss that he won't forget for a couple of hours, y'know.",joy
20588,Chandler,"Yeah. Either that, or you just turned him on and sent him off to a stripper.",neutral
20589,Chandler,I can’t believe you came back.,surprise
20589,Rachel,Don’t say anything.,joy
20589,Rachel,"I don’t wanna speak, I don’t wanna think.",neutral
20589,Rachel,"I just want you to take me and kiss me and make love to me right here, right now.",joy
20589,Friend No. 2,Rachel! Rachel!,joy
20589,Rachel,What?,neutral
20589,Friend No. 2,You missed the exit!,surprise
20589,Rachel,"Oh, sorry.",neutral
20589,Friend No. 1,"My God, what were you thinking about?",surprise
20589,Rachel,"Um,  Barry.",neutral
20589,Her-Friends,Awwwww,joy
20590,Phoebe,"I just—I thought you guys were doing it, I didn't know you were in love!",surprise
20590,Joey,Dude!,joy
20590,Chandler,And hats off to Phoebe. Quite a competitor.  And might I say your breasts are still showing.,joy
20590,Phoebe,God!,surprise
20590,Joey,All right! So that's it! It's over! Everybody knows!,joy
20590,Monica,"Well actually, Ross doesn't.",neutral
20590,Chandler,"Yes, and we'd appreciate it if no one told him yet.",neutral
20591,Ross,Dear Mary-Angela.,neutral
20591,Ross,Hi.,neutral
20591,Ross,How?s it going.,neutral
20591,Ross,This is the hardest letter I?ve ever had to write.,sadness
20591,Ross,What the hell?s a matter with you?,disgust
20591,Ross,How do you think Joey?s going to react when he finds out that you blew off his sister with a letter?,anger
20591,Chandler,"Well, that?s the part where you tell him that I moved to France. When actually I?ll be in Cuba.",neutral
20591,Ross,"All right, look, look, you?ve got to do this yourself, okay in person.",neutral
20591,Ross,At least you know her name.,neutral
20591,Ross,"You just go to the house and you ask for Mary-Angela, okay, when which ever one she is comes to the door, you take her for a walk, you let her down easy.",neutral
20591,Chandler,What if Mary-Angela comes to the door and I ask for Mary-Angela?,fear
20591,Ross,Where in Cuba?,sadness
20592,Chandler,Hey.,neutral
20592,Ross,"You uh, you may have been right about Jill.",sadness
20592,Rachel,Oh! I knew it! What happened?,surprise
20592,Ross,"Umm, she kissed me.",sadness
20592,Rachel,What?! You kissed!,surprise
20593,Joey,All right.,neutral
20593,Chandler,"Okay, here you go.  I have two queens, what do you have?",neutral
20593,Joey,A two and a five.,neutral
20593,Chandler,"Ho-ho, you win! 50 dollars!",joy
20593,Joey,Really?!,surprise
20593,Chandler,"Oh yeah! Okay, let’s play again.  What do you got?",neutral
20593,Joey,A four and a nine.,neutral
20593,Chandler,You’re kidding right?,surprise
20593,Joey,No. Why?,neutral
20593,Chandler,Well that’s a full cup!,surprise
20593,Joey,Damn! I am good at Cups!,joy
20594,Rachel,What? Why? Where are you?,surprise
20594,Joey,I’m still on the set!,neutral
20594,Rachel,Joey! The wedding is in less than an hour!,anger
20594,Joey,"I know! I’m sorry! The guy’s drunk, they won’t let me go until we get this.",sadness
20594,Rachel,Oh my God! I’m gonna have to find another minister.,sadness
20594,Joey,"No! No, I’m the minister! Alright, look-look, put ‘em both on the phone, I’ll marry them right now.",anger
20594,Rachel,"Ugh! Joey, I have to go.",sadness
20594,Joey,Hey! Don’t you hang up on me! I’ll marry you and me right now! I have the power!,anger
20595,Phoebe,Oh hey Joey! What's up?,joy
20595,Joey,"I can't decide which route to take to Vegas. Hey, you've traveled a lot right?",neutral
20595,Phoebe,"Yeah, I've been around.",neutral
20595,Joey,"Okay, so-so which route should I take the northern route or the southern route?",neutral
20595,Phoebe,"Ooh, if you take the northern route there's a man in Illinois with a beard of bees.",neutral
20595,Joey,Great! Problem solved!,joy
20596,Joey,"Estelle, you gotta get me some work. I-I lost my health insurance.",sadness
20596,Estelle,"All right, first thing we gotta do, damage control.",neutral
20596,Joey,Why?,surprise
20596,Estelle,"Well, I think uhh, someone out there may have been bad mouthing you all over town.",sadness
20596,Joey,Bastard!,anger
20597,Phoebe,You mean whenever Monica and Chandler where like y'know doing laundry or going grocery shopping or—Oh!,surprise
20597,Phoebe,All that time Monica spent on the phone with sad Linda from camp!,surprise
20597,Rachel,"Uh-huh, doing it. Doing it. Phone doing it.",joy
20597,Phoebe,"Oh, I can't believe it!",surprise
20597,Phoebe,I mean I think it's great!,joy
20597,Phoebe,For him.,neutral
20597,Phoebe,She might be able to do better.,neutral
20597,Joey,Hey guys!,neutral
20597,Rachel,Joey! Come here! Come here!,neutral
20597,Rachel,Phoebe just found out about Monica and Chandler.,neutral
20597,Joey,You mean how they're friends and nothing more?,neutral
20597,Rachel,"No. Joey, she",neutral
20597,Phoebe,"Okay, so now they know that you know and they don't know that Rachel knows?",surprise
20597,Joey,"Yes, but y'know what?",neutral
20597,Joey,It doesn't matter who knows what.,neutral
20597,Joey,"Now, enough of us know that we can just tell them that we know!",neutral
20597,Joey,Then all the lying and the secrets would finally be over!,joy
20598,Chandler,"It's a tradition, like the parade. If the parade decided it was gay, moved out, and abandoned its entire family.",neutral
20599,Phoebe,"Y’know, you’re friend’s getting married, it’s gotta change things.",neutral
20599,Rachel,You really think it would be that different?,surprise
20599,Phoebe,How could it not be?,surprise
20599,Phoebe,"I mean pretty soon they’re gonna be having kids, and then they’re just gonna be hanging out with other couples who have kids.",sadness
20599,Phoebe,And then maybe they’re gonna have to leave the city to be near a,sadness
20599,Rachel,"Well, things change.",neutral
20599,Joey,I don’t want them to move to a,sadness
20599,Ross,It’ll be okay Joe.,neutral
20600,Rachel,Its still there!,surprise
20600,Chandler,Mrs. Braverman must be out.,neutral
20600,Rachel,She could be out of town. Maybe she’ll be gone for months.,sadness
20600,Chandler,"By then, the cheesecake may have gone bad. We don’t want her to come back to bad cheesecake.",fear
20600,Rachel,No that could kill her.,fear
20600,Chandler,"Well, we don’t want that.",neutral
20600,Rachel,"No, so we’re protecting her.",neutral
20600,Chandler,But we should take it.,neutral
20600,Rachel,But we should move quick.,fear
20600,Chandler,Why?,surprise
20600,Rachel,Because I think I just heard her moving around in there.,fear
20600,Chandler,Go! Go! Go! Go! Go! Go! Go! Go! Go! Go!,fear
20601,Chandler,"Hey, Kicky. What're you doing?",neutral
20601,Joey,Just trying to get comfortable. I can't sleep in my underwear.,neutral
20601,Chandler,"Well, you're gonna.",neutral
20601,Joey,"I've been thinking. Y'know, about how I'm always seeing girls on top of girls...",neutral
20601,Chandler,"Are they end to end, or tall like pancakes?",neutral
20601,Joey,"Y'know what I mean, about how I'm always going out with all these women.",neutral
20601,Joey,"And I always figured, when the right one comes along, I'd be able to be a stand-up guy and go the distance, y'know?",sadness
20601,Joey,"Now I'm looking at my dad, thinking...",neutral
20601,Chandler,"Hey, you're not him.",neutral
20601,Chandler,You're you.,neutral
20601,Chandler,"When they were all over you to go into your father's pipe-fitting business, did you cave?",neutral
20601,Joey,No.,neutral
20601,Chandler,No.,neutral
20601,Chandler,You decided to go into the out-of-work actor business.,neutral
20601,Chandler,"Now that wasn't easy, but you did it!",neutral
20601,Chandler,"And I'd like to believe that when the right woman comes along, you will have the courage and the guts to say ""No thanks, I'm married.""",neutral
20601,Joey,You really think so?,joy
20601,Chandler,Yeah. I really do.,neutral
20601,Joey,"Thanks, Chandler.",neutral
20601,Chandler,Get off!,anger
20602,Joey,Hi.,neutral
20602,The Cooking Teacher,"Your Fettuccini Alfredo looks a little dry, did you use all your cheese?",neutral
20602,Joey,"When you say used, do you mean eat as a pre-cooking snack?",neutral
20602,The Cooking Teacher,And the cream?,neutral
20602,Joey,Cheese makes me thirsty.,neutral
20602,The Cooking Teacher,Okay. Let’s move on.,neutral
20602,Joey,All right.,neutral
20602,The Cooking Teacher,Oh! Something smells good over at Monica’s station!  Oh my God! This is absolutely amazing! You’ve never made this before?,surprise
20602,Monica,Oh no!,surprise
20602,Monica,I don’t know anything about cooking.,neutral
20602,Monica,"I had to ask someone what it’s called when the, when the water makes those little bubbles.",neutral
20602,The Cooking Teacher,"Well, hats off to the chef.",joy
20602,Monica,"I-I-I’m sorry, your-your mouth was full, I didn’t hear what you said. Umm, hats off to who now?",neutral
20602,The Cooking Teacher,The chef!,joy
20602,Monica,That’s right.,joy
20603,All,"Hey, Pheebs.",neutral
20603,Phoebe,Hey.,neutral
20603,Monica,How's it going?,neutral
20603,Phoebe,Good. Oh oh! Roger's having a dinner thing and he wanted me to invite you guys.,joy
20603,Phoebe,So what's going on?,neutral
20603,Monica,"Nothing, um, it's just, um... It's Roger.",neutral
20603,Ross,"I dunno, there's just something about...",neutral
20603,Chandler,Basically we just feel that he's...,neutral
20603,Rachel,We hate that guy.,disgust
20603,All,Yeah. Hate him.,disgust
20603,Ross,"We're sorry, Pheebs, we're sorry.",sadness
20603,Phoebe,Uh-huh.,neutral
20603,Phoebe,Okay.,neutral
20603,Phoebe,"Okay, don't you think, maybe, though, it's just that he's so perceptive that it freaks you out?",neutral
20603,All,"...No, we hate him.",disgust
20603,Rachel,We're sorry.,sadness
20604,Ross,Hey!,joy
20604,Joey,Hey!,joy
20604,Ross,What are you doing?,neutral
20604,Joey,I’m sending back all this stuff that Chandler bought out of guilt.,neutral
20605,Chandler,Yes that was mine.,fear
20605,Joey,Cause I figured you'd hooked up with some girl and she'd left it there.,neutral
20605,Chandler,Yes that would have made more sense.,sadness
20605,Joey,"Y'know, I-I don't even feel like I know you anymore man!",anger
20605,Joey,"All right, look, I'm just gonna ask you this one time.",neutral
20605,Joey,"And whatever you say, I'll believe ya.",neutral
20605,Joey,"Were you, or were you not on a gay cruise?",anger
20606,Chandler,"Oh hey! There's some kids playing in the street, you wanna go down there and give them a project, ruin their day?",anger
20606,Ross,"Hey, if they have a ball maybe you can stick razor blades in it and teach them a new game, Gonna Need Stitches Ball.",neutral
20607,Ross,She said what?,surprise
20607,Emily,"She said, ""If I’m not gonna be happy getting married somewhere that we find in a day, well then we should just postpone it.""",neutral
20607,Ross,Postpone it?,joy
20607,Ross,"Emily, do you think Monica realises how much our parents spent on this wedding?",anger
20607,Ross,"Do you my sister’s teeny-tiny little brain comprehends that people took time out of their lives to fly thousands of miles to be here, huh?",anger
20607,Ross,This isn’t right.,neutral
20607,Emily,"I realize that people are going to be disappointed. But, I’m sure they’ll come back when we can do it right.",sadness
20607,Ross,I can’t ask people to do that? Would you ask people to do that?,anger
20607,Emily,Don’t you point your pants at me!,anger
20607,Emily,We have no choice!,anger
20607,Emily,"Anywhere that’s half-decent would’ve be booked months ago, Ross don’t you understand?",anger
20607,Emily,This is our wedding I’m talking about.,anger
20607,Ross,The only thing I understand is postponing it is not an option. This is when we’re getting married.,neutral
20607,Emily,So what are you saying? It’s now or never?,anger
20607,Ross,No. I’m saying it’s now.,neutral
20607,Emily,Or?,anger
20607,Ross,There’s no ‘or’ in mind. What is wrong with these pants?!!,anger
20607,Emily,It’s not the pants.,anger
20607,Emily,It’s you that is backwards.,anger
20607,Emily,"And if, and if you don’t understand how important this is to me, well then, perhaps we shouldn’t get married at all!",anger
20607,Ross,"No, wait! Emily! No, wait, stop! Emily, please—",sadness
20608,Monica,"Hi, honey.",neutral
20608,Chandler,See you later.,neutral
20608,Monica,"What? I-I bought groceries, I was gonna make you dinner!",joy
20608,Chandler,Well next time ask! Or at least wait for me to ask!,anger
20608,The Museum Official,"Hi, this is Heldi from the Morgan Chase museum. I’m calling for Monica Geller.",neutral
20608,Monica,Oh no!,surprise
20608,The Museum Official,"I want to let her know that there was a cancellation and if she’s still interested in having the Bing-Geller wedding at our facility, it is available",neutral
20608,Monica,"Oh please, he didn’t hear it! He didn’t hear it!!",fear
20608,Chandler,This is Chandler Bing! This is Chandler Bing!,surprise
20608,Monica,NOOOO!!!!!!!!,anger
20609,Joey,Ma! What're you doing here?,surprise
20609,Mrs. Tribbiani,I came to give you this  and this.,neutral
20609,Joey,Oww! Big ring!,surprise
20610,Susan,"Yeah, all the time. I want the baby to know my voice.",neutral
20610,Ross,"Do you uh, do you talk about me?",neutral
20610,Susan,"Yeah, yeah, all the time.",neutral
20610,Ross,Really?,surprise
20610,Susan,"But um, we just refer to you as Bobo the Sperm Guy.",neutral
20611,Monica,Would you look at this dump? He hated us. This is his final revenge!,disgust
20611,Rachel,Have you ever seen so much crap?,disgust
20611,Chandler,"Actually, I think this apartment sullies the good name of crap",anger
20611,Joey,Check this out. Can I have this?,neutral
20612,Rachel,What?,neutral
20612,Monica,"I'm at work, ordinary day, you know, chop chop chop, sauti, sauti, sauti.",neutral
20612,Monica,"All of a sudden, Leon, the manager, calls me into his office.",neutral
20612,Monica,"It turns out they fired the head lunch chef, and guess who got the job.",joy
20612,Joey,"If it's not you, this is a horrible story.",sadness
20612,Monica,"Fortunately, it is me.",joy
20612,Monica,"And, they made me head of purchasing, thank you very much.",joy
20612,Monica,"Anyway, I just ran into Ross and Chandler downstairs, and they think we should go out and celebrate.",joy
20612,Monica,"Y'know, someplace nice.",neutral
20612,Joey,"Yeah, someplace nice.",neutral
20612,Rachel,Yeah!,joy
20612,Joey,How much do you think I can get for my kidney?,neutral
20613,Chandler,"So, what do you think?",neutral
20613,Ross,I think It's the most beautiful table I've ever seen.,joy
20613,Chandler,I know!,joy
20613,Monica,"So how does this work, you going to balance the plates on these little guys' heads?",neutral
20613,Joey,"Who cares, we'll eat at the sink! Come on, let's play!",joy
20613,Monica,Heads up Ross!  Score!  You suck!,joy
20614,Monica,Thank you. Just make yourself comfortable.,neutral
20614,Joey,Gotcha.,neutral
20614,Monica,This place is really my Grandmother’s.,neutral
20614,Monica,"I got it from her when she moved to Florida, otherwise I could never afford a place like this.",neutral
20614,Monica,"So if the landlord ever asks, I’m 87 year old woman, who’s afraid of her VCR.",neutral
20614,Monica,So are you thirsty?,neutral
20614,Joey,"Oh, you bet I am!",joy
20614,Monica,"Okay, here’s your penis!",surprise
20615,Ross,"Ohh, okay.",neutral
20615,Rachel,"Oh my God, what a great surprise! This is such a beautiful house.",joy
20615,Paul,"Thank you, it’s my mom’s. So this is the kitchen.",neutral
20616,Larry,"Hey, ready for dinner?",neutral
20616,Phoebe,"Ooh, absolutely!",joy
20616,Larry,Great! How about you wanted to go the Italian place down on Bleaker Street right?,joy
20616,Phoebe,"Ooh, I love that place!  So, no.",neutral
20616,Larry,How about Mama Lisettie's?,neutral
20616,Phoebe,Enh. Sure!,neutral
20616,Larry,I wonder how long that milk  has been setting out.,disgust
20616,Phoebe,"Oh, no-no, this place is totally healthy!",neutral
20616,Phoebe,That—this milk is mine.,neutral
20616,Phoebe,"I bought this today, 'cause I was thirsty for milk, y'know.",neutral
20616,Phoebe,"Okay, let's go!",joy
20616,Larry,"Hey, buddy!  Are you familiar with Section 11-B of the Health Code that requires all refuse material out the",anger
20616,Gunther,But then I'd have to go all the way around the dry cleaner place.,neutral
20616,Larry,"Oh, so you're saying you'd choose convenience over health?!",disgust
20616,Phoebe,"Okay, stop!",anger
20616,Phoebe,"Larry, okay, can't you just be Larry and not Larry the health inspector guy?",neutral
20616,Phoebe,"Y'know I mean it was really exciting at first but now it's like, okay, so where are we gonna eat ever?",anger
20616,Larry,"Well, I suppose I could give him a warning.",neutral
20616,Phoebe,Thank you.,joy
20616,Phoebe,Go!,neutral
20616,Phoebe,Go!,anger
20616,Phoebe,"Now, if after dinner you still really need to bust someone, I know a hot dog vendor who picks his nose.",disgust
20617,Rachel,"No! No! Phoebe, come on! I don’t want to switch! Please come on! I can throw wet paper towels here!",sadness
20617,Phoebe,No but at Monica’s you can eat cookies over the sink!,joy
20617,Rachel,I know. I’m sorry.,sadness
20617,Phoebe,All right fine! This looks like so much fun.,neutral
20617,Joey,Yeah.,neutral
20617,Phoebe,"God, what a mess.",neutral
20618,Chandler,"Tell us what happened, Brown Bird Ross.",neutral
20618,Ross,"Well, I lost.",sadness
20618,Ross,"Some little girl loaned her uniform to her nineteen year old sister, who went down to the U.S.S.",sadness
20618,Ross,"Nimitz, and sold over 2,000 boxes.",anger
20618,Chandler,Hey! How’d the interview go?,joy
20618,Rachel,"Oh, I blew it. I wouldn’t of even hired me.",sadness
20618,Ross,"Oh, come here sweetie, listen, you’re gonna go on like a thousand interviews before you get a job.",sadness
20618,Ross,That’s not how that was supposed to come out.,sadness
20618,Phoebe,This is the worst Christmas ever.,sadness
20618,Chandler,"Y'know what Rach, maybe you should just, y'know stay here at the coffee house.",neutral
20618,Rachel,I can’t!,anger
20618,Rachel,It’s too late!,anger
20618,Rachel,Terry already hired that girl over there.,sadness
20618,Rachel,"Look at her, she’s even got waitress experience.",sadness
20618,Rachel,Last night she was teaching everybody how to make napkin....  swans.,sadness
20618,Ross,That word was swans.,neutral
20619,Fireman No. 1,What do we got there?,surprise
20619,Fireman No. 2,"A piece of something: boxer shorts, greeting cards, and what looks like a half-charred picture—Wow, that guy's hairier than the Chief!",surprise
20619,Monica,"You know, it's a really funny story how this happened.",joy
20619,Fireman No. 3,It's all right.,neutral
20619,Fireman No. 3,It's all right.,neutral
20619,Fireman No. 3,You don't have to explain.,neutral
20619,Fireman No. 3,This isn't the first boyfriend bonfire that we've seen get out of control.,neutral
20619,Fireman No. 1,You're our third call tonight.,neutral
20619,Rachel,Really?,surprise
20619,Fireman No. 2,"Oh, sure, Valentine's is our busiest night of the year.",neutral
20620,Rachel,"I'm so sorry, you guys. I didn't mean to bring you down.",sadness
20620,Monica,"No, you were right. I don't have a plan.",neutral
20620,Rachel,Thank God. Food.,joy
20620,Monica,Phoebe?,neutral
20620,Phoebe,What?,neutral
20620,Monica,Do you have a plan?,neutral
20620,Phoebe,I don't even have a 'pl'.,joy
20620,Rachel,"No, no, that's not what we ordered... We ordered a fat-free crust with extra cheese.",sadness
20620,Monica,Wait! Did you say 'G.Stephanopoulos?',surprise
20620,Monica,"Wait, was this a-a small mediterranean guy with curiously intelligent good looks?",surprise
20620,Monica,Was he wearing a stunning blue suit?,joy
20620,Phoebe,And-and a power tie?,joy
20620,Monica,Oh God.,surprise
20620,Monica,Are you nuts?! We've got George Stephanopoulos' pizza!,surprise
20620,Rachel,"Uh, Pheebs? Who's George Snuffalopagus?",neutral
20620,Phoebe,Big Bird's friend.,neutral
20620,Monica,I see pizza!,joy
20620,Phoebe,"Oh, I wanna see! Lemme see! Lemme see!",joy
20620,Rachel,Hello? Who are we spying on?,sadness
20621,Joey,"Hey, y'know what a really good rainy day game is?",neutral
20621,Monica,What?!,neutral
20621,Joey,"I mean naked game. Strip poker, we should totally play strip poker.",joy
20621,All,"No, no!",disgust
20621,Monica,What are you crazy?!,disgust
20621,Joey,"Come on! When you go away, you-you have to play, it’s like a law!",sadness
20621,Rachel,Allll done!,neutral
20621,Monica,"Aww, thank you.",joy
20621,Rachel,"Okay, who’s next?!",neutral
20621,Ross,No-o-o!  No way!,disgust
20621,Rachel,"Come on, please?! I’m boredddd! You let me do it once before.",neutral
20621,Ross,"Yeah well, if ah, if that’s the rule this weekend...  No!",joy
20622,Monica,It’s beautiful! It’s like the first bathroom floor there ever was.  Whoa! Are you going in there for?,surprise
20622,Chandler,"What, like a number?",neutral
20622,Ross,Hey!,joy
20622,Chandler,Hi! Bye!,neutral
20622,Ross,"Okay, I’m done with my choices, these are final.",neutral
20622,Rachel,"Well, it’s about time.",anger
20622,Joey,"Ooh, very official.",neutral
20622,Ross,"Oh, yeah, well y'know Chandler printed it up on his computer.",neutral
20622,Monica,And who laminated it?,neutral
20622,Ross,That would be me.,neutral
20622,Rachel,"All right let me see.  Uma Thurman, Winona Ryder, Elizabeth Hurely, Michelle Pfieffer, and Dorothy Hammel?",neutral
20622,Ross,"Hey, it’s my list.",anger
20622,Rachel,"Okay honey, you do realize she only spins like that on ice.",neutral
20623,Ross,"Okay, Phoebe, this Dr. Oberman. He has no strong feelings about Fonzie or any of the",neutral
20623,Phoebe,Hi! And you're going into what grade?,surprise
20623,Dr. Oberman,"Umm, I'm actually a first year resident, but I get that a lot, you see, I-I graduated early",joy
20623,Phoebe,"Uh-huh, me too. Ross, maybe I should've specified that I'd be needing a grown up doctor.",joy
20623,Dr. Oberman,"Oh no, I'm fully qualified to",joy
20623,Phoebe,Shh!,anger
20623,Phoebe,"Doogie, shh!",anger
20623,Phoebe,Doesn't anybody understand that I'm gonna be having babies soon?,surprise
20623,Phoebe,Huh?,surprise
20623,Phoebe,Go!,anger
20623,Phoebe,"Go little boy, go!",anger
20623,Frank,Oh cool! You made him cry!,joy
20624,Ross,"Hey, there’s uh, some people outside, askin’ about candy.",neutral
20624,Monica,"Well, they’re just gonna have to wait aren’t they? I’ve only got two hands!!",anger
20624,Ross,Need some help?,neutral
20624,Monica,No! You don’t know the system! There’ll be nobody messing with the system!,anger
20625,Policeman,Your license please.,neutral
20625,Ross,You don’t-you don’t want to hear about my dream Officer…Pretty?,neutral
20625,Policeman,It’s Petty.  I’ll be right back with your ticket.,neutral
20625,Rachel,You have a son!,surprise
20625,Ross,I know. I know.,neutral
20626,Gerston,"Uh, like, could these margaritas",neutral
20626,Santos,"Hello, Mr. Bing.",neutral
20626,Petrie,Loved your Stevie Wonder last night.,joy
20626,Chandler,"Thanks. Listen, about the weekly numbers, I'm gonna need them on my desk",neutral
20626,Santos,Sure.,neutral
20626,Gerston,No problem.,neutral
20626,Chandler,"You have to give 'em something, you know.",joy
20626,Chandler,"Okay, now that was Gerston, Santos, and who's the guy with the moustache?",neutral
20626,Phoebe,Petrie.,neutral
20626,Chandler,"Petrie, right, right. Okay, some people gonna be working",neutral
20627,Ross,....right?,anger
20627,Ross,Right?,anger
20627,Ross,"I mean it’s pretty unbelievable y'know, I mean they just took off, took off without even looking back.",anger
20627,Ross,"Y'know I don’t, I don’t need them, huh, I’ve got you guys now as friends, you and Susan.",anger
20627,Carol,"Ah, Susan will be so pleased.",joy
20627,Ross,"717?  Where’s 717?  Hey, you’ve have more of these for Susan right?",surprise
20627,Carol,"No. But it’s okay, I’ll just put out pickles or something.",neutral
20627,Phoebe,"Ross, thank God.",joy
20627,Ross,"Pheebs? What, why are you whispering?",surprise
20627,Phoebe,I ate a bug.,disgust
20627,Monica,"Hey Rach, the tampons here are only a penny. Let’s stock up.",joy
20627,Phoebe,"Listen Ross, we ran out of gas, and we don’t know where we are, so we can’t get a tow truck.",fear
20627,Ross,"Oh, now you want a favour?",joy
20627,Phoebe,"Yes, please.",neutral
20627,Ross,"Well, oh, I’m sorry your car broke down Pheebs, but I’m a little too busy with some of my real friends right now, but please call to let me know you got home safely okay?",anger
20627,Carol,"Phoebe, hang on a second.  Here, take my car, go pick up your friends.",neutral
20627,Ross,"No, I’m not gonna pick them up.",anger
20627,Carol,"Listen, we both know you’re gonna do it ‘cause you’re not a jerk.",neutral
20627,Carol,"So you can either sulk here for a half hour and then go pick them up, or save us both time and sulk in the car.",anger
20627,Ross,"No, Rachel doesn’t want me to....",anger
20627,Carol,"Look, I-I-I am sorry that Rachel dumped you ‘cause she fell in love with that Mark guy, and you are the innocent victim in all of this, but don’t punish your friends for what Rachel did to you.",neutral
20627,Ross,"Yeah, you’re right.",neutral
20628,Monica,"God, I feel so guilty about Ross.",sadness
20628,Phoebe,"Oh, I know.",sadness
20628,Joey,I kinda feel like it's my fault.,sadness
20628,Chandler,Kind of? If you just kept this to yourself none of this would've happened.,anger
20628,Joey,"Well, I'm keeping so many things to myself these days, something was bound to slip out!",anger
20628,Chandler,"Well, I think it's very brave what you said.",anger
20628,Phoebe,"All right, I can't sit here anymore. I have to walk places.",neutral
20628,Chandler,"Pheebs, what are you doing with the coat? How about the whole animal rights thing?",anger
20628,Phoebe,"Well, I've been reading up and for your information, minks are not very nice.",anger
20628,Phoebe,"Okay, I admit it!",anger
20628,Phoebe,I love this coat!,joy
20628,Phoebe,"Okay, I—it's the best thing I've ever had wrapped around me, including Phil Huntley!",joy
20628,Phoebe,Remember Phil Huntley?,neutral
20628,Phoebe,He was fine!,joy
20629,Ross,So your dad dropped by. He’s a pleasant man!,joy
20629,Rachel,Oh no,fear
20629,Phoebe,I’d better go. (She goes and sits down in the,neutral
20629,Rachel,"Ross I’m so sorry. Okay. I-I will promise I will straighten this out with him tomorrow in person, or via e-mail.",sadness
20629,Ross,I don’t care about your dad! I care about Mona! She was there and now she’s totally freaked out!,anger
20629,Rachel,"Oh okay, I’ll fix that to. What’s her e-mail address?",neutral
20629,Ross,Rachel!,anger
20629,Rachel,"All right, I promise. I’ll fix this. I swear. I’ll-I’ll-I’ll-I’ll talk to her.",fear
20629,Ross,Okay!,anger
20629,Rachel,Okay.,neutral
20629,Ross,Thank you!,anger
20629,Phoebe,That’s it?!,anger
20629,Phoebe,You call that a fight?,surprise
20629,Phoebe,Come on!,anger
20629,Phoebe,"""We were on a break!""",anger
20629,Phoebe,"""No we weren’t!""",anger
20629,Phoebe,What happened to you two?,surprise
20630,Chandler,"Hi, could we get two burritos to go, please?",neutral
20630,Monica,I'm sorry.,neutral
20630,Monica,"But not that sorry, 'cause you don't have to live with it.",neutral
20630,Monica,"Um, we have a reservation under the name Chandler Bing.",neutral
20630,Maitre d',"Oh-kay, we'll have a table for you in about 45 minutes.",neutral
20630,Chandler,Forty-five minutes? We have tickets to the,surprise
20630,Maitre d',"I'm sorry. Christmas is a very busy time, sir.",neutral
20630,Chandler,Is this because of the burrito thing?,sadness
20630,Monica,You need to give him money.,neutral
20630,Chandler,Give him money? It was a joke!,surprise
20630,Monica,"No, to get a table! Places like this are always shakin’ you down. Everybody wants to be paid off.",anger
20630,Chandler,"Right, calm down, O'Mally. I'll slip him some money.",neutral
20630,Monica,You've got to be smooth about it.,neutral
20630,Chandler,"Hey, I can be smooth.",neutral
20630,Chandler,"Listen, we're a little bit in a hurry, so, if you can get us a table a little quicker, I'd appreciate it.",neutral
20630,Maitre d',"Of course, sir.",neutral
20630,Chandler,Okay.,neutral
20631,Tag,I’d better get back to my desk.,neutral
20631,Rachel,"Okay, you hard worker! I’ll remember to put that in your evaluation.",joy
20631,Tag,My what?,surprise
20631,Rachel,"Well, you’ve been here for two months now and your boss is required to hand in a performance evaluation.",neutral
20631,Rachel,"But y’know, there is one thing that I have yet to evaluate.",neutral
20631,Tag,Are you serious?,surprise
20631,Rachel,"No, I’ve just always wanted to do that. Can you help me clean this up?",neutral
20632,Chandler,I can blow dry it.,neutral
20632,Chandler,I can put gel on it.,neutral
20632,Chandler,"It doesn’t matter, I still wind up with this little  cowlicky thing on the middle part of my head.",neutral
20632,Chandler,It’s so annoying.,disgust
20632,Chandler,Does it bug you?,sadness
20632,Ross,You bug me.,disgust
20632,Chandler,Is there any chance you didn’t see that?,neutral
20633,Rachel,"Hey Joey, what ‘cha doing?",neutral
20633,Joey,Sweepin’. Why? Turn you on?,neutral
20633,Rachel,No.,neutral
20633,Joey,Huh. What if I was sweeping a chimney?,joy
20633,Rachel,"Joey, did",neutral
20633,Joey,Where are you going? The vicar won’t be home for hours.,joy
20633,Rachel,"Joey,  where did you learn that word?",surprise
20633,Joey,"Where do you think,  Zelda?",neutral
20633,Rachel,You found my book?!,anger
20633,Joey,Yeah I did!,joy
20633,Rachel,"Joey, what-what are you doing going into my bedroom?!",anger
20633,Joey,"Okay, look I’m sorry, I went in there to take a nap and I know I shouldn’t have, but you got porn!",surprise
20633,Rachel,"Hey-hey, y’know what?",anger
20633,Rachel,There’s nothing wrong with a woman enjoying a little…erotica.,neutral
20633,Rachel,"It’s just a healthy expression of female sexuality, which by the way, you will never understand.",anger
20633,Joey,You got porn!,joy
20634,Chandler,"Well, I feel like a snack!",joy
20634,Monica,Do you want some shortbread? Eh that’s Scottish like you are.,neutral
20634,Chandler,Oh no thanks. I don’t like,neutral
20634,Ross,What?!,surprise
20634,Chandler,"Well it’s just my entire family was run out of Scotland by…Vikings. Anyway, lots of bad memories.",sadness
20634,Ross,"Oh well, it sounds to me like your family is ready to uh, rediscover its Scottish roots.",neutral
20634,Monica,You can not play bagpipes at the wedding!!,anger
20634,Ross,How did you know about that?!,surprise
20635,Joey,Hi!,joy
20635,The Potential Roommate,Hi!,joy
20635,Joey,Come in.,neutral
20635,Joey,"Thanks for comin’ back, umm, okay there have been a lot of people interested in the room, but I have narrowed it down and",neutral
20635,The Potential Roommate,Great!,joy
20635,Joey,"Okay now, before I make my final decision I uh, I just want to make sure our personalities match.",neutral
20635,Joey,"Okay, so I made up a little test.",neutral
20635,Joey,"Now, I’m gonna say a word and then you say the first thing that comes to mind.",neutral
20635,The Potential Roommate,I can do that.,neutral
20635,Joey,Okay! Here we go. Pillow.,neutral
20635,The Potential Roommate,Fight.,neutral
20635,Joey,Very good! Okay. G.,joy
20635,The Potential Roommate,String?,neutral
20635,Joey,"Excellent! Okay umm, doggy.",joy
20635,The Potential Roommate,Kitten?,neutral
20635,Joey,"Ooh, sorry! No-no-no, so close though, but—bye-bye!",sadness
20636,Monica,"Dad, please don’t pick your teeth out here!",disgust
20636,Monica,"Alright, and if you’re gonna put your feet up, why don’t you sit on the-",disgust
20636,Phoebe,"Monica, leave him alone",anger
20636,Joey,Will you hurry up?,sadness
20636,Joey,Did you not hear me before when I told you that all of Janine’s friends are dancers?!,surprise
20636,Joey,And that they’re going to be drinking alot!,anger
20636,Rachel,"No, I did, but tell me again, because it’s so romantic.",neutral
20636,Joey,Well you’re whippin’ so slow! Can’t you do it any faster?,anger
20636,Rachel,Joey!,anger
20636,Rachel,Come on!,anger
20636,Rachel,"I don’t wanna make any mistakes, alright?",anger
20636,Rachel,"This is the only dessert and if I screw it up everybody's gonna be like “Oh, remember that Thanksgiving when Rachel screwed up the trifle?”",fear
20636,Rachel,"So why don’t you just let me worry about making the trifle and you just worry about eating it, alright?",neutral
20636,Joey,Oh I am!,joy
20636,Monica,"Ross, if you don’t tell them, then I will!",anger
20636,Ross,"Okay, fine!",anger
20636,Joey,Ross! Can I talk to you for a second?,neutral
20636,Ross,"Oh, uh, can it wait a second Joey? I have to tell my parents something. No it can’t? Okay.",neutral
20637,Monica,You are so cute! How did you get to be so cute?,joy
20637,Chandler,"Well, my Grandfather was Swedish and my Grandmother was actually a tiny little bunny.",joy
20637,Monica,"Okay, now you're even cuter!!",joy
20637,Chandler,Y'know that is a popular opinion today I must say.,neutral
20637,Monica,What?,surprise
20637,Chandler,"The weirdest thing happened at the coffee house, I think, I think Phoebe was hitting on me.",surprise
20637,Monica,What are you talking about?,surprise
20637,Chandler,I'm telling you I think Phoebe thinks I'm foxy.,joy
20637,Monica,That's not possible!,joy
20637,Chandler,Ow!,surprise
20637,Monica,"I'm sorry it's just, Phoebe just always thought you were, you were charming in a, in a sexless kind of way.",joy
20637,Chandler,"Oh, y'know I-I can't hear that enough.",anger
20637,Monica,"I'm sorry, I think that you just misunderstood her.",sadness
20637,Chandler,"No, I didn't misunderstand, okay? She was all over me! She touched my bicep for crying out loud!",anger
20637,Monica,This bicep?,surprise
20637,Chandler,Well it's not flexed right now!,anger
20638,Phoebe,It's Phoebe.,neutral
20638,Phoebe,"Umm, well I sorta have some bad news, can I come in?",sadness
20638,Phoebe,"Umm, well, umm Grandma died.",sadness
20638,Phoebe,"No, she just died today! Okay, umm, we're having a memorial service tomorrow.",sadness
20638,Phoebe,No you didn't!,joy
20638,Phoebe,"Well, lots of people! Look, are you coming to memorial service or not?",anger
20638,Phoebe,"Fine. Okay, enjoy your concert.",disgust
20639,Melissa,"anyway, his name is Allan and we’ve been going out for three years.",neutral
20639,Melissa,He was my first client when I became a party planner.,neutral
20639,Melissa,He was planning a party for his girlfriend at the time.,neutral
20639,Melissa,Oh well.,neutral
20639,Melissa,And he was Theta Beta Pi at Syracuse.,neutral
20639,Rachel,"Oh. Oh, that’s great!",joy
20640,Ben,Really? Like how?,surprise
20640,Rachel,"Well y’know, we would umm, repeat everything the other said, or uh, we’d jump out of closets to scare each other, or switch the sugar for the salt so they’d put salt on their cereal.",neutral
20640,Ben,That’s a good one.,joy
20640,Rachel,Yeah? You like that one?,surprise
20640,Ben,"Yeah, you’re funny.",joy
20640,Rachel,I’m funny?,surprise
20640,Rachel,Oh thank God!,joy
20640,Rachel,"Well hey, I’ve got a ton of these!",joy
20640,Rachel,"Umm, oh here—Do you want a good one?",neutral
20640,Rachel,"Umm, you uh, you take a quarter, take a quarter and, and you blacken the edge.",neutral
20640,Rachel,Right?,neutral
20640,Rachel,"And then you say to person, I bet you can’t roll this quarter from your forehead to your chin without it leaving your face.",neutral
20640,Rachel,"And then when they do it, they’re left with a big black pencil line right down the center of their face.",neutral
20640,Ben,Can I do it to you?,neutral
20640,Rachel,"Yeah, I-I-I-I’m funny Ben, but I’m not stupid. Okay?",joy
20641,Ross,Chloe? Hi..,neutral
20641,Chloe,Is this about me taking your watch?,sadness
20641,Ross,You took my watch?,surprise
20641,Chloe,"I’m sorry, I do that.",sadness
20641,Ross,"Just you keep it, listen did you, did you tell anyone about us?",sadness
20641,Chloe,"Oh no. I feel it isn’t really anybody’s business, y'know.",neutral
20642,Pete,"Oh, one other thing. Hoshi thinks that you being ringside may have affected my concentration.",neutral
20642,Monica,Yeah. That-that was the problem.,neutral
20642,Chandler,"Excuse me, Doug?  Hey there sports fan!!",joy
20642,Doug,Bing! You got those numbers for me?,joy
20643,Chip,So you still in touch with anyone from high school?,neutral
20643,Monica,"Umm. Well, there’s Rachel, and umm, I think that’s it. How bout you?",neutral
20643,Chip,"Oh yeah, I still hang with Simmons and Zana, y'know.",neutral
20643,Chip,I see Spindler a lot.,neutral
20643,Chip,"Devane, Kelly, and I run into Goldie from time to time.",neutral
20643,Chip,"Stick, Brown, Sulkov, McGuire, J.T., Beardsley.",neutral
20643,Monica,Is that all?,neutral
20643,Chip,"Ehh, y'know after high school, you just kinda lose touch. Oh yeah! I ran into Richard Dorfman.",joy
20643,Monica,"Ohh, how is he?",surprise
20643,Chip,"Not so good, Simmons and I gave him a wedgie.",neutral
20643,Monica,Isn’t he an architect now?,neutral
20643,Chip,"Yeah, they still wear underwear.",neutral
20644,Joey,So the Porsche guy took his car back.,neutral
20644,Chandler,But you found the keys to his clothes?,neutral
20644,Joey,"No. No, I just uh, I just loved the way it feels when everybody thinks I own a Porsche.",joy
20644,Monica,And people will think you own a Porsche because you’re wearing the clothes?,surprise
20645,Rachel,"Hey, Mon, I was just doing the dishes!",neutral
20645,Ross,Hey!,joy
20645,Rachel,Oh! It’s you.  Hi.,surprise
20646,Joey,What about me?! You-you just said I could!,anger
20646,Chandler,"I’m not even getting married! Okay, this is a question for science fiction writers!",neutral
20646,Joey,I can’t believe you’re not picking me.,anger
20646,Ross,"Hey, how can it",neutral
20646,Chandler,I’m not even… I’m not even,neutral
20646,Ross,"Fine, y’know what, that’s it. From now on, Joey, I want you to be my best man.",anger
20646,Joey,Yes!  Shame about you man.,joy
20647,Joey,Hey-hey! Stanley! Hey-hey! You're leading man is here! Let's get to work.,joy
20647,Stanley,"Umm, slight change of plans. We've shut down.",sadness
20647,Joey,Wh-what?! Why?!,surprise
20647,Stanley,"It's a money thing, we don't have any.",sadness
20647,Joey,You're kidding right?,surprise
20647,Stanley,No.,neutral
20647,Joey,What?!,surprise
20647,Stanley,"It-it's probably just temporary. We're hoping to get some more money soon, so if could just uh, hang out.",neutral
20647,Joey,"Uh, hang out?! How long?",sadness
20647,Stanley,I don't know.,neutral
20647,Stanley,A week?,anger
20647,Stanley,Maybe two?,neutral
20647,Stanley,The money will turn up!,neutral
20647,Stanley,People will always wanna invest in movies!,neutral
20647,Stanley,"Hey, you're not rich are ya?",neutral
20647,Joey,No!,anger
20647,Stanley,"Eh, worth a shot.  Look Joey, let me know where you're staying, okay?",neutral
20647,The Grip,"Hey pal, are you Joey Tribbiani?",neutral
20647,Joey,Yeah.,neutral
20647,The Grip,These got left for ya.,neutral
20647,Joey,Thanks.   Congratulations on your big break.,sadness
20648,Julie,"Rachel, do you have any muffins left?",neutral
20648,Rachel,"Yeah, I forget which ones.",neutral
20648,Julie,"Oh, you're busy, that's ok, I'll get it. Anybody else want one?",neutral
20649,Chandler,Hey.,neutral
20649,All,Hey!,joy
20649,Monica,So how was Joan?,neutral
20649,Chandler,I broke up with her.,neutral
20649,Ross,"Don’t tell me, because of the big nostril thing?",surprise
20649,Chandler,"They were huge. When she sneezed, bats flew out of them.",disgust
20649,Rachel,"Come on, they were not that huge.",neutral
20649,Chandler,"I'm tellin' you, she leaned back; I could see her brain.",disgust
20649,Monica,How many perfectly fine women are you gonna reject over the most superficial insignificant things?,surprise
20649,Joey,"Hold it, hold it.",neutral
20649,Joey,I gotta side with Chandler on this one.,neutral
20649,Joey,"When I first moved to the city, I went out a couple of times with this girl, really hot, great kisser, but she had the biggest Adam's apple.",disgust
20649,Joey,It made me nuts.,disgust
20649,Chandler,You or me?,neutral
20649,Ross,"I got it. Uh, Joey, women don't have Adam's apples.",neutral
20649,Joey,"You guys are messing with me, right?",surprise
20649,All,Yeah.,neutral
20649,Joey,"That was a good one. For a second there, I was like, ""whoa.""",joy
25800,Monica,I'm so excited for our vacation to Hawaii!,joy
25800,Rachel,I don't know if I can handle all those insects and snakes,fear
25706,Joey,"Oh no, oh no, oh no! What if the prom video is, like, super embarrassing?!",fear
25706,Monica,"Joey, calm down. It's just a video from high school. It's not a big deal.",neutral
25706,Chandler,"Yeah, and besides, what's the worst that could happen? Rachel trips on her dress or something?",neutral
25706,Phoebe,I'm more worried about how we're gonna fit all our hair in that tiny limo.,neutral
25706,Rachel,"Wait, what's going on?! Why are you all talking about my prom video?! Oh no, did you guys see it?!",surprise
25706,Monica,"Rachel, no, no one's seen it. We were just speculating about what it might be like.",fear
28690,Rachel,"Oh my god, have you seen Monica's hair?",fear
28690,Joey,"What's wrong with Monica's hair? It's just cornrows, calm down!",anger
28690,Chandler,"So, did you guys hear about the hotel we're staying at in Barbados?",neutral
28690,Monica,"Ugh, you guys are being so cruel! My hair is just trying something new.",disgust
28690,Phoebe,"Wait, did someone say Barbados? I've always wanted to go to Barbados!",surprise
28690,Ross,"You know, Monica, I think Joey has a point. Cornrows aren't the worst thing in the world.",anger
22274,Joey,"Guys, I'm freaking out. What if the bagpipes are too loud and they scare the guests?",fear
22274,Chandler,"Oh, come on Joey. It's just a little bagpipe noise. What's the worst that could happen?",neutral
22274,Monica,"I'm really upset about this whole bagpipe thing. I was looking forward to a beautiful, quiet ceremony.",sadness
22274,Rachel,"I know, Monica. I was really counting on it being a peaceful day. But I guess we can't control the bagpipes.",sadness
22274,Phoebe,"I'm actually really upset too. I was planning to sing a song at the ceremony, and now it's going to be drowned out by the bagpipes.",sadness
22274,Ross,"Well, let's just hope the bagpipes are worth it in the end. Maybe they'll add some excitement to the ceremony.",neutral
29291,Joey,"Guys, I'm really scared to start this new fitness program. I don't want to look like a total failure in front of Rachel.",fear
29291,Monica,"Oh, Joey, it's not that bad. I've been doing it for weeks, and I'm actually starting to see results.",neutral
29291,Chandler,"Yeah, and I've been joining Joey on his couch-to-5K runs. We're basically a fitness duo now.",joy
29291,Phoebe,"That's so cool, guys! I'm thinking of joining you. I've got a new yoga routine I want to try out.",joy
29291,Ross,"You're all a bunch of amateurs. I've been working out for months, and I'm still not seeing the results I want.",anger
29291,Monica,"Ross, come on, don't be so negative. We're all in this together. Let's support each other.",anger
24950,Monica,"Oh no, I'm so worried about our fitness goals. I've been eating so much pizza lately.",fear
24950,Rachel,What? What's wrong? Did you see the scale this morning?,surprise
24950,Monica,"Yes, I saw it. I'm like 5 pounds heavier than I was last week. I'm so disappointed in myself.",sadness
24950,Joey,"Hey, don't worry about it, Monica. You're still a fitness goddess. What's the big deal?",neutral
24950,Monica,"Thanks, Joey. You're always so optimistic. But I'm really struggling to get motivated. Has anyone else been having trouble sticking to their fitness goals?",joy
24950,Chandler,"Wait, what? You're worried about your fitness goals? But you're always doing those crazy workouts. I thought you were a fitness enthusiast.",surprise
24620,Monica,"Oh no, I'm so worried about what's going to happen at the nap partners episode tonight.",fear
24620,Rachel,"What's going on, Monica? Why are you freaking out?",anger
24620,Monica,I just got a bad feeling about this. I don't think Ross is ready to share his partner with another person.,surprise
24620,Joey,"Come on, Ross is a big boy, he can handle it. Besides, it's just a nap, not a marriage.",anger
24620,Chandler,"Yeah, and who knows, maybe Ross will finally get some decent sleep for once.",anger
24620,Monica,I guess you're right. Let's just focus on having a good time and not worrying too much.,neutral
29316,Monica,"Oh no, Phoebe's teaching Joey how to play the guitar? I'm so scared he's going to hurt himself!",fear
29316,Joey,"Ugh, Phoebe's going to make me sing like a cat in a blender. This is disgusting!",disgust
29316,Chandler,"Can we just get a refund? I mean, Phoebe's trying to teach Joey guitar? That's just anger-inducing!",anger
29316,Phoebe,Surprise! Joey's actually picking it up quickly! Who knew?,surprise
29316,Rachel,"Yay, Joey's rocking out! This is so joyful!",joy
29316,Ross,This is ridiculous! Phoebe's teaching Joey guitar? It's an abomination!,anger
29761,Rachel,"Oh my god, Phoebe, what's going on? You're really going to change your name to Princess Consuela Banana Hammock?",fear
29761,Phoebe,"Yeah, I'm thinking about it. I just feel like it's time for a change",fear
29761,Monica,"Well, I think it's an interesting choice, Phoebe. But are you sure you're ready for the paperwork involved?",neutral
29761,Chandler,"Yeah, and what about your acting career? Are you going to start getting typecast as 'the girl with the weird name'?",neutral
29761,Joey,"I don't know, guys. I kinda like it. It's definitely a conversation starter",neutral
29761,Ross,"Well, I think it's aninteresting choice, Phoebe. But hey, it's your name, do what you want",neutral
30334,Monica,"Oh my god, did Ross really just tell us about his 'unagi' defense technique?",fear
30334,Joey,"What's wrong with it? It's like, you know, a way to avoid conflict.",anger
30334,Chandler,Are you kidding me? It's a load of crap! Ross is just trying to get out of taking responsibility.,anger
30334,Phoebe,"I don't know, guys. Maybe Ross is onto something. I've used it before, and it works!",anger
30334,Rachel,"Ugh, Ross is such a hypocrite! He always says we should be honest, but now he's trying to avoid the truth.",anger
30334,Monica,And what's with the name 'unagi'? It sounds like some sort of fish. Disgusting!,disgust
24834,Joey,"Oh no, we're going to have to relive all those awful Thanksgivings!",fear
24834,Monica,"It'll be fun, I promise! We can laugh about all the crazy things we did.",joy
24834,Rachel,I'm so excited to see what kind of ridiculous outfits we wore back then.,joy
24834,Chandler,"Wait, did Ross actually wear that ridiculous turkey hat?",surprise
24834,Monica,"Oh yeah, he did! And we all thought it was hilarious at the time.",joy
24834,Phoebe,I'm just happy we're doing this. It's a great way to relive some old memories.,neutral
29256,Monica,"I'm so nervous about my first therapy session, I don't know what to expect!",fear
29256,Chandler,"Hey, don't worry, it's just a chat. You'll be fine.",neutral
29256,Rachel,"Oh my god, I just had the craziest therapy session! I never knew I was such a control freak!",surprise
29256,Joey,"Whoa, that's wild! I had a similar experience. I didn't realize I was so competitive!",surprise
29256,Phoebe,I knew it! I'm always saying that therapy is the way to go. Now we just need to get Monica to open up.,surprise
29256,Monica,You guys are all so supportive! I think I'm actually looking forward to my next session now.,joy
28604,Monica,"Oh my god, have you guys heard about Rachel's new habit?",fear
28604,Joey,"What's wrong with it? She's just trying to fit in at work, right?",anger
28604,Monica,Fit in? She's smoking like a chimney! What if she gets cancer?,anger
28604,Chandler,Could we please focus on the issue at hand? I'm tired of this drama.,anger
28604,Ross,"I don't know what to say. I've been trying to talk to her about it, but she just gets defensive.",anger
28604,Phoebe,"Wait, what? I thought Rachel was a non-smoker! This is crazy!",surprise
27706,Monica,"Oh no, what's going on? You're really going to leave me for good?",fear
27706,Rachel,"Monica, I'm just trying to figure out what I want to do with my life. This job offer is amazing, but it means I'll have to move to London.",anger
27706,Joey,"Hey, guys, what's going on? Can we talk about something else? I just got a new audition and I'm really excited.",neutral
27706,Monica,"Rachel, don't be ridiculous. You're giving up your career for a job in London? What about your friends, your family, your life here?",anger
27706,Rachel,"Monica, I know you're upset, but I have to do what's best for me. And this job is a huge opportunity.",anger
27706,Chandler,"You know, I think I'll just stay out of this one. But seriously, Rachel, if you're really considering this, I think we should all talk about it more.",anger
29760,Monica,"Oh no, what if we forget to pack our passports?",fear
29760,Rachel,I'm so worried about leaving Ross behind. He's always been my rock.,sadness
29760,Joey,"Ugh, why do we always have to plan so far in advance? Can't we just wing it?",anger
29760,Chandler,"Finally, we're going to a beach vacation! I've been dreaming about this for months.",joy
29760,Phoebe,"You know, I've been thinkingmaybe we should skip the hotel and just camp out in the woods.",neutral
29760,Ross,What if we get lost in the jungle? What if we encounter wild animals?,fear
24206,Joey,"Guys, I just got the craziest story from Chandler. He confessed something super awkward to me in the bathroom today.",fear
24206,Chandler,"What are you talking about, Joey? I didn't confess anything.",fear
24206,Monica,"Oh no, what did he confess? Tell us, Joey.",fear
24206,Joey,He told me he still uses his childhood rubber ducky in the bath! Can you believe it?,anger
24206,Chandler,That's not the point! You're just trying to embarrass me.,anger
24206,Rachel,"Wait, what? A rubber ducky? That's sounusual.",surprise
27169,Monica,"Oh my god, Phoebe's having triplets?! What are we going to do?",fear
27169,Rachel,"I know, it's crazy! But we'll figure it out. We'll help Phoebe, of course.",fear
27169,Joey,"Hey, don't worry about it. Phoebe's gonna be a great mom.",neutral
27169,Chandler,"Yeah, and we'll all be there to help her out.",neutral
27169,Monica,But what about the logistics? We need to start planning and organizing!,anger
27169,Ross,"Hey, back off, Monica! We'll figure it out. Phoebe's got this.",anger
27457,Joey,"Oh no, oh no, oh no! What's going on here?!",fear
27457,Chandler,"It's okay, Joey, it's just Monica and me talking.",neutral
27457,Monica,We were just discussing our feelings.,neutral
27457,Rachel,"Wait, what? You two are together?! That's insane!",surprise
27457,Joey,"Oh my god, this is huge! What about Ross?",fear
27457,Phoebe,"Hey, guys, can we just calm down and talk about this?",neutral
24914,Monica,"Oh no, Rachel's sisters are coming to visit?! That's terrifying!",fear
24914,Rachel,"What's wrong, Monica? They're just coming for a weekend.",surprise
24914,Monica,"Just a weekend?! With those two, it's going to feel like an eternity.",neutral
24914,Joey,"Whoa, Jill and Amy are coming? That's gonna be a wild ride!",surprise
24914,Chandler,"Yeah, because nothing says 'fun' like two more people who can't stop talking.",anger
24914,Chandler,And don't even get me started on Amy's gossiping. Ugh.,anger
28882,Joey,"Oh no, I just saw a rat in the coffee shop!",fear
28882,Chandler,What's the big deal? It's just a rat!,anger
28882,Monica,"You're being ridiculous, Chandler! Rats are disgusting!",anger
28882,Phoebe,"Wait, did you guys just see a rat? That's so cool! I've always wanted to see a rat in the wild!",surprise
28882,Rachel,"Okay, let's just calm down and focus on our coffee.",neutral
28882,Ross,"You know, I've always been fascinated by the mating habits of rats. Did you guys know they can mate with their siblings?",surprise
27653,Rachel,"I'm really stressed about my parents' expectations. They want me to get married and have kids, but I'm not ready.",fear
27653,Monica,"You're being ridiculous, Rachel. You're 30 years old, it's time to get your life together!",anger
27653,Rachel,"I know it sounds silly, but I'm really scared of disappointing them. They're always on my case about something.",fear
27653,Joey,"Hey, don't worry about it, Rach. You do you, and if they don't like it, they're not worth your time.",neutral
27653,Phoebe,"Wait, what's going on? Why are you guys talking about marriage and kids? Did someone get engaged or something?",surprise
27653,Rachel,"No, no, it's just my parents being their usual meddling selves. But thanks for the advice, guys.",neutral
23002,Monica,"Oh no, Ross just bought a new couch and it'sit'sugly!",fear
23002,Joey,What's wrong with it? It looks like a giant marshmallow!,anger
23002,Chandler,"Hey, hey, hey! It's not that bad. And it's actually really comfortable!",joy
23002,Rachel,"I know, right? Ross is so proud of himself. I'm just happy he's finally upgraded from that old futon!",joy
23002,Joey,But have you seen the price tag?! We could've bought a whole new apartment for that money!,anger
23002,Phoebe,"Surprise! Ross just said he's going to use the couch as a 'conversation starter'! I have no idea what that means, but it sounds weird.",surprise
29476,Rachel,"Oh my god, I'm totally freaking out! I just found out that Ryan Phillippe is single and I'm like, what do I do?! ",fear
29476,Monica,"Haha, Rach, you're so silly! But I have to admit, I've had a crush on George Clooney for ages! ",joy
29476,Phoebe,"Aww, guys, don't be so shallow. I had a crush on this guy, but he ended up being a total creepit was so sad.",sadness
29476,Joey,"What's wrong, Phoebe? You're always talking about these weird guys you date. Maybe we should set you up with Chandler, he's single now.",sadness
29476,Chandler,"Hey, hey, hey! I'm not single, I'm justbetween relationships. And no, Joey, I don't want to be set up with anyone, especially not Phoebe.",neutral
29476,Ross,"You know what, guys? I'm sick of all this celebrity crush nonsense. Can we talk about something else? Like, have you seen that new dinosaur documentary? It's amazing!",anger
30142,Joey,"I'm so scared, I just saw a snake in Monica's apartment!",fear
30142,Rachel,"Oh no, that's terrifying! I'm scared too, I don't like snakes.",fear
30142,Phoebe,"But don't worry, snakes are harmless! Well, mostly harmless. I mean, they're not as bad as spiders.",joy
30142,Monica,"You're right, Phoebe! And look, the snake is just trying to find its way out of the apartment. We should let it go.",joy
30142,Chandler,"I'm not sure if I can handle this. I mean, I've seen some weird things in this apartment, but a snake is a bit much.",sadness
30142,Ross,"Don't worry, guys. It's just a snake. Let's just let it go and move on. We have more important things to worry about.",neutral
22618,Monica,I'm so nervous about this blind date. What if it's a disaster?,fear
22618,Rachel,"Oh my god, I just saw the funniest meme on Instagram! It's going to make your day!",joy
22618,Ross,"Hey guys, I just saw the most hilarious video of a cat playing the piano. You have to see it!",joy
22618,Joey,"I know, right? I just saw it and I'm dying over here! Can we watch it again?",joy
22618,Chandler,You know what's not funny? When Phoebe tries to make a joke and it falls flat. That's just sad.,sadness
22618,Monica,"Okay, let's focus on the date. What are the chances it's going to be a total disaster?",neutral
26142,Joey,"Guys, have you seen the prom video Rachel and Monica made?",fear
26142,Chandler,"Yeah, I saw it last night. It's pretty funny.",neutral
26142,Joey,Funny? Are you kidding me? Rachel's wearing that stupid hairdo!,fear
26142,Monica,"Hey, that's my sister you're talking about, Joey! And she looks great.",neutral
26142,Rachel,"Thanks, Monica! I was really nervous about how it would turn out.",neutral
26142,Ross,"So, did you guys like the video?",neutral
27625,Joey,"Guys, have you seen Janice's latest post? She just showed up at Central Perk again.",fear
27625,Monica,What's the big deal? She's just being her usual eccentric self.,neutral
27625,Chandler,"Yeah, and she's got that annoying laugh. I swear, it's like nails on a chalkboard.",joy
27625,Rachel,I don't know why you guys are so worked up. Janice is just trying to make friends.,neutral
27625,Ross,"I'm telling you, it's a matter of when, not if, she shows up at our wedding.",fear
27625,Phoebe,"Dude, don't worry about it. We'll just have to be prepared for her to crash the party.",neutral
26928,Joey,"Phoebe, I don't know if I can do this. I'm really bad at music.",fear
26928,Phoebe,"Come on, Joey! You can't be that bad. I'll teach you some simple chords.",fear
26928,Joey,"Really? You think I can learn this? Oh, yeah! I'm gonna be a rockstar!",joy
26928,Monica,"Okay, guys, let's not get too excited. We don't want to disturb the neighbors.",neutral
26928,Rachel,"Yeah, Monica's right. We should keep it down.",neutral
26928,Chandler,"You know, I've always thought Joey would make a great singer.",neutral
25567,Monica,"Oh no, have you seen how much Joey's been eating lately?",fear
25567,Rachel,What's wrong with a little extra food? It's not like he's going to turn into a sandwich anytime soon!,anger
25567,Monica,"It's not just the food, it's the way he's always talking about it. It's like he's obsessed!",sadness
25567,Chandler,"Gross, Monica, you're making me nauseous just thinking about it. Joey's sandwich breath is the worst!",disgust
25567,Joey,"Hey, hey, hey! What's all the fuss about? I just love food, okay?! It's the best thing in life!",anger
25567,Monica,"Joey, you're not even listening to us! You're just going to keep eating and eating andandugh!",anger
25567,Joey,"Whoa, calm down Monica! I'm just going to go get another sandwich. You guys can come too, if you want!",anger
27596,Monica,"Oh no, I just found out that my celebrity crush, Ryan Phillippe, is going to be on The View today!",fear
27596,Rachel,"What's wrong, Monica? You're not going to freak out because you're going to see Ryan Phillippe, are you?",anger
27596,Joey,"Hey, guys, what's going on? Can we talk about something else? This is getting too intense.",neutral
27596,Monica,"No way, I'm going to see him! I've been practicing my 'I'm a normal person' face in the mirror.",anger
27596,Chandler,"You know, Monica, I've always had a thing for Jennifer Aniston. She's just sofeisty.",joy
27596,Phoebe,"Ugh, you guys are so shallow. Can't you think about something more meaningful than celebrity crushes?",anger
25939,Joey,"Oh no, Phoebe's freaking out! What's wrong, Phoebe?",fear
25939,Phoebe,"My dad is alive! He's been alive this whole time, and I had no idea!",joy
25939,Chandler,"Okay, let's not get too excited here. We don't know what this means yet.",neutral
25939,Monica,"I think we should be happy for Phoebe, don't you, Chandler?",neutral
25939,Phoebe,I'm so happy! I finally get to meet my dad!,joy
25939,Rachel,"Phoebe, are you sure this is a good idea? What if he's not who you think he is?",fear
23238,Monica,I'm so scared we'll get stuck in traffic on the way to the airport!,fear
23238,Rachel,What's the big deal? We'll just take a taxi like we always do!,anger
23238,Phoebe,"Oh, guys, I just got tickets to a concert in Paris! We can go on vacation and see my favorite band!",joy
23238,Joey,"Whoa, that sounds amazing! Can I come too? I've always wanted to try French food!",joy
23238,Chandler,I'm in. As long as we don't have to sit through Phoebe's singing at the Eiffel Tower.,joy
23238,Ross,"Guys, we're all in! Let's plan this trip already! We can make it a Friends reunion!",joy
26463,Monica,"Oh no, Rachel's got a crush on Tag! What are we going to do?",fear
26463,Joey,That's ridiculous! Tag's not even a good guy. He's a total player!,anger
26463,Chandler,"Well, I guess it's not like she's going to go out with him or anything. She's got better taste than that.",neutral
26463,Phoebe,Rachel's so sad about it. She thinks she's not good enough for him. I'm going to have to play matchmaker!,sadness
26463,Ross,Poor Rachel. She's always been a bit of a hopeless romantic. I'm worried she's going to get hurt.,sadness
26463,Monica,And I'm worried about her getting her heart broken. She's already so down about it.,sadness
29169,Joey,"Guys, I just got a call from my agent. I'm going to be in a commercial for 'Ichiban' lipstick for men!",fear
29169,Chandler,"That's not a thing, Joey. Men don't wear lipstick.",neutral
29169,Joey,"What? Of course, they do! I've seen it in the magazines. It's a thing, Chandler!",surprise
29169,Monica,"Joey, are you sure this is a good idea? You're a guy, for crying out loud! Men don't wear makeup!",anger
29169,Joey,"Hey, I can do it! I'm an actor, aren't I? And besides, I think it's a great opportunity. I'll be a trailblazer for men's lipstick!",anger
29169,Ross,"Joey, you're not even a good makeup artist. What makes you think you can be a spokesperson for a cosmetics company?",anger
29169,Joey,"Oh, shut up, Ross! You're just jealous because you've never had to deal with a real challenge in your life. I'm going to crush it in this commercial!",anger
22510,Joey,"Oh my god, are they really going to adopt a kid? I'm freaking out!",fear
22510,Chandler,"Hey, we've been over this, we're going to be great parents. Monica's been preparing for this for months.",fear
22510,Monica,"I've been reading all these parenting books, and I think we're ready. We just need to get through the home inspection.",neutral
22510,Rachel,That's so exciting! I'm going to be an aunt! Can I help with the baby's nursery?,joy
22510,Ross,I'm going to miss my best friend's old life. This is a big change.,sadness
22510,Phoebe,"You're all just jealous because you're not as cool as me. I've been a parent for years, and I'm still rocking it.",anger
28985,Monica,"Oh my god, what's going on with Chandler?",fear
28985,Joey,"I don't know, but it looks like he's having some kind of freakout",fear
28985,Chandler,"You're all just sitting there judging me, aren't you?! I knew it!",anger
28985,Rachel,"Chandler, what's wrong? Why are you so upset?",anger
28985,Ross,"Maybe we can calm him down, Rachel. Let's just talk about it",anger
28985,Monica,"Ross, don't try to fix it! Just let him have his moment",anger
28402,Monica,"Oh no, I just got a notice from the landlord saying we have to fix the leaky faucet in the kitchen!",fear
28402,Joey,What's the big deal? It's just a little water!,fear
28402,Rachel,That's not the point! It's a health hazard and we could get fined!,anger
28402,Chandler,"Could we get fined? Could we? I mean, I'm not sure I'd be devastated if we did.",anger
28402,Phoebe,"Wait, I just had the best idea! We can fix it and then have a party to celebrate!",joy
28402,Ross,Are you kidding me? This is not a joke! We need to get it fixed before the landlord shows up!,anger
28314,Rachel,"Oh no, I'm so scared, what am I going to do without you?",fear
28314,Monica,"Rachel, stop being so dramatic! You're just going through a rough patch. You can't let him break your heart.",anger
28314,Rachel,But we were so happy together! I never thought it would end like this.,joy
28314,Joey,"Dude, girls are so high maintenance. You're better off without him. Now let's go get some cheesecake!",anger
28314,Chandler,"Actually, I think Rachel's got a point. You guys were really happy. Maybe we should've seen this coming.",joy
28314,Phoebe,"Guys, can we please just focus on the good times we had? Let's make a 'Best Of' list for their relationship.",joy
28314,Monica,"That's a great idea, Phoebe! We can make it a fun way to move on.",joy
30120,Joey,"What's going on? Why are you so upset, Ross?",fear
30120,Ross,That's my sandwich! Someone stole my sandwich! I'm going to kill them!,anger
30120,Monica,"Ross, calm down, it's just a sandwich",anger
30120,Rachel,"Ross, maybe you should just let it go. It's not worth the stress",sadness
30120,Chandler,I'm just going to go get another sandwich. Anyone want to come with me?,sadness
30120,Phoebe,"So, did anyone see who took the sandwich?",neutral
29710,Monica,"Oh no, Ross is buying a new couch? What's going on?",fear
29710,Rachel,"I know, I heard him talking to the furniture guy. He's going all out this time.",fear
29710,Joey,"Whoa, that couch is huge! And it's, like, super comfy! I'm going to take a nap on it right now.",joy
29710,Chandler,"So, Ross, how much did this 'pivotal' couch cost? I hope it was worth it.",neutral
29710,Phoebe,"Wait, did Ross just say he's pivoting his entire life around this couch?",surprise
29710,Monica,I think we should just let Ross have his moment. It's not like we're going to move out or anything.,neutral
23932,Monica,"Oh no, I just got out of a really bad date. I'm so scared I'll never find someone.",fear
23932,Rachel,"I know how you feel, Monica. I've been on some terrible dates too. Maybe we can try online dating again?",fear
23932,Joey,"Hey, don't worry about it. You'll find someone. And if not, there's always me.",neutral
23932,Phoebe,"I just met the most amazing guy at the coffee shop! He's a masseuse, and he's got this great energy.",joy
23932,Chandler,"Wait, did you say he's a masseuse? That's weird. What's he like?",surprise
23932,Phoebe,"Oh, he's great! And he's got this funny accent too. You guys should come over for dinner and meet him.",surprise
30173,Monica,"Oh my god, have you guys heard? Rachel and Ross are getting married with bagpipes!",fear
30173,Joey,"Whoa, that's crazy! I love bagpipes!",surprise
30173,Chandler,"Yeah, because nothing says 'romantic' like a bunch of screaming bagpipes.",neutral
30173,Monica,"Come on, Chandler, it's going to be beautiful! And we have to make sure everything is perfect.",anger
30173,Rachel,"Guys, stop worrying! It's just a little bagpipe music. We're going to have a great time.",joy
30173,Ross,"Yeah, and I'm really looking forward to seeing my friends dance to the bagpipe rendition of 'I Will Always Love You'.",joy
29494,Monica,"Oh no, Joey's eating all the food again! I'm starving!",fear
29494,Chandler,"Hey, what's the big deal? It's just a little food.",neutral
29494,Rachel,"I know, right? I'm always the one who ends up going to the kitchen and getting the leftovers.",neutral
29494,Phoebe,"Yay! I love food! Can I have some of your pizza, Joey?",joy
29494,Joey,"Uh, no way. I'm not sharing. You can just get your own food.",fear
29494,Monica,"Joey, come on! We're all hungry. Share and share alike!",fear
29494,Chandler,"Yeah, Joey, don't be a pig. Literally.",fear
28879,Joey,"Phoebe's going to teach me guitar? I'm freaking out, I've never played an instrument before!",fear
28879,Joey,What if I'm terrible? What if I break the strings? What if I hurt myself?,fear
28879,Monica,"Hey guys, what's going on? Why is Joey so anxious?",neutral
28879,Chandler,"Oh, Joey's just worried about Phoebe's teaching skillsor lack thereof",neutral
28879,Phoebe,"Whoa, surprise! Joey's actually trying to play a chord!",surprise
28879,Joey,How dare you! I'm a natural! You're just jealous because you can't play either!,anger
22625,Monica,I'm so nervous about our trip to London. What if we get lost?,fear
22625,Rachel,"Don't worry, Monica. We'll have a map and a guide. We'll be fine.",fear
22625,Joey,"Wait, what's that? Is that a plane flying overhead?",surprise
22625,Chandler,"Ha! Yeah, it's just the plane taking off. You're so jumpy today, Joey.",joy
22625,Phoebe,"Oh my god, did you guys hear about the London Bridge being sold to an American oil company?",surprise
22625,Ross,That's actually kind of interesting. I didn't know that.,neutral
23713,Rachel,"Oh my god, have you guys seen the schedule for the wedding?",fear
23713,Monica,What's wrong? Why are you freaking out?,neutral
23713,Rachel,"It's just that I don't think I'm ready for this. I mean, we're not even sure if we're going to be invited yet.",fear
23713,Joey,"Hey, hey, hey! It's going to be fine, Rach. We'll all be there. And even if we're not, it's just a wedding.",joy
23713,Chandler,"Yeah, and it's not like it's a big deal or anything. I mean, it's just a party.",neutral
23713,Phoebe,I'm so excited! I've been practicing my 'I do's' for weeks!,joy
30223,Joey,"Oh no, Chandler's going to make a dog-owning joke again, isn't he?",fear
30223,Chandler,"Hey, dogs are great! Who doesn't love a good slobber-fest?",joy
30223,Monica,"Aww, come on Chandler, you're not serious, are you?",joy
30223,Chandler,Of course I'm serious! I've been practicing my 'who's a good boy?' face,surprise
30223,Rachel,"Oh, Chandler, that's adorable!",joy
30223,Phoebe,I'm just going to go cry in the corner because I love dogs and Chandler's being ridiculous,sadness
23254,Joey,"Dude, have you seen Ross? He's freaking out about something.",fear
23254,Chandler,"Yeah, I saw him. He's been searching everywhere for that stupid sandwich.",fear
23254,Monica,"Ugh, that's disgusting! Who would steal someone's sandwich?",disgust
23254,Rachel,"I don't know, but Ross is really upset. He's been going crazy trying to find it.",fear
23254,Ross,"You guys don't understand. That sandwich was my lunch, my whole day, my sanity!",fear
23254,Phoebe,"Hey, guys, let's just calm down. It's just a sandwich, Ross.",neutral
24551,Monica,"Oh no, oh no, oh no! We're going to get audited and lose everything!",fear
24551,Rachel,"What's wrong, Monica?",fear
24551,Chandler,"Guys, we just won the lottery! We're set for life!",surprise
24551,Joey,"Yeah, let's just enjoy the ride and not worry about the taxes.",neutral
24551,Phoebe,"Wait, did someone just say we won the lottery? Is this real life?",surprise
24551,Ross,"Okay, let's not get too excited. We need to talk about the logistics.",neutral
23868,Monica,"Oh no, Phoebe, what are we going to do? Those triplets are going to be so much work!",fear
23868,Phoebe,"I know, I'm freaking out too, but we'll figure it out. We always do.",fear
23868,Rachel,"I'm so sorry, Phoebe. This must be really tough for you. You're going to be an amazing mom, though.",sadness
23868,Joey,"Whoa, did you hear that? Phoebe's having triplets! This is gonna be crazy!",surprise
23868,Chandler,"Well, at least you won't have to worry about getting bored. You'll always have three babies to keep you company.",neutral
23868,Ross,"I think we should get Phoebe a baby book or something. You know, for keeping track of all those little ones.",neutral
26971,Monica,"Oh my god, have you guys heard about Rachel and Joey's brief relationship?",fear
26971,Chandler,"Ugh, don't even get me started. I'm still trying to process how that even happened.",disgust
26971,Phoebe,"Aww, I'm really sad to hear that. They're both such great people, and I thought they deserved better.",sadness
26971,Ross,"Well, it's not like it was a big deal or anything. It was just a little fling.",neutral
26971,Joey,"Hey, we had some great times! And who knows, maybe it would've worked out if we hadn't gotten caught up in the moment.",joy
26971,Rachel,"Wait, what? You're telling me you had feelings for me? I had no idea!",surprise
26039,Monica,"Rachel, what's going on? You're always late, but this is ridiculous. You're going to miss the baby shower!",fear
26039,Rachel,"Oh, Monica, I'm so sorry. I had a flat tire on the way here, and then I got stuck in traffic. But don't worry, the baby is fine. I'm just running a little behind.",joy
26039,Joey,"Hey, hey, hey! Let's not worry about it, guys. We're all just happy to be here, right?",neutral
26039,Monica,"I'm just worried about Rachel, that's all. She's having a hard time with the pregnancy.",joy
26039,Chandler,"Rachel, you're not going to, like, pop or something, are you? Because that would bequite the party.",anger
26039,Rachel,"Chandler, that's not funny! And Monica, stop worrying so much. I'm fine, really.",anger
28770,Phoebe,"Oh my god, I just found out my father isis*gulp*alive!",fear
28770,Monica,What? How did you find out? Is it true?,fear
28770,Phoebe,I was looking through some old records and I saw his name listed as my father. I couldn't believe it!,surprise
28770,Rachel,That's amazing! What are you going to do now?,joy
28770,Joey,"Yeah, and we have to celebrate! I'll order some pizza!",joy
28770,Chandler,And maybe we can even get Phoebe to sing a song about it!,joy
28770,Phoebe,"Oh, I'd love that! And maybe I can even find my father and meet him for the first time.",joy
25297,Monica,"I'm really worried about finding a new job. I've been applying everywhere, but nobody seems to want to hire me.",fear
25297,Rachel,"I know how you feel, Monica. I've been struggling to find a job that fits my skills too. It's frustrating!",fear
25297,Joey,"Come on, guys! You're both being ridiculous. I've been doing okay with my acting career, and you can too!",anger
25297,Chandler,"Wait, what's this I hear? Joey's acting career is going well? That's a shock!",surprise
25297,Phoebe,"Yeah, I've been trying to convince him to join my massage therapy business instead, but he's stubborn.",surprise
25297,Ross,"I think we're getting a bit sidetracked here. Monica, have you considered freelancing or starting your own business?",neutral
29172,Monica,"Oh no, have you guys seen the baby name list we got from the doctor? I'm freaking out!",fear
29172,Rachel,"Uh, yeah, I saw it. It's got some pretty weird names on it.",neutral
29172,Ross,"Wait, what's wrong with the names? I think 'Benedict' is a great choice!",surprise
29172,Monica,"Are you kidding me, Ross? Benedict? That's like naming a kid after a saint or something!",joy
29172,Joey,"Hey, I think 'Benedict' is a great name! I mean, it's got a certainje ne sais quoi.",surprise
29172,Chandler,"Oh, come on, Joey, don't be ridiculous. 'Benedict' is a terrible name. Can we just pick something normal, likelike 'Timmy'?",surprise
28004,Monica,"Guys, have you noticed how much coffee I've been drinking lately?",fear
28004,Joey,What's the big deal? It's just coffee.,neutral
28004,Monica,I'm worried about my caffeine intake. I don't want to end up like Phoebe's mom.,fear
28004,Chandler,"Wait, Phoebe's mom is addicted to coffee? I had no idea!",surprise
28004,Phoebe,"Yeah, and now I'm worried too. I didn't realize I was drinking that much.",surprise
28004,Rachel,I think we're all just a little worried about our coffee habits.,neutral
23648,Monica,"Oh no, have you seen the seating chart for the wedding?",fear
23648,Rachel,What's wrong? It's just a few tables.,joy
23648,Phoebe,"Wait, what's with the bagpipes? Are they for real?",surprise
23648,Joey,"Yeah, Ross got a Scottish friend who's playing them.",surprise
23648,Chandler,This is going to be a long wedding.,surprise
23648,Monica,At least the food will be good.,joy
24102,Monica,"Oh no, we're going to have to move to a new apartment because our lease is up!",fear
24102,Joey,What's the big deal? We'll just find a new place. It's not like it's the end of the world!,anger
24102,Chandler,"Yeah, and what's with the drama, Monica? It's just an apartment.",anger
24102,Rachel,"I don't know, guys. I'm really attached to our current apartment. It's been our home for so long.",anger
24102,Phoebe,"I'm just happy to be moving, no matter what. I'm so sick of this place!",anger
24102,Ross,"Alright, let's just take a deep breath and focus on the positives. We'll find a great new place, and this will be a great opportunity for us to start fresh.",neutral
27878,Joey,"Oh man, I'm so nervous about my audition for that new TV show. I don't know if I can do it.",fear
27878,Chandler,"Yeah, I can totally relate. I'm going crazy thinking about my own job interview. What if I mess up?",fear
27878,Monica,"Guys, you're both being ridiculous. It's just an audition, it's not a big deal.",neutral
27878,Rachel,I agree with Monica. You both need to calm down. It's not like it's the end of the world if you don't get the part.,neutral
27878,Ross,Ha! You guys are so competitive. Remember when I got a promotion at the museum and you both freaked out?,joy
27878,Phoebe,Oh yeah! And then we all went out and celebrated with drinks and stories about our own sibling rivalry. Good times!,joy
24793,Monica,"Guys, I'm really nervous about my upcoming therapy sessions. What if I say something stupid?",fear
24793,Rachel,"Oh, Monica, you'll be fine! You're always so put together. Plus, we're all here for you.",joy
24793,Joey,"Yeah, and who knows, you might even learn some new things about yourself.",neutral
24793,Monica,"I don't know, guys. I'm just really worried about what my therapist will think of me. What if I'm not normal?",fear
24793,Chandler,"Monica, you're normal. You're just a littlehigh-strung.",neutral
24793,Phoebe,"Hey, Monica! I had the best therapy session last week! My therapist told me I'm a 'free spirit'!",joy
23937,Monica,"Guys, I had the craziest dream last night. I was sleeping with Chandler and he was snoring so loudly I was terrified!",fear
23937,Rachel,"Ugh, that's disgusting! I don't want to think about it.",disgust
23937,Joey,"Gross! Monica, why would you even have a nap with Chandler? He's like a slob!",disgust
23937,Phoebe,"Wait, what? You two were having a nap together? That's insane!",surprise
23937,Ross,"Haha, this is great! I always knew Chandler was a little weird. Did you guys at least have a nice nap?",joy
23937,Chandler,"Hey, what's going on? Why's everyone staring at me?",surprise
22714,Chandler,"Guys, have you seen that guy who runs around the apartment complex without a shirt on?",fear
22714,Monica,"Ugh, don't remind me. I saw him last week and almost had a heart attack.",sadness
22714,Chandler,"Yeah, I know, right? I'm surprised we haven't seen him on the cover of the New York Post yet.",fear
22714,Phoebe,"Hey, I saw him yesterday and I'm pretty sure he waved at me!",joy
22714,Rachel,That's so weird. I'm just going to pretend I didn't see him.,neutral
22714,Joey,"I know, right? I'm just going to enjoy the show.",neutral
24651,Monica,"Guys, I have the worst feeling about Rachel and Joey's relationship. It's going to end badly, mark my words.",fear
24651,Chandler,"Aww, come on Monica. Rachel and Joey are happy. Don't be such a worrywart.",neutral
24651,Joey,"Hey, hey, hey. We're really happy, Rach and I. Don't listen to Monica's doom and gloom.",neutral
24651,Rachel,"I know, I know. It's not going to last. I can feel it. Joey's already getting too clingy.",sadness
24651,Phoebe,"Rachel, honey, you're being dramatic. Joey's a great guy. Just relax.",sadness
24651,Monica,I told you so. It's already falling apart. They're fighting all the time.,sadness
25092,Joey,"Guys, I'm freaking out. I just found out that if we split the cost of lottery tickets, we can each buy a bunch more.",fear
25092,Chandler,What's there to be afraid of? It's just a stupid lottery ticket.,anger
25092,Monica,"I don't know, Chandler. I'm not comfortable with the idea of spending our money like this.",anger
25092,Rachel,I don't see what the big deal is. We're all in this together.,anger
25092,Phoebe,"Okay, let's not fight about it. Can we just talk about the pros and cons?",neutral
25092,Ross,"Wait, did you guys hear about the couple that won the lottery last week? We could be that couple!",joy
29051,Monica,"Guys, I saw Ugly Naked Guy again today. I'm freaking out!",fear
29051,Rachel,"What?! Why are you so scared? He's just a weird guy, Monica!",anger
29051,Monica,"You wouldn't understand. I saw him walking down the street, and I almost vomited. I just can't believe this is happening again.",sadness
29051,Chandler,"Oh, come on, Monica. It's not that bad. We've seen worse, right? Like that time Joey ate a whole pizza by himself.",sadness
29051,Phoebe,"Wait, what's going on? What's all the fuss about?",surprise
29051,Joey,"Ew, Ugly Naked Guy? That's disgusting! How can someone live like that?",disgust
25874,Monica,"Oh my god, I just had the weirdest dream! I was at prom and Ross was making a total fool of himself in front of everyone!",fear
25874,Chandler,"Ha! Ross, making a fool of himself? That's like saying 'it's a nice day outside'! You know, Monica, you're just mad because you didn't get asked to prom.",anger
25874,Monica,"That's not fair, Chandler! I did get asked to prom, by Rachel's cousin, and it was a total disaster!",anger
25874,Joey,"Ugh, prom is just gross. Remember when I spilled that nacho cheese all over my tuxedo?",disgust
25874,Phoebe,"Wait, did someone say prom video? Can we watch it? I've always wanted to see Ross's infamous'smelly cat' performance!",surprise
25874,Rachel,"Okay, let's just calm down and have a look. It's just a video, guys.",neutral
23352,Rachel,"Oh my god, I'm so scared. What if we don't have any holiday memories to look back on this year?",fear
23352,Monica,"Rachel, don't worry. We'll make some new memories, I promise. We can plan a trip or something.",neutral
23352,Rachel,But what if we get stuck in some crazy traffic or something? I don't know if I can handle it.,fear
23352,Monica,"Okay, okay. We'll make a plan and stick to it. No traffic will ruin our holiday memories.",neutral
23352,Joey,"Hey, hey! I just got a great idea! Let's have a holiday party and invite all our friends! It'll be so much fun!",joy
23352,Chandler,"Oh, great idea, Joey. Because nothing says 'holiday memories' like a bunch of hungover people singing 'Jingle Bell Rock' off-key.",anger
23352,Monica,"Oh, come on, Chandler! It'll be fun! We can make some holiday cookies and play some games.",joy
23352,Rachel,"Ooh, I love holiday cookies! And games! This is going to be the best holiday season ever!",joy
23352,Chandler,"Fine, fine. But if we have to listen to one more rendition of 'All I Want for Christmas Is You', I'm leaving.",anger
23352,Monica,"Don't worry, Chandler. We'll make sure to play some of your favorite holiday tunes.",joy
29619,Monica,"Oh no, remember that time I spilled coffee all over my new white shirt at the coffee shop?",fear
29619,Rachel,"Uh, yeah, that was pretty mortifying. I think I felt more sorry for you than embarrassed",sadness
29619,Ross,You're both forgetting about the time I got caught wearing a 'Mac and C.H.E.E.S.E.' t-shirt to a fancy dinner,anger
29619,Joey,"Hey, hey, hey, let's not forget about the time I accidentally superglued my shoes to the floor during a audition",neutral
29619,Chandler,"Okay, okay, but have you guys ever seen Monica's 'I'm a little tea pot' dance?",joy
29619,Phoebe,"Oh, yeah, and don't forget about the time Joey tried to impress a girl by pretending to be a doctor!",joy
27402,Joey,"Whoa, Monica's making candy for the neighbors? That's crazy!",fear
27402,Monica,"What's wrong, Joey? It's just a little something to bring some joy to our neighbors.",sadness
27402,Rachel,"Oh, poor Monica. She's always putting others before herself.",sadness
27402,Chandler,"Yeah, and she's going to end up with a kitchen full of sticky candy and a bunch of cranky neighbors.",sadness
27402,Phoebe,"Wait, what's that noise? Sounds likea sugar rush!",surprise
27402,Monica,"Ah, it's just the candy melting. I think I might have gotten a little carried away.",neutral
22754,Monica,"Oh my god, did you guys hear about Joey's new hand twin in Las Vegas?",fear
22754,Rachel,What's going on? Who is this hand twin?,neutral
22754,Chandler,"I don't know, but I'm sure it's some kind of scam.",neutral
22754,Monica,What if it's real? What if Joey's lost his mind?,fear
22754,Joey,"Hey, hey, it's real, I swear! And I'm making a fortune off it.",neutral
22754,Phoebe,"Well, I guess it's a unique business opportunity.",neutral
26426,Monica,"Oh no, I just remembered I forgot to buy the turkey!",fear
26426,Rachel,What?! How could you forget something so important?,surprise
26426,Chandler,"Well, at least it's not as bad as the time Ross tried to cook a turkey on the grill",surprise
26426,Joey,"That's not funny, Chandler! This is a disaster!",anger
26426,Joey,"Monica, how could you be so irresponsible?",anger
26426,Monica,"Hey, I'm just as upset as you are! This is a nightmare!",anger
24022,Chandler,Monica's obsession with cleanliness is starting to freak me out.,fear
24022,Monica,"What's wrong, Chandler? I'm just trying to keep our apartment clean!",joy
24022,Joey,"Yeah, Monica's got some crazy cleaning habits. I love it!",joy
24022,Rachel,"Wait, what's that weird smell coming from the bathroom? Is Monica cleaning in there?",surprise
24022,Phoebe,I think it's just the new air freshener she got. She's obsessed with it.,neutral
24022,Ross,"You know, Monica, sometimes I think your obsession with cleanliness is just a way to avoid dealing with your emotions.",anger
23497,Monica,"Oh my god, have you guys seen the guest list for Rachel's wedding?",fear
23497,Joey,What's wrong? Why are you freaking out?,fear
23497,Monica,"I don't know, it's just that there are so many people invited, and the venue is so smallI'm worried it's going to be a disaster",sadness
23497,Chandler,"Ew, have you seen the catering menu? They're serving 'bruschetta'ugh",disgust
23497,Phoebe,"Oh, come on, Chandler, it's just a little appetizer",disgust
23497,Monica,I think we need to focus on the bigger picture herelet's try to stay positive,neutral
28935,Joey,"Oh my god, have you guys seen that guy walking around in his birthday suit?",fear
28935,Chandler,Ha! Ugly Naked Guy strikes again! I love it.,joy
28935,Monica,"Ew, I don't think that's funny, Chandler. It's creepy.",joy
28935,Phoebe,"Wait, what's going on? Did someone just flash the whole coffee shop?",surprise
28935,Rachel,"Oh my god, I'm dying over here! This is the most ridiculous thing I've ever seen.",joy
28935,Ross,"I know, right? I've never seen anything like it. I'm just glad I wasn't the one who saw it first.",joy
23130,Monica,"Oh my god, Ross is using 'unagi' defense technique again!",fear
23130,Chandler,"Yeah, and it's going to get him into trouble, mark my words.",fear
23130,Joey,"Hey guys, what's going on? Did someone say 'unagi'?",neutral
23130,Phoebe,"Oh, yeah! I heard Ross is using it to get out of buying us dinner.",neutral
23130,Rachel,"Ugh, that's so cheap, Ross! Why can't he just admit he's wrong?",anger
23130,Monica,"And now the waiter is coming! Ross, you're going to get caught!",surprise
29220,Monica,The cheesecake is on the floor.,fear
29220,Ross,"Oh no, it's ruined!",fear
29220,Joey,"We can still eat it, it's just a little messy!",joy
29220,Rachel,I don't know if I want to eat it now.,neutral
29220,Chandler,"It's still cheesecake, let's just clean it up.",neutral
29220,Phoebe,"Yeah, I don't think that's a good idea.",neutral
27912,Monica,"Guys, I'm freaking out! I just found out that David Beckham is going to be on the new season of Baywatch!",fear
27912,Rachel,"Aww, don't worry Monica! You're going to be so excited to see him! I have a crush on Ryan Phillippe, have you seen him in Cruel Intentions?",joy
27912,Monica,"Ugh, Rachel, you're not helping! I'm already having trouble sleeping because of David Beckham's dreamy eyes",fear
27912,Joey,"Hey, hey, hey! Let's not forget about Matt LeBlanc! I mean, have you seen him in those early seasons of 'Joey'?",joy
27912,Chandler,"Ugh, guys, can we please focus on something else? This celebrity crush talk is getting old.",neutral
27912,Monica,"Aww, come on Chandler! It's fun! And speaking of fun, I just found out that David Beckham is going to be at the new coffee shop in town! Who's up for a coffee date?",joy
23125,Rachel,"I'm so nervous about this blind date, what if it's a total disaster?",fear
23125,Monica,"Don't worry, Rach, it's just a date. You'll be fine.",neutral
23125,Joey,"Yeah, and if it doesn't work out, we'll just grab some pizza and laugh about it!",joy
23125,Chandler,"Ugh, blind dates are the worst. Can't we just go to a bar and pick up someone ourselves?",anger
23125,Phoebe,"Whoa, did you guys hear that? The date just walked in with a pet monkey!",surprise
23125,Rachel,"Oh my god, this is insane! But I think I'm actually having fun.",joy
28445,Rachel,"Guys, I have a bad feeling about this.",fear
28445,Phoebe,"What's wrong, Rach?",fear
28445,Monica,"Hey, what's going on? Can we just calm down?",neutral
28445,Chandler,"Yeah, let's just take a deep breath.",neutral
28445,Joey,What's going on? What's wrong?,fear
28445,Rachel,"Joey, we have to tell you something.",fear
29826,Rachel,"I'm so nervous about this, what if we mess everything up?",fear
29826,Monica,"We've been preparing for this for months, we'll be fine.",neutral
29826,Joey,"You're both crazy, you're adopting kids, not buying a new pair of shoes!",anger
29826,Chandler,"Oh, great, now Joey's an expert on adoption.",fear
29826,Joey,"Hey, I'm just saying, it's a big responsibility!",anger
29826,Phoebe,"Guys, can we just focus on the positive? We're going to make amazing parents.",neutral
25913,Chandler,"Oh man, I'm so scared that Joey's going to pull off the ultimate prank on me.",fear
25913,Chandler,"I mean, the guy's a master of messing with people.",fear
25913,Monica,"Hey guys, what's going on? Why's everyone so tense?",neutral
25913,Joey,You're just mad because you know I'm planning something huge.,anger
25913,Joey,"You're going down, Chandler!",anger
25913,Joey,And don't even get me started on your stupid 'Could I BE any more?' catchphrase.,anger
24803,Monica,"Oh no, it's New Year's Eve and we still haven't made any resolutions.",fear
24803,Rachel,"I'm really disappointed, I was hoping we could all start fresh together.",sadness
24803,Joey,"Whoa, wait a minute! I just had the craziest idea! We should resolve to eat one healthy meal a day!",surprise
24803,Chandler,"That's ridiculous, Joey. We're not going to become health nuts just because the calendar flips.",anger
24803,Phoebe,"Oh, come on guys! It's just a fun challenge. And I have an idea for a new business venture!",surprise
24803,Ross,"That's amazing, Phoebe! And I have a resolution to finally get my paleontology career off the ground.",joy
22877,Rachel,"Oh my god, did you hear about Joey's hernia? I'm so worried about him!",fear
22877,Monica,"I know, it's terrible! I'm scared too. What if it's serious?",fear
22877,Chandler,Gross! Hernias are somessy. I don't want to think about it.,disgust
22877,Ross,"That's ridiculous! Joey's a big boy, he can handle it. We should all go support him!",anger
22877,Joey,"Hey, hey, guys. Thanks for worrying about me. I'll be fine, really.",neutral
22877,Monica,"Okay, okay. We're just glad you're going to be okay. Let's focus on supporting you.",neutral
27707,Joey,"Guys, I just set the kitchen on fire again",fear
27707,Chandler,"What did you do now, Joey?",anger
27707,Monica,"Joey, how many times do I have to tell you to read the recipe?",anger
27707,Rachel,I'm so tired of cleaning up after your cooking disasters,anger
27707,Phoebe,"Okay, let's just calm down and order some pizza",neutral
27707,Ross,I'm starting to think Joey's cooking is a form of psychological warfare,fear
24654,Monica,"Oh my god, have you seen Ugly Naked Guy walking around the building again?",fear
24654,Rachel,"What? No, I haven't. Why are you always so freaked out about him?",sadness
24654,Monica,"Because he's just sougly. And naked. It's like, what's he even doing?",sadness
24654,Joey,"Gross, Monica. That's disgusting. I'm gonna go grab a sandwich, I need some lunch.",disgust
24654,Chandler,"You know, I've seen him around. And I have to say, it's not as bad as everyone makes it out to be. I mean, he's just a guy.",anger
24654,Phoebe,"Hey, guys, can we please just focus on something else? This conversation is getting weird.",neutral
25433,Joey,"Oh no, we're gonna be late for the party!",fear
25433,Chandler,"Come on, it's just a party, we'll be fine!",joy
25433,Monica,"I'm just trying to get everyone's bags packed, let's focus.",neutral
25433,Ross,"Wait, what's that noise? Sounds like a fire alarm!",surprise
25433,Rachel,"That's it, I've had enough of this chaos! You're all a bunch of incompetent fools!",anger
25433,Monica,"Rachel, stop yelling! We're all trying our best here!",anger
21796,Monica,"Oh no, we can't decide on a name for the baby! What if we get it wrong?",fear
21796,Joey,"Hey, it's just a name, what's the big deal?",neutral
21796,Chandler,I think Joey's got a point. It's not like we're naming a country or something.,neutral
21796,Rachel,"You guys are ridiculous! We're naming our own child, not a country! And I think we should name it after my grandmother, Helen.",joy
21796,Ross,"Uh, I don't think that's a good idea, Rachel. I mean, what if Helen is a boy?",neutral
21796,Monica,"Oh no, I was so worried about getting it wrong, and now we're going to have to start all over again!",fear
28232,Joey,"Guys, I'm really worried about Monica and Chandler. They're acting so weird lately.",fear
28232,Rachel,What do you mean? They're just being their usual quirky selves.,joy
28232,Monica,"Oh, you're right! I'm so excited to finally be with Chandler. We're going to be a great couple!",joy
28232,Phoebe,"Okay, let's not get ahead of ourselves. What's going on with you two, anyway?",neutral
28232,Chandler,"Nothing's going on, Phoebe. Just hanging out, you know.",neutral
28232,Joey,"Come on, guys. You can't fool me. I know you're hiding something. And it's freaking me out.",fear
23045,Joey,"Oh man, I just found out I have to go to therapy",fear
23045,Chandler,"What's wrong with you? You're a grown man, Joey. You can't handle a little therapy",anger
23045,Monica,"Guys, calm down! It's just a session to help us deal with our issues",surprise
23045,Ross,"I think it's a good idea, actually. I've been going for a few months now, and it's really helped me work through some things",neutral
23045,Phoebe,"I've been going for years, and I still can't get over the fact that my mom used to make me play the accordion for hours every day",sadness
23045,Rachel,"Ugh, that's disgusting. I don't know how you put up with that, Phoebe",disgust
29230,Joey,"Oh no, oh no, oh no! What have we done?! We're gonna get in so much trouble!",fear
29230,Monica,"Guys, calm down! It's not that bad. We can just",joy
29230,Chandler,"Yeah, and think of all the great memories we'll make on this new couch!",joy
29230,Phoebe,"I know, right? It's gonna be so much fun! We can have game nights and movie nights and!",joy
29230,Ross,You guys are insane! We're going to have to pay for this! It's a huge mistake!,anger
29230,Rachel,"I don't know about all of you, but I'm just glad we're all together and having fun. Can we just enjoy the moment?",neutral
25285,Monica,"Guys, can we talk about something?",fear
25285,Rachel,"What's going on, Monica? You're freaking me out.",sadness
25285,Joey,"Whoa, what's going on? Did I miss something?",joy
25285,Chandler,"Surprise, surprise! You found out, Joey!",surprise
25285,Monica,"Oh, Joey, I'm so sorry. We didn't mean to keep it from you.",joy
25285,Joey,"Wait, what? This means I'm going to be a godfatheragain!",fear
