scene_id,speaker,text,emotion
0,Chandler,also I was the point person on my company’s transition from the KL-5 to GR-6 system.,neutral
0,The Interviewer,You must’ve had your hands full.,neutral
0,Chandler,That I did. That I did.,neutral
0,The Interviewer,So let’s talk a little bit about your duties.,neutral
0,Chandler,My duties?  All right.,surprise
0,The Interviewer,"Now you’ll be heading a whole division, so you’ll have a lot of duties.",neutral
0,Chandler,I see.,neutral
0,The Interviewer,But there’ll be perhaps 30 people under you so you can dump a certain amount on them.,neutral
0,Chandler,Good to know.,neutral
0,The Interviewer,We can go into detail,neutral
0,Chandler,No don’t I beg of you!,fear
0,The Interviewer,"All right then, we’ll have a definite answer for you on Monday, but I think I can say with some confidence, you’ll fit in well here.",neutral
0,Chandler,Really?!,surprise
0,The Interviewer,Absolutely.  You can relax,neutral
1,Joey,But then who? The waitress I went out with last month?,surprise
1,Rachel,You know? Forget it!,sadness
1,Joey,"No-no-no-no, no! Who, who were you talking about?",surprise
1,Rachel,"No, I-I-I-I don't, I actually don't know",fear
1,Joey,Ok!,neutral
1,Joey,"All right, well...",neutral
1,Rachel,"Yeah, sure!",neutral
2,Chandler,"Hey, Mon.",neutral
2,Monica,Hey-hey-hey. You wanna hear something that sucks.,neutral
2,Chandler,Do I ever.,joy
2,Monica,Chris says they’re closing down the bar.,sadness
2,Chandler,No way!,surprise
2,Monica,"Yeah, apparently they’re turning it into some kinda coffee place.",neutral
2,Chandler,Just coffee! Where are we gonna hang out now?,disgust
2,Monica,Got me.,sadness
2,Chandler,Can I get a beer.,neutral
2,Monica,"Hey, did you pick a roommate?",neutral
2,Chandler,You betcha!,joy
2,Monica,Is it the Italian guy?,neutral
2,Chandler,"Um-mm, yeah right!",joy
3,Phoebe,"Oh my God, oh my God! Poor Monica!",surprise
3,Chandler,"What, what, what?!",surprise
3,Phoebe,What?!,surprise
3,Phoebe,He was with her when he wrote this poem.,neutral
3,Phoebe,"Look,  'My vessel so empty with nothing inside.",neutral
3,Phoebe,"Now that I've touched you, you seem emptier still.'",neutral
3,Phoebe,"He thinks Monica is empty, she is the empty vase!",surprise
3,Phoebe,"Oh, totally. Oh, God, oh, she seemed so happy too.",sadness
3,Joey,Done.,neutral
4,Rachel,Hey!,surprise
4,Ross,Hi!,joy
4,Rachel,What are you doing here?,surprise
4,Ross,"Ah y'know, this building is on my paper route so I...",neutral
4,Rachel,Oh.,neutral
4,Ross,Hi.,neutral
4,Rachel,Hi.,neutral
4,Ross,How’d did it go?,neutral
4,Rachel,"Oh well, the woman I interviewed with was pretty tough, but y'know thank God Mark coached me, because once I started talking about the fall line, she got all happy and wouldn’t shut up.",joy
4,Ross,I’m so proud of you.,joy
4,Rachel,Me too!,joy
4,Ross,"Listen, I’m ah, I’m sorry I’ve been so crazy and jealous and, it’s just that I like you a lot, so...",sadness
4,Rachel,I know.,neutral
4,Ross,Yeah.,neutral
4,Rachel,Yeah.,neutral
5,Phoebe,Ameri-can.,neutral
5,Joey,Ameri-ccan.,neutral
5,Phoebe,Ameri-can. Y'know it’s a,neutral
5,Sergei,Everybody!!,surprise
6,Chandler,Good job Joe! Well done! Top notch!,joy
6,Joey,You liked it? You really liked it?,surprise
6,Chandler,"Oh-ho-ho, yeah!",joy
6,Joey,Which part exactly?,neutral
6,Chandler,The whole thing! Can we go?,neutral
6,Joey,"Oh no-no-no, give me some specifics.",anger
6,Chandler,"I love the specifics, the specifics were the best part!",joy
6,Joey,"Hey, what about the scene with the kangaroo? Did-did you like that part?",neutral
6,Chandler,I was surprised to see a kangaroo in a World War I epic.,surprise
6,Joey,You fell asleep!!,anger
6,Joey,There was no kangaroo!,anger
6,Joey,They didn’t take any of my suggestions!,anger
6,Joey,That’s for coming buddy.,neutral
6,Joey,I’ll see you later.,neutral
6,Chandler,Don’t go!,sadness
6,Chandler,I’m sorry.,sadness
6,Chandler,I’m so sorry!,sadness
6,Chandler,Look!,surprise
6,Chandler,This guy fell asleep!,anger
6,Chandler,He fell asleep too!,anger
6,Chandler,Be mad at him!,anger
6,Chandler,"Or, call an ambulance.",anger
7,Joey,"Okay, look, I think we have to tell Rachel she messed up her dessert.",neutral
7,Ross,"What?! What is with everybody? It’s Thanksgiving, not...Truth-Day!",anger
8,Phoebe,"Yes, and it is my dying wish to have that ring.",neutral
8,Phoebe,"See, if I’m not buried with that ring then my spirit is going to wander the nether world for all eternity",neutral
8,Chandler,"Okay, that’s enough honey!",neutral
8,Customer,I don’t know.  Let me see the ring.,neutral
8,Chandler,"Great! Okay, here.",joy
8,Customer,All right.,neutral
8,Chandler,Thank you. Thank you. Thank you!  And,joy
9,Chandler,What've you been up to?,neutral
9,Jade,"Oh, you know, the usual, teaching aerobics, partying way too much.",neutral
9,Jade,"Oh, and in case you were wondering, those are my legs on the new James Bond poster.",neutral
9,Chandler,Can you hold on a moment? I have another call.  I love her.,joy
9,Ross,I know.,neutral
9,Chandler,I'm back.,neutral
9,Jade,"So, are we gonna get together or what?",neutral
9,Chandler,"Um, absolutely. Uh, how 'bout tomorrow afternoon? Do you know uh, Central Perk in the Village, say, five-ish?",neutral
9,Jade,"Great, I'll see you then.",neutral
9,Chandler,Ok.  Ok. Having a phone has finally paid off.,joy
9,Ross,"Even though you do do a good Bob impression, I'm thinkin' when she sees you tomorow, she's probably gonna realize, ""Hey, you're not Bob.""",neutral
9,Chandler,"I'm hoping that when Bob doesn't show up, she will seek comfort in the open arms of the wry stranger at the next table.",neutral
9,Ross,Oh my god. You are pure evil.,disgust
9,Chandler,"Ok, pure evil , horny and alone . I've done this",anger
10,Phoebe,Nobody!,anger
10,Phoebe,Nobody respects the bucket!,anger
10,Phoebe,You wouldn't believe what people put in here!,anger
10,Phoebe,Look!,anger
10,Phoebe,"Okay, does this look like a garbage can to you?",anger
10,Monica,No.,neutral
11,Ross,This is my wedding.,neutral
11,Monica,"All right, y’know what? We really are late! Let’s go! Let’s go! Let’s go!!",anger
11,Ross,Fine. You’ll-you’ll watch it on video when we get back.,neutral
11,Chandler,Here you go Phoebe! Here you go Phobo! Phewbedo! Phaybobo.,joy
11,Phoebe,Thank you.,neutral
11,Phoebe,Thank you.,neutral
11,Ross,"All right, let’s go! Bye, Pheebs!",joy
11,Joey,"Bye, Pheebs!",joy
11,Joey,London baby!!,joy
11,Phoebe,"Oh, do you need a hug? You don’t have to bring me anything!",joy
12,Chandler,Hey!,neutral
12,Joey,Hey! So Estelle lined up a bunch of auditions for me tomorrow and I’ll have my health insurance back in no time.,joy
12,Chandler,"That’s great, but shouldn’t you be on the toilet right now?",disgust
12,Joey,What?!,surprise
12,Chandler,What’s wrong with you?,disgust
12,Joey,Nothing!,neutral
12,Joey,"Well, I-I got this blinding pain in my stomach when I was lifting weights before, then I uh passed out and uh, haven’t been able to stand up since.",fear
12,Joey,"But um, I don’t think it’s anything serious.",neutral
12,Chandler,This sounds like a hernia. You have to—you-you go to the doctor!,surprise
12,Joey,"No way! ‘Kay look, if I have to go to the doctor for anything it’s gonna be for this thing sticking out of my stomach!",fear
12,Chandler,That’s a hernia.,disgust
12,Joey,Why did I have to start working out again?  Damn you 15s!,anger
13,Mona,I love your place! Where is this guy from?,joy
13,Ross,Uh that’s an eighteenth century Indian artifact from Calcutta.,neutral
13,Mona,"Oh wow! So, you’re more than just dinosaurs.",surprise
13,Ross,So much more.,neutral
14,Ross,"Well, well to sum up, we’re having fun, you look young.",neutral
14,Mona,Okay,neutral
14,Ross,But that’s not enough. So… So…here’s a key to my apartment.,neutral
14,Mona,Really?!,surprise
14,Ross,Really.,neutral
14,Mona,You don’t think this is too fast.,neutral
15,Ross,Get Out!,anger
15,Charlie,"Ross, can I talk to you for a minute?",neutral
15,Ross,"Yes, please!  So, what's going on?",neutral
15,Charlie,"Uh, well... Joey and I broke up.",sadness
15,Ross,"Oh my God, wh-what happened?",surprise
15,Charlie,"Joey is a great guy, but we're just... so different! I mean, during your speech he kept laughing at homo erectus!",sadness
15,Ross,I knew that was him!,anger
15,Charlie,"Anyway I just, uh, I think it's for the best.",sadness
15,Ross,"Hey, you ok?",neutral
15,Charlie,I guess.,sadness
15,Charlie,There was hum...  there was another reason that I thought it was time to end it with Joey.,neutral
15,Charlie,I started to realize that I was having feelings for someone  else.,neutral
15,Paleontologist,"Ok Geller. Last day of the conference, you know what happens to the keynote speaker.",neutral
15,Ross,"Oh, professor Clerk we're kind of in the middle of a conversation, here.",neutral
15,Charlie,"Yeah, can you guys just throw him in the pool later?",neutral
15,Professore Clerk,Or we could throw you both in,joy
15,Ross,"Ok, gentlemen!",anger
15,Ross,Please!,anger
15,Ross,Aren't we a little old for this?,anger
15,Ross,"I mean, we're scientists, right?",neutral
15,Ross,We're academics.,anger
15,Ross,And most importantly I... you-you will have to catch us first.,joy
15,Ross,"GO, GO, GO!",joy
16,Ross,"Go, go, go!",joy
16,Rachel,"Oh yeah, now everybody wants to be under this hat!",joy
16,Phoebe,Oy!!,disgust
16,Monica,What’s with all this sand?,surprise
16,Phoebe,"Oh, yeah, Bob said there might be flood damage.",neutral
16,Ross,"Yeah, either that, or he has a really big cat.",neutral
17,Joey,"Okay, see that blind guy right there? I'm gonna bash his head in later.",anger
17,Joey,"Oh umm, my big scene is coming up. Big scene coming up.",joy
17,Chandler,"If you said, ""Big lima bean, bubbling up."" Would she understand the difference?",neutral
17,Monica,Rach? What are you doing?,neutral
17,Rachel,"Oh boy, I just can't watch. It's too scary!",fear
17,Monica,It's a diaper commercial.,neutral
17,Rachel,"Oh yeah well, you know me, babies, responsibilities, ahhh!!!",fear
17,Caitlin,Pizza delivery!,joy
17,Ross,I'll get it! I will get that!,joy
17,Caitlin,Hi!,joy
17,Ross,Hi!,joy
18,Ross,"Hey, you wanna get something to eat or uh, do you wanna see how long we can throw this ball back and forth? Huh?",neutral
18,Joey,"Uhh, the ball thing.",neutral
18,Ross,Yeah?,neutral
18,Joey,"Hey Ross, wouldn't it be great if we could go two straight hours without dropping it?!",joy
18,Ross,"Uhh,",neutral
18,Joey,Okay!,joy
18,Joey,Uh-oh.,fear
18,Ross,What?,neutral
18,Joey,I have to pee. And Rachel's in the bathroom!,sadness
18,Joey,"Man, I didn't think we were gonna make it!",surprise
18,Ross,"I know!  Don't switch hands, okay?",fear
19,Joey,Hey.,neutral
19,Phoebe,Hey!,neutral
20,Rachel,How did it go with Erin?,neutral
20,Joey,"Oh, unbelievable! We had the best time!",joy
20,Phoebe,"Yay!! Oh so, you’re not, you’re not mad at us anymore?",joy
20,Joey,No!,joy
20,Joey,No!,joy
20,Joey,No!,joy
20,Joey,You guys were totally right!,joy
20,Joey,This is so much better than the first time we went out.,joy
20,Joey,Y’know?,neutral
20,Joey,"That was so awkward, we were really nervous.",neutral
20,Phoebe,Didn’t you sleep together?,neutral
20,Joey,"Yeah, that really calms me down.",neutral
20,Joey,And!,joy
20,Joey,We have so much in common!,joy
20,Joey,"She loves sandwiches, sports, although she is a Met fan, not much of an issue now but if we were ever to have kids, well that’s a",joy
20,Rachel,"Oh my God! Listen to you talkin’ about having kids. Oh my Joey.  Oh, please don’t get married before I do.",surprise
20,Joey,Okay.,neutral
21,Monica,How does she do that?,surprise
21,Ross,I cannot sleep in a public place.,neutral
21,Monica,Would you look at her? She is so peaceful.,joy
21,Phoebe,Oh! What what what! ...Hi.,surprise
21,Ross,"It's okay, y'know, you just nodded off again.",neutral
21,Monica,What's going on with you?,surprise
21,Phoebe,I got no sleep last night!,anger
21,Ross,Why?,neutral
21,Phoebe,"My grandmother has this new boyfriend, and they're both kind of insecure in bed.",disgust
21,Phoebe,"Oh, and deaf.",neutral
21,Phoebe,"So they're constantly, like, having to reassure each other that they're having a good time.",neutral
21,Phoebe,You have no idea how loud they are!,disgust
21,Monica,"Well, if you want, you can stay with Rachel and me tonight.",neutral
21,Phoebe,Thanks.,joy
22,Joey,Ew! What is that? Something exploded!,disgust
22,Nurse,"It's just her water breaking. Calm down, will you?",neutral
22,Joey,"Water breaking, what do you mean? What's that, water breaking?",surprise
22,Nurse,"Breathe, breathe, breathe.",neutral
23,Monica,"Are you insane? I mean Joey, is going to kill you, he’s actually going to kill you dead.",surprise
23,Chandler,Okay! You don’t think I thought of that?,anger
23,Phoebe,How can you not know which one?,surprise
23,Rachel,I mean that’s unbelievable.,joy
23,Monica,"I mean, was it Gina?",neutral
23,Ross,Which one is Gina?,neutral
23,Rachel,"Dark, big hair, with the airplane earrings.",neutral
23,Monica,"No, no, no, that’s Dina.",neutral
23,Chandler,"You see you can’t tell which one is which either, dwha!!",surprise
24,Rachel,"I don’t know, you thought ‘See you Saturday’ was funny.",neutral
24,Rachel,"Look honey, Mark is in fashion okay, I like having a friend that I can share this stuff with.",neutral
24,Rachel,You guys would never want to go to a lecture with me.,neutral
24,Ross,Pa-haa!! I would love to go with you.,joy
24,Rachel,Really!?,surprise
24,Ross,"Yeah, hey I-I have clothes, I even pick them out.",neutral
24,Ross,"I mean for, for all you know I could be a fashion..... monger.",neutral
24,Rachel,"Okay. Honey, I would love for you to go with me.  What?",joy
24,Ross,"What should I wear, now I’m all nervous.",fear
25,Mr. Treeger,": I know, we did it!! Hey, that was incredible, huh?!",joy
25,Joey,"I know, it was amazing! I mean, we totally nailed it, it was beautiful.",joy
25,Mr. Treeger,": Thank you, listen, thanks a lot Tribbiani, . Oh my God, look at the time, I gotta catch the bus to the ball.",joy
25,Joey,"Oh well, okay, good luck.",joy
25,Mr. Treeger,: Yeah.,neutral
25,Joey,Unless you wanna practice the Foxtrot again? Or-or the Tango?,neutral
25,Mr. Treeger,": Ahh, thanks but no. You see I-I think I’m ready to dance with girls.",neutral
25,Joey,Okay.,neutral
25,Mr. Treeger,: Yeah.,neutral
25,Joey,Go get ‘em Treeger.,neutral
25,Mr. Treeger,": Right.  Hey, ahh, you wanna come? Marge has a girlfriend.",neutral
25,Joey,Really?,surprise
25,Mr. Treeger,": Yeah, you could dance real good with her, she’s the same size as me.",neutral
25,Joey,"No, I’m good.",neutral
26,Ross,"Oh God, this is so nerve wracking! How-how do you do this?",surprise
26,Joey,"Well, unfortunately, I don't get many callbacks so",neutral
26,Carol,Is it a good sign that they asked us to hang around after the audition?,surprise
26,Joey,Who knows?,neutral
26,The Casting Director,"Okay uh, we have narrowed it down to Raymond, Ben, Kyle, and Joey. The rest of you, thank you very much.",neutral
26,Ross,Yes!! I knew it!!  Bye-bye! So long! Later!,joy
26,Joey,Oh this is great! I might actually get to play Ben's dad!,joy
26,Ross,Yeah!,joy
26,The Casting Director,"Actually, that can't happen.",neutral
26,The Casting Director,"Yeah because you all have such different looks, we're putting you with Raymond and Kyle with Ben.",neutral
26,The Casting Director,So it'll be either you two  or you two.,neutral
26,Joey,"Man, this is gonna be kinda weird.",sadness
26,Ross,"Yeah, it is.",neutral
26,Ross,"No, we-we're gonna be like best friends, that's why it's gonna be weird.",neutral
27,Monica,"Okay, come on, I can't get married until I get something old, something new, something borrowed, and something blue.",sadness
27,Chandler,"Okay, all right, all right, all right! Okay!  Okay, here's something, here's something blue and new.",joy
28,Ross,Please!,anger
28,Ross,Are you kidding?,anger
28,Ross,"I-I hurt three huge men, I gave a guy a bloody nose—I mean I-I’m not proud of it but, I really am.",anger
28,Ross,"And it’s all because of you, wonderful, amazing you.",joy
28,Emily,I think you’ve got concussion.,fear
28,Ross,"No, no, I’m serious. Thank you.",joy
28,Emily,You’re welcome.  I’m sorry. Did I hurt you?,fear
28,Ross,"It’s worth the pain.  Y’know what, you know what? It’s not.",sadness
29,Monica,Wow! That Mike thing was interesting! I don't know what's gonna happen with Phoebe and David.,surprise
29,Chandler,"I do! Want a hint? huh? ""I do""  ""I do"".",joy
29,Monica,"Ok, I'm sensing that this is some kind of word play, because you are pink with barely controlled glee.",neutral
29,Chandler,David is going to propose to Phoebe.,joy
29,Monica,What?  Why?,surprise
29,Monica,"Chandler, we have talked about this.",anger
29,Monica,You are not supposed to give people advice!,anger
29,Monica,Now couldn't you just have made some sort of inappropriate joke?,anger
29,Chandler,I,neutral
29,Monica,They've only been going out for a few weeks and Phoebe is completely hung up on Mike!,anger
29,Monica,"She'll say ""No"", David's heart will be broken, it will be too hard for them to recover from and then Phoebe will end up alone",anger
29,Chandler,"Man, that's some",surprise
29,Ross,"Oh, that's not what you want...",neutral
30,Elizabeth,"This is my father, Paul Stevens. Dad, this is Ross Geller.",neutral
30,Ross,It-it’s great to meet you Paul.,joy
30,Paul,I usually prefer Elizabeth’s boyfriends to address me as Mr. Stevens.,neutral
30,Ross,"Of course, of course, Mr. Stevens.",neutral
30,Paul,"So Ross, what your problem?",anger
30,Ross,Eh-wh—Excuse me?,surprise
30,Paul,Why can’t you get a girlfriend your own age?,anger
30,Ross,That’s funny. Umm….  It’s not funny.,fear
30,Paul,I,neutral
30,Ross,Okay.,neutral
30,Ross,"I can, I can see that.",neutral
30,Ross,"Umm, but I think if you give me umm, one chance I can, I can change your mind.",fear
30,Paul,Okay.,neutral
30,Ross,What?,neutral
30,Paul,Okay. I’ll give you one chance to change my mind.  You got one minute.,anger
30,Elizabeth,Daddy!,surprise
31,Joey,"Oh well, it’s not on TV yet.",neutral
31,The Dry Cleaner,"Well, then it’s not on the wall yet.",neutral
31,Joey,"Okay, fine, I will bring you a tape, huh?",neutral
31,Phoebe,"So umm, now do you have any of Matt Lauer’s clothes here? Maybe? Just ones that haven’t been cleaned yet?",neutral
32,Joey and Chandler,Ooooohh!,surprise
32,Phoebe,"Oh yeah, I'm sure.  And all of a sudden his hands weren't the problem anymore.",neutral
32,Monica,Was it...?,surprise
32,Phoebe,"Oh, boy scouts could have camped under there.",neutral
32,Rachel,"""Ooo,"" what?",surprise
32,Phoebe,Uma Thurman.,neutral
32,Monica,Oh!,surprise
32,Ross,The actress!,surprise
32,Ross,Thanks Rach.,neutral
32,Chandler,So what are you gonna do?,surprise
32,Ross,You have to tell her!,joy
32,Ross,You have to tell her!,joy
32,Ross,"It's your moral obligation, as a friend, as a woman, I think it's a feminist issue!",anger
32,Ross,Guys?,anger
32,Ross,Guys?,anger
32,Chandler,"Oh, yeah, you have to tell her.",neutral
32,Joey,Feminist issue. That's where I went!,neutral
32,Phoebe,She is gonna hate me.,fear
32,Ross,"Yeah, well...",neutral
33,Chandler,Will you marry me?,fear
33,Joey,It’s the big night! We wanted to wish you good luck!,joy
33,Ross,"Yeah, yeah you have the ring?",neutral
33,Chandler,"Yeah, right here in my pocket.  Pheebs?",neutral
33,Phoebe,Oh! Oop!,surprise
33,Chandler,"Okay, now will you guys get out of here? I want this is to be a surprise and she’s gonna know.",neutral
33,Ross,Yeah-yeah you guys. Get out of here!,neutral
33,Monica,Hi guys.,neutral
33,Chandler,You are beautiful.,joy
33,Monica,"Oh, thank you!   What’s going on?",joy
33,Rachel,We’re just really…very excited about this charity event that we have to go to.,neutral
34,Rachel,"Okay umm, Ross?",neutral
34,Rachel,"I'm-I'm really warm, so I'm going to be taking off my sweater.",neutral
34,Rachel,"Now, I'm just letting you know that this is",neutral
34,Ross,Yep! That's hilarious!,joy
34,Rachel,I'm sorry. I'm done. I'm done.,neutral
34,Ross,"Y'know, last night was embarrassing for you too.",neutral
34,Rachel,"No, not really. I mean you've seen me naked hundreds of times.",neutral
34,Ross,Uh-huh. But it was a first for the rest of my building.,neutral
34,Rachel,"Okay. All right, that's true! But y'know I just don't embarrass that easily.",neutral
34,Ross,What?! You totally get embarrassed!,surprise
34,Rachel,"No, I don't! Ross, I think I'm just a more secure person than you are.",neutral
34,Ross,Is that so?,neutral
34,Rachel,Yeah.,neutral
34,Ross,Hey lady! I don't care how much you want it! Okay?! I am,disgust
35,Phoebe,I can’t believe it!,surprise
35,Phoebe,I did it!,joy
35,Phoebe,I rode a bike!,joy
35,Phoebe,I never thought I’d be able to do that!,joy
35,Phoebe,Thank you Ross.,joy
35,Ross,"Oh hey, don’t thank me, thank yourself. You’re the one who faced her fears and ultimately overcame them.",joy
36,Ross,"Hey, both you guys should be up there with me.",neutral
36,Ross,"I mean, you two are-are my… I mean, I’m lucky to have just one good",neutral
36,Chandler,Thanks man.,neutral
36,Joey,I gotta go check something over here.,neutral
36,Chandler,What a baby.,sadness
36,Ross,Total wuss!,sadness
37,Monica,"Okay, we have a lot of options here, a number of prototypes for you to try on.",neutral
37,Joey,Wow! This looks great!,joy
37,Monica,"Yeah! Okay, this one is a mushroom cap.  Umm, this one is made of bologna.",joy
37,Joey,And-and-and-and-and the toothpicks?,disgust
38,Monica,You kissed another woman!,anger
38,Chandler,Call it even?!,neutral
38,Monica,Okay!,joy
38,Ross,"Well, I’m gonna go get these  in some water.",neutral
38,Phoebe,Wait you stole those from these people’s wedding?,surprise
38,Ross,"No-no, I took them from the hotel lobby.",neutral
38,Ross,"Yeah, they think they can charge me for some dirty movie and a bag of Mashuga nuts, they got another think coming.",anger
38,Ross,Hey!,surprise
38,Ross,My sweater!,surprise
38,Ross,I’ve been looking for this for like a month!,surprise
38,Phoebe,Oh my God!!,surprise
38,Joey,Oh my God!,surprise
39,Kate,Happy?! Is that what I’m supposed to be Vic? Happy?,anger
39,Joey,"Well, why don’t you tell me what you’re supposed to be!",anger
39,Joey,Huh?,surprise
39,Joey,Because I sure as hell can’t figure it out!,anger
39,Joey,I talk to you and nothin’.,anger
39,Joey,"You look at me, and it’s nothin’.",anger
39,Joey,Nothing.,anger
39,The Director,"Tasty! I’m really starting to feel like you guys have a history, it’s-it’s nice.",joy
39,Kate,I have a question about this scene.,neutral
39,The Director,Yes?,neutral
39,Kate,"Well, I don’t understand why Adrienne’s attracted to Victor.",disgust
39,The Director,"Peel the onion. First of all, he’s good looking.",neutral
39,Joey,Yeah.,neutral
39,Kate,I think my character’s gonna need a little bit more of reason than that.,neutral
39,Joey,"Oh, hey, how about this one.",neutral
39,Joey,"Ah, it’s says so in the script!",anger
39,Joey,"Y'know ah, I-I don’t know why my character likes you either, I mean it says in the script here that you’re a bitch.",anger
39,Kate,It doesn’t say that in the script.,anger
39,Joey,It does in mine!,anger
40,Phoebe,I can’t,anger
40,Joey,Yeah! You gotta tell a girl before you tape her. Such a rookie mistake.,anger
40,Chandler,Y’know who has a great video camera?,neutral
40,Phoebe,Greg and Jenny?,neutral
40,Monica,Do you still wanna call ‘em? I wanna call ‘em.,neutral
40,Chandler,Let’s call ‘em.,neutral
40,Joey,Yeah! Ask them if they brought their friends any souvenirs!,joy
40,Monica,Hello?  Eighth street deli?,neutral
40,Joey,"Hey, hang up! You get food poisoning just talkin’ to that place.",disgust
40,Monica,"Uh sorry, wrong number.",fear
40,Chandler,Here you go.,neutral
40,Monica,Hello?   It’s the deli again!,surprise
40,Joey,All right! I’ll have a sandwich!,joy
40,Monica,I don’t think this number’s right!,sadness
40,Rachel,Oh come on!!,sadness
41,Mr. Tribbiani,"Gotta go. I miss you too, I love you, but it's getting real late now",sadness
41,Joey,"Hey Ma. Listen, I made the appointment with Dr. Bazida, and... Excuse me?  Did you know this isn't Ma?",surprise
41,Mr. Tribbiani,Her name's Ronni. She's a pet mortician.,neutral
41,Joey,Sure. So how long you been...,neutral
41,Mr. Tribbiani,"Remember when you were a little kid, I used to take you to the navy yard and show you the big ships?",neutral
41,Joey,Since then?!,surprise
41,Mr. Tribbiani,"No, it's only been six years.",neutral
41,Mr. Tribbiani,I just wanted to put a nice memory in your head so you'd know that I wasn't always such a terrible guy.,neutral
41,Mr. Tribbiani,...Joe.,neutral
41,Mr. Tribbiani,Y'ever been in love?,neutral
41,Joey,...I d'know.,neutral
41,Mr. Tribbiani,Then y'haven't. You're burning your tomatoes.,neutral
41,Joey,You're one to talk.,disgust
41,Mr. Tribbiani,"Joe, your dad's in love big time. And the worst part of it is, it's with two different women.",neutral
41,Joey,Oh man. Please tell me one of 'em is Ma.,disgust
41,Mr. Tribbiani,"Of course, course one of 'em's Ma. What's the matter with you.",surprise
42,Chandler,"Everything’s gonna be all right. Okay, Dick?",neutral
42,Guru Saj,"Hello, I am Guru Saj--Whoa!!  That’s supposed to be a duck right? ‘Cause otherwise, this is waaay out of my league.",surprise
43,Monica,"Hey, Rach, how was work?",neutral
43,Rachel,"Oh, great. Although I did sit down where there wasn’t a chair.",neutral
43,Monica,"By the way, Ross dropped by a box of your stuff.",neutral
43,Rachel,"Oh, well, I guess I had that one coming.",neutral
43,Rachel,"I’m just gonna throw it out, it’s probably just a bunch of shampoo and...",neutral
43,Monica,Something wrong?,neutral
43,Rachel,No. Nothing.,neutral
44,Charlie,"And then, and then you said that thing about, about bringing the Mesozoic era in the 21st century.",neutral
44,Ross,"Yeah, that's it?",surprise
44,Charlie,Yeah.,neutral
45,Joey,"Dude, I am sorry about what I said!",sadness
45,Chandler,"No, no, you’re right, it is a ridiculous name!",disgust
45,Joey,It’s not that bad.,neutral
45,Chandler,"Yes it is! From now on, I have no first name.",anger
45,Joey,"So, you’re just Bing?",neutral
46,Monica,Because we won our apartment back!,joy
46,Joey,"What? Ace is high! Jack, queen, king, ace!",surprise
46,Monica,"No! Ace is low! Ace, two, three, four!",anger
46,Phoebe,I don’t know. Ooh! Ooh! Look it!  Ah-ha!,surprise
46,Rachel,"All right, cut, let’s pick again, pick again.",neutral
46,Joey,Okay.,neutral
46,Rachel,Come on apartment! Come on apartment!  Oh! I know queen is high!,anger
46,Joey,"Uh-huh, not as high as… It worked! King!",surprise
46,Chandler,Yeah baby!,joy
46,Monica,"But, we pick again! We pick again!",joy
46,Joey,Why?!,neutral
46,Monica,I don’t know!,fear
46,Chandler,Tickets please!  That’s courtside baby!,joy
46,Joey,"Seriously, good game though. Good game.   What are they so mad about? They get the apartment back!",surprise
46,Chandler,No they didn’t!,joy
47,Chandler,"You know, I don't think we brought enough stuff. Did you forget to pack the baby's anvil?",neutral
47,Joey,It's gonna be worth it.,neutral
47,Joey,"It's a known fact that women love babies, all right?",neutral
47,Joey,Women love guys who love babies.,neutral
47,Joey,It's that whole sensitive thing.,neutral
47,Joey,"Quick, aim him at that pack o' babes over there.",neutral
47,Joey,Maybe one of them will break away.,neutral
47,Joey,"No, no wait, for get them, we got one, hard left.",joy
47,Joey,"All right, gimme the baby.",neutral
47,Chandler,"No, I got him.",neutral
47,Chandler,"Oh, seriously you want him?",surprise
47,Joey,Hello.,neutral
47,Chandler,"Well, don't, don't think me immodest, but, me?",surprise
47,Joey,You wanna smell him?,neutral
47,Joey,"Oh, yeah. He's got that great baby smell. Get a whiff of his head.",joy
47,Joey,What'd I tell you? What'd I tell you?,joy
47,Chandler,"Well, we are great guys.",neutral
48,Rachel,Bye.,neutral
49,Ross,"Well, not really.",neutral
49,Ross,"I mean technically it’s-it’s not against the rules or anything, but it is frowned upon.",neutral
49,Ross,"Especially by that professor we ran into last night, Judgey von Holierthanthou.",anger
49,Monica,"Well Ross, you be careful now. You don’t want to get a reputation as y’know Professor McNailshisstudents.",joy
49,Ross,Yeah. What-what should I do?,fear
49,Joey,"Well Ross, it seems pretty clear.",neutral
49,Joey,I mean what’s more important?,neutral
49,Joey,"What people think or how you feel, huh?",neutral
49,Joey,"Ross, you gotta follow your heart.",neutral
49,Monica,Joey that is so sweet.,joy
49,Chandler,Hey.,neutral
49,Joey,"Hey-hey-hey! So, how did it go with Dana? Any reason I should leave a block of time open say Thursday?",neutral
49,Chandler,I couldn’t do it.,sadness
49,Joey,You couldn’t do it?!,surprise
49,Chandler,"Hey, relax I just need more time. We’re going to dinner tonight.",neutral
49,Monica,What?! You’re going out with her again!,surprise
49,Ross,Going out with who?,neutral
49,Chandler,"Uh, Dana Keystone from college.",neutral
49,Ross,Oh yeah! Wasn’t she uh,surprise
49,Chandler,"No, that was Dana Caplin.",neutral
49,Monica,Joey! You didn’t even know her!,surprise
49,Joey,Ah whatever!,anger
50,Joey,"Morning! Hey, how’s my favorite genius and my little robot buddy?!",joy
50,Wayne,Don’t touch him!,anger
50,Joey,Okay!,surprise
50,Joey,All right.,neutral
50,Joey,"Umm, all right Wayne, level with me.",neutral
50,Joey,I-I keep hearing all these rumors that I might get fired.,fear
50,Joey,"Okay, they even have actors coming in to read for my part!",fear
50,Joey,"Come on man, you-you got to give me a second chance!",sadness
50,Joey,"I mean, I love-I love this little guy!",joy
50,Joey,Ah-ah!!,surprise
50,Joey,"Okay, that’s why you didn’t want me to touch him right?",surprise
50,Joey,Here you go!,neutral
50,Joey,Okay?,neutral
50,Joey,Stupid!,anger
50,Joey,I can’t believe it!,surprise
50,Joey,God!,anger
50,Joey,"Hey, how you doin’?",neutral
51,Ross,Hey.,neutral
51,Rachel,"Hi. Look um, about what happened earlier...",sadness
51,Ross,"No, hey, well, I-I completely understand. You were, you were stressed.",neutral
51,Rachel,I was gonna give you a chance to apologise to me.,disgust
51,Ross,For what? For letting you throw me out of your office?,anger
51,Rachel,You had no,anger
51,Ross,"Yeah, well excuse me for wanting to be with my girlfriend on our anniversary, boy what an ass am I.",anger
51,Rachel,"But I told you, I didn’t have the time!",anger
51,Ross,"Yeah, well you never have the time. I mean, I don’t feel like I even have a girlfriend anymore, Rachel.",anger
51,Rachel,"Wh, Ross what do you want from me?",anger
51,Rachel,"You want me, you want me to quit my job so you can feel like you have a girlfriend?",anger
52,Monica,I know.,neutral
52,Phoebe,"Ooh, I have to tell you something.",joy
52,Monica,What?,neutral
52,Phoebe,But I can’t tell you.,neutral
52,Monica,"Okay, but wouldn’t it be easier if you had to tell me something that you could tell me.",neutral
52,Phoebe,"Well, sure in a perfect world. But, no, I promised I wouldn’t tell, and I swore to like all my gods.",neutral
52,Monica,Okay. Does it have to do with Ross and Rachel?,neutral
52,Phoebe,No.,neutral
52,Monica,Does it have to do with Joey?,neutral
52,Phoebe,No.,neutral
52,Monica,Does it have to do with-with Chandler and that sock that he keeps by his bed?,neutral
52,Phoebe,"No, but let’s come back to that later!",neutral
53,Richard,Hi!,joy
53,Monica,Richard!,joy
53,Richard,"Actually, I’m not here to complement the chef.",neutral
53,Monica,"Ohh… Oh, that’s okay I hate when people come back to complement the chef.",neutral
53,Monica,Like I have nothing better to do!,neutral
53,Monica,So what’s up?,neutral
53,Richard,"Well, it was great seeing you the other night.",joy
53,Monica,"Oh, good to see you too. Did you come down here to tell me that?",neutral
53,Richard,No! I came here to tell you something else.  I came here  to tell you I still love you.,joy
54,Joey,"One pregnant woman at a time, please! I just want you to be okay.",disgust
54,Rachel,So forcing her to marry Bobby is gonna make that happen?,sadness
54,Joey,"Maybe!  Well! Well…so-so uh, what kind of music does Numb Nuts—Oh forget it! I can’t!",anger
54,Dina,"Joey, I am scared to death about this.",fear
54,Dina,"But I really think I can do it, I’m just gonna need some help.",fear
54,Dina,And Bobby’s gonna be here the whole time.,neutral
54,Bobby,"You bet I am!  And to answer your earlier question, we’re straight-up gangster rap.",joy
54,Dina,"Look, Rachel’s told me how much easier you’ve made all this on her. Why can’t you do that for me?",anger
54,Joey,Because! ‘Cause… ‘Cause you’re my baby sister!,sadness
54,Dina,And you’re my big brother!,joy
54,Dina,"I mean, you’re my favorite guy in the whole world.",neutral
54,Dina,I’m not even scared to tell mom and dad.,neutral
54,Dina,I was scared of telling you.,fear
54,Joey,"Well I’d be scared of them, but all right.",fear
54,Dina,"Joey, I can’t stand the thought of having this baby with you mad at me.",sadness
54,Dina,I want him to have his uncle.,sadness
54,Dina,Is my baby gonna have his Uncle Joey?,sadness
54,Joey,Of course he’s gonna have his Uncle Joey!,joy
54,Dina,"We’re gonna be all right. I mean, even if we’re not married this baby is gonna be so loved. Not just by us.",joy
54,Joey,That’s right! By his uncle too!,joy
54,Bobby,And by you.,joy
54,Rachel,"Okay Bobby, why don’t we just come over here and let them have a little moment.",neutral
54,Joey,Come here!,joy
54,Rachel,No! Seriously! What’s wrong with you?!,anger
55,Danny,I had a really nice time tonight.,joy
55,Rachel,So did I. I'm really glad Monica asked us out.,joy
55,Danny,"I'd love to ask you in, but uh, my sister's visiting and I think she's asleep on the couch.",neutral
55,Rachel,You're sister? You're sister's asleep on the couch?  Ohhh! I saw,surprise
55,Danny,"Oh hey, great, you're up. Rachel, this is my sister Krista. Krista, this is Rachel.",neutral
55,Rachel,Hi!,joy
55,Krista,"Nice to meet you. I wish you'd told me we were having company, I'd fix myself up!",surprise
55,Danny,Like it would help.,neutral
55,Krista,You are so bad!,joy
55,Danny,You are!,joy
55,Krista,You are!,joy
55,Danny,You are!,joy
55,Krista,You are!,joy
55,Danny,You are!,joy
55,Krista,You are!,joy
55,Danny,You are so dead! I'm gonna get you.,joy
55,Rachel,"Uh, it was very nice meeting you.",neutral
56,Chandler,"Oh my God, it's that Victoria's Secret model. Something... something Goodacre.",surprise
56,Jill,"Hi Mom, it's Jill.",neutral
56,Chandler,"She's right, it's Jill. Jill Goodacre. Oh my God. I am trapped in an ATM vestibule with Jill Goodacre!",surprise
56,Jill,"Yeah, I'm fine. I'm just stuck at the bank, in an ATM vestibule.",neutral
56,Chandler,Jill says vestibule... I'm going with vestibule.,neutral
56,Jill,"I'm fine. No, I'm not alone... I don't know, some guy.",neutral
56,Chandler,"Oh! Some guy. Some guy. 'Hey Jill, I saw you with some guy last night. Yes, he was",joy
57,Chandler,Are you seeing anybody right now?,neutral
57,Chandler,"Og-ee-op, I’m not asking for me, I’m… I mean… No, I’m-I’m not gay, I’m not asking you out.",fear
57,Chandler,I’m not-I’m not-I’m not gay!,fear
58,Phoebe,Personal shopping? What is that? Like where you walk around with snooty rich people and tell them what to buy?,neutral
58,Rachel,Uh-huh.,neutral
58,Phoebe,That sounds great!,surprise
58,Joey,Hey!,neutral
58,Monica,"Umm, excuse me, we switched apartments. You can’t eat are food anymore, that-that gravy train had ended.",anger
58,Joey,There’s gravy?,surprise
58,Monica,If you have the big apartment you have to deal with people coming over all the time.,neutral
58,Monica,"That fridge has got to be stocked, okay, that’s your department now.",neutral
58,Monica,What are you doing?,neutral
58,Joey,I think I left a donut up here.,neutral
59,Doug,"So, in conclusion, the lines all go up , so I’m happy.",neutral
59,Doug,Great job team!,joy
59,Doug,Tomorrow at 8:30.,neutral
59,Doug,Phil!,joy
59,Doug,Nice job.,joy
59,Doug,Stevens!,joy
59,Doug,Way to go!,joy
59,Doug,"Joel-burg, you maniac!",joy
59,Doug,I love ya!,joy
59,Doug,Bing!,joy
61,Stevens,"Oh, excuse me. I forgot my briefcase y'know, by accident.",neutral
61,Doug,"Of course, you did.",joy
61,Doug,Forgot something else too ya bastard!,joy
61,Doug,"Well, what about you?",neutral
61,Doug,You’re not feeling left out or anything are ya?,neutral
61,Chandler,"No. No, not at all, that’s-that’s ridiculous.",sadness
61,Doug,"Everybody else got one, and you want one too. Don’t you?",joy
61,Chandler,"Ye-ye-yeah, yes I do!",sadness
61,Doug,"Now get on out of here, you!",joy
62,Chandler,Hey Bob.,neutral
62,Bob,Hey! How’s my pal Toby doing today?,joy
62,Chandler,"If I see him, I’ll ask.",neutral
62,Bob,Toby!,joy
62,Chandler,Yeah!,joy
62,Mr. Franklin,Oh then you know each other.,neutral
62,Chandler,We’re on a semi-first name basis.,neutral
62,Mr. Franklin,What do you think of adding him to our team?,neutral
62,Chandler,"Bob? Ooh, working here with us? Everyday? Yeah, I don’t know if he has what it takes.",surprise
62,Mr. Franklin,Really? They love him down on six.,surprise
62,Chandler,But this is eleven. It’s almost twice as hard up here.,neutral
63,Ross,Hey! Guess what I got for your wedding!,joy
63,Chandler,A freakish thin date with a hanger for her head?,neutral
63,Ross,"No. Rachel hooked me up with a tux! But not just any tux, Batman’s tux!",joy
63,Chandler,What?,surprise
63,Ross,That’s right! Made expressly for Val Kilmer and worn by him in the hit film…that Batman film he was in.,joy
63,Chandler,You can’t wear that! I’m wearing the famous tux! James Bond’s tux!,anger
63,Ross,So?,neutral
63,Chandler,So—If you wear that you’ll make mine less special.,sadness
64,Chandler,"Sorry, I just don’t like the idea of when I say ""I do,"" he’s thinking, ""Yeah, I’d do her too!""",anger
64,Monica,Well then we still have a problem.,neutral
64,Chandler,Yeah!,neutral
64,Phoebe,With what?,neutral
64,Monica,"Well, we’re trying to find someone to perform our wedding and they’re all either boring or annoying or y’know, can’t stop staring at the ladies.",neutral
64,Phoebe,Oo! You should have one of us do it!,joy
64,Monica,"Phoebe, we’re getting",neutral
64,Phoebe,No! No! It’s-it’s uh a real thing! Anyone can get ordained on the Internet and perform like weddings and stuff!,joy
64,Joey,I call it!!,joy
64,Phoebe,What?! No! It was my idea!,anger
64,Chandler,Guys thank you very much but neither of you is marrying us.,neutral
64,Joey,Does calling it not mean anything anymore?!,anger
64,Chandler,"We are going to have a legitimate member of the clergy! And when I say legitimate I mean, gay and in control of his saliva!",neutral
65,Ross,"See, I see.... big passion in your future.",joy
65,Rachel,Really?,surprise
65,Ross,I do.,neutral
65,Rachel,"Oh Ross, you're so great. [she playfully rubs his head and gets up]",joy
66,Phoebe,"That was supposed to be a good thing, I forget why.",neutral
66,Phoebe,"Just listen, Monica, I, do you know, okay, do you know, I couldn’t sleep for like a month because I got like a dot of ink on one of the sofa cushions.",neutral
66,Monica,"Well, you-you coulda just turned the cushion over.",neutral
66,Phoebe,"Yeah, I would’ve except I had a big spaghetti stain on the other side.",neutral
66,Monica,What?!?!,surprise
66,Phoebe,"Okay, this is what I’m talking about, this. I-I need to live in a land where people can spill.",neutral
66,Monica,You can spill. In the sink.,neutral
66,Phoebe,"Aw, honey it’s not your fault, y'know this is who you are, and I love you, and I want us to be friends, and if I keep living here I don’t see that happening.",sadness
66,Monica,"I love you, too.",joy
66,Phoebe,"Aww, good.  What?",joy
66,Monica,What? I’m just said.,sadness
66,Phoebe,"No you’re not, you’re wondering which cushion it is.",neutral
67,Rachel,Oh my God! Are you serious?!,surprise
67,Ross,Uh-huh.,neutral
67,Rachel,I would love to live with you Ross.. that’s-that’s great! Thank you!,joy
67,Ross,"Well, I’m-I’m just glad I could, y’know, help you out.",neutral
67,Rachel,"Ross-Ross, you have no idea what this means to me!",joy
67,Rachel,"I mean, I mean I was gonna be homeless.",sadness
67,Rachel,You just saved me!,joy
67,Rachel,You’re my hero!,joy
67,Ross,"Hero, I uh, I don’t know—well, all right.",neutral
67,Rachel,"Oh, I have to go tell Monica what a wonderful brother she has!",joy
67,Ross,"Oh please!   You’re gonna say things now, aren’t ya?",joy
67,Phoebe,No.,neutral
67,Phoebe,"No, I won’t.",neutral
67,Phoebe,"But I should tell you this, this exact same thing happened to my roommate Denise.",neutral
67,Phoebe,"She moved in with a guy who was secretly married to her and he said he didn’t love her, but he really did, and it just blew up!",anger
68,Director,"...Dammit, hire the girl!  Okay, everybody ready?",anger
68,Joey,"Uh, listen, I just wanna thank you for this great opportunity.",joy
68,Director,Lose the robe.,neutral
68,Joey,Me?,surprise
69,Chandler,That's great.,joy
69,Chandler,"Well, I'm gonna get another espresso. Can I get you another latte?",neutral
69,Janice,"No, no, I'm still working on mine.",neutral
69,Chandler,That's it?,surprise
69,Phoebe,"Yeah, it was really hard.",sadness
69,Chandler,"Oh, yeah, that hug looked pretty brutal.",neutral
69,Phoebe,"Ok, you weren't there.",anger
70,Tony,"Wow! That’s ah, that’s pretty nice!",joy
70,Joey,Pretty nice?,neutral
70,Chandler,"You’ll have to pardon my roommate, he wanted to marry this.",neutral
70,Tony,"We don’t have 50 bucks, but would you be willing to trade for it? We’ve got a canoe.",neutral
70,Chandler,"Y'know, I, I really don’t think we need a canoe.",neutral
70,Tony,You gotta take the canoe!,anger
70,Chandler,"All right, just, just take the entertainment center, and then when you get home, throw the canoe away!",neutral
70,Peter,We’re not throwing it away! I built that canoe!,anger
70,Joey,Good for you!!,anger
71,Rachel,Pheebs?,neutral
71,Phoebe,Yeah?,neutral
72,Chandler,"Okay. Then I guess it’s just, wait here then.   Hi. I need one fake ticket to Yemen.",neutral
72,Ticket Counter Attendant,One ticket to Yemen?,surprise
72,Chandler,"Oh no-no-no, no. No, no, no, I just, I just need a pretend ticket.",neutral
72,Ticket Counter Attendant,"I’m sorry sir, I don’t understand.",surprise
72,Chandler,What would you give to a kid if he wanted a ticket to play with?,neutral
72,Ticket Counter Attendant,Are you travelling with a child?,neutral
72,Chandler,No.,neutral
72,Chandler,"All right, y’know what, she’s  gonna think that I’m handing you a credit card, but what I’m really gonna do is hand you a library card.",neutral
73,Chandler,"Okay, but this is the last time.",neutral
73,Chandler,"With a chick-chick here, and a chick-chick there.",joy
73,Chandler,"Here a chick, there a chick, everywhere a chick-chick--chickeeeen.",joy
73,Joey,Hey.,neutral
73,Chandler,Hey.,neutral
73,Joey,How’s she doing?,neutral
73,Chandler,She?,surprise
73,Joey,"Well yeah, don’t-don’t you think it’s a she?",neutral
73,Chandler,"I don’t know.  I can’t tell, what ever it was went back in too quickly.",neutral
73,Joey,"Well, anyway, I got to go change, I’m ah, meeting some of the cast for drinks.",neutral
73,Chandler,Excuse me?,surprise
73,Joey,What?,neutral
74,Joey,"Okay, good, so there you go. Go with Vince.",joy
74,Phoebe,"Yeah, but Jason's really sensitive.",neutral
74,Chandler,"Well sensitive is important, pick him.",neutral
74,Phoebe,Yeah.,neutral
74,Joey,"Oh sure, go with the sissy.",disgust
74,Phoebe,Jason is not a sissy!,anger
74,Joey,"Oh no-no-no-no, I meant Chandler.",anger
75,Ross,Hi.,neutral
76,Rachel,"So uh, apparently people are familiar with the Europe story?",neutral
76,Ross,Yeah.,neutral
76,Ross,"Listen about that, the whole uh, who came on to who thing really doesn’t matter.",neutral
76,Ross,"I mean, I think it would’ve happened either way.",neutral
76,Ross,I mean if you hadn’t initiated it I-I-I know I would’ve.,neutral
76,Rachel,It was an amazing night.,joy
76,Ross,It was. It was an amazing night.,joy
76,Rachel,You think it looked amazing?,sadness
77,Dr. Long,Do we have a name yet?,neutral
77,Rachel,"No, not yet.",neutral
77,Dr. Long,"That’s fine, for now we’ll just call her Baby Girl Green.",neutral
77,Rachel,"Oh no, Baby Girl Geller-Green.",neutral
77,Rachel,Hello baby girl.,joy
78,Ross,"Ah-ha, nowhere to run!",joy
78,Rachel,I don’t like sitting up here! I’m just gonna over,anger
78,Phoebe,No Rachel! They got here first!,anger
78,Phoebe,Why is Ross doing that?,neutral
78,Ross,DANGER,fear
78,Rachel,Oh my God! Why is he jumping on those women!,surprise
79,Joey,No that’s all right. Don’t worry about it.,neutral
79,Rachel,Oh but look! That’s gonna leave a stain!,disgust
79,Joey,Rach! Hey! It’s fine! You’re at Joey’s!,joy
79,Rachel,Really?,surprise
79,Joey,Yeah! Look!,neutral
79,Rachel,I’ve never lived like this before.,disgust
79,Joey,I know.,neutral
79,Joey,"All right, don’t waste it, I mean its still food.",neutral
80,Rachel,"Hey Joey, is this the bed where Olivia lost her virginity?",neutral
80,Joey,"I don't know, but one of the extras sure did!  Hey, listen    Rach. Thanks again for coming down to watch my scenes!",joy
80,Rachel,"Oh, please!Honey, just the fact that you want me here to support    you, I'm...OH MY GOD!Is that Christian Sanders?He's so",surprise
80,Joey,Also so,neutral
80,Rachel,"Oh, in my head he's done some pretty ""not-gay-stuff""!",neutral
80,Joey,"Well, at the Christmas party him and Santa did some definitely    gay stuff!",neutral
81,Joey,"OK, you've got to promise that you'll never, ever tell Ross that I told you.",neutral
81,Monica,About what?,neutral
81,Joey,He's planning your birthday party.,neutral
81,Monica,Oh my God! I love him!,joy
81,Joey,You'd better act surprised.,fear
81,Phoebe,About what?,neutral
81,Monica,My surprise party!,joy
81,Phoebe,What surprise party?,surprise
81,Monica,Oh stop it. Joey already told me.,joy
81,Phoebe,"Well, he didn't tell me.",neutral
81,Joey,"Hey, don't look at me. This is Ross's thing.",neutral
81,Phoebe,This is so typical. I'm always the last one to know everything.,anger
81,Monica,"No, you are not. We tell you stuff.",neutral
81,Phoebe,Yuh-huh!,anger
81,Phoebe,I was the last one to know when Chandler got bitten by the peacock at the zoo.,anger
81,Phoebe,I was the last one to know when you had a crush on Joey when he was moving in.,anger
81,Phoebe,Looks like I was second to last.,surprise
82,Monica,"Chandler, we still haven’t gotten an RSVP from your dad.",neutral
82,Chandler,"Oh! Right. Umm, maybe that’s because I didn’t send him an invitation.",neutral
82,Monica,Chandler! He’s your father.  he should be at the wedding.,anger
82,Chandler,I don’t even know the man. Okay? We’re not that close. I haven’t seen him in years.,disgust
82,Monica,Well what are you gonna do when he finds out he wasn’t even asked?!,sadness
82,Chandler,It’s not like we run in the same circles.,neutral
82,Chandler,"I hang out with you guys, and he stars in a drag show in Vegas.",disgust
82,Phoebe,"Ooh, I think I wanna trade circles.",neutral
82,Chandler,Nobody is gonna be staring at the bride when the father of the groom is wearing a back-less dress.,disgust
82,Monica,So what! As long as he’s not wearing a white dress and a veil I don’t care.,neutral
82,Phoebe,"Okay, I think I need to do some shopping.",neutral
83,Charlton Heston,Hello! Who’s in there?,neutral
83,Joey,How ya doin’?,neutral
83,Charlton Heston,Who in the hell are you?,anger
83,Joey,"I guess you wouldn’t believe me if I said I was Kurt Douglas, huh?",neutral
84,Monica,"No-no, Rachel, don’t get it! He can’t see us!",fear
84,Phoebe,"No, yeah! The groom cannot see the bride!",anger
84,Rachel,I’m not gonna marry Chandler!,anger
84,Phoebe,Not after this!,anger
84,Rachel,"Okay, you guys, just relax.  I doooo.",neutral
84,Joshua,I gotta go.,neutral
84,Rachel,"Oh, wait, Joshua! Joshua!   Yeah, well, that oughta do it.",sadness
85,Rachel,"Sorry I'm late, but I left late.",neutral
85,Phoebe,Okay.,neutral
85,Rachel,"So Pheebs, what is the book about?",neutral
85,Phoebe,I thought you said you read it in high school.,neutral
85,Rachel,"Well yeah, but then I remembered I started it and there was this pep rally and I was, I was on top of the pyramid but anyway—umm, what is this book about?",neutral
86,Rachel,"Excuse me, can I, can I bum one of those?",neutral
86,Rachel,"Y'know what, actually…  Okay, okay, okay, what's so funny over here?",neutral
86,Nancy,I thought you didn't smoke.,surprise
86,Rachel,"Oh, I thought you guys meant marijuana cigarettes, y'know?",neutral
86,Rachel,"Y'know what I mean, like dubbies?",neutral
86,Rachel,"And I actually, I thought to myself, ""Wow, those guys are crazy!""",surprise
86,Rachel,"But no, I actually smoke the regular ones all, all the time.",neutral
86,Kim,We get high.,neutral
86,Rachel,"Oh, me too.",neutral
86,Kim,I'm kidding.,neutral
86,Rachel,"Oh, me too.",joy
87,Rachel,"Oh, are you sure you're ok?",sadness
87,Ross,Yeah.,neutral
87,Rachel,Does it still hurt?,sadness
87,Ross,Yeah.,sadness
87,Phoebe,What a neat idea. All your clothes match. I'm gonna do this.,joy
87,Monica,Hi.,neutral
87,Phoebe,"Hey, how'd it go?",neutral
87,Joey,Excellent.,joy
87,Monica,"We ripped that couple apart, and kept the pieces for ourselves.",joy
87,Ross,"What a beautiful story. Hey, I'm fine by the way.",joy
88,Phoebe,You know what? You are right. I,neutral
88,Rachel,Good for you Pheebs!,joy
88,Phoebe,Ok.,neutral
88,Phoebe,"Okay  If you guys have microphones in there too, I didn't mean",neutral
89,Joey,This sucks! I didn’t know I had to stay up all night before I went to this stupid sleep clinic! I’m so tired!,anger
89,Chandler,It’s 6:00.,neutral
89,Rachel,Hi!,joy
89,Joey,"Yeah, Rach, I think you’re handling that really well.",neutral
89,Rachel,Handling it?,neutral
89,Rachel,"What do you mean, handling it?",joy
89,Rachel,There’s nothing to handle.,joy
89,Rachel,"Now, maybe I would have a problem with this if it wasn’t for me and Joshua.",neutral
89,Rachel,"Y’know, they’re not gonna get married anyway!",anger
89,Chandler,What?,surprise
89,Rachel,Come on!,anger
89,Rachel,They rushed into this thing so fast it’s ridiculous!,disgust
89,Rachel,"And somewhere along the way, one of them is gonna realise what they’ve done and they’re call the whole thing off.",neutral
89,Rachel,"I’m telling ya, you’re gonna be dancing at my wedding before you’re dancing at there’s.",joy
90,Phoebe,What the hell is this?!,surprise
91,Phoebe,"What, did you actually thought it would make me feel better to give me stuff that I can’t use for another two months?!",anger
92,Phoebe,This sucks!,anger
92,Phoebe,"All right, what’s my next present?",neutral
93,Chandler,"All right, there’s a nuclear holocaust, I’m the last man on Earth. Would you go out with me?",neutral
93,Monica,Enhh,neutral
93,Chandler,I’ve got canned goods.,neutral
93,Joey,"Hey, you guys! Take a look at this!  Check this baby out, dug me a hole!",surprise
93,Chandler,"Excellent hole, Joe.",neutral
93,Joey,Oh no! No!! My hole!!,surprise
93,Monica,Ow!! Ow!!!,disgust
93,Joey,What?! What?!! What is it?!,surprise
94,Rachel,My drinking?,neutral
94,Joanna,"Oh, I must’ve said that after you left.",neutral
94,Rachel,Said what? Exactly.,fear
94,Joanna,That you enjoyed the occasional drink…ing binge.,neutral
94,Rachel,"Oh my God!! Ohh, that is it! I’m leaving! You are just a horrible person!",disgust
94,Joanna,Wait-wait-wait-wait-wait-wait-wait-wait!!,fear
94,Joanna,If you’re gonna get all sensitive about it!,anger
94,Joanna,I don’t want to lose you.,sadness
94,Joanna,"What if I, create a position for you?",neutral
94,Joanna,I’ll make you an assistant buyer in this department.,neutral
94,Rachel,Say more things like that.,joy
94,Joanna,"You can have your own office, and a raise! Effective tomorrow.",joy
94,Rachel,I’d need an expense account.,neutral
94,Joanna,Done!,joy
94,Rachel,And an assistant.,neutral
94,Joanna,"Sophie, get in here!",joy
95,Rachel,Monica? You gonna be very proud of me. I just got us dates with two unbelievably cute nurses.,joy
95,Joey,Oh my!,surprise
95,Rachel,They're male nurses.,neutral
95,Joey,Not in my head.,neutral
95,Rachel,"Anyway, they want to take us out Saturday night! What do you say?",joy
95,Monica,Umm.  Umm. Umm. I don't think so.,joy
95,Rachel,What?,surprise
95,Rachel,What are you talking about?!,surprise
95,Rachel,You-you're the one who's been telling me to get over Ross and move on.,anger
95,Rachel,"I'm moving on, and you're moving on with me.",neutral
95,Rachel,"Come on, give me one good reason why you don't wanna go.",neutral
95,Monica,"Umm, why don't you give",neutral
95,Rachel,What?,surprise
95,Monica,Harder than it sounds. Isn't it?,neutral
95,Rachel,"Okay, you're coming with me, and I also told them that if we're still here when they get off that we'll go down to the cafeteria and have some",neutral
95,Joey,Yep! There's always room for,neutral
95,Rachel,"Joey, how do you make",neutral
95,Joey,"Oh, it's easy. Yeah, I-I can do it with anything. Watch uh,  Grandma's chicken salad",neutral
96,Monica,"Hello, this is Monica...",neutral
96,Monica,Yeah???,neutral
96,Monica,Oh...,neutral
96,Monica,"Okay, yes, we'll be right, we'll be right down.",neutral
96,Monica,Thank you.,neutral
97,Monica,Okay. Let’s bring it in.,neutral
97,Rachel,"Wait no, honey, honey throw it to me, throw it to me.",neutral
97,Ross,Here you go.,neutral
97,Rachel,That almost hit me in the face.,anger
98,Chandler,"Well, if the magician can open my beer with his but cheeks, then all right.",neutral
99,Chandler,Hey!,joy
99,Monica,Hey!,joy
99,Chandler,Y’know I’m-I’m really glad we decided not to sleep together before the wedding.,joy
99,Monica,"Oh boy, me too!",joy
99,Chandler,Y’know I was thinking if we had a…a big fight and uh we broke up for a few hours,neutral
99,Monica,Yeah?,fear
99,Chandler,"Technically we could have sex again. What do you think, bossy and domineering?!",neutral
99,Monica,"The wedding is off, sloppy and immature!",anger
99,Chandler,That’s me! Come on!,joy
99,Monica,"Okay.  But wait, we can’t. My Cousin Cassie is in the guest room, we’re supposed to have lunch.",neutral
99,Chandler,"Well, get rid of her, obsessive and shrill.",neutral
99,Monica,Shrill?! The wedding is back on!,anger
99,Cassie,I thought I heard voices. You must be Chandler.,neutral
99,Chandler,Hi! Nice to meet you!,joy
99,Cassie,Nice to meet you too.,neutral
99,Monica,"So, are you ready to go?",neutral
99,Cassie,Yeah.,neutral
99,Monica,Chandler!,anger
99,Chandler,I’ll be right with you.,neutral
100,Ross,"Th-th-that's all it is, a third nipple.",neutral
100,Ross,Just your run-of-the-mill third nipple.,neutral
100,Ross,You can take it off.,neutral
100,Ross,Just slice that baby right off!,fear
100,Dr. Rhodes,"Take your shirt off, and let's see what we're dealing with here.  What are you doing?",neutral
100,Ross,Just showing you my run-of-the-mill-slice-it-right-off third nipple.,neutral
100,Dr. Rhodes,Well that's not a third nipple.,neutral
100,Ross,No?,surprise
101,Dr. Rhodes,"First of all, it's on your ass.",neutral
101,Ross,"Well then, what is it?!",surprise
102,Dr. Rhodes,"Wait a minute, hold it.  Johnson! Will you come in here a moment?",neutral
102,Dr. Johnson,I'm with Hamilton!,neutral
102,Dr. Rhodes,"He's good with rear things, bring him in too.",neutral
103,Kristen,"Umm, this is great wine.",joy
103,Ross,"It’s from France…In Europe…Western Europe. Y’know umm, a few years ago I actually was backpacking across Western Europe.",neutral
103,Kristen,Really?,surprise
103,Ross,"Uh-hmm—Wait! It gets better. Um, yeah I was in Barcelona.",joy
103,Kristen,I studied for a year in Barcelona.,neutral
103,Ross,"Anyway, umm so I was um, I was hiking",neutral
103,Kristen,I love hiking!,joy
103,Ross,Oh that’s great! I was hiking along the foothills of Mount Tibidaybo,joy
104,Janice,"So? Congratulations you two, I didn’t even know you got married.",surprise
104,Rachel,Oh we-we didn’t.,joy
105,Ross,No-no. We,fear
105,Janice,What?!,surprise
106,Ross,"Um uh…We’re-we’re just having this baby together but uh, uh that’s all.",neutral
106,Janice,Why?!!,surprise
106,Ross,"Uh well umm…we’re just not in that place, y’know? But we’re very excited about this.",neutral
106,Janice,Oh. Well then shut me up.,neutral
106,Rachel,Just tell me how.,neutral
106,Janice,"Uh-oh, I feel another one coming.",fear
107,Joey,"Let it go, Ross.",neutral
107,Ross,"Yeah, well, you didn't know Chi Chi.",neutral
107,Monica,Do you all promise?,neutral
107,Monica,Chandler? Do you promise to be good?,neutral
107,Joey,"You can come in, but your filter-tipped little buddy has to stay outside!",joy
107,Ross,"Hey, Pheebs.",neutral
107,Phoebe,Dear Ms. Buffay.,neutral
107,Phoebe,Thank you for calling attention to our error.,neutral
107,Phoebe,We have credited your account with five hundred dollars.,neutral
107,Phoebe,"We're sorry for the inconvenience, and hope you'll accept this-  -",neutral
108,Chandler,"Oh my God, honey we are so meant to be together. We both have copies of the",neutral
108,Monica,"Honey, both yours.",neutral
108,Rachel,Hey! Great advice on that Joey thing!,joy
108,Monica,Yeah? The work problem?,neutral
108,Rachel,Oh it was perfect! I mean it really felt like he was my friend again.,joy
108,Chandler,What problem did you tell him you had?,neutral
108,Rachel,"Oh that’s not important. The point is, I really—I think everything’s gonna be okay.",neutral
109,Monica,"Okay, I’ve got some Ones, you wanna put them in her panties?",neutral
109,Chandler,"No thanks, Mom!",disgust
109,Phoebe,"Ha-ha, it’s not my baby, ha-ha-ha!",anger
109,Monica,"Very good,  so good.",joy
109,Phoebe,"I really, really enjoyed it. Very exotic.",joy
109,Rachel,"Well, I just checked our messages and Joshua didn’t call.",sadness
109,Rachel,I mean you’d think he’d be worried about me not showing up at his club.,sadness
109,Rachel,"Ugh, you know what makes it so much worse, Ross is all happy in Vermont!",sadness
109,Phoebe,Come on! Look where you are!!,joy
109,Monica,"When you get a sec, another round of daiquiris.",neutral
109,Phoebe,"Remember, a virgin for me please.",neutral
109,Monica,Oh! And don’t let me leave without getting the name of that carpet guy.,neutral
109,Chandler,"Ahh, come on! Y’know what—y’know what, I think I’m just gonna go home and call Kathy.",neutral
109,Phoebe,"Well, if you think it will help.",neutral
109,Chandler,No!,anger
109,Chandler,That was a test!,fear
109,Chandler,In a couple of hours I’m gonna get really drunk and wanna call Kathy and you guys are gonna have to stop me!,fear
109,Chandler,"And then after that, I’m gonna get so drunk, I’m gonna wanna call Janice",fear
109,Phoebe,You should! How is she?,surprise
109,Chandler,Ohhh!!,anger
109,Monica,I think somebody needs another lap dance.,joy
110,Monica,"All right, I definitely taste nutmeg.",neutral
110,Phoebe,You do?,surprise
110,Monica,"You don’t?  Well, that’s the difference between a professional and a layman.",surprise
110,Phoebe,That and arrogance.,anger
110,Joey,Hey.,neutral
110,Monica,Hey! How was sailing?,joy
111,Joey,Wow thanks!,joy
111,Chandler,Joe?,fear
111,Joey,Yeah!,joy
111,Chandler,"Uh, you’ve had a lot of sex right?",neutral
111,Joey,"When? Today? Some, not a lot.",surprise
111,Chandler,"Well, it’s just the reason that I’m asking is because I kind of eh, uh, I was unable to—I mean I really wanted to, but I couldn’t….",fear
111,Chandler,"There huh—hmm, there-there was an incident.",fear
111,Joey,"Don’t worry about that man, that happens.",neutral
111,Chandler,It’s happened to you?,surprise
111,Joey,Yeah! Once.,neutral
111,Chandler,"Well, what’d you do?",surprise
111,Joey,I did it anyway.,neutral
111,Joey,‘Sup? ‘Sup dude?,neutral
111,Chandler,"Take whatever you want, just please don’t hurt me.",fear
111,Joey,So you’re playing a little,neutral
111,Chandler,"Yes, on a scale from 1 to 10, 10 being the dumbest a person can look, you are definitely 19.",disgust
111,Joey,"Come on man, really how old?!",surprise
111,Chandler,"Young! You’re a man-child okay?! Now go get changed because everybody’s ready and please, oh please, keep my underwear!",disgust
112,Ross,And they knew about it?,surprise
112,Phoebe,"Okay, well Ross, what is this really about?",surprise
112,Ross,"Look, this is my home and I want to be able to come and go whenever I want!",anger
112,Phoebe,"Okay, I will find someplace else to do the rest of my appointments. I just don’t know what the big deal is!",anger
112,Ross,"The big deal is I don’t want naked, greasy strangers in my apartment when I want to kick back with a puzzle—beer! Cold beer.",disgust
113,Ross,"Okay, look, he's not gonna hurt them, right?",neutral
113,Monica,Do you always have to bring him here?,anger
113,Ross,I didn't wanna leave him alone.,neutral
113,Ross,Alright?,neutral
113,Ross,We- we had our first fight this morning.,neutral
113,Ross,I think it has to do with my working late.,neutral
113,Ross,"I said some things that I didn't mean, and he- he threw some faeces...",neutral
113,Chandler,"Y'know, if you're gonna work late, I could look in on him for you.",neutral
113,Ross,"Oh, that'd be great!",joy
113,Ross,"Okay, but if you do, make sure it seems like you're there to see him, okay, and you're not like doing it as a favour to me.",neutral
113,Chandler,"Okay, but if he asks, I'm not going to lie.",neutral
114,Chandler,Check this out.,neutral
114,Chandler,It says here that there’s a place you can go to rent videos of all the museums!,surprise
114,Chandler,"""It’s almost as good as being there.""",neutral
114,Joey,It’s better! You can’t go to a museum in your underwear!,joy
114,Joey,Oh-ho! I bet the British version is gooooood!,joy
115,Jester,"Uh, may I help you?",neutral
115,Monica,"Yeah, I talked to you on the phone, I’m the lady that got stuck with the racecar bed.",neutral
115,Jester,"Look, it’s like I told you, there’s nothing I can do. You signed for it, Monica Velula Geller.",neutral
115,Joey,"All right, Jester man, look we wanna see the king.",neutral
115,Jester,Nobody sees the king!,anger
115,Joey,"Oh-ho-kay, I’m talking to the king.",neutral
115,Jester,Hey! You can’t go back there!,surprise
115,Janice,Oh my God.,surprise
116,Ross,"So, this must be kinda neat for ya, huh?",neutral
116,Ross,"I mean, your Dad tells me that you get a couple of days off school, and you, you ah, don’t have to sell those cookies anymore.",neutral
116,Sarah,"Well, I kinda wanted to sell the cookies. The girl who sells the most wins a trip to Spacecamp, and gets to sit in a",sadness
116,Ross,"Wow, you ah, you really like all this space stuff, huh?",surprise
116,Sarah,Yeah.,neutral
116,Sarah,"My Dad says if I spend as much time helping him clean apartments, as I do daydreaming about outer space, he’d be able to afford a trip to the Taj Mahal.",neutral
116,Ross,I think you would have to clean a whole lot of apartments to go all the way to India.,neutral
116,Sarah,"No. The one in Atlantic City, Dad loves the slots. He says he’s gonna double the college money my Grandma left me.",sadness
117,Monica,"Oh, um, I don’t know if that’s a good idea.",joy
117,Richard,"Oh. Look, just friends, I won’t grope you. I promise.",neutral
117,Monica,"No, I just I think that it’s too soon.",joy
117,Richard,"No it’s not too soon, I had lunch at a eleven.",neutral
118,Chandler,I invented the game of Cups as a way to give Joey money.,neutral
118,Ross,And now you want that money back.,surprise
118,Chandler,Exactly.,neutral
118,Ross,"Chandler, what kind of an idiot do you take me for?",joy
118,Chandler,It’s not a real game! I made it up!,anger
118,Ross,"I’m sorry you lost your money, but I won it fair and square.",joy
119,Joey,I don't know.,neutral
119,Joey,But I can see through your sheet.,neutral
119,Joey,"Yeah, yeah, that's her.",neutral
119,Joey,But y'know what?,neutral
119,Joey,"Doesn't matter, I'm never gonna get to meet her anyway.",sadness
119,Monica,Why?,neutral
119,Joey,"Because it's impossible to find her apartment! She lives in some like of hot girl parallel universe, or something.",sadness
119,Monica,"What are you talking about?  She obviously lives on the second floor, seventh apartment from the left!",surprise
119,Joey,No. No. No. She lives on the,neutral
119,Monica,"No, those first two windows,  that's the lobby.",neutral
119,Monica,"And y'know the other one over there, that's the stairway.",neutral
119,Monica,You've been counting wrong.,neutral
119,Joey,I did,anger
120,Rachel,"Monica, betting the apartment, I don’t know about this.",fear
120,Monica,"Rachel, I have not missed one question the whole game. I own this game! Look at my hand.",joy
120,Rachel,Why? Do you have the answers written on there?,surprise
120,Monica,"No! Steady as a rock! Now, are you with me.",neutral
120,Rachel,"All right, let’s do it.",fear
120,Ross,"All right, gentlemen, you’re up first.",neutral
120,Joey,Okay.,neutral
120,Chandler,Okay.,neutral
120,Ross,You have 30 seconds. And the lightning round begins—stop it —now. What was Monica’s nickname when she was a field hockey goalie?,neutral
120,Joey,Big fat goalie.,neutral
120,Ross,Correct. Rachel claims,neutral
120,Chandler,Dangerous Liaisons,neutral
120,Ross,Correct. Her actual favorite movie is...,neutral
120,Joey,Weekend at Bernie’s,neutral
121,Phoebe,"Well, look, why don’t you just, why don’t you do your Phase Two strip club thing with us.",neutral
121,Monica,"Yeah, come on, we can be guys!",joy
121,Chandler,No you can’t.,joy
121,Chandler,"You don’t want to be guys, you’d be all hairy and wouldn’t live as long.",disgust
121,Phoebe,"Y’know you, you just stop being such a wuss and get those off and you come with us and watch naked girls dance around!!",anger
121,Chandler,Okay.,neutral
121,Phoebe,I’m sorry.,sadness
122,Monica,"And y'know what, I just realised, in the last year I’ve only gone out with two guys, Richard and Julio.",surprise
122,Monica,"You gotta help me out here, you gotta set me up, you gotta get me back in the game.",fear
122,Rachel,"Well, that shouldn’t be a problem. I mean I work in fashion and all I meet are eligible straight men.",neutral
122,Monica,"Pete, can I get you something else?",neutral
122,Pete,"Yeah, a slice of cheesecake and-and a date if you’re given’ ‘em out.",neutral
122,Monica,Haven’t you and I covered that topic?,neutral
122,Pete,"Hmm, come on, you just said to her that you….",neutral
122,Monica,"Aww, the only reason you want to go out with me because my blond wig, and the big boobs, and the fact that I serve you food.",joy
122,Pete,"Well, if that were true, I’d dating my Aunt Ruth.",joy
122,Pete,And the two times we went out were just plain awkward.,disgust
122,Pete,"Come on, you think she should go out with me, don’t you?",neutral
122,Rachel,"Well, I mean, are you sure you want to go out with her?",neutral
122,Rachel,"I mean that ain’t a pretty picture in the morning, y’know what I mean.",disgust
122,Rachel,"That wig all in disarray, and boobs flung over the night stand, y'know.",disgust
122,Monica,"I mean really, think about it.",neutral
122,Pete,"Ho-ho, I will.",neutral
123,Chandler,I believe I read that somewhere!,surprise
123,Ross,"That only is not funny, it's physically impossible!",anger
123,Ross,Okay?,anger
123,Ross,Depending    on the species I'd have to have a six foot long...,anger
123,Ross,It's not funny!,anger
123,Chandler,I respectfully disagree.,neutral
123,Ross,I can't believe you put that on my alumni page!,anger
123,Chandler,Who cares? Nobody reads those things,neutral
123,Ross,You'd better hope not because I just read what you put on your    page today.,anger
123,Chandler,I don't have a page.,neutral
123,Ross,Oh oh oh! I RESPECTFULLY DISAGREE!!,anger
124,Ross,I know I miss you too. I can't wait to see you. I love you. Bye.,joy
124,Chandler,"Okay, what is in here? Rocks?",surprise
124,Ross,"No-no, this is my collection of fossil samples.",neutral
124,Chandler,"So, rocks.",disgust
124,Ross,"I'm really gonna miss this apartment. Y'know, Ben-Ben took his first steps right over there.",sadness
124,Joey,"Ohh. Hey, remember when I ran into this thing  and it kinda knocked me out a little?",joy
124,Ross,"I loved this place! To tell you the truth, I wish I didn't have to move.",joy
124,Joey,"Uhh, are you saying that you're not entirely happy about this?",surprise
124,Ross,"Well, I mean if uh, if Emily gave me a choice",sadness
124,Joey,You,neutral
124,Ross,Why?,neutral
124,Joey,"Hey, you guys! Look what I found in the giiiiiiift shop.  Get up! Get up! Get up!",joy
125,Emily,"I left a bra drying on the shower rod, you don’t think your son will think it’s yours and be horribly traumatised?",joy
125,Ross,"Hey, if mommy can have a wife, daddy can have a bra.",neutral
125,Emily,"Ohh, it’s time to go.",neutral
125,Ross,"Oh, no-no-no, see, that-that clock’s a little fast, uh, we have 17 minutes.",neutral
125,Ross,"Huh, what can we do in 17 minutes?",neutral
125,Ross,Twice?,neutral
125,Emily,Well that’s ambitious.,neutral
125,Ross,"Hey, uh, you can ignore that.",neutral
125,Emily,That’s Carol with your son!,surprise
126,The Singing Man,"Morning’s here! Sunshine is here! The sky is clear, the morning’s here! The morning’s here!",joy
126,Rachel,HEY!! Do you,anger
126,The Singing Man,Oh come on! Morning’s here!  Morning’s here! The morning is here! Sunshine is here!,joy
126,Rachel,I,neutral
126,Joey,Are you kidding? I love that guy!  Morning’s here! Morning is here—,joy
126,Rachel,Stop it! I will kill you. I hate the fact that my room is so small.,anger
126,Monica,"Hey, I have all the space I need. Just do what I did.",neutral
126,Rachel,"Monica, you don’t even have a bed, you sleep in a ball on the floor!",anger
126,Monica,Y’know what? I am,neutral
126,Rachel,I’m sorry. I’m so sorry.,sadness
126,Monica,Okay.,neutral
126,Joey,"See, this is a",neutral
126,Monica,Shut up! This place is a hole!,anger
127,Chandler,"All right buddy, time to roll over.",neutral
127,Chandler,No-no!,fear
127,Chandler,"No, no-n-n-n-no!!",fear
127,Chandler,You are going to a clinic!,disgust
127,Chandler,"You’re going to a clinic, and a pyjama store!",disgust
128,Phoebe,Are you under the sheet?,neutral
128,Monica,Yes.,neutral
128,Phoebe,"Great, let’s begin.  How’s the pressure?",joy
128,Monica,Nice! Wow Phoebe you are good!,joy
128,Phoebe,"Stating the obvious, but thank you. And it’s not weird is it.",joy
128,Monica,No. Ooohh,joy
128,Phoebe,"That’s right, you just enjoy.",neutral
128,Monica,Oh. Oh yeah! Ohhhhh! Ohh! Oh yeah!,joy
128,Phoebe,Okay.,neutral
128,Monica,Oh God Phoebe!!  Oh that’s it! That’s it! Right there! Oh!  Ooooh-oooh-ooooh,joy
129,Kate,Become a drama critic!,joy
129,The Director,I am hurt!  A plague on both your houses!,sadness
129,Kate,"By the way, he dumped me tonight after he read my review.",sadness
129,Joey,"Oh, classy.",disgust
129,Kate,"Yep! I sure know how to pick ‘em, huh? Y'know I gave up a part on a soap for this!",sadness
129,Joey,"Wow! Yeah I ah, I gave up a job too.",anger
129,Kate,Really. What?,surprise
129,Joey,"Uh, de-clawing cats.",anger
129,Joey,"Hey, tell ya what.",neutral
129,Joey,Let me walk you home.,neutral
129,Joey,We’ll stop by every news stand and burn every copy of their Times and the Post.,anger
129,Kate,Why the Post?,surprise
129,Joey,"Oh, you didn’t see the Post?",surprise
129,Kate,No. You?,neutral
129,Joey,No. Why?,neutral
130,Rachel,Hi Joey! What are you doing here?,joy
130,Joey,"Uhh, well I’ve got an audition down the street and I spilled sauce all over the front of my shirt.  You got an extra one?",neutral
130,Rachel,"Yeah, sure. Umm…here.",neutral
130,Joey,Great.  You got anything that’s not,disgust
130,Rachel,"Yeah, I don’t think so Joe.",neutral
130,Joey,"All right, I guess this will be fine.",neutral
130,Rachel,"Hey, listen umm, what-what are you doing tonight?",neutral
130,Joey,"Nothing, why?",neutral
130,Rachel,How would you feel about taking out my assistant Tag? I’ll pay.,neutral
130,Joey,"Huh, Rach I got to say it’s gonna take a lot of money for me to go out on a date with a dude.",disgust
130,Rachel,I’m not asking you to go on a,neutral
130,Joey,Really? ‘Cause I could kinda use the money.,surprise
130,Rachel,"Joey, just-just he-he’s new in town and I know he doesn’t have any guy friends.",neutral
130,Rachel,Just take him to like a ball game or something.,neutral
130,Rachel,I’ll really appreciate it.,neutral
130,Joey,"Yeah, okay.",neutral
130,Rachel,Yeah?,surprise
130,Joey,"Sure, no problem.  Ooh—Hey, donuts!",joy
131,Commercial,"Problem odour in the litter box? Don’t change your kitty, change your kitty litter.",neutral
131,Monica,"Sorry, Pheebs.",sadness
131,Joey,Yeah. You okay?,neutral
132,Rachel,"No! Sorry, I just thought you were somebody else. Hi!",surprise
132,Mark,"Hi. Well, look, I was just gonna leave a message, isn’t tonight your, your big anniversary dinner?",neutral
132,Rachel,"Yeah. Well, umm.....",sadness
132,Mark,"Rach, are you okay?",surprise
132,Rachel,"Yeah, I’m fine.",sadness
132,Mark,"You wanna talk, I mean I can come over?",neutral
132,Rachel,"No! Really, no, please, please, that’s, that’s okay.",sadness
132,Mark,"All right, all right, I’m coming over, and I’m bringing Chinese food.",neutral
132,Rachel,"Oh, yeah, I’m not, I’m not hungry.",sadness
132,Mark,It’s for me.,neutral
132,Rachel,"Oh. Okay, bye.",neutral
133,Chandler,"Come on, pick up, pick up!",fear
134,Chandler,Hello?,neutral
135,Chandler,Transit Authority?,neutral
135,Chandler,"Yes, hello.",neutral
135,Chandler,"I'm doing research for a book, and I was wondering what someone might do if they left a baby on a city bus.",neutral
135,Joey,"Hi, here's the deal.",neutral
135,Joey,We lost a carseat on a bus today.,neutral
135,Joey,"It's white plastic, with a handle, and it fits onto a stroller.",neutral
135,Joey,"Oh, and there was a baby in it.",neutral
135,Joey,He wants to talk to you again.,neutral
136,Ross,Hello.,neutral
136,Ross,I’m sorry I’m a little late.,neutral
136,Joey,Whoa,surprise
136,Ross,"Let me start by uh, by introducing myself, I am Professor Geller.",neutral
136,Ross,"So to sum up, I’m Professor Geller.",neutral
137,Ross,"Good evening, sir.",neutral
137,Ross,My name is Ross Geller.,neutral
137,Ross,I'm one of the people who applied for the apartment.,neutral
137,Ross,And I-I realize that the competition is fierce but—I'm sorry.,neutral
137,Ross,"I, I can't help but notice you're naked and  I applaud you.",joy
137,Ross,"Man, I wish I was naked.",neutral
137,Ross,"I mean, this-this looks so great.",joy
137,Ross,That is how God intended it.,neutral
138,Rachel,"Okay, I have to tell you something that I have never admitted during our entire friendship!",anger
138,Rachel,"But, when we were in high school I made out with James Farrell even when I knew that you liked him!",anger
138,Rachel,"Wow, that feels so good to get off my chest!",joy
138,Rachel,"Okay, you go!",anger
138,Monica,My turn? What-what are you talking about?,surprise
138,Rachel,"Ugh, Monica, I know about you and Chandler.",disgust
138,Monica,What?!,surprise
138,Rachel,"I overheard you guys on the phone the other day, and you said, ""I'll just tell Rachel that I'm doing laundry for a couple of hours.""",neutral
138,Rachel,"And he said, ""Laundry?",neutral
138,Rachel,Is,neutral
138,Monica,Well. Sounds like you're writing yourself a little play there Rach. Wow! Let me know how that one turns out.,joy
138,Rachel,"Well, I wouldn't know because I got so freaked out that I hung up the phone.",anger
138,Monica,"Well, if you had kept listening, you-you would have heard me call him Mr. Big……ot.",neutral
138,Rachel,What?!,surprise
138,Monica,Mr. Bigot. He tells the most,neutral
138,Rachel,All right. So you're telling me that there is nothing going on between you and Chandler.,anger
138,Monica,Me and Chandler?!,surprise
139,Phoebe,"I really thought you making a good point. I mean y'know, until you got cut off.",neutral
139,A Female Student,"Yeah, what's up with that girl Monica?",neutral
139,Phoebe,I don't know! I didn't come with her!,anger
139,Monica,All right everybody! Everybody guess what? I just convinced Paul to give us a test next week!,joy
139,All,A test?!!,surprise
139,Monica,Come on! Tests make us all better learners! Oh yeah!  We should have essay questions!!,joy
140,Phoebe,"Okay I’ve got one for you, if you had too which one would you rather eat, a seeing eye dog or a talking gorilla?",neutral
140,Cliff,"I’d have to say…the talking gorilla, because at least I can explain to him that you’re making me eat him.",neutral
140,Phoebe,Somebody went to college. Wow.  What is it? I’m sorry.,surprise
141,Mr. Franklin,"Okay, I hear you loud and clear. Bob will stay put.",neutral
141,Chandler,I think it’s best sir.,neutral
141,Mr. Franklin,But we really do need to find someone up here.,neutral
141,Mr. Franklin,The work is starting to pile up.,neutral
141,Mr. Franklin,I’ve got a stack of documents on my desk this high.,neutral
141,Chandler,"Y’know what you should do, just toss ‘em in the shedder and claim you never got ‘em.",neutral
141,Mr. Franklin,That’s a good one.,neutral
141,Chandler,What does a guy have to,neutral
142,Ross,"Yeah, yeah, everybody's here. Hey, everybody, say hi to Julie in New Mexico.",neutral
142,All,"Hi, Julie!",joy
143,Phoebe,Isn’t there a national football league.,neutral
143,Chandler,"Yes. Yes, there is, they play on Sundays and Monday nights.",neutral
143,Rachel,Oh shoot! I work Monday nights.,sadness
143,Phoebe,"Umm, this stuffing is amazing. Do you think we should bring them some?",joy
143,Joey,"When they’re hungry enough, they’ll come in.",neutral
144,Tag,"Hey Joey, you wanted to talk to me?",neutral
144,Joey,"I don’t know. You uh, you got something for me?",neutral
144,Tag,"Oh, yeah, this is from Rachel.",neutral
144,Joey,Ten. Okay. Now Tag there’s such a thing as too many women.,neutral
144,Tag,Really?,surprise
144,Joey,"Yeah, for you!",joy
145,Chandler,"Oh, Danielle! I wasn't expecting the machine... Give me a call when you get a chance.  Bye-bye.  Oh God!",surprise
145,Monica,That's,neutral
145,Chandler,"Hey, I've been honing!",anger
145,Ross,What was with the dishes?,neutral
145,Chandler,"Oh, uh..",fear
145,Chandler,I want her to think I might be in a restaurant.. y'know?,fear
145,Chandler,"I might have some kind of life, like I haven't been sitting around here honing for the past few hours.",anger
145,Monica,"Look look! He's doing it again, the guy with the telescope!",surprise
145,Phoebe,Oh my God!  Go away!  Stop looking in here!,anger
145,Monica,"Great, now he's waving back.",disgust
145,Joey,"Man, we gotta do something about that guy.",disgust
145,Joey,"This morning, I caught him looking into our apartment.",disgust
145,Joey,It creeps me out!,anger
145,Joey,I feel like I can't do stuff!,anger
145,Monica,What kinda stuff?,joy
145,Joey,"Will you grow up? I'm not talking about sexy stuff, but, like, when I'm cooking naked.",disgust
145,Phoebe,You cook naked?,surprise
145,Joey,"Yeah, toast, oatmeal... nothing that spatters.",neutral
145,Chandler,What are you looking at me for? I didn't know that.,surprise
146,Monica,Y'know they say a watched pot never beeps.,neutral
146,Phoebe,"It’s just y'know, been a couple of hours, and she hasn’t called. Not that I even care, y'know.",sadness
146,Monica,Phoebe why don’t you just call her? You obviously want to.,neutral
146,Phoebe,You think you know me so well.,anger
146,Monica,"Well, don’t ‘cha wanna?",neutral
146,Phoebe,Yeah.,neutral
146,Monica,"Okay, well I do know you.",neutral
146,Phoebe,That’s what I said.,neutral
146,Monica,Well so?,neutral
146,Phoebe,I can’t.,sadness
146,Phoebe,I can’t.,sadness
146,Phoebe,"She dumped me, I mean I totally trusted her and then one day it was ‘Okay, bye Pheebs’ gone.",sadness
146,Phoebe,"Y'know what the saddest part is, when we were playing together, that was like the most fun I’ve ever had in like all my lives.",sadness
147,Ross,"Ok, bye.  Well, Monica's not coming, it's just gonna be me and Rachel.",neutral
147,Chandler,"Oh. Well, hold on camper, are you sure you've thought this thing through?",neutral
147,Ross,It's laundry. The thinking through is minimal.,neutral
147,Chandler,"It's just you and Rachel, just the two of you? This is a date. You're going on a date.",joy
147,Ross,Nuh-uh.,fear
147,Chandler,Yuh-huh.,joy
147,Ross,"So what're you saying here? I should shave again, pick up some wine, what?",surprise
147,Chandler,"Well, you may wanna rethink the dirty underwear.",disgust
147,Chandler,This is basically the first time she's gonna see your underwear—you want it to be dirty?,surprise
147,Ross,No.,neutral
147,Chandler,"Oh, and uh, the fabric softener?",neutral
147,Ross,"Ok, ok, now what is wrong with my",anger
148,Chandler,"Ok, so it's just because it was my table, I have to buy a new one?",anger
148,Joey,That's the rule.,neutral
148,Chandler,"What rule? There's no rule, if anything, you owe me a table!",anger
148,Joey,How'd you get to that?,anger
148,Chandler,"Well, I believe the piece of furniture was fine until your little breakfast adventure with Angela Delvecchio",anger
148,Joey,You knew about that?,surprise
148,Chandler,"Well, let's just say the impressions you made in the butter left little to the imagination.",disgust
148,Joey,"Ok, ok, How about if we split it?",neutral
148,Chandler,"What do you mean, like, buy it together?",neutral
148,Joey,Yeah,neutral
148,Chandler,You think we're ready for something like that?,neutral
148,Joey,Why not?,neutral
148,Chandler,"Well, it's a pretty big commitment, I mean, what if one of us wants to move out?",neutral
148,Joey,"Why, are you moving out?",surprise
148,Chandler,I'm not moving out.,neutral
148,Joey,You'd tell me if you were moving out right,fear
148,Chandler,"Yeah, yeah, it's just that with my last roommate Kip...",neutral
148,Joey,"Aw, I know all about Kip!",anger
148,Chandler,"It's just that we bought a hibachi together, and then he ran off and got married, and things got pretty ugly.",anger
148,Joey,"Well, let me ask you something, was Kip a better roommate than me?",sadness
148,Chandler,"Aw, don't do that",sadness
149,Phoebe,"Ooh, oh no! I have to go! I have a massage appointment.",sadness
149,Eric,"Oh no, stay here we’ll keep doing this. I’ll pay you.",neutral
149,Phoebe,"No, I got in trouble for that before. I’ll see you later.",neutral
149,Eric,Absolutely.  I love the way you kiss.,joy
150,Mona,Oh my God! Oh my God! I’m so sorry!,fear
150,Ross,"Aw forget it, it’s from",neutral
150,Dr. Green,You think you can knock up my daughter and then not marry her?! I’m gonna kill you!!,anger
150,Ross,Y’know this is actually not a great time for me.,sadness
151,Rachel,"Okay! So, we’ll just stay married.",joy
151,Ross,"Yes, exactly!",joy
151,Rachel,And I will make everyone call me Mrs. Geller!,joy
151,Ross,"Wow! This is so amazing. I uh, I really thought I’d have to talk you into this more.",joy
151,Rachel,What-wh-what so we’ll just stay married forever?!,surprise
151,Ross,"Okay, look, how is this gonna affect you?",neutral
151,Ross,Really?,anger
151,Ross,I mean you fill some form out once and a while and instead of checking the box that says Ms you check the box that says Mrs.!,joy
151,Ross,It’s,neutral
151,Rachel,"Ohh, okay, I’m sorry.",sadness
151,Rachel,You’re right.,neutral
151,Rachel,Y’know what?,neutral
151,Ross,I’m asking you to do me a favor.,neutral
151,Rachel,You are asking me to be your wife!,anger
151,Ross,And as my wife I think you should grant me this favor.,neutral
152,Monica,Oh my God!,surprise
152,Paul,"I know, I know, I'm such an idiot.",joy
152,Monica,"My brother's going through that right now, he's such a mess. How did you get through it?",neutral
152,Paul,"Well, you might try accidentally breaking something valuable of hers, say her-",neutral
152,Monica,-leg?,neutral
152,Paul,"That's one way! Me, I- I went for the watch.",neutral
152,Monica,You actually broke her watch?,surprise
152,Rachel,"Barry, I'm sorry...",sadness
152,Rachel,I am so sorry...,sadness
152,Rachel,"I know you probably think that this is all about what I said the other day about you making love with your socks on, but it isn't... it isn't, it's about me, and I ju-  Hi, machine cut me off again... anyway...",sadness
153,Ross,"No real-, honey, really it’s fine, just g-go with Susan.",neutral
153,Ross,"Really, I, no, I think girls night out is a great idea.",joy
153,Ross,"Okay, okay, bye",neutral
153,Phoebe,So what are they doing?,neutral
153,Ross,"I don’t know, something girlie.",joy
153,Phoebe,"Hey, you’re early.",neutral
153,Monica,What are you doing with the lamp?,surprise
153,Phoebe,I’m just taking it to be re-wired.,neutral
153,Monica,"Oh, well don’t take it to the same place you took the stereo, ‘cause they’ve had that thing for over a week.",disgust
153,Phoebe,"No, no, Mr. Heckles no one is making any noise up here.",neutral
153,Mr. Heckles,You’re disturbing my oboe practice.,anger
153,Phoebe,You don’t play the oboe!,anger
153,Mr. Heckles,I could play the oboe!,anger
154,Rachel,Ohhh! That is soo sweet!,joy
154,Mark,"Okay, okay look, I know I'm being Mr. Inappropriate today, but it's just so tough, I mean see you walking around and I just wanna touch you and hold you, come on no one's around, just, just kiss me.",joy
154,Ross,"All right that's, that's it!! Get off her!",anger
154,Mark,What is going on?,surprise
154,Ross,What's going on?!  That's what's going on!!,anger
154,Rachel,Ross!,surprise
154,Ross,I have been down in your store for twenty minutes trying to get a tie!,anger
154,Ross,What do I have to do to get some service?!,anger
154,Ross,Hi Rach.,neutral
155,Mona,Ross?,neutral
155,Ross,Yeah?,neutral
155,Mona,Hey it’s Mona! From the wedding.,joy
155,Ross,Oh hi!,joy
155,Mona,Hi!,joy
155,Ross,Wow! Uh…how are you?,surprise
155,Mona,"I’m good except umm, you still owe me a dance.",neutral
155,Ross,"Oh that’s right. Well uh, would you be interested in seeing a Ukrainian film?",joy
155,Mona,Oh you’re serious. Sure!,surprise
155,Ross,Great! Well umm,joy
155,Mona,I think I might need one more cup of coffee.,neutral
155,Ross,"Sure! Uh, let me get it for ya.",neutral
155,Mona,Okay.,neutral
156,Phoebe,"Look, I feel really bad about how I freaked you out before, so I called the father and asked him to meet you here so you can tell him.",sadness
156,Phoebe,Go!,anger
156,Rachel,"What? Hey wait a minute! Phoebe, how do you even know who the father is?",surprise
156,Phoebe,"I may play the fool at times, but I’m a little more than a pretty blond girl with an ass that won’t quit.",anger
156,Phoebe,I believe this belongs to the father of your baby.,neutral
156,Rachel,"Oh God… Oh, he’s in there right now?",surprise
156,Phoebe,Uh-huh. Now you can turn around or you can go in there and rip the Band-Aid off. What to you want to do?,neutral
156,Rachel,"Uh, let’s rip!",fear
156,Phoebe,Really? Are you sure?,surprise
156,Rachel,Oh Phoebe!,joy
156,Phoebe,"Okay, sorry. Yeah.",neutral
156,Tag,Hey Rach.,neutral
157,Phoebe,"Hey, thank you so much for these tickets, Chandler.",joy
157,Chandler,"Oh well, this was a really important experience for me, and    I wanted to share it with you.",joy
157,Monica,"Oh, you're so wonderful.",joy
158,Joey,"It can’t be me, I’m standing right here.",neutral
158,Mr. Geller,Wanna peek?,neutral
158,Ross,No!,disgust
158,Mr. Geller,Come on!,surprise
158,Joey,We’re not peeking?,sadness
158,Mr. Geller,Well I’m peeking.  Oh my God!,surprise
158,Chandler,"Hello sir, you know Monica.",neutral
159,Joanna,Chandler is fantastic!!,joy
159,Rachel,What?!,surprise
159,Joanna,Y’know how people just click?,joy
159,Joanna,"Like he came by to pick me up, and I opened the door, and it was just like, click!",joy
159,Joanna,Did he tell you?,surprise
159,Joanna,"Oh, and he’s got such a good heart! Doesn’t he have a good heart?",joy
159,Rachel,"Oh, I know...",joy
159,Joanna,"Oh, I know and he’s soo sweet! Listen, he said he was going to call, so put him straight through.",joy
159,Sophie,Isn’t this great?!,joy
159,Joanna,Don’t spoil it.,neutral
160,Ross,Hi.,neutral
160,Rachel,"Hi, sweetie!",joy
160,Ross,Hello.,neutral
160,Mark,"Hi, Ross.",neutral
160,Ross,"Yeah, huh.",neutral
160,Rachel,I?ve got some bad news.,sadness
160,Ross,What?,fear
160,Rachel,"I can get a quick bite to eat, but then I have to come back up here.",neutral
160,Ross,"Come on sweetie! You?ve had to work late every night for the past two weeks, what is it this time?",sadness
160,Ross,"But work comes first!  Oh hey, but that?s sad about you though, what happened? Burn out? Burn all out, did ya?",joy
160,Rachel,"Nooo, he?s leaving for a better job.",neutral
160,Ross,"Oh well that?s great, so I guess this is ah, this is good bye then. Huh?  Good bye.",joy
160,Mark,"Okay, then.",neutral
160,Ross,Okay.,neutral
160,Rachel,Well we?re gonna miss you around here.,sadness
160,Mark,"Yeah, me too.",sadness
160,Mark,"So, see ya on Saturday.",neutral
160,Rachel,"Yeah, you bet.",neutral
161,Ross,Whazzup??,neutral
161,Chandler,"Seriously dude, 3 years ago.",joy
161,Ross,"Listen, can you do me a favor?",neutral
161,Ross,I'm gonna be out today.,neutral
161,Ross,"Can you    just keep an eye on Joey, make sure nothing happens between him and Molly?",neutral
161,Chandler,You don't trust him?,surprise
162,Ross,I think the check in is that way.,neutral
162,Rachel,Ahh.,neutral
163,Joey,"Monica face it, Chandler is against marriage. And-and always will be!",neutral
163,Monica,Well there’s some people who do want to marry me.,anger
163,Joey,There are?,surprise
163,Monica,Yeah! Richard!,anger
163,Joey,R-R-Richard said he wants to marry you?!  And-and Chandler’s tellin’ ya how much he hates marriage?!,surprise
163,Monica,That’s right.,neutral
163,Joey,Chandler,neutral
163,Monica,You just told me that he hates marriage!,surprise
163,Monica,That-that he’s a-a complex fellow who’s unlikely to take a wife!,anger
163,Monica,That-that he’s against marriage and always will be!,anger
163,Joey,You got,neutral
164,Ross,"You know you probably didn't know this, but back in high school, I had a, um, major crush on you.",fear
164,Rachel,I knew.,neutral
164,Ross,You did! Oh.... I always figured you just thought I was Monica's geeky older brother.,surprise
164,Rachel,I did.,neutral
164,Ross,Oh.,sadness
164,Ross,"Listen, do you think- and try not to let my intense vulnerability become any kind of a factor here—but do you think it would be okay if I asked you out?",fear
164,Ross,Sometime?,neutral
164,Ross,Maybe?,neutral
164,Rachel,"Yeah, maybe...",joy
164,Ross,"Okay... okay, maybe I will...",joy
165,Chandler,"Well, I just thought it’d make me feel good to do something nice for my friend.",neutral
165,Joey,"Well, you’re amazing.",joy
165,Chandler,Oh no-no-no.,neutral
165,Joey,"A TV as if it appears from nowhere! That’s the dream! Man, how did you afford this stuff?",surprise
165,Chandler,"Well, y’know I’m 29. I mean who needs a savings account.",neutral
165,Joey,"Oh, you are the best friends anyone has ever had.",joy
165,Chandler,"Oh, I don’t know.",fear
165,Joey,"Oh-no-no-no, you are!",joy
165,Joey,"You do this, you give me the great advice, and hey listen, I was thinking about what you said yesterday about focusing on one woman, I’m gonna do that.",joy
165,Chandler,You mean with Casey.,neutral
165,Joey,"No-no-no, I think I’m gonna see how things go with Kathy. She’s pretty cool.",neutral
165,Chandler,Or Casey.,neutral
165,Joey,"No-no, Kathy.",neutral
165,Chandler,Could be Casey.,neutral
165,Joey,"No. No, Kathy.",neutral
165,Chandler,Consider Casey.,neutral
165,Joey,I think somebody’s got a little crush on Casey.,joy
165,Joey,How ‘bout I fix you two up?,joy
165,Joey,What do you think?,joy
165,Chandler,That all the pieces of my life are falling right into place!,joy
166,Chandler,"Hey, anybody got a length of rope about six feet long with a little nouse at the end?",neutral
166,Monica,"Honey, what’s the matter?",neutral
166,Chandler,I just saw Janice.,neutral
167,Singer,"‘Cause every time I see your face, I can’t help but fall from grace. I know.....",joy
167,Joey,Wow! This girl is good.,surprise
167,Phoebe,"Oh-ho yeah! A song with rhyming words. Oo, I never thought of that before.",anger
167,Chandler,I like her.,neutral
167,Phoebe,Why? Because she can sing and play guitar and do both at the same time?,neutral
167,Chandler,"Well, that’s pretty much all I’m looking for from these people.",neutral
167,Monica,Look at you. All jealous.,anger
167,Ross,"Yeah Pheebs, come on, you two have completely different styles. Y'know, she’s more.. y'know, and you’re more",neutral
167,Joey,Say you'll stay beside me,sadness
167,Phoebe,"Okay, see, see, everyone else is happy she’s done.",anger
167,Singer,"Okay, my next song’s called: Phoebe Buffay, What Can I Say.",neutral
167,Singer,"I Really Loved When We Were Singing Partners, And I Shouldn’t Have Left You That Way.",neutral
167,Phoebe,"Oh no, one of those ‘look for the hidden meaning’ songs.",neutral
168,Ross,"Yes, hello.",neutral
168,Ross,I have a question.,neutral
168,Ross,"Umm, I used your pen to draw on my friend's face.",neutral
168,Ross,A beard and a moustache.,neutral
168,Ross,Thank you.,neutral
168,Ross,"No,",neutral
168,Rachel,What?! What else did he say?,surprise
168,Ross,"Umm, he said he thought I was funny.",neutral
168,Ross,"So… Okay, look-look umm, let's just go downstairs, we'll have some fun, and you will forget all about it.",neutral
168,Rachel,"Ross, no! There is",anger
168,Ross,"Oh, come on! Rach, it's-it's not that bad.",neutral
168,Rachel,"Ross, I am a human doodle!!",anger
168,Ross,"Look, just because some idiot drew on your face doesn't mean you shouldn't have any fun!",neutral
168,Ross,"And besides, hey-hey-hey no one is even gonna",neutral
168,Ross,"Okay, there was",neutral
169,Ross,Come on!,joy
169,Rachel,"Oh wait, don’t you have to pay for your,  Busty Ladies?",joy
169,Ross,"No, it’s okay. Some-some kid asked me to pick it up for him, but I don’t",neutral
170,Monica,Oh my God!!! What are you doing?!!,surprise
170,Joey,"You said, you wanna come in for some lemonade?",neutral
170,Monica,So?!,disgust
170,Joey,"Whoa, ah!! We’re you just gonna give me some lemonade?",surprise
170,Monica,Yeah huh!! Cover yourself up!,disgust
170,Joey,"Oh right, right.",neutral
170,Monica,"I don’t believe this! When someone asks you in for lemonade, and to you that means they wanna have sex?",disgust
170,Joey,Well usually...yeah!,surprise
170,Joey,"Well, not just lemonade, iced tea, sometimes juice.",neutral
170,Joey,"Well, sorry, I just, I thought you liked me.",neutral
170,Joey,I’m such a jerk.,sadness
170,Monica,"It’s okay. I suppose it could happen to anyone, not anyone I know, but... By the way I can still see it.",neutral
171,Rachel,Hmmm... this is so nice.,joy
171,Ross,"OK, I have a question. Well, actually, it's not so much a question as.. more of a general wondering... ment.",neutral
171,Rachel,OK.,neutral
171,Ross,"OK. Here goes. For a while now, I've been wanting to, um....",neutral
171,Rachel,Ohhh!!!!,surprise
171,Ross,"Yes, yes, that's right...",neutral
171,Rachel,"Oh, look at the little cat!",surprise
171,Ross,What?  Ow!,surprise
172,David,"Well, I was probably going to do it at some point.",neutral
172,Chandler,I didn't mean,neutral
172,David,It's brilliant!,joy
172,David,"Goodbye Mike, we'll see you at the wedding, fella!",joy
172,David,"well, we probably won't invite you to the wedding...",neutral
172,David,"Thank you, Chandler.",neutral
172,David,Sincerely.,neutral
172,Chandler,"Well, you're welcome! Glad I could help.",joy
172,Chandler,"David, I'm pretending to",neutral
173,Phoebe,"Okay, you have 19 questions left. Use them wisely.  Come on Joey! You can’t win if you don’t ask any",joy
173,Joey,What?!,surprise
173,Phoebe,"Well, you promised me a fun road trip!",joy
173,Phoebe,We’ve been on the road six hours and you’ve been asleep for five and a half!,anger
173,Phoebe,We are switching at the next rest stop and,anger
173,Joey,All right. All right.,neutral
173,Phoebe,Yeah! And until then you are going to sing to me because the radio’s broken and you are selfish but have a nice voice.,anger
173,Joey,Really? I don’t,surprise
173,Phoebe,Sing!!,anger
173,Hitchhiker,Morning!,joy
174,1st Customer,Everything was delicious!,joy
174,Monica,Thank you!,joy
174,2nd Customer,It was. The duck in particular was superb.,joy
174,Monica,Thank you!    You haven't said anything...,joy
174,3rd Customer,Actually I do have one small complaint.,neutral
174,Monica,Oh..please!I-I welcome criticism.,neutral
174,3rd Customer,The musician right outside the restaurant...it's kind    of a mood-killer!,sadness
174,Monica,What musician?,surprise
175,Joey,We did?,neutral
175,Monica,You owe me 20 bucks.,joy
175,Rachel,Thank you. Thank you so much!,joy
175,Monica,"Chandler, here you go, got your traditional Thanksgiving feast, you got your tomato soup, your grilled cheese fixin's, and your family size bag of Funyuns.",neutral
175,Rachel,"Wait, wait, Chandler, this is what you're havin' for Thanksgiving dinner?",surprise
175,Rachel,"What, what, what is it with you and this holiday?",anger
175,Chandler,"All right, I'm nine years old.",neutral
175,Ross,"Oh, I hate this story.",sadness
175,Chandler,We just finished this magnificent Thanksgiving dinner.,neutral
175,Chandler,"I have--and I remember this part vividly--a mouthful of pumpkin pie, and this is the moment my parents choose to tell me they're getting divorced.",sadness
175,Rachel,Oh my god.,surprise
175,Chandler,Yes. It's very difficult to appreciate a Thanksgiving dinner once you've seen it in reverse.,sadness
176,Rachel,"Hey, who's this little naked guy?",surprise
176,Ross,That little naked guy would be me.,neutral
176,Rachel,"Aww, look at the little thing.",surprise
176,Chandler,Who are those people?,surprise
176,Ross,Got me.,surprise
176,Monica,"Oh, that's Nana, right there in the middle.  'Me and the gang at Java Joe's'.",neutral
176,Rachel,"Wow, Monica, you look just like your grandmother. How old was she there?",surprise
176,Monica,"Let's see, 1939... yeah, 24, 25?",neutral
176,Ross,Looks like a fun gang.,neutral
176,Joey,"Ooh, look-look-look-look-look! I got Monica naked!",joy
177,Tag,"So, what’s this about?",joy
177,Phoebe,"Rachel has something that she wants to tell you and umm, I believe that this is your red sweater.",neutral
177,Tag,No.  This is my red sweater.,neutral
177,Phoebe,Oh no. Could I get anyone a coffee or…poison? No? Just for me? Okay.,fear
177,Tag,What’s going on Rach?,joy
177,Rachel,"Nothing! Phoebe kinda made a mistake. But y’know you do wear that sweater a lot, are you involved in some kind of dare?",fear
177,Tag,"Y’know, I’m actually glad Phoebe called.",joy
177,Tag,"I know we broke up because you thought I wasn’t mature enough, but I’ve really grown up and think we should get back together.",joy
177,Rachel,"Oh, it’s just not the right time.",sadness
177,Tag,It is the right time.,joy
177,Rachel,Okay.,neutral
178,Joey,‘Kay!,joy
178,The Presenter,in the category of Favorite Returning Male Character the nominees are: John Wheeler from,neutral
178,Joey,What the?!,surprise
179,Rachel,Yeah.,neutral
179,Policeman,"You’re an Aquarius, huh?",neutral
179,Rachel,I bet you’re a Gemini.,neutral
179,Policeman,Nope.,neutral
179,Rachel,Taurus?,neutral
179,Policeman,Nope.,neutral
179,Rachel,Virgo?,neutral
179,Policeman,Nope.,neutral
179,Rachel,Sagittarius?,neutral
179,Policeman,Yep.,neutral
179,Rachel,"I knew it! I knew it, ahh….",joy
179,Policeman,You’re not gonna speed anymore right?,neutral
179,Rachel,I won’t speed.,neutral
179,Policeman,And you promise you’ll get this taken care of right away?,neutral
179,Rachel,I promise.,neutral
179,Policeman,And in the meantime you better let him drive. Does he have a license?,neutral
179,Rachel,Yeah!,neutral
179,Policeman,Can he handle the stick?,neutral
179,Rachel,Oh well,neutral
179,Ross,I can handle the stick!!,anger
180,Monica,Hey!,joy
180,Monica,I can’t believe this is taking so long. How are you doing?,sadness
180,Rachel,Oh not bad. Do you know that feeling when you’re trying to blow a Saint Bernard out your ass?,sadness
180,Chandler,Weirdest thing. Did I hear——Mother of God it’s true!,surprise
180,Janice,Chandler Bing!,surprise
180,Joey,Janice,surprise
180,Ross,"Not just Janice, Janice in labor, contracting and everything.",joy
180,Janice,"Oh, this should be easy. I have a very wide pelvis. You remember Chandler.",neutral
180,Chandler,Janice I didn’t even know you were pregnant! Who’s the unwitting human who’s essence you’ve stolen?,surprise
180,Janice,It’s you. This is yours.,neutral
180,Chandler,What?!,surprise
180,Janice,Look how nervous he gets! We haven’t slept together in years!,joy
180,Chandler,That’s funny. Does it-does it hurt? Does the labor hurt?,fear
181,Joey,"Man, I’m starving! What the hell was I thinking at dinner?! ""Do you want soup or salad?"" Both! Always order both!",anger
181,Ross,"Y’know, y’know I’m lookin’ and I don’t think anyone’s home here.",neutral
181,Ross,"I say we just break the window, crawl through, and-and y’know explain later.",neutral
181,Joey,Yeah? Really? No one’s home?,surprise
181,Ross,I don’t think so. Hello?  When you get in there,neutral
182,Monica,"Hey, what's up?",neutral
182,Rachel,I just saw Danny getting on the subway with a girl and he had his arm around her.,sadness
182,Monica,"Oh, honey, I'm sorry.",sadness
182,Rachel,"Well, you should be, this is all your fault! You meddled in our relationship!!",anger
182,Monica,You had no relationship!!,anger
182,Rachel,"No, but I was doing my thing and everything was going according to the plan!",anger
182,Monica,"Oh God, stop with the plan!",anger
182,Monica,"So what, so what you saw him with a girl?",neutral
182,Monica,Who cares?!,anger
182,Monica,That doesn't mean anything!,anger
182,Monica,"Now look, you're going to go out on a date with Danny and you're going to be so charming he's gonna forget all about that stupid subway girl.",neutral
182,Rachel,She was kinda stupid.,neutral
182,Rachel,You're right.,neutral
182,Rachel,"All right, I'm just gonna go on the date.",neutral
182,Rachel,I'm gonna go on the date.,neutral
182,Rachel,That is the new plan.,neutral
183,Phoebe,Hi.,neutral
183,Duncan,Phoebe!,surprise
183,Phoebe,Ta-da.,joy
183,Duncan,Hey.,neutral
183,Phoebe,Hi.,neutral
183,Duncan,"Ahh, look at you, you look great.",joy
183,Phoebe,"Do I? Thank you, so do you.",neutral
183,Duncan,Thanks.,neutral
183,Phoebe,Sparkly.,neutral
183,Phoebe,"So, wow, this is pretty wonerful, huh.",joy
183,Phoebe,Mr. major capades guy.,neutral
183,Phoebe,"I, I remember when you were just, like, King Friday in Mr. Roger's Ice is Nice.",neutral
183,Duncan,You always said I'd make it.,joy
183,Phoebe,"Yeah, well, ya know, I'm kind of spooky that way. Wooo.",neutral
183,Duncan,I missed you.  I'm gonna get changed.,neutral
183,Phoebe,OK.,neutral
183,Duncan,"Um, now. Phoebs.",neutral
183,Phoebe,"Oh, right, OK. Ole.",neutral
183,Duncan,What?,neutral
183,Phoebe,"Um, the matador.  Ole, ha ha ha.",joy
184,Jane,"Hi Joey it's Jane Rogers, can't wait    for your party tonight.",joy
184,Jane,"Listen, I forgot your address, can you give me a call?",neutral
184,Jane,"Thanks, bye.",neutral
184,Joey,Hey!,joy
184,Rachel,Hey!,joy
184,Joey,What's happening?,joy
184,Rachel,"Yeah, it's a real shame you can't make it to that one-woman    show tonight.",sadness
184,Joey,"Oh, I'd love to, but I gotta get up so early the next day and    so, you know me, work comes first",neutral
184,Rachel,"Oh, yeah, yeah, yeah...",neutral
184,Message,"""Hi Joey, it's Jane Rogers can't wait for your party tonight""",joy
184,Joey,Stupid Jane Rogers!!,anger
184,Rachel,You are having a party tonight??,surprise
184,Joey,Kinda have a... a thing for the Days Of Our Life's people.,neutral
184,Rachel,And you weren't going to tell us? How did you think you were    gonna get away with that?,anger
184,Joey,I do it every year.,neutral
184,Rachel,You do that every year??,surprise
184,Joey,I didn't have to tell you that!! I'm stupider than Jane Rogers!!,anger
184,Rachel,"Oh, that's why you got these tickets to that play, to get rid    of us??",anger
184,Joey,Yeah...,neutral
184,Rachel,And last year is that why you sent us to that medieval times    restaurant?,anger
184,Joey,Yeah...,neutral
184,Rachel,"OH! And the year before that, when you set up that nighttime    tour of that button factory?",anger
185,Rachel,Who's this from?,surprise
185,Chandler,"Oh, that's Ross's.",neutral
185,Rachel,Oh...  Oh my God. He remembered.,surprise
185,Phoebe,Remembered what?,neutral
185,Rachel,It was like months ago.,surprise
185,Rachel,"We were walking by this antique store, and I saw this pin in the window, and I told him that it was just like one my grandmother had when I was a little girl.",sadness
185,Rachel,Oh!,surprise
185,Rachel,I can't believe he remembered!,surprise
185,Phoebe,"Oh, it's so pretty. This must have cost him a fortune.",surprise
185,Monica,I can't believe he did this.,surprise
185,Chandler,"Come on, Ross? Remember back in college, when he fell in love with Carol and bought her that ridiculously expensive crystal duck?",neutral
185,Rachel,What did you just say?,surprise
185,Chandler,F-hah.... flennin....,fear
185,Rachel,Oh.... my God.,surprise
186,Gary,I really like waking up with you.,joy
186,Phoebe,"I like waking up with you too.  Oh! It's such a beautiful morning.  Oh, I can stay here all day.",joy
186,Gary,That would be great!,joy
186,Phoebe,We could have breakfast in bed,joy
186,Gary,"Wait, just a second.",neutral
186,Phoebe,Okay.  Oh! Oh no.,surprise
187,Rachel,"Well that was depressing, I think I just bought a soft pretzel from one of the kids from",sadness
187,Phoebe,Um-hmm. Oh wait! This is Bonnie.,surprise
187,Bonnie,Hi!,joy
187,Rachel,This is Bonnie?  This is Bonnie?  You’re Bonnie?,surprise
187,Bonnie,I can show you an ID if you want?,neutral
187,Rachel,"Oh no, I’m sorry, you look a lot different from the last time I-I saw you.",surprise
187,Bonnie,"Oh yeah, well I just started wearing bras again.",neutral
187,Rachel,"Oh, that must be it.",neutral
187,Phoebe,Well I hope you have fun tonight.,neutral
187,Bonnie,Thanks! You too.,joy
188,Rachel,I believe it.,neutral
188,Rachel,"Yes, I do.",neutral
188,Ross,"No you do—y'know what, you’re not gonna suck me into this.",anger
188,Rachel,"Oh sure I am, because you always have to be right.",anger
188,Ross,"I do not always have to be—okay, okay.",anger
188,Rachel,Jurassic Park,neutral
189,Monica,"I'm telling you, something's wrong! My brother does not stay out all night.",fear
189,Joey,Maybe we should check the trash chute.,neutral
189,Rachel,Ross couldn't fit down the trash chute.,neutral
189,Joey,"That's right, he almost could. Which is exactly how I got stuck there.",neutral
189,Phoebe,Hey!,neutral
189,Rachel,There he is!,joy
189,Monica,Oh my God!  Where the hell have you been?!!,anger
189,Ross,"Just, y'know out.",neutral
189,Rachel,"Ohh, out, oh God, I don't know why we didn't think to check there!",anger
189,Phoebe,What were you doing?,neutral
189,Ross,"I uh, went to a bar. And then I just uh, just walked around for a while.",neutral
189,Joey,He hooked up! He hooked up with someone.,surprise
189,Ross,"Look, I don't have to answer your questions! Okay? I'm a big boy, I can do whatever I want!",anger
189,Joey,He hooked up!! Tell us about her!,joy
189,Janice,Ross you left you scarf in… Hey you guys.,neutral
190,Chandler,"Oh yeah, that looks good.",neutral
190,Phoebe,You guys make a,neutral
190,Joey,"Yeah, we look great together.",joy
190,Chandler,Okay.,neutral
190,Monica,Wow! Imagine what our kids would look like!,joy
190,Joey,"Y’know, we don’t have to imagine.",neutral
190,Chandler,I’m marrying her.,joy
190,Joey,We’ll just see.,neutral
191,Joey,Hey! Hey! Be careful around my Porsche!,anger
191,Woman,Hi Joey.,neutral
191,Joey,Hey! How you doin’?,neutral
191,Woman,He has the most amazing Porsche under there!,joy
191,Joey,"I’d love to show ya, but I just tucked her in.",neutral
191,Joey,She’s sleeping.,neutral
191,Joey,"Hey uh, would you two girls like to go for a drink?",neutral
192,Ross,"Well, the old lady died.",sadness
192,Ross,And how do I know?,neutral
192,Ross,Her dying wish was for one last kiss.,neutral
192,Ross,"But I don’t care,  because you got the apartment.",joy
192,Ross,Yes!,joy
192,Rachel,Ewww. Yeah. Umm. I think I’m gonna stay here.,disgust
192,Joey,Isn’t that great?,joy
192,Ross,Ezels!!,disgust
193,Phoebe,"Smelly cat, smelly cat, what are they feeding you? Smelly cat, smelly cat, it’s not your fault.",neutral
193,Leslie,"Wow, that’s great.",joy
193,Phoebe,"Oh, yeah!",joy
193,Leslie,"Y'know you could totally sell this. It’d be perfect for like umm, a kitty litter campaign.",neutral
193,Phoebe,"I..., a jingle? No, no-no-no, no.",neutral
193,Leslie,What? Why not? You could make a ton of money.,surprise
193,Phoebe,"Okay, well if I was in this for the money, I’d be a millionaire by now, y'know.",neutral
193,Phoebe,You just got to get out of that jingle head sweetie.,neutral
194,Leslie,"Aw, you’re right, you’re right. I’m sorry.",neutral
194,Phoebe,"That’s okay. All right, I’m gonna play song that’s really, really sad. It’s called Magician Box Mix Up.",joy
195,Rachel,"Okay sir, um-mm, let see if I got this right.",neutral
195,Rachel,"Ah, so this is a half-caf, double tall, easy hazel nut, non-fat, no foam, with whip, extra hot latte, right?",neutral
195,Rachel,"Okay, great.",joy
195,Rachel,You freak.,disgust
195,Ross,Thank you.,joy
195,Isabella,"Um, coffee to go, please.",neutral
195,Ross,Isabella Rosselini.,neutral
195,Monica,Are you serious?  Oh my God.,surprise
195,Ross,Damn! I can’t believe I took her off my list.,anger
195,Monica,Why? ‘Cause otherwise you’d go for it?,neutral
195,Ross,"Yeah, maybe.",neutral
195,Rachel,"Oh-oh, you lie.",disgust
195,Ross,What you don’t think I’d go up to her?,neutral
195,Rachel,"Ross, it took you ten years to finally admit you liked me.",neutral
195,Ross,"Yeah, well missy, you better be glad that list is laminated.",anger
195,Rachel,"You know what honey, you go ahead, we’ll call her an alternate.",neutral
195,Ross,"Okay, hold my crawler.",neutral
195,Rachel,Okay.,neutral
195,Monica,"Rach, are you really gonna let him do this?",surprise
195,Rachel,"Honey, he’s about to go hit on Isabella Rosselini. I’m just sorry we don’t got popcorn.",joy
196,Ross,"Okay, that's, that's enough.",neutral
196,Ross,Won't you dance around with me.,neutral
196,Monica,A-ha!!!,surprise
197,Joey,"Oh-oh-oh, yeah!  That's right, you take good care of those babies!",joy
197,Joey's Hand Twin,Excuse me?,surprise
197,Joey,"It's me, Joey!",joy
197,Joey's Hand Twin,Do I know you?,surprise
197,Joey,Joey!,joy
197,Joey's Hand Twin,"Oh-ho, yeah. Yeah, the hand guy.",neutral
197,Joey,Okay that’s fair.,neutral
197,Ross,All right.,neutral
198,Phoebe,Good!,neutral
198,Rachel,Pick one.,neutral
198,Phoebe,Left!  Thank you.,joy
198,Rachel,You’re welcome.,neutral
198,Phoebe,Ross!,surprise
198,Rachel,Joey!  We should just switch.,neutral
198,Phoebe,Yeah absolutely!,joy
199,Phoebe,"Rachel, we’re sorry for pushing those guys on you.",sadness
199,Rachel,Oh that’s all right!,joy
199,Rachel,"Y’know, I ended up having a really good time.",joy
199,Rachel,"Y’know, the charity was a big success and they raised a lot of money and awareness.",joy
199,Chandler,So what was it for anyway?,neutral
199,Rachel,I wanna say a disease.,neutral
199,Joey,Hey!,surprise
199,All,Hey!,surprise
199,Joey,I just got this really weird message from Ross. He said turn on,neutral
199,Phoebe,"Oh my God, look! That’s Elizabeth!",surprise
199,Rachel,Oh-oh Professor Geller.,neutral
199,Joey,"Ahh, to be 13 again.",neutral
200,Ross,"Hey! So uh, was he excited about the tickets?",neutral
200,Joey,No! He blew us off!,anger
200,Ross,What?!,surprise
200,Joey,I know!,surprise
200,Ross,I can’t believe it.  Can I tell you something? I’m a little mad at him now.,anger
200,Joey,Can I tell you something? Me too.,anger
200,Ross,"Y’know what? He didn’t want to talk to us about being angry, well maybe we don’t talk to him",anger
200,Joey,Ooooh! Freeze him out.,joy
200,Ross,That’s right!,joy
200,Joey,I like it!,joy
201,Elizabeth,Doorknob?,neutral
201,Ross,"Yeah, it kinda grows on you.  Actually, I wanted to finish talking to you about uh, spring vacation.",neutral
201,Elizabeth,Oh good.,joy
201,Ross,"Look, I…  Look, I’m having a great time with you and I just don’t want us to move to fast or put to much pressure on us.",fear
201,Ross,"So, I’m sorry I just don’t think we should go away together yet.",sadness
201,Ross,It’s-it’s too soon.,fear
201,Elizabeth,"Ross, I think you misunderstood what I was saying. I just wanted to tell you that I’m going to Florida for a couple weeks.",surprise
201,Ross,No. I think you misunderstood what,surprise
201,Elizabeth,You are so adorable.,joy
201,Ross,That! Let’s talk about that.,joy
202,Chandler,Hey!,joy
202,Phoebe,How do you feel?,neutral
202,Chandler,"Well, let’s just say that Krog will be fully equipped to destroy the universe again in twelve to fourteen hours.",neutral
202,Phoebe,"Okay, so I",neutral
202,Chandler,And protected them from a tornado?,neutral
202,Monica,Oh my God.,surprise
202,Phoebe,"I know, the babies are asleep.",neutral
202,Monica,"Phoebe, what, what happened here?!",surprise
202,Phoebe,I did it! I took care of the babies all by myself!,joy
202,Monica,But my apartment!,surprise
202,Chandler,Is not as important as the fact that Phoebe took care of the babies all by herself.,neutral
202,Monica,"You’re right, you’re right I shouldn’t freak out.",neutral
202,Monica,‘Cause this is what will happen when you and I have babies!,neutral
202,Monica,When will that be?,neutral
202,Chandler,"Phoebe, would you take a look at this mess!!!!",anger
203,Joey,Hey Ross! The baby’s kicking!,joy
203,Ross,What?! It is?!,surprise
203,Rachel,It’s not kicking right now. Although we would love to see you do  that again.,joy
203,Ross,"Hey, when-when was it kicking? What happened?",joy
203,Rachel,Last night! I just felt it and I went into Joey’s room and he was sleeping,joy
203,Joey,A dreamless sleep.,neutral
204,Rachel,"So c'mon, you guys, tell me all the dirt!",joy
204,Kiki,"Well, the biggest news is still you dumping Barry at the altar!",neutral
204,Joanne,Alright. Let's talk reality for a second.,neutral
204,Rachel,Okay.,neutral
204,Joanne,When are you coming home?,neutral
204,Rachel,"What? Guys, I'm not.",surprise
204,Joanne,"C'mon, this is us.",neutral
204,Rachel,I'm not! This is what I'm doing now. I've got this job-,neutral
204,Kiki,Waitressing?,surprise
204,Rachel,"Okay, I'm not just waitressing.",neutral
204,Rachel,I'm..,neutral
204,Rachel,"I, um...",neutral
204,Rachel,"I write the specials on the specials board, and, uh... and I, uh...",neutral
204,Rachel,"I take the uh dead flowers out of the vase... Oh, and, um, sometimes Artelle lets me put the little chocolate blobbies on the cookies.",sadness
205,Fireman No. 3,"We get off around midnight, why don't we pick you up then?",neutral
205,Rachel,"So, um, will you bring the truck?",neutral
205,Fireman No. 3,I'll even let you ring the bell.,neutral
205,Rachel,"Oh, my god.",surprise
205,Phoebe,"See, there you go, the cleansing works!",joy
205,Monica,They're nice guys.,neutral
205,Rachel,"Oh, they're firemen guys.",joy
206,Susan,Your son.,neutral
206,Ross,"No-no-no. I don't have a son named Jordie. We all agreed, my son's name is Jamie.",anger
206,Carol,"Well, Jamie was the name of Susan's first girlfriend, so we went back to Jordie.",neutral
206,Ross,"What? Whoa, whoa whoa whoa, what do you mean,",surprise
206,Carol,"Ow, ow, ow, ow, leg cramp, leg cramp, leg cramp.",anger
206,Ross,I got it.,neutral
206,Susan,I got it.,neutral
206,Ross,"I got it! Hey, you get to sleep with her, I get the cramps.",anger
206,Susan,"No, you don't.",neutral
206,Carol,"All right, that's it. I want both of you out.",anger
206,Ross,Why?,surprise
206,Susan,He started it!,anger
206,Ross,"No, you started it.",anger
206,Carol,"I don't care. I am trying to get a person out of my body here, and you're not making it any easier.",anger
206,Carol,Now go!,anger
206,Ross,Thanks a lot.,anger
206,Susan,See what you did.,anger
206,Ross,"Yeah, listen...",neutral
206,Carol,Out,anger
207,Monica,"Oh, and I can also speak a little French. Voulez-vous coucher avec moi ce soir?  Why? What did I say?",joy
207,Mischa,"Well, you just asked if I wanted to go to bed with you tonight.",neutral
207,Monica,Oh my God! No wonder I get such great service at Cafe Maurice.,surprise
207,Phoebe,"Knock, knock, knock, knock, hi.",neutral
207,Phoebe,"Um, could you please tell Sergei that um, I was fascinated by what Boutros Boutros Gali said in the New York Times.",neutral
207,Phoebe,You didn’t say Boutros Boutros Gali.,neutral
207,Mischa,Boutros Boutros Gali.,neutral
207,Mischa,He says he was too.,neutral
207,Phoebe,Interesting.,neutral
207,Mischa,So I was wondering....,neutral
207,Phoebe,"Okay, ah, before you get all talky again, umm, could you also please tell Sergei that I really like his suit.",joy
207,Mischa,"Eh, he said, thank you very much, he thinks you look very pretty tonight, your hair, golden like the sun.",joy
207,Mischa,So you're a chef?,neutral
207,Monica,I’m also thinking about opening up my own restaurant.,joy
207,Mischa,"Oh, really.",surprise
207,Phoebe,"Monica, can I talk to you behind my menu, please.  What are you doing?",neutral
207,Monica,"Well, I was having a conversation.",neutral
207,Phoebe,"Yeah but, Mischa is so interested in you, that Sergei and I haven’t been able to say two words to each other.",anger
207,Monica,What do you want me to do? Just sit here silently while you three have a conversation?,anger
207,Phoebe,That would be great. Thank you.,neutral
208,Danny,so we finally get to the top of the mountain and airhead here  forgets the camera!,disgust
208,Joey,"Oh, y'know the same thing happened to me one time.",neutral
208,Chandler,When did that happen to you?!,surprise
208,Joey,Don't you remember when we were jogging in the park and we saw that really pretty bird and wanted to take a picture—I didn't have my camera!,neutral
208,Chandler,"Oh yeah. First off all, chasing the Churo guy isn't jogging.",disgust
208,Krista,"Oh, this is so good  you have got to try it.",joy
208,Danny,"Oh, damn! I got it on my pants.",anger
208,Krista,"Here, I'll get it.",neutral
208,Krista,We'd better take these pants off upstairs or that stain's gonna set.,neutral
208,Danny,Yep.  I'm gonna wear these on our date tonight.,joy
208,Rachel,"Oh, great!",surprise
208,Chandler,"Okay, bye!  Oh my God!!",joy
208,Monica,That was unbelievable!,surprise
208,Joey,"Yeah, wow, sorry Rach.",sadness
208,Chandler,I don't believe they're brother and sister.,surprise
208,Joey,They're brother and sister!!!,surprise
209,The Director,Action!,neutral
210,Richard,I found the picture!,anger
210,Joey,What picture?!,surprise
210,Richard,The picture of my wife! In your pack!,anger
210,Joey,You went through my personal property?,anger
210,Richard,Why do have a picture of Paulette in your pack?!,anger
210,Joey,"Because Vincent, we were lovers.  For two years!",anger
210,The Director,Cut! Wonderful!,joy
210,Joey,Great scene yeah?,joy
210,Richard,"Oh you’re awesome! And, in that last speech? You soaked me.",joy
210,The Assistant Director,Here’s your call sheet for tomorrow.,neutral
210,Phoebe,I know.,neutral
211,Mrs. Geller,"So Chandler, your parents must’ve been thrilled when you told them you were engaged.",joy
211,Chandler,"Oh yeah, I should probably call them.",neutral
211,Mr. Geller,I remember when we first got engaged.,joy
211,Chandler,"Oh, I don’t think I ever heard that story.",neutral
211,Mr. Geller,"Well, I’d gotten Judy pregnant. I still don’t know how that happened.",joy
211,Mrs. Geller,You don’t know how that happened?! Your dog thought my diaphragm was a chew toy!,disgust
211,Chandler,What a sweet story.,neutral
211,Monica,"Well, at least you’re not hearing it for the first time at your fifth grade Halloween party.",disgust
211,Mr. Geller,What?! They wanted a scary story!,surprise
211,Monica,"Anyway, we’re really excited about our wedding plans, and well I guess pretty soon we’ll be making a big withdrawal from the Monica wedding fund.",joy
211,Monica,What?,surprise
211,Mrs. Geller,"You tell her Jack, I can’t do it.",fear
211,Monica,What happened? You still have the Monica wedding fund don’t you?,surprise
211,Mr. Geller,"We have it. Only now, we call it the beach house.",neutral
212,Phoebe,"After applying the Waxine and linen strips to leg number one,",neutral
212,Monica,Did that!,joy
212,Phoebe,Grasp one of the linen strips by its ‘easy grab tab’ and pull it off in one quick pain free motion.,neutral
212,Monica,Okay.  Ow!!!!! Ow-oh-oh!,surprise
212,Phoebe,Was it not pain-free?,surprise
212,Monica,"No. It was painful. Oh my God , they should call it Pain-zine, now with a little wax.",disgust
212,Phoebe,"Huh, well, the girls in the satin nighties on the commercial don’t seem to think it’s that bad.",neutral
212,Monica,That’s because their nerves are probably deadened from being so stupid.,anger
212,Monica,"But hey, y'know if you don’t believe me, please, by my guest.",neutral
212,Phoebe,Ow-ow-ow-ow! Oh my God!!!,surprise
213,Ross,"Now umm, remember I’m still learning.",neutral
213,Ross,"One, two, three, four!",neutral
213,Ross,You know the song! Sing along!,joy
213,Ross,So?,neutral
213,Chandler,No!,sadness
214,Phoebe,Oh my God! That’s David!,surprise
214,Monica,David who?,neutral
214,Phoebe,"David the scientist guy, David that I was in love with, David who went to Russia and broke my heart David!",sadness
214,David,Oh my God!,surprise
214,Phoebe,"Oh, you say someone’s name enough, they turn around.",neutral
214,David,Phoebe?,surprise
214,Phoebe,David!  What-what are you doing here? Aren’t you supposed to be in Russia?,surprise
214,David,"Yeah, I’m just, I’m just in town for a conference. Umm,",neutral
214,Phoebe,Well… Yeah. You look great too. Did you get a haircut?,joy
214,David,Yeah. Well I-I got like thirty of them.,neutral
214,Phoebe,Yeah.,neutral
215,Ross,Yes! Santa's coming!,joy
216,Ross,"Hey, uh, I’m really, really sorry about what happened in the cafeteria today.",sadness
216,Joey,"It’s no big deal. Hey, y’know, you do what you gotta do. Right?",neutral
216,Ross,"But hey, it’s not just me, I mean the scientists and the tour guides",neutral
217,Joey,Whatever.,neutral
218,Ross,"Okay, Mon, back me up here.",neutral
218,Ross,"Where you work the uh, waiters eat with the waiters, right?",neutral
218,Ross,"And the chefs eat with the other chefs, right?",neutral
218,Monica,I eat by myself in the alley because everybody hates me.,sadness
218,Joey,"Look, Ross, really it’s-it’s no big deal.",neutral
218,Joey,"Y’know you wear a white coat, I wear a blue blazer, if that means we can’t be friends at work, then so be it.",sadness
218,Joey,"Y’know, hey I understand.",neutral
218,Joey,Y’know?,neutral
218,Joey,"Hey, when I’m in a play and you’re in the audience, I don’t talk to you, right?",neutral
218,Joey,"So it’s y’know, it’s uh, it’s cool.",neutral
218,Joey,I’ll see you tomorrow.,neutral
218,Rachel,"Yeah, when we’re in the audience he doesn’t talk to us, but he does wave.",neutral
219,Chandler,You did look like an idiot.,joy
219,Joey,"Hey, I wasn't the only one who looked like an idiot.",neutral
219,Joey,All right?,neutral
219,Joey,"Remember when Ross tried to say, ""Butternut squash?""",joy
219,Joey,"And it came out, ""Squatternut buash?""",joy
219,Ross,Yeah that's the same.,neutral
219,Monica,That's it. That's my worse Thanksgiving.,sadness
219,Phoebe,Oh wait! That can't be the one Rachel's talking about. She didn't even know that happened. So which one was it?,neutral
219,Monica,"Umm, I-I really don't want to tell this story.",sadness
219,Chandler,"Oh, come on Monica, reliving past pain and getting depressed is what Thanksgiving is all about.",neutral
219,Chandler,"Y'know, for me anyway.",sadness
219,Chandler,"And of course, the Indians.",sadness
219,Monica,"Look umm, of all people, you do not want me to tell this story!",anger
220,Phoebe,"Hi, guys.",neutral
220,Rachel,Hi! Phoebe.,joy
220,Monica,Hi Phoebe.,neutral
220,Phoebe,"I-I wanted to apologise if I—y’know seemed a tad edgy yesterday at my shower. Y’know it’s just the hormones, y’know.",sadness
220,Rachel,No we,neutral
220,Monica,Hormones.,neutral
220,Rachel,"hormones, yeah.",neutral
221,Rachel,Your parents’?,neutral
221,Joshua,"Yeah, they’re out of town.",neutral
221,Rachel,Ohh.,surprise
221,Joshua,"Yeah-yeah, it’s this",neutral
221,Rachel,Yeah that works.,neutral
221,Joshua,They-they-they can smell fear.,fear
222,Doug,Bing! Ho! And the Bing-ette!,joy
222,Chandler,"Honey, you remember my boss Doug right?",neutral
222,Monica,"Yes, hi.",neutral
222,Doug,"Hi. So good news, the divorce is final. I signed the papers this A.M.",joy
222,Chandler,"I didn’t know you and Carol were getting divorced, I’m sorry.",sadness
222,Doug,"Sorry? Finally chewed my leg out of that bear trap. Hey, congratulations to you guys though!",joy
222,Monica,No leg-chewing for us sir.,neutral
222,Doug,"Oh well, give it time.",neutral
222,Doug,"So the divorce, the marriage, we’ve got a lot to celebrate.",joy
222,Doug,How about we all go out to dinner tomorrow night?,neutral
222,Doug,"Tomorrow night it is then, I should be out of court by six.",joy
222,Doug,They keep throwing these sexual harassment cases at me and I keep knocking them out of the park!,joy
222,Monica,"Okay, I’ll see you tomorrow!",joy
222,Monica,"Just so you know, we’re not seeing him tomorrow.",neutral
222,Monica,I-I cannot spend another evening with that man.,disgust
222,Monica,Do you remember how he behaved at our wedding?,disgust
222,Chandler,No.,neutral
222,Monica,That’s because he wasn’t invited because of the way he behaved at our engagement party.,disgust
222,Chandler,"Oh yeah. Boy, urine cuts",disgust
223,Emeril,"Now maybe you just like wanna but the whole duck in there! Who cares, y'know? Now I got the legs",neutral
223,Chandler,"How many times have I told you guys, you",neutral
223,Monica,Hi Chandler.,neutral
223,Chandler,Hey!,neutral
223,Monica,"Uh, listen, I need that broiling pan that Joey borrowed the other day.",neutral
223,Chandler,"Oh that was yours? Uh, yeah, we used it when the duck was throwing up caterpillars.",sadness
223,Monica,William Sonoma,neutral
223,Chandler,Expect it in 4-6 weeks.,neutral
223,Chandler,"Umm, hey, umm, Joey's gonna be at the telethon for the rest of the day, we have the whole place to ourselves.",neutral
223,Monica,"Yeah, so?",neutral
223,Chandler,"Well I just, thought maybe you'd wanna book some time with the best you'd ever had.",neutral
223,Monica,"Y'know what, champ? I think I'll pass.",neutral
223,Chandler,Why?,surprise
223,Monica,Why?,neutral
223,Chandler,What's your point?,neutral
224,Joey,"So uh, what’s your name?",neutral
224,Man,It's Jake.,neutral
224,Joey,"Joey.  Hey Jake, do you like the Knicks?",neutral
224,Jake,"Yeah, big fan.",neutral
224,Joey,"Me too! There’s a game on Tuesday, do you wanna go?",joy
224,Jake,Yeah that would be great! Let me make sure I’m not doing anything Tuesday.,joy
225,Carol,Ugh.  Ross!,disgust
225,Ross,Hi! Sorry I’m late. Were you sleeping?,neutral
225,Carol,"Ahh, nooo!!",joy
225,Ross,"Oh, great!",joy
225,Ross,"Listen, oh I had to get you a whole new battery.",neutral
225,Ross,"I got you the best one I could, ‘cause that’s not where you want to skimp.",neutral
225,Carol,"You’re a genius, Ross.",joy
225,Ross,"Yeah, well it came to about $112, but what the hell, just call it an even 110?",neutral
225,Carol,"Okay, I’ll pay you tomorrow.",neutral
225,Ross,"So they ah, they all took off, it was pretty hard watching them go, y'know?",sadness
225,Carol,"Yeah, okay, bye.",neutral
225,Ross,So I’m gonna take off then!,neutral
226,Rachel,"Hey! Oh right, tonight was your party.",surprise
226,Danny,"Oh wow, you look great! Glad you could make it.",joy
226,Rachel,"Oh well, y'know, the gala had to end sometime.",neutral
226,Danny,"Don't go anywhere, I'll be right back.",neutral
226,Rachel,"Yeah, sure.  All right, whose court is the ball in now?",neutral
226,Monica,I thought there wasn't a ball?,neutral
226,Rachel,"Oh, come on! He's glad that I came, he doesn't want me to go anywhere, balls flying all over the place!",neutral
226,Danny,"Rachel, this is my friend Tom.",neutral
226,Rachel,"Oh, go on! You telling people about me?",surprise
226,Danny,You two could really hit it off! I'm gonna go mingle.,joy
226,Tom,So you work at,neutral
226,Rachel,"Yeah, okay, at ease solider!",neutral
226,Tom,I'm sorry?,surprise
226,Rachel,"No, it's all right, you can just drop the act Tommy.",neutral
226,Tom,"I'm gonna go talk to uh, a friend.",sadness
226,Rachel,"Yeah, yeah, you go talk to your friend. You tell him, ""Nice try.""",disgust
226,Rachel,Man! He just keeps lobbing them up and I just keep knocking them right out of the park!,joy
226,Monica,I think I need a drink.,neutral
226,Rachel,Yeah!,joy
227,Joey,"Hey, Pheebs?",neutral
228,Phoebe,"No, I can't talk to you! I don't have a fancy ad in the Yellow Pages!",anger
228,Joey,"Look, Pheebs, I just, I wanna apologize for, for saying that your method was stupid and-and maybe ask you to be my teacher again.",sadness
228,Joey,"And-and I promise, I won't touch a guitar until you say I'm ready.",neutral
228,Joey,You really think I'm ready?,surprise
228,Phoebe,Uh-huh!,joy
228,Joey,Wow! Cool!,joy
228,Joey,Was the chord at least right,neutral
228,Phoebe,No!,anger
229,Jill,"Well, this has been fun.",neutral
229,Chandler,"Yes. Yes, thanks for letting me use your phone... and for saving my life.",joy
229,Jill,"Well, goodbye Chandler. I had a great blackout.  See ya.",neutral
229,Chandler,"Hi, um, I'm account number 7143457.",neutral
229,Chandler,"And, uh, I don't know if you got any of that, but I would really like a copy of the tape.",neutral
230,Lecturer,We’re beginning to see a lot of layering of sheer fabrics and colours. For instance a sheer navy blouse over a pink....,neutral
230,Ross,I’m really glad we came.  You’re so pretty. I love you.,joy
231,Ross,"Okay, that’s a fire. Oh yeah. Oh yeah.",neutral
231,Rachel,"Excuse me, I’m sorry, I’m gonna have to call you back, I’ve got a Schemp in my office.",neutral
231,Rachel,What are you doing?,neutral
231,Ross,I’m sorry.,neutral
231,Ross,"But ah, hey, oh, somebody’s off the phone, how ‘bout a glass of wine by the fire, I could get it going again.",neutral
231,Rachel,"Ross you’re not listening to me, I don’t have time to stop.",neutral
231,Ross,"Come on Rach, you don’t have what, ten minutes?",neutral
231,Rachel,I don’t have ten minutes!!,anger
231,Ross,"What?  Sophie, does she have ten minutes?",neutral
231,Rachel,"Hey, Ross!!! I told you I don’t!",anger
231,Ross,"Don’t yell at me okay, this is the most I’ve seen you all week.",sadness
231,Rachel,"Look, I cannot do this right now, okay, I’ve got a deadline, would you just go home, I’ll talk to you later.",neutral
231,Ross,"Yeah, but wait...",neutral
231,Rachel,Good bye!,neutral
231,Sophie,"Actually, that’s our three hole punch.",neutral
232,Monica,Oh yeah? When?,surprise
232,Chandler,I'll tell you what.,neutral
232,Chandler,"When we're 40, if neither one of us are married, what do you say you and I get together and have one?",neutral
232,Monica,Why won't I be married when I'm 40?,surprise
232,Chandler,"Oh, no, no. I just meant hypothetically.",neutral
232,Monica,"Ok, hypothetically, why won't I be married when I'm 40?",anger
232,Chandler,"No, no, no.",neutral
232,Monica,What is it? Is there something fundamentally unmarriable about me?,anger
232,Chandler,"Uh, uh.",neutral
232,Monica,Well?,surprise
232,Chandler,Dear God! This parachute is a knapsack!,surprise
232,Rachel,Hey.,neutral
232,Phoebe,"Hey. Ooh, look at you, dressy-dress.",surprise
232,Monica,Did you go home and change?,surprise
232,Rachel,"Yeah, well, it's an important day. I wanna look nice. Um, has uh Dr. Franzblau been by?",neutral
232,Monica,"No, I haven't seen him.",neutral
232,Rachel,"Well, where is he? He is supposed to be here.  What if the baby needs him?",surprise
232,Chandler,"Rachel, what is the deal with you and doctors, anyway? Was, like, your father a doctor?",neutral
232,Rachel,"Yeah, why?",neutral
232,Chandler,No reason.,neutral
233,Ross,I'm the holiday armadillo! I'm a friend of Santa's and he sent me here to wish you  a Merry Christmas!,joy
233,Monica,"What happened to Santa, Holiday Armadillo?",surprise
234,The Woman,"Yes! Yes! Please, just give it to me!",joy
234,Chandler,"Yeah, that’s her.",neutral
234,The Woman,Thank you.,neutral
234,Monica,It’s unbelievable! I-I can’t believe that sign didn’t work!,surprise
234,Chandler,Y’know what would work?,neutral
234,Chandler,Stop making candy!,anger
234,Chandler,You mean they like you.,neutral
234,Monica,Maybe.,neutral
234,Chandler,Is that why you became a chef? So that people would like you?,surprise
234,Monica,"Oh, you really want to talk about getting people to like you huh, funny man?",anger
235,Monica,"We were on the platform, ready to dance the world into the new Millennium, and the guy yelled ‘CUT!’",anger
235,Rachel,"Uh, wait, so you guys are telling me you actually did the routine from eighth grade?",surprise
235,Monica,"Yeah. But of course we had to update it a little bit.  Hey, by the way, great thinking about catching me!",joy
235,Rachel,‘Cos I was gonna say there’s no way you could’ve done the end the way you guys did it back then!,joy
235,Monica,What? We could do it!,surprise
235,Ross,"I don’t know, I mean you were a lot bigger, I mean, stronger back then.",joy
235,Monica,"I can do it, okay? Come on, let’s go.",neutral
235,Monica and Ross,"1, 2, 3, 4, 5, 6, 7, 8",neutral
235,Monica,I can’t do it!,sadness
235,Chandler,"Now you do that, you’re on TV.",neutral
236,Joey,Hey!,joy
236,The Vendor,"So, what are you guys in the market for? We’ve got uh, scarves, tulip post cards...",neutral
236,Joey,Check this out? Huh?  Yeah. That’s the stuff. What do you think?,neutral
236,Chandler,"Well, I don’t have to buy that, ""I’m with stupid"" T-shirt anymore.",neutral
236,Joey,"Well, I like it. Here you go.",neutral
236,Chandler,"All right, look, you’re not really gonna buy that are you? Don’t you think you’ve embarrassed me enough for one day?",anger
236,Joey,"Oh, I embarrass you?",surprise
236,Chandler,How can I answer that when I’m pretending I don’t know you?,neutral
236,Chandler,Oh really? Then how come no one here is wearing them?,neutral
236,The Vendor,They’re all tourists.,neutral
236,Chandler,"All right, look, if you insist on wearing that, in public, y’know, you’re gonna spend the rest of the afternoon all by yourself.",disgust
236,Joey,Oh yeah?  If you’re gonna make me choose between you and the hat? I choose the hat.,neutral
236,The Vendor,Good choice.,anger
236,Joey,Thanks.,joy
236,Chandler,"Okay, wait. All right, that’s it, okay, I’m out of here. I am not going to be embarrassed anymore!",anger
237,Monica,"So! I'm just an empty vase, huh?",surprise
237,Julio,What?,surprise
237,Monica,"Y'know, so I don't read as many important books as you do, and I don't write trick poems that seem to be about one thing but are actually about something else.",anger
237,Monica,"And y'know what, I get excited about stupid stuff, like when I my",neutral
237,Julio,"Whoa, whoa, whoa.",surprise
237,Monica,You don't even know me...,anger
237,Julio,"Whoa, whoa, whoa, the poem is not about you.",surprise
237,Monica,What?,surprise
237,Julio,"The Empty Vase is not about you. My baby, you make me so sad that you would think this.",sadness
237,Monica,"I'm sorry, my friend Phoebe...",sadness
237,Julio,"No, it's about all women. Well, all American women. You feel better now?",neutral
237,Monica,Oh yeah.,neutral
238,Ross,"Okay, forward. Forward—Stop!  Okay, back—Stop!  Okay, forward—Stop! Stop! Stop!",neutral
238,Phoebe,"Okay, here’s what we’re gonna do.",neutral
238,Phoebe,"Okay, I’m gonna break into this mini-van and put it in neutral.",neutral
238,Phoebe,You guys push it forward so Ross can drive out of his spot.,neutral
238,Phoebe,Okay?,neutral
238,Phoebe,"All right, here we go.",neutral
238,Phoebe,Haul ass!!!,neutral
239,Ross,"So it said that by the year 2030, there'll be computers that can carry out the same number of functions as an actual human brain.",neutral
239,Ross,So theoretically we could download our thoughts and our memories into this computer...,neutral
239,Janine,...and live forever as a machine!,joy
239,Ross,"That's so Janine, you-you-you know what, do you know we're doing right now?",joy
239,Ross,"You and I, we're interfacing.",neutral
239,Janine,"Yeah, I gotta go.",fear
239,Chandler,Ba dum bumb cheshhh!,joy
240,Monica,"David, can you help me?! I'm trying to explain to Chandler how a plane stays in the air.",neutral
240,David,"Oh, certainly. That's a combination of Bernoulli's principle and Newton's third law of motion.",neutral
240,Monica,See?,neutral
240,Chandler,"Yeah, that's the same as ""it has something to do with wind"".",fear
240,Monica,"Alright, I'm gonna go pick up a few things for the trip.",neutral
240,Phoebe,"Oh, I should go, too.",neutral
240,Phoebe,"Oh, now... tomorrow do you guys wanna share a cab to the airport or should Mike and I just meet you there.",neutral
241,Phoebe,"Oh... Mike's sister just invited me to a party tonight, he's gonna be there.",anger
241,Phoebe,"And she was like ""Oh, don't worry!",sadness
241,Phoebe,I asked him.,neutral
241,Phoebe,"He's totally ok with seeing you!"".",anger
241,Phoebe,So now I have to go so he'll think that I'm totally ok with seeing him!,joy
241,Rachel,"Which you're not, because you've totally hung up on him!",anger
241,Phoebe,Exactly!,neutral
241,Rachel,And you're gonna want him to eat his heart out so you're gonna have to look fabulous!,neutral
241,Phoebe,"I didn't even think about that!  Aaargh,",anger
241,Rachel,"Hey Pheebs, I'm-I'm taking Charlie shopping, why don't you come and I'll help you find something.",neutral
241,Phoebe,"Ok, that'll be great!",joy
241,Joey,"Oh, ain't that nice? The three of you trying on slutty lingerie together.",disgust
241,Rachel,That's not what we're gonna do!,disgust
241,Joey,"Why would you ruin it, who was that hurtin'?",disgust
242,Chandler,"Julie hi! Chandler Bing, I, I guess you remember me.",joy
242,Julie,Hello Skidmark.,neutral
242,Chandler,"It’s a nickname, I’ll explain later.",neutral
242,Monica,It’s pretty clear.,neutral
242,Chandler,"Ah, uh, I owe you a long overdue apology. I never should have broken up with you because you were overweight.",neutral
242,Julie,That’s why you broke up with me?,surprise
242,Chandler,"You-you-you didn’t know that.  Well, I guess my work here is done!",sadness
243,Ross,Ni-chou chi-ma!,joy
243,Rachel,"Ross! Excuse me, pardon me, excuse me....",surprise
244,Ross,Hi everyone.,neutral
244,Ross,"I just, I wanted to thank you for our uh, our little talk before.",neutral
244,Ross,"Well, I was going to, but after I talked to you, I talked to Joey.",neutral
244,Rachel,"What did, what did he say?",fear
244,Ross,"Basically he told me to get over myself and just do it, ya know.",neutral
244,Ross,"So I though about what you said and I though about what he said and, well, his way I get to have sex tonight so.",neutral
245,Phoebe,"Oh, great!",joy
245,Phoebe,"We couldn’t keep our eyes off each other all night and then every once and a while y’know, he’d kinda lean over and stroke my hair and touch my neck.",joy
245,Monica,"Okay, stop it Phoebe, you’re getting me all tingly.",joy
245,Phoebe,"All I could think of was y’know, ""Is he gonna kiss me? Is he gonna kiss me?""",joy
245,Monica,And did he?,neutral
245,Phoebe,"I’m a lady Monica, I don’t kiss and tell. But this hickey speaks for itself.",joy
245,Monica,"Okay-okay, I got it. I got it.",neutral
245,Phoebe,I just like him so much that I just feel like I’ve had 10 drinks today and I’ve only had six.,joy
245,Monica,"Oh, I haven’t had that feeling since I first started going out with Chandler.",joy
245,Monica,"Wow, I’m never gonna have that feeling again, am I?",sadness
245,Phoebe,You sound like a guy.,disgust
245,Monica,"No, a guy would be saying, ""I’m never gonna get to sleep with anyone else.""",disgust
245,Monica,Oh my God!,surprise
245,Monica,I’m never gonna get to sleep with anyone else!,sadness
245,Monica,I’ve been so busy planning the wedding that I forgot about all the things that I’d be giving up!,surprise
245,Monica,"I mean, I…I’m never gonna have a first kiss again.",sadness
245,Phoebe,You’ll have a last kiss.,neutral
246,Ross,Thank you so much for coming back over.,joy
246,Mona,"Oh good, you’re here. Yeah, and I was worried that it was going to be uncomfortable.",sadness
246,Rachel,"I know Mona, just hear me out.",neutral
246,Rachel,"First of all, I’m so sorry about my father yelling at you, but I heard you totally held your own.",neutral
246,Rachel,You’re gonna have to tell me how you did that.,neutral
246,Ross,Focus.,neutral
246,Rachel,"Okay. Um…But—Okay, yes Ross and I used to date. And yes we are gonna have a baby. But we are",neutral
247,Joey,All right where’s that turkey!,neutral
247,Phoebe,Joey! Those are my maternity pants!,surprise
247,Joey,Not now! These are my Thanksgiving pants!,joy
248,Phoebe,No.,neutral
248,Phoebe,No!,anger
248,Phoebe,"Oh, would you look at that Monica?",joy
248,Phoebe,"I just knocked off all of your top scores, how sad.",joy
248,Monica,"Okay, I’m next.  Don’t! Don’t start another game! I said I’m next! Phoebe!",anger
248,Phoebe,"Oh, I’m sorry. I didn’t hear you over all the winning.",joy
248,Monica,Chandler! Phoebe’s hogging the game!,anger
249,Rachel,Remember I had to leave the room the other day when you had that roast chicken?,neutral
249,Joey,Yeah. But I thought that was because I put the whole thing on my hand and made it walk across the table.,neutral
249,Monica,"Anyway, it just doesn’t seem worth it to make a whole turkey for just three people. Okay? It’s a lot of work.",neutral
249,Joey,But you gotta have turkey on Thanksgiving!,joy
249,Joey,"I mean, Thanksgiving with no turkey is like-like Fourth of July with no apple pie!",sadness
249,Joey,Or Friday with no two pizzas!,sadness
249,Monica,All right fine! If it means that much to you! But just—there’s gonna be a ton left over.,sadness
249,Joey,No there won’t! I promise I will finish that turkey!,joy
249,Monica,"All right, you’re telling me you can eat an entire turkey in just one sitting?",neutral
249,Joey,That’s right!,joy
249,Joey,‘Cause I’m a Tribbiani!,joy
249,Joey,And this is what we do!,neutral
249,Joey,We can eat!,joy
250,Phoebe,"Wow! It's huge! It's so much bigger than the cubicle. Oh, this is a cube.",surprise
250,Chandler,Look at this!,joy
250,Phoebe,Oh! You have a window!,surprise
250,Chandler,Yes indeedy!  With a beautiful view of...,joy
250,Phoebe,Oh look! That guy's peeing!,surprise
250,Monica,Hi.,neutral
250,Rachel,Hi.,neutral
251,Rachel,"Y'know what? I cannot do this with my left hand! Would you please, help me with this too?",anger
251,Rachel,Okay. Let’s use this brush.,neutral
251,Ross,Okay. This stuff?,neutral
251,Rachel,Yeah.,neutral
251,Ross,All right.,neutral
251,Rachel,"Careful. Light. Okay, do you know how, just sweep it across the lid. Okay? Just sweep it.",neutral
251,Joey,Okay-Dokey,sadness
252,Ross,Where exactly is your zoo?,neutral
252,Dr. Baldhara,"Well, it's technically not a zoo per se, it's more of an interactive wildlife experience.",neutral
252,Dr. Baldhara,"Let me ask you some questions about, is it, uh, Marcel?",neutral
252,Ross,Yes.,neutral
252,Dr. Baldhara,"Does he, uh, fight with other animals?",neutral
252,Ross,"No-no, he's, he's very docile.",neutral
252,Dr. Baldhara,Even if he were... cornered?,neutral
252,Ross,"Well I, I don't know. Why?",neutral
252,Dr. Baldhara,"Uh, how is he at handling small objects?",neutral
252,Ross,"He can hold a banana, if that's whatcha mean...",neutral
252,Dr. Baldhara,"How about a hammer, or a small blade?",neutral
252,Dr. Baldhara,Otherwise it's just cruel.,neutral
252,Joey,"He- he- he got in, he- he got in to San Diego.",joy
252,Joey,"We, we come back from our walk and the- the phone was ringing...",neutral
252,Chandler,...He's in.,neutral
252,Ross,"He's in! Oh, did you hear that, Marcel? San Diego. San Diego!",joy
252,Dr. Baldhara,You're making a big mistake here.,disgust
252,Dr. Baldhara,"I mean, San Diego's all well and good, but if you give him to me, I'll start him off against a blind rabbit and give you twenty percent of the gains.",neutral
253,Chandler,My specimen is in the    room and I just want to thank whoever knocked on the door while I was in there.,neutral
253,Chandler,Really helped speed the process along!,joy
253,Chandler,Janice!,surprise
253,Chandler,You're not... gone?,surprise
253,Janice,Sid is still in his room.,neutral
253,Janice,I don't allow porn at home so    this is like a vacation for him.,joy
253,Janice,So did you do it?,surprise
253,Janice,Did you make your deposit?,neutral
253,Chandler,Yeah! yeah... The hard part is over!,joy
253,Janice,"That's not the hard part honey! The hard part is what comes    next, I mean aren't you worried about the results?",fear
253,Chandler,I haven't... I haven't even thought about the results yet...    I just assumed that everything was gonna be ok.,joy
253,Janice,"Oh! Well, you know what? It probably is.",neutral
254,Monica,"Phoebe, where's your purse?",fear
254,Monica,"No, no! Give it to me!",anger
254,Phoebe,You can't have it.,anger
254,Monica,Give it to me!,anger
254,Phoebe,No,anger
254,Monica,I'll go in there.,anger
254,Phoebe,Oh yeah.,anger
254,Monica,Phoebe come here,neutral
254,Monica,Haha!,joy
254,Phoebe,Damn you Monica Geller hyphen Bing!,anger
255,Monica,"What we did was wrong. Oh god, I just had sex with somebody that wasn't alive during the Bicentennial.",disgust
255,Young Ethan,I just had sex.,neutral
255,Monica,"Ethan, focus. How could you not tell me?",surprise
255,Young Ethan,"Well, you never told me how old you were.",neutral
255,Monica,"Well, that's different. My lie didn't make one of us a felon in 48 states. What were you thinking?",disgust
255,Young Ethan,I wasn't thinking. I was too busy fallin'...,joy
255,Monica,Don't say it.,fear
255,Young Ethan,...in love with you.,joy
255,Monica,Really?,surprise
255,Young Ethan,Sorry.,sadness
255,Monica,"Well,fall out of it.",anger
255,Monica,"You know, you shouldn't even be here, it's a school night.",anger
255,Monica,"Oh god, oh god.",joy
255,Monica,I'm like those women that you see with shiny guys named Chad.,disgust
255,Monica,I'm Joan Collins.,disgust
255,Young Ethan,Who?,neutral
256,Rachel,"That’s right, still no baby!  Come on people! Please make some room!",sadness
256,Ross,"Uh sweetie, maybe you’d be more comfortable here?",neutral
256,Rachel,You. Like you haven’t done enough.,anger
256,Ross,"Look, I-I know how miserable you are, I wish there was something I can do.",neutral
256,Ross,I mean I wish I were a seahorse.,neutral
256,Ross,"Because with seahorses it’s the male, they carry the babies.",neutral
256,Ross,"And then also umm, I’d be far away in the sea.",anger
256,Rachel,God.  I have never been so uncomfortable in my entire life!,joy
256,Phoebe,"Oh I know, I’ve been there. I remember toward the end",neutral
256,Rachel,"Oh Phoebe, that’s a great story.",neutral
256,Rachel,Can you tell it to me when you’re getting me some iced tea?,sadness
256,Rachel,"Oh God, get out!",anger
256,Rachel,Get out!!,anger
256,Rachel,Get out!!,anger
256,Rachel,Get out!,anger
256,Chandler,Let’s.,neutral
257,Joey,"All right, I know! I know. Yeah, it’ll be okay.",joy
257,Rachel,Oh my God….What’s he gonna do now?,fear
257,Rachel,I can’t watch!,fear
257,Rachel,Oh.,neutral
257,Rachel,"Seriously, how can you watch this?",sadness
257,Rachel,Aren’t you scared?,fear
257,Joey,Terrified.,fear
258,Chandler,Oh-hey-hey-hey! There you are!,joy
258,Monica,"Umm, listen there's something I think you should know.",neutral
258,Chandler,"Oh, is this about you-you dating the nurse?",surprise
258,Chandler,"Yeah, Joey already told me, and I am so-so fine.",neutral
258,Chandler,"I mean, you and I we're just, y'know, we're nothing, we're goofin' around.",neutral
258,Monica,"Umm, actually I was about to tell you that I was, I was going to get out of it, but hey, if we're just goofing around then uh, maybe I",neutral
258,Chandler,Fine! Maybe I will too!,joy
259,Dr. Leedbetter,"Well, it was quite large. I-I-I-I-I had to throw most of it away.",fear
259,Ross,You-you-you-you  threw my sandwich away!,fear
259,Ross,MY SANDWICH?!!!,anger
259,Ross,MY SANDWICH!!!!!!,anger
260,Joey,"What’s the matter, Pheebs?",neutral
260,Phoebe,She cancelled! My namesake cancelled on me!,anger
260,Joey,What?!,surprise
260,Phoebe,"Yeah, she clamed she had to go out of town suddenly.",sadness
260,Phoebe,"She’s avoiding me, she doesn’t want to tell me where my Father is.",sadness
260,Phoebe,"She knows, and she won’t tell me.",sadness
260,Rachel,"Aww Pheebs, that sucks!",sadness
260,Phoebe,"Yeah, well, don’t “Aww Pheebs, that sucks!” me yet.",sadness
260,Chandler,Where ya going?,neutral
260,Phoebe,"Well, she’s out of town so, there’s gotta be something in her house that tells me where my Father is.",neutral
260,Ross,"Uh, Pheebs, some people call that breaking and entering.",fear
260,Phoebe,"Well, are any of those people here?!",anger
261,Phoebe,"Oh my God, so do I!",surprise
261,Phoebe Sr.,"I knew it, wow!!",surprise
261,Phoebe,"Wait-wait-wait, wait! Puppies. Cute or ugly?",neutral
261,Phoebe Sr.,"Ohh, so cute.",joy
261,Phoebe,"Uh-huh, well! But umm, still I’m-I’m mad at you.",anger
261,Phoebe Sr.,I know. I’m mad at me too.,anger
261,Phoebe,"Well umm, do you wanna get something to eat? I’m kinda hungry.",neutral
261,Phoebe Sr.,Hey! Me too!,surprise
261,Phoebe,"All right, stop it. Now you’re just doing it to freak me out.",sadness
262,Phoebe,"Ok, you can do this.",neutral
262,Phoebe,It's just like pulling off a Band-aid.,neutral
262,Phoebe,"Just do it really fast, and then the wound is exposed.",neutral
262,Chandler,"Janice. Hi, Janice. Ok, here we go. I don't think we should go out anymore. Janice.",sadness
262,Janice,"All right. Well, there you go.  Stop it, stop it, stop it.",anger
263,Phoebe,Oh my God! That guy at the counter is totally checking you out!,surprise
263,Monica,"Really?  My God, he’s really cute.",surprise
263,Phoebe,Go for it.,neutral
263,Monica,"Phoebe, I’m engaged!",surprise
263,Phoebe,"I’m just saying, get his number just in case.",neutral
263,Phoebe,But no: Chandler is in an accident and can’t perform sexually and he would want you to take a lover to satisfy the needs that he can no longer fulfill.,neutral
263,Monica,"Op, can I just tell you something? Very flattered but umm, I’m engaged.",joy
263,Monica,Well you should be embarrassed.,disgust
263,Phoebe,"I did, but that was really fun.",joy
264,Chandler,Hey.,neutral
264,Ross,Chandler. I sensed it was you.,neutral
264,Chandler,What?!,surprise
264,Ross,Unagi. I’m always aware.,neutral
264,Chandler,"Okay, are you aware unagi  is an eel?",joy
264,Ross,What’s up?,neutral
264,Chandler,I can’t figure out what to make Monica.,neutral
264,Ross,"Oh, why don’t you make her one of your little jokes.",anger
264,Chandler,I’m going crazy! Okay? Do you have any thing around here that looks homemade?,fear
264,Ross,Y’know what?,neutral
264,Ross,She’d-she’d love this.,neutral
264,Ross,"Uh, it’s an exact replica of Apollo 8.",neutral
264,Ross,I made it in the sixth grade.,neutral
264,Chandler,"Yeah, I guess I could use that. I could say that your love sends me to the moon.",neutral
264,Ross,"Yeah-yeah, except Apollo 8 didn’t actually land on the moon.",neutral
264,Ross,"But you-you-you could write that umm, your love lets me orbit the moon twice and return safely.",joy
264,Chandler,"Wait a minute, I can’t give this to her.",neutral
264,Ross,Why not?,neutral
264,Chandler,"Because it says ""Captain Ross"" on the side and ""I hate Monica"" on the bottom.",neutral
265,Janice,Oh. Oh I just cannot believe Clark stood me up!,anger
265,Monica,He might still show up.,neutral
265,Janice,"Oh, what are you, stupid? It’s been three hours.",anger
265,Monica,Is that all?,neutral
265,Janice,"I should just go on to happier things, okay? Umm, why don’t you tell about your lovely wedding?",sadness
266,Chandler,"Well actually uh, there was something we wanted to tell you about the wedding.",neutral
267,Chandler,"Um, it’s going to be a small ceremony.",neutral
268,Chandler,"Uh, tiny!",surprise
268,Chandler,We’re not even sure why we’re having it.,neutral
269,Monica,It’s actually going to be just family.,neutral
269,Janice,"Oh…wait…you two think of me as family?! Oh, I have to ask you something now and be honest; do you want me to sing",surprise
270,Ross,"Come here to me. No-no, you come here to me.",neutral
270,Rachel,Hey Ross! I brought reinforcements.,joy
270,Ross,"Oh great! What, you brought Joey?",joy
270,Rachel,"Well, I brought the next best thing.",neutral
271,Rachel,Whoa!  Y'know what Katie? I gotta tell ya I-I-I-I think you are the one who is too much.,surprise
271,Katie,"Ohh, Joey has the nicest friends!",joy
271,Rachel,"Ohh, and the nicest girlfriend!",joy
271,Katie,You're so sweet!,joy
271,Rachel,"Ohh, you're so sweet!",joy
271,Katie,"Oww!!!! Joey, she just kicked me.",surprise
271,Joey,Huh.,neutral
271,Katie,Well? Aren't you gonna do something?,neutral
271,Joey,Uhh….,neutral
271,Katie,"You'd better do something, or I'm gonna walk out that door right now! Well? Are you gonna?",anger
271,Joey,Nah.,neutral
272,Phoebe,"How could you pick up a hitchhiker?! He could be a rape—, a rapist or a killer or something!",fear
272,Joey,Don’t you think I asked him that before he got in?!,surprise
272,Phoebe,"Y’know what? I’m not talking to you! You go back to sleep!  And you, are you a rapist?!",anger
272,Hitchhiker,No!,anger
272,Phoebe,Do you like car games?,neutral
272,Hitchhiker,"Yeah, y’know the license plate game?",neutral
272,Phoebe,I,neutral
272,Joey,"Ooh, I’ll play! I’ll play!",joy
272,Phoebe,No-No! You need your sleep. Night-night! Shh!,anger
273,Chandler,"Pheebs, can you help me pick out an engagement ring for Monica?",neutral
273,Chandler,I can’t figure this out!,anger
273,Chandler,It’s so hard!,sadness
273,Chandler,Should I get her a  Tiffany cut or a Princess cut or a—ah-ah!,sadness
273,Chandler,Paper cut!,sadness
273,Phoebe,"Now, have you told anyone else?",neutral
273,Chandler,"No, I don’t want to tell anybody else because I don’t want Monica to find out.",neutral
273,Phoebe,You told me.,surprise
273,Chandler,"Well, it’s because I trust you, you’re one of my best friends, and you walked in on me when I was looking at ring brochures.",anger
273,Phoebe,"Yeah well, once again not knocking pays off. I only wish you hadn’t been on the toilet.",surprise
273,Chandler,Me too.,neutral
273,Joey,Hey.,neutral
273,Chandler,Hey.,neutral
273,Phoebe,"Hey! So Chandler, wanna go to the coffeehouse?",joy
273,Chandler,Oh all right.,neutral
273,Ross,"Oh perfect, we were just gonna see if you wanted to go.",neutral
273,Chandler,"Oh well, we don’t because we got…the…other pl-place.",neutral
273,Ross,How rude.,disgust
273,Joey,"Oh, I’m sorry. You wanna bite?",surprise
274,Joey,"The stripper stole the ring!! The stripper stole the ring!! Chandler! Chandler, get up! Get up! The stripper stole the ring!",surprise
274,Chandler,What?,surprise
274,Joey,The ring is gone!,surprise
274,Chandler,Ugh.,disgust
274,Chandler,"Just a sec, give me a minute to wake up for this—Ah-ha-ha!!",neutral
274,Chandler,You lost the ring!,joy
274,Chandler,You’re the worst best man ever!,anger
274,Joey,"Dude, this isn’t funny!",anger
274,Joey,What am I gonna do?!,fear
274,Joey,"I go to bed last night, everything’s cool!",joy
274,Joey,"I wake up this morning, the stripper’s gone and the ring is gone!",fear
274,Chandler,You slept with the stripper?,surprise
274,Joey,Of course!!,fear
275,Ross,What difference does that make?!,anger
275,Joey,"Well, I'm just—if the paste matches the pants, you can make yourself a pair of paste pants and she won't know the difference!",anger
275,Rachel,"Joey, do you have a minute?",neutral
275,Ross,"Dude, what am I gonna",fear
275,Joey,"Uh, Rachel's here, so good luck man, let me know how it works out.",anger
275,Rachel,"Oh, Joey, I have such a problem!",fear
275,Joey,"Oh well, you're timing couldn't be better. I am putting out fires all over the place.",neutral
275,Rachel,"Okay. Okay. Okay. Joey, I have",neutral
275,Joey,"What-what is it, what is it?",neutral
275,Rachel,"Oh my God, it's so huge, but you just have to promise me that you cannot tell anyone.",surprise
275,Joey,"Oh no, no-no-no-no! I don't want to know!",fear
275,Rachel,"Yes! Yes! Yes, you do want to know! This is unbelievable!",anger
275,Joey,"I don't care, Rach! Look, I am tired of being the guy who knows all the secrets but can't tell anyone!",disgust
275,Rachel,What? What secrets? You know secrets? What are they?,surprise
275,Joey,And you're not supposed to be gossiping!!,disgust
275,Rachel,"I know, I know! I just can't keep this one in, so I pick up the phone",fear
275,Joey,I'm not listening to you!,anger
276,Rachel,Oh! Yay! Look! There’s a piece that doesn’t have floor on it!,joy
276,Rachel,"Hey, come on now!",anger
276,Joey,"All right, what are we havin’?",neutral
277,Joey,"Uhh, I don’t believe in these crazy diets y’know, just everything in moderation.",neutral
277,Joey,I’ll take those to go.  For the kids.,neutral
277,The Interviewer,"Oh, I know what I wanted to ask you. You were on the show years ago and then they killed you off. What happened there?",neutral
277,Joey,"It was so stupid, I said some stuff in an interview that I shouldn’t have said.",anger
277,Joey,"But believe me, that’s not gonna happen today.",neutral
277,The Interviewer,"Understood. So, what’d you say back then?",neutral
277,Joey,"Well, I said that I",neutral
278,Rachel,Ha!,neutral
278,Phoebe,So you like the drums!,joy
278,Phoebe,"That's, that's great!",joy
278,Phoebe,"Y’know, I was worried, that, you know, they would maybe an unbearable living situation.",neutral
278,Phoebe,"All right, okay, well, apparently not!",sadness
278,Phoebe,"So, yay!",joy
278,Joey,"Hey-hey, Pheebs, check it out, we already learned a song.  Ready? One, two, three, four...",neutral
278,Joey,Tequila!!,joy
278,Phoebe,That's fun.,joy
279,Joey,"Whoa-whoa, Treeger made you cry?",surprise
279,Rachel,Yes! And he said really mean things that were only partly true.,sadness
279,Joey,I’m gonna go down there and teach that guy a lesson.,anger
279,Monica,"Joey, please don’t do that. I think it’s best that we just forget about it.",fear
279,Rachel,"That’s easy for you to say, you weren’t almost just killed.",anger
279,Joey,"All right that’s it, school is in session!",neutral
279,Monica,My God! Is this a gym card?,surprise
279,Chandler,"Oh yeah, gym member. I try to go four times a week, but I’ve missed the last 1200 times.",neutral
279,Ross,So why don’t you quit?,neutral
279,Chandler,You don’t think I’ve tried? You think I,joy
279,Ross,Who is Maria?,neutral
279,Chandler,"Oh Maria. You can’t say no to her, she’s like this lycra spandex covered gym…treat.",joy
279,Ross,You need me to go down there with you and hold your hand?,neutral
279,Chandler,No!,anger
279,Ross,So you’re strong enough to face her on your own?,neutral
279,Chandler,"Oh no, you’ll have to come.",fear
280,Rachel,"Pheebs, I don’t think anyone's mad about that.",neutral
280,Phoebe,Exactly! Because it's in the past!,anger
280,Joey,Anybody gonna eat that?,neutral
281,Joey,Pheebs!,joy
281,Phoebe,Hey!,joy
281,Joey,"Listen, you know how uh, when you’re wearing pants and you lean forward I check out your underwear?",neutral
281,Phoebe,Yeah!,neutral
281,Joey,"Well, when Jake did it I saw that…he was wearing women’s underwear!",surprise
281,Phoebe,I know. They were mine.,neutral
281,Joey,"Oh.  No! No wait, that’s weird!",disgust
281,Phoebe,"No, it’s not! We were just goofing around and I dared him to try them on.",neutral
281,Joey,That’s weird!,disgust
281,Phoebe,I’m wearing his briefs right now.,neutral
281,Joey,That’s…kinda hot.,surprise
282,Phoebe,I think so too. And that little flap? Great for holding my lipstick.,joy
282,Joey,"Yeah, I wouldn’t know about that.",neutral
282,Phoebe,And! Y’know what Jake says? That women’s underwear is actually more comfortable. And he loves the way the silk feels against his skin.,joy
283,Joey,"Yeah well next thing you know, he’ll be telling you that your high heels are good for his posture!",disgust
283,Phoebe,There is nothing wrong with Jake! Okay? He is all man! I’m thinking even more than you.,neutral
283,Joey,"Oh yeah, he looked like a real lumberjack in those pink lacys.",disgust
283,Phoebe,I’m just saying that only a man completely secure with his masculinity could walk around in women’s underwear!,neutral
283,Phoebe,I don’t think you could ever do that.,neutral
283,Joey,Hey! I,neutral
283,Phoebe,"Okay, whatever.",disgust
284,Phoebe,Lusts of the flesh.,neutral
284,Rachel,What?,neutral
284,Phoebe,I don’t know.  A cowboy theme?,neutral
285,Joey,"Hey uh, is it okay to come in?",neutral
285,Rachel,"Of course! Oh Joey, this ring I…it’s beautiful I love it!",joy
285,Joey,"Yeah uh look Rach, there’s something I gotta tell ya.",neutral
285,Rachel,Hey!,joy
285,Nurse,Hey! Are you ready to try nursing again?,neutral
285,Rachel,"Yeah! Hi Emma. Hey, why do you think she won’t take my  breast?",neutral
285,Nurse,"It’s all right honey, it takes some babies a while to get it,  but don’t worry. It’ll happen.",neutral
285,Joey,Yowza,anger
285,Rachel,"Okay sweetie, you can do it. Just open up and put it in your  mouth.",neutral
285,Joey,Dear Lord.,surprise
285,Rachel,"I’m sorry honey, what were you saying?",neutral
285,Joey,"Oh uh-uh yeah, I think that…",neutral
285,Rachel,Do you think my nipples are  too big for her mouth?,neutral
285,Rachel,She looks scared.,neutral
285,Rachel,Doesn’t she  look scared?,neutral
285,Joey,"Y’know, I don’t really know her.",neutral
286,Chandler,Can you see my nipples through this shirt?,neutral
286,Rachel,"No. But don't worry, I'm sure they're still there.",neutral
286,Phoebe,"Where are you going, Mr. Suity-Man?",neutral
286,Chandler,"Well, I have an appointment to see Dr. Robert Pillman, career counselor a-gogo.  I added the ""a-gogo.""",neutral
287,Joey,"Actually, tomorrow night kinda depends on how tonight goes.",neutral
287,Chandler,"Oh, uh, listen, about tonight...",sadness
287,Joey,"No, no, no, don't you dare bail on me.",anger
287,Joey,The only reason she's goin' out with me is because I said I could bring a friend for her friend.,neutral
287,Chandler,"Yes, I know, but her friend sounds like such a...",anger
287,Joey,Pathetic mess?,neutral
287,Joey,"I know, but—come on, man, she's needy, she's vulnerable.",neutral
287,Joey,"I'm thinkin', cha-ching!",joy
287,Joey,Thanks.,neutral
287,Joey,"Look, you have not been out with a woman since Janice.",neutral
287,Joey,You're doin' this.,neutral
287,Ross,Hi. She said yes.,neutral
287,Chandler,"Yes! Way to go, man!  Still got the egg, huh?",joy
288,Joey,"""Happy birthday to you!""",joy
288,Gunther,You’re paying for that.,neutral
288,Joey,What? No-no it’s her birthday!,surprise
288,Gunther,You’ve sung Happy Birthday to 20 different women today!,surprise
288,Joey,But it really,neutral
288,Gunther,You are no longer authorized to distribute birthday muffins.,neutral
288,Joey,Damnit!,anger
288,Ross,Rach? Hi!,joy
288,Rachel,Hi!,joy
288,Ross,Did you tell your sister to ask me out?,neutral
288,Rachel,Well yeah,neutral
288,Ross,Oh wow!,surprise
288,Ross,"I mean, wow!",surprise
288,Ross,"I mean, I-I-I think she’s cute but I-I would never have thought of going out with her, never!",neutral
288,Rachel,Really?!,surprise
288,Ross,"Yeah but after you said it was okay, I figured, ""Why not?!""",joy
288,Rachel,Oh so-so not really never.,neutral
288,Ross,I have to say you are a much bigger person than I am.,neutral
288,Ross,"I mean after all we’ve been through, I just—y’know I wish I had a brother to reciprocate.",neutral
288,Ross,"Hey, if you ever want to go out with Monica, you have my blessing.",neutral
288,Joey,"Oh-ho, and mine!",joy
289,Phoebe,No-no wait-wait! I can’t just let you hang up! Just please talk to me.,fear
289,Earl,Well…I only have one thing to do today.  I guess I could push it back.,neutral
289,Phoebe,"Yeah! Now, why do you want to kill yourself?",sadness
289,Earl,"It’s just that I uh, have been working for ten years now at this meaningless, dead-end job and nobody here even knows I exist!",sadness
289,Phoebe,Chandler?,neutral
290,Earl,I-I’m sorry?,sadness
291,Phoebe,"No look, I-I’m sure that people know you exist!",sadness
291,Earl,Oh yeah?,sadness
292,Earl,I work in a cubicle surrounded by people.,neutral
292,Earl,I’ve been talking to you for five minutes now about killing myself and no one’s even looked up from their desk.,sadness
292,Earl,Hang-hang on.,neutral
292,Earl,Hey everybody!,neutral
292,Earl,"Uh, I’m gonna kill myself!",sadness
292,Earl,I got nothing.,neutral
293,Joey,"Apparently, there’s like a million guys out there that can play Mac, and there’s only this one robot and this one guy who controls it!",surprise
293,Joey,I didn’t know he could get me fired!,surprise
293,Joey,What am I going to do?,fear
293,Monica,"Well y’know Joey, you’re a pretty charming guy.",neutral
293,Joey,"Thanks, but I kinda have a problem to deal with here.",fear
293,Monica,"No sweetie, you’ve got to win over the guy that controls C.H.E.E.S.E.! You’ve got to kiss some serious robot ass!",neutral
293,Joey,That’s not a bad idea.,neutral
293,Joey,"Okay, but if I got to turn on the charm tomorrow I’m not wasting anymore of it over here with you guys.",neutral
293,Joey,"Well, actually I got a little bit saved for you Pheebs.",joy
293,Chandler,"So do you think uh, Joey’s more charming than me?",neutral
293,Monica,Yeah! That’s why I’m sleeping with him on the side.,sadness
293,Chandler,"Yeah, you wish.",neutral
293,Phoebe,"""You wish.""",joy
294,Paul,Why are you yelling?,joy
294,Rachel,"Whoa, that",neutral
295,Joey,"Whoa-whoa, what is it?",surprise
295,Phoebe,Well… It’s a date.,neutral
295,Joey,A date?!,surprise
295,Joey,"No, no Pheebs you-you must be mistaken, because I know you wouldn’t schedule a date on the same night you have plans with a friend!",surprise
295,Phoebe,"Come on Joey, don’t make me feel badly about this.",sadness
295,Joey,"No, I’m gonna!!",anger
295,Joey,That’s right!,anger
295,Joey,"Yeah, you made me feel really guilty about goin’ out with that girl!",anger
295,Joey,Like-like-like I did something terrible to you!,anger
295,Joey,"And now Pheebs, you’re doing the same thing!",anger
295,Phoebe,That—It’s not the same thing! This is,anger
295,Joey,"Okay, well my girl from the other night was special. She was a scientist too!",anger
295,Phoebe,She was?,surprise
295,Joey,"Well, she graduated from high school!",anger
295,Phoebe,"Okay, whatever.",joy
295,Phoebe,Y’know what?,neutral
295,Phoebe,"I don’t have time to convince you because he’s only here for four hours, and I’m gonna go see him!",anger
295,Joey,Fine!,anger
295,Phoebe,Yeah!,anger
295,Joey,Fine!,anger
295,Phoebe,Yeah!,anger
295,Joey,"What are you still doin’ here?! I told you, lobster ravioli!",anger
296,Ross,"Sorry I'm late, I was stuck at work. There was this big dinosaur.. thing.. anyway.",neutral
296,Susan,Hi.,neutral
296,Carol,"Ross, you remember Susan.",neutral
296,Ross,How could I forget?,surprise
296,Susan,Ross.,neutral
296,Ross,"Hello, Susan.  Good shake. Good shake. So, uh, we're just waiting for...?",anger
296,Carol,Dr. Oberman.,neutral
296,Ross,..Dr. Oberman. Okay. And is he-,neutral
296,Susan,She.,neutral
296,Ross,"-she, of course, she- uh- familiar with our.. special situation?",neutral
296,Carol,"Yes, and she's very supportive.",neutral
296,Ross,"Okay, that's great.  No, I'm- Oh.",joy
296,Carol,Thanks.,neutral
296,Ross,"Quack, quack..",neutral
296,Carol,Ross? That opens my cervix.,surprise
296,Rachel,Barry?,surprise
296,Barry,C'mon in.,neutral
296,Rachel,Are you sure?,surprise
296,Barry,"Yeah! It's fine, it's fine. Robbie's gonna be here for hours.",neutral
296,Robbie,Huh?!,surprise
296,Barry,"So, how ya doin?",neutral
297,Monica,Does she use the cups? Yes! I believe she does. Does she use the plates? Yes! I believe she does.,neutral
297,Monica,"Oh. Thank you. Ohhh, thank you very much. Oh, thank you for coming.  Uh, just a second!",joy
297,Phoebe,"No-no, let me in!",anger
297,Monica,Phoebe?,neutral
297,Phoebe,Yeah!,joy
297,Monica,Can you just hold on for one minute?,neutral
297,Phoebe,"No, you have to let me in right now!!",joy
297,Monica,Are you alone?,neutral
297,Phoebe,Yes!,joy
297,Monica,All right.,neutral
298,Monica,Let go!,anger
298,Ross,No! You let go!,anger
298,Ross,How come it’s always us left in the field holding the ball?,joy
298,Monica,I don’t know. I guess the other people just don’t care enough.,neutral
298,Ross,Hey! It’s starting to snow.,sadness
298,Ross,Gimme the this!,anger
298,Monica,Let go!,anger
299,Joey,Y'know what?,neutral
299,Chandler,Umm?,neutral
299,Joey,I bet ‘ya ya I could fit in there.,neutral
299,Chandler,I’ve got five bucks says you can’t.,neutral
300,Joey,"Shoot! Shoot! Shoot! Shoot, or just fall down. That's good too.",joy
300,Lydia,Knick fan?,neutral
300,Joey,"Oh, yeah.",neutral
300,Lydia,"Oh, boy, do they suck.",anger
300,Joey,"Hey, listen, lady.......whoa.",surprise
300,Lydia,"Look, look at your man, Ewing. Nice shot. You know what, he couldn't hit water if he was standing on a boat.",disgust
300,Joey,Oh yeah? And who do you like?,neutral
300,Lydia,The Celtics.,neutral
300,Joey,"The Celtics? Ha. They couldn't hit a boat if...wait. They suck, alright?",disgust
300,Lydia,"Oh, shut up. You know, it's a rebuilding year. You... waah!",anger
300,Joey,"Wha? Wha..aa? Let me get the father. Hey, we need a father over here! We need a father!",anger
300,Lydia,There is no father.,neutral
300,Joey,"Oh, oh, oh, sorry.",fear
300,Joey,"Oh, uh, ok. Right this way. All the other pregnant women seem to be goin' in here.",neutral
300,Lydia,Ok.,neutral
301,Barry,"Sweetheart, just gimme- gimme another chance, okay, we'll start all over again. We'll go back to Aruba.",fear
301,Bernice,"Dr. Farber, we've got a bit of an emergency here...Jason Costalano is choking on his retainer.",fear
301,Barry,Oh God...,fear
301,Barry,"I'll be right there, Bernice.",neutral
301,Barry,"Look, please, please don't go anywhere, okay?",fear
301,Rachel,Okay.,neutral
301,Rachel,"Okay, we'll be here!",neutral
301,Rachel,Hating you!,anger
301,Rachel,Did you see how he was sweating when he walked out of there?,surprise
301,Rachel,"Listen honey, if I'm hogging the ball too much you just jump right in there and take a couple punches because I'm telling you, this feels",neutral
301,Mindy,Yeah... I'm pretty sure I'm still gonna marry him.,joy
301,Rachel,"What are you talking about?! Mindy, the guy is the devil! He's Satan in a smock!",disgust
301,Mindy,"Look, I know he's not perfect, but the truth is, at the end of the day, I still really wanna be Mrs. Dr. Barry Farber, D.D.S.",neutral
301,Rachel,Oh God.,surprise
301,Mindy,I hope you can find some way to be happy for me. And I hope you'll still be my maid of honor...?,fear
301,Rachel,And I hope Barry doesn't kill you and eat you in Aruba.,sadness
302,Phoebe,"Listen, Robert’s gonna be here any second so, will one of you just tell him?",neutral
302,Ross,Oh.,sadness
302,Phoebe,"Please, right now, no, every time I see him it’s like ‘Is it on the lose?’ ‘Is it watching me?’",fear
302,Chandler,"We can’t tell him, you can’t go up to a guy you barely know and talk about his.... stuff.",anger
302,Ross,"He’s right, even if it’s to say something complementary.",neutral
302,Robert,Hey!,surprise
302,Phoebe,Hey.,neutral
302,Robert,"So are ready for the gym? They’ve got this new rock climbing wall, we can spot each other.",neutral
302,Phoebe,"No, I can spot you from here.",neutral
302,Robert,What?,surprise
302,Phoebe,"Okay, listen Robert...",neutral
303,Phoebe,I don’t have time for this.,anger
303,Monica,"No, that is what the game is.",neutral
304,Phoebe,Which you just gave up really quickly.,neutral
304,Chandler,Have you seen Joey?,neutral
304,Monica,What’s the matter?,neutral
304,Chandler,"Oh, just this!  Y’know what it’s my fault really, because the couch is usually where we",neutral
304,Joey,"Hey, does somebody wanna hand me one of those tiles.",neutral
304,Chandler,What’s going on?,surprise
304,Monica,He’s retiling my floor.,neutral
304,Chandler,Yo!! Spackel boy! Get up!,neutral
304,Monica,"Ah-ah-ah, now you started this, you will finish it.",anger
304,Chandler,He started mine first!,anger
304,Phoebe,"Build the unit Cinderelly, lay the tile Cinderelly.",anger
305,Chandler,Come on Chloe! Finish up with your customer first. Come on Chloe! Come on Chloe!!,joy
305,Issac,Can I help you?,neutral
305,Chandler,Uh-oh.,fear
305,Joey,"Uh, y'know what, we’re having second thoughts about our copying needs. And we’ll need a little more time to think about it.",neutral
305,Issac,"Chloe, switch with me, there’s some guys here that got a crush on you.",neutral
305,Chandler,"Okay, that hurt us.",joy
305,Chloe,Hi guys. I haven’t seen you since this morning.,neutral
305,Chandler,"Well ah, ........y'know.",neutral
305,Chloe,"Hey, what are you guys doing tomorrow night?",neutral
305,Joey,Both of us?,surprise
305,Chloe,Maybe. Does that scare ya?,neutral
305,Chloe,Relax. It’s just Issac’s D.J.-ing at the Philly. You should come.,neutral
305,Joey,We’ll be there.,joy
305,Chloe,"Great. I’ll ah, see ya then.",joy
305,Chandler,"All right, rock on.",joy
306,Ross,"Umm, candles, champagne, yeah anniversaries are great.",joy
306,Ross,"‘Cause you know love lasts forever, y'know.",joy
306,Ross,"Nothing like it in this lifetime, money in the bank, so Rachel and I broke up.",sadness
306,Carol,"Oh God, Ross I am so sorry.",joy
306,Carol,"Y'know what, I want to talk to you about this so much, but we should probably do it when we could really get into it, are you free for dinner tomorrow night?",neutral
306,Ross,"Oh yeah, I’d love that.",joy
306,Carol,"Oh, great! Me too.",joy
306,Ross,I guess it all started when Rachel got this new job.,neutral
307,Ross,And why do you care so much?,neutral
307,Monica,Because! You could get to live out my fantasy!,joy
307,Ross,You had fantasies about Emily?,sadness
307,Monica,"No! Y’know,",neutral
307,Ross,Is that why in junior high you were the only one that hung out with that Ukrainian kid?,neutral
307,Monica,"Yeah that, plus his mom used to put sour cream on everything!",neutral
307,Monica,Do you love her?,neutral
307,Ross,"We said it was only going to be two weeks, y’know?",neutral
307,Monica,You love her!,surprise
307,Ross,What-what is love really?,neutral
307,Monica,"Ohhh, I",neutral
307,Ross,I am a good kisser.,neutral
307,Monica,"Then you two can, can sneak into the cockpit, and things will start to heat up, and then a stewardess comes in…  I’ve been watching too much porn.",neutral
308,Supervisor,So basically this is very easy. You read from the script and try to sell as much toner as you possibly can.,neutral
308,Phoebe,"Okay, I can do that! Oh, by the way, I",joy
308,Supervisor,Why don’t we do a trial run.,neutral
308,Phoebe,"Oh okay. Umm, all right.  Hi, this is Phoebe from Empire Office Supplies, can I speak to your supply manager please?",neutral
308,Supervisor,I’m the supply manager.,neutral
308,Phoebe,"Umm, okay I would like to talk to you about your toner needs.",neutral
309,Chandler,"Kathy! Kathy! Hi!! Kathy! Kathy! (She doesn't hear him and keeps running, Chandler starts chasing her as the theme to",joy
309,Kathy,"Hey, Chandler! What are you doing here?",surprise
309,Chandler,"Oh, I just wanted to say, ""Hey!""",joy
309,Kathy,Hey!,neutral
309,Chandler,Okay.,neutral
310,Phoebe,"Oh, hey, Mon, do you still have your like old blouses and dresses from high school?",neutral
310,Monica,"Yeah, I think I have some around here somewhere. Why?",neutral
310,Phoebe,"Well, it’s just that maternity clothes are so expensive.",joy
310,Monica,"Hey, Rach! I made a pile of your stuff over on this side of the room. If you could just……throw your purses at it.",sadness
310,Rachel,Bloomingdale’s,neutral
310,Monica,"Oh my God, are you out of a job?",surprise
310,Rachel,"No, but they stuck me in personal shopping. Which is just a",sadness
311,Phoebe,Okay!,neutral
311,Monica,"Come on, no peeking!",joy
311,Chandler,Our eyes are closed and we’re about to cross the street. Very good.,joy
311,Phoebe,"Okayyyyy, open up!",joy
311,Ross,What did you want to show us? Because all I can see is this,neutral
311,Phoebe,"Yeah, it’s for our catering business!",joy
311,Joey,I think I know that girl.,neutral
311,Monica,"All right, umm, we’re not gonna really keep it this way though.",joy
311,Rachel,No?,surprise
311,Phoebe,"No, we’re gonna paint over the sword, and replace it with a baguette.",neutral
311,Rachel,Oh!,surprise
311,Phoebe,"And also, we don’t know what to do with this.",neutral
311,Joey,"Oh yeah, I definitely know her.",neutral
312,Ross,"You don’t know?! Rach, you balded my girlfriend!",neutral
312,Rachel,"All right! Ross, do you think it’s easy for me to see you with somebody else?",anger
312,Ross,"Y'know, hey! You’re the one who ended it, remember?",anger
312,Rachel,"Yeah, because I was",neutral
312,Ross,You still love me?,sadness
312,Rachel,Noo.,sadness
312,Ross,You still love me.,neutral
312,Rachel,"Oh, y-yeah, so, you-you love me!",surprise
312,Ross,"Noo, nnnnn. What does this mean? What do you, I mean do you wanna, get back together?",surprise
312,Rachel,Noo!,anger
312,Rachel,Maybe!,surprise
312,Rachel,"I, I don’t know.",neutral
312,Rachel,"Ross, I still can’t forgive you for what you did, I can’t, I just, but sometimes when I’m with you I just, I feel so...",sadness
312,Ross,What?!,sadness
312,Rachel,"I just, I feel, I-I just...",neutral
312,Ross,What?,neutral
312,Rachel,I feel...,neutral
312,Chandler,"Noo!! I don’t care! I’m not, I’m not gonna playing one-on-one strip poker with you for practice!",anger
312,Joey,But I made cards!!,sadness
312,Rachel,Well! Good night.  I’m going upstairs.,neutral
312,Joey,Good night.,neutral
312,Joey,Wanna play strip poker for practice?,sadness
313,Joey,What are you doing?,neutral
313,Chandler,The key’s stuck in the lock.,neutral
313,Joey,I can fix it. Hold on.  Look out. Look out.,neutral
313,Chandler,It still doesn’t work.,joy
314,Rachel,"Isn’t it incredible?! Monica and Chandler, gettin’ married.",joy
314,Phoebe,"I know, they’re gonna be",joy
314,Rachel,"Ohh… I mean two best friends falling in love, how often does that happen?",joy
314,Phoebe,Not,neutral
314,Rachel,No! I’m so happy for them!,joy
314,Phoebe,Me too! So happy for them!,joy
314,Phoebe,"Oh no! No God, definitely not jealous!",neutral
314,Rachel,"I mean I’m probably 98% happy, maybe 2% jealous. And I mean what’s 2%? That’s nothing.",neutral
314,Phoebe,Totally. I’m like 90/10.,joy
314,Rachel,Yeah me too.,neutral
314,Joey,"Hey uh, have you guys scene Chandler?",neutral
314,Rachel,"Wh—no, but y’know who did stop in here looking for ya, Tennille.",neutral
315,Monica,Remember that guy from cooking school I told you about that put cilantro with everything?,neutral
315,Phoebe,"Oh sure, Cilantro Larry.",neutral
315,Monica,"Well, I’m gonna fill in for him as food critic for the Chelsea Reporter.",joy
315,Monica,"Wow, Monica! What an amazing opportunity to influence… dozens of people.",joy
315,Phoebe,"How could you say yes, what about our catering business?",anger
315,Monica,"Oh no-no-no, it’s only one night a week, and plus I get to take all of you out for a",neutral
315,All,Yay!!,joy
315,Phoebe,"Oh, in that case——Yay!  That was me hopping on board.",joy
315,Monica,Oh.,joy
315,Chandler,"Hey, you guys! Hey, Ross, quick question for ya. Are you ready to party?",joy
316,Joey,Hello.,neutral
316,Chandler,"Hey, it’s me.",neutral
316,Chandler,"I know you can’t stand to be in the same room as me, so I just thought I’d try and apologize over the phone.",sadness
316,Joey,Hello.,neutral
316,Chandler,"Look I never should have kissed your girlfriend, but I’m",fear
316,Joey,Stop callin’!!,anger
316,Voice,"Hey! Hey! Hey! This is 92.3, WXRK, K-Rock for our $1,000 daily challenge.",joy
316,Joey,All right!,neutral
316,Voice,"What is the name of your roommate who is very, very sorry and would do anything",neutral
317,Phoebe,Joseph Francis Tribbiani are you home yet?!!,neutral
317,Rachel,"Umm, I think he’s still out. What’s wrong?",joy
317,Phoebe,"Well, I’ll tell you Rachel Karen Green, I had plans with Joey tonight and he left me this note.",neutral
317,Rachel,"""Pheebs, can’t make it, got a date. Talk to you later. Big Daddy.""  Big Daddy?",anger
317,Phoebe,Oh that’s a nickname we were trying out.,neutral
317,Ross,"Hey, y’know what nickname never caught on? The Ross-A-Tron!",joy
317,Joey,Hey!,joy
317,Phoebe,Oh! Here’s Joseph Francis!,joy
317,Joey,Oh-Wha-Ho! What are you middle naming me for?! I left you a note!,surprise
317,Phoebe,So what?! That doesn’t give you the right to ditch me!,anger
317,Joey,"Hey, you can cancel plans with friends if there is the possibility for sex!",anger
317,Ross,"Phoebe he’s right, that is the rule.",neutral
317,Phoebe,I don’t accept this rule.,anger
317,Phoebe,"When we make plans, I expect you to show up.",anger
317,Phoebe,"Okay, I can’t just be a way to kill time ‘til you meet someone better!",anger
317,Phoebe,"Y’know boyfriends and girlfriends come and go, but this  is for life!",anger
318,Rachel,Did you know he was in there?,neutral
318,Monica,No.,neutral
318,Chandler,How long have we been home?,neutral
318,Monica,About a half an hour.,neutral
318,Chandler,Love,neutral
319,Pete,"Lights.  Uh, romantic lights.",neutral
319,Monica,"Ooh, nice.",joy
319,Pete,"So ah, there was this thing I wanted to talk to you about.",neutral
319,Monica,"Oh, right! I completely forgot about that.",neutral
319,Pete,"Well ah, I’ve been doing a lot of thinking, and I look at my life",neutral
319,Monica,Yeah?,neutral
319,Pete,"And I feel like I’ve conquered the business world, and I feel like I’ve conquered the intellectual world, and now I-I have the most beautiful woman in the world.",anger
319,Monica,Wow.,surprise
319,Pete,There’s one thing missing.,sadness
319,Monica,What’s that?,neutral
319,Pete,It’s time for me to conquer the physical world.,neutral
319,Monica,Okay.,neutral
319,Pete,"Monica, I want to become  the Ultimate Fighting Champion.",neutral
319,Monica,You wanna what?!,surprise
319,Pete,"I want to become the Ultimate Fighting Champion! It’s the most intense physical competition in the world, it’s banned in 49 states!",joy
319,Monica,What are you talking about?,surprise
319,Pete,"Okay, my trainer, Ho Chi, is teaching me a combination of Gee Koon Doe and Brazilian street fighting, I’ve even had my own octagon training ring designed.",neutral
319,Monica,And I suppose you used a ring designer for that.,joy
319,Pete,Yeah.,neutral
319,Pete,"Monica, I want you there in the front row when I win.",joy
319,Pete,I want you close enough to smell the blood.,joy
319,Pete,What do you think?,neutral
319,Monica,My parents will be so happy.,disgust
320,Chandler,Okay to come in?,neutral
320,Monica,"Yeah, come on, eat, whatever you want. Dr. Roger got beeped again.",neutral
320,Chandler,"Yeah I know, guess who beeped him?",neutral
320,Monica,What?!,surprise
320,Chandler,I’m the ruptured spleen.,sadness
320,Monica,Why would you do that?,joy
320,Chandler,Because you shouldn’t be with him.  You should be with me.,sadness
320,Monica,Really?,surprise
320,Chandler,"When you were talking about Roger, that was killing me!",sadness
320,Chandler,"Look, things like last night they don’t just happen.",neutral
320,Chandler,Or at least not to me.,neutral
320,Chandler,"Or with the other two women, in the morning y’know I was just lying there and I couldn’t wait to just go hang out with my friends, but with you I always y’know with a friend.",neutral
320,Monica,Chandler!,surprise
320,Chandler,"I know you probably don’t want to go out with me, y’know because I make too many jokes and I’ve never been in a serious relationship and I guess I’m not technically a ""doctor…""",sadness
320,Monica,"There was just one woman, wasn’t there?",neutral
320,Chandler,"No, there were two.",neutral
320,Monica,Including me?,surprise
320,Chandler,Oh yeah.,joy
321,Phoebe,Hey!,joy
321,Eric,Welcome back!,joy
321,Phoebe,Hey!  Can we pick up where we left off?,joy
321,Eric,"I don’t know, I’m still pretty tired out from this afternoon.",neutral
321,Phoebe,Why?,surprise
321,Eric,"Uh, the sex.",neutral
321,Phoebe,What sex?,surprise
321,Eric,Our sex.,joy
321,Phoebe,We didn’t have sex.,surprise
321,Eric,"Well if I didn’t have sex with you, I had sex with someone that looked an awful lot like",neutral
321,Phoebe,Ew! Ew! Ew! Ew! Ew! Ew!,disgust
321,Eric,Oh no! Oh no! Oh no! Oh no! No! No! No!,disgust
322,Monica,Oh my God Stu! I-I can’t believe you did this! Now are you absolutely sure she’s a hooker?,disgust
322,Stu,"Either that or she’s just the best, most expensive date I ever had.",surprise
323,Monica,Would you look at them. Am I ever gonna find a boyfriend again? I gonna die an old maid.,sadness
324,Phoebe Sr.,I’m your mother.,neutral
324,Phoebe,Ehh?,surprise
324,Joey,"Oh, and then Monica joked that she wouldn’t go out with a guy like Chandler...",neutral
324,Chandler,Hi there.,neutral
324,Joey,"...and he couldn’t let it go, and... I don’t really know what happened with that either.",neutral
324,Joey,"And then Ross’s new girlfriend, Bonnie, shows up and Rachel convinced her to save her head.",neutral
324,Joey,"And then Ross and Rachel kiss, and now Ross has to choose between Rachel and the bald girl and I don’t know what happened there either...",neutral
324,Joey,"Y'know what, hold on, let me go get Chandler.",neutral
325,Ross,"Uh Mr. Morse, can I speak to you for a moment?",neutral
326,Phoebe,"Well yeah, I lied before.",sadness
326,Rachel,Oh!,surprise
326,Monica,Oh God,surprise
326,Phoebe,Now you know how you really feel about it.,neutral
326,Rachel,"Oh-oh, that’s a risky little game!",surprise
326,Monica,Are you really gonna do this?,fear
326,Rachel,Yeah. I’m gonna have a baby. I’m gonna have a baby. I’m gonna have a baby!,joy
326,Phoebe,With who?,neutral
326,Rachel,"Ah, it’s still not the time.",neutral
327,Phoebe,You said I was boring--Ohh!,anger
327,Ross,When did I say you were boring?!,neutral
327,Phoebe,"Oh my God, I remember now! We were playing chess!",surprise
327,Ross,Phoebe! You and I have,neutral
327,Phoebe,"Oh, come on!",joy
327,Phoebe,"Yes, remember that time on the frozen lake?",neutral
327,Phoebe,"We were playing chess, you said I was boring, and then you took off your energy mask and you were Cameron Diaz!",anger
327,Phoebe,"Okay, there's a",neutral
328,Jill,"All right, I’m leaving!",anger
328,Jill,Because I’m not going to spend one more day with someone whose out to sabotage my every move.,anger
328,Jill,That’s you Rachel!,anger
328,Rachel,"Yeah, I got that.",neutral
328,Jill,"And you! I throw myself at you and you say no, how gay are you?",anger
328,Ross,You take care Jill.,neutral
328,Jill,"Okay, see ya!",joy
328,Joey,Bye-bye,joy
328,Chandler,"I-I can’t believe Jill’s gone.  I can’t help it, I opened a gate.",sadness
329,Monica,"How about, you’re moving!!",joy
329,Rachel,Look! This is ridiculous. We should be packing you!!,anger
329,Phoebe,"Hey, how are you guys doing?",neutral
329,Rachel,Great! Monica’s moving!,joy
329,Monica,I am not!,anger
329,Rachel,Oh really?! Then how come all your stuff is in this box?!,surprise
329,Phoebe,"Okay, you guys. You guys I think I know what’s going on here. Okay, you guys",neutral
329,Monica,No Phoebe I am mad!,anger
329,Phoebe,"Well, deep-deep-deep down!",neutral
329,Rachel,"Yeah, I’m just mad!",anger
329,Phoebe,Then keep running.,neutral
330,Joshua,Okay!,neutral
330,Rachel,"Oh, here’s that trench-coat that you wanted.",neutral
330,Joshua,"Oh great!  Wow! Yeah, it’s comfortable.",joy
330,Rachel,Yeah?,neutral
331,Phoebe,Oh! Here we,anger
331,Chandler,"All right, y'know what, we've been talking about London too much haven't we?",neutral
331,Phoebe,I'm sorry.,neutral
331,Phoebe,It's just 'cause I couldn't be there.,neutral
331,Phoebe,"Cause all I ever get to do now is pregnant stuff, it just bums me out.",sadness
331,All,Sorry.,neutral
331,Monica,What happened?,neutral
331,Rachel,"Well, y'know, a little of this, a little of that. Got myself a date tomorrow night.",neutral
331,Monica,"See, didn't I tell you?! You're getting over Ross already!",joy
331,Gunther,Get out!,joy
332,Ross,I just didn’t see the fast song coming.,surprise
332,Joey,Shh.,neutral
332,Joey,Shh.,neutral
332,Joey,"Don’t try to talk, we’ll get you up to your room, we’ll soak your feet, you’ll be okay.",neutral
332,Ross,"Oh, thank you.",neutral
332,Mona,That is so sweet!,joy
332,Joey,Yeah.,neutral
332,Mona,"No, I mean it. There are so few genuinely nice guys out there.",anger
332,Joey,"Tell me about it, I feel like I’m holding down the fort all by myself.",neutral
332,Mona,It’s Joey right?,neutral
332,Joey,Yeah.,neutral
332,Ross,Wait a minute!,surprise
332,Ross,No!,anger
332,Ross,I’m the nice one!,surprise
332,Ross,I’m the one who danced with the kids all night!,surprise
332,Ross,How…How small are your feet?,neutral
333,Joey,"Uhh, do you mind sitting there. I’m-I’m saving this for my friend Ross.",neutral
333,Tour Guide,You mean Dr. Geller?,neutral
333,Joey,Doctor? Wow! I didn’t know he had a nickname.,surprise
333,Tour Guide,"Oh, he won’t sit here.",neutral
333,Tour Guide,"Only the people in the white coats sit over there,  and only the people in the blue blazers sit here.",neutral
334,Joey,"Yeah, it must’ve fallen out a few blocks back. I just figured we hit a dog.",joy
334,Chandler,Okay.,neutral
334,Joey,"Listen uh, could you put Kathy on, I wanna apologize.",sadness
334,Chandler,Oh yeah man.  Joey.,neutral
334,Kathy,Hey.,neutral
334,Kathy,"Oh no it’s fine, don’t worry about it.",neutral
334,Kathy,"Yeah-no, stop apologizing, it’s okay.",neutral
334,Kathy,I’ll talk to you tomorrow.,neutral
334,Kathy,"I should uh, probably go.",neutral
334,Chandler,Yeah. Yes! Yeah.,neutral
334,Kathy,I forgot my purse.,neutral
334,Chandler,Oh.,neutral
334,Kathy,"No, I really did forget my purse.",neutral
335,Ross,"A new place for a new Ross. I'm gonna have you and all the guys from work over once it's y'know, furnished.",neutral
335,Dr. Ledbetter,I must say it's nice to see you back on your feet.,joy
335,Ross,Well I am that. And that whole rage thing is definitely behind me.,neutral
335,Dr. Ledbetter,I wonder if its time for you to rejoin our team at the museum?,neutral
336,Ross,"....and 12, 22, 18, four...  What?",surprise
336,Chandler,I spelled out boobies.,joy
336,Monica,"Ross, but me down for another box of the mint treasures, okay. Where, where are the mint treasures?",neutral
336,Ross,"Ah, we’re out. I sold them all.",neutral
336,Monica,What?,surprise
336,Monica,No.,sadness
336,Monica,"No, just, just, just a couple more boxes.",anger
336,Monica,"It-it-it’s no big deal, all right, I’m-I’m cool.",fear
336,Monica,You gotta help me out with a couple more boxes!,sadness
336,Ross,"Mon, look at yourself. You have cookie on your neck.",disgust
336,Monica,Oh God!,sadness
336,Chandler,"So, how many have you sold so far?",neutral
336,Ross,Check this out. Five hundred and seventeen boxes!,surprise
336,Chandler,"Oh my God, how did you do that?",surprise
336,Ross,"Okay, the other night I was leaving the museum just as ‘Laser Floyd’ was letting out of the planetarium, without even trying I sold 50 boxes!",joy
336,Ross,"That’s when it occurred to me, the key to my success, ‘the munchies.’ So I ah, started hitting the NYU dorms around midnight.",joy
336,Ross,I am selling cookies by the case.,joy
336,Ross,They call me: 'Cookie Dude!',joy
336,Rachel,"Okay, stop what you’re doing, I need envelope stuffers, I need stamp lickers.....",neutral
336,Ross,"Well hey, who did these resumes for ya?",surprise
336,Chandler,Me! On my computer.,joy
337,Ross,Hi.,neutral
337,Chandler,Hey.  Soaps? Shampoos? Are you really taking all this stuff?,surprise
337,Ross,Why not? It’s built into the price of the room.,neutral
337,Chandler,Yeah but you don’t need——What is this?,surprise
337,Ross,Thread!,joy
337,Chandler,Score! Where are the disposable cameras?,joy
337,Ross,What disposable cameras?,sadness
337,Chandler,The cameras? Remember last night I told you to take them?,surprise
337,Ross,No you didn’t.,neutral
337,Chandler,"Yes! Remember? Right before we cut the cake, I went up to you and I said",surprise
337,Ross,"Oh-oh yeah, you-you came up to me and asked if I could do you a favor, and my Uncle Murray came up to you and handed you a check.",neutral
337,Ross,"And then you said, ""Why do they call it a check?",neutral
337,Ross,"Why not a Yugoslavian?""",neutral
337,Ross,"Yeah, then you did that.",neutral
337,Chandler,So you don’t have the cameras?!,surprise
337,Ross,No. Sorry man.,sadness
337,Chandler,So? What? What? They’re gone! Monica’s gonna freak!,surprise
337,Ross,"Well, I’m sure they’re still somewhere here in the hotel. I’ll-I’ll help you look for them.",neutral
337,Chandler,Great.,anger
337,Ross,In-in three minutes.,neutral
338,Joshua,"Uhh, Rachel, my parents",neutral
338,Rachel,Ohh! It’s so nice to meet you.  Hello.,joy
338,Mrs. Burgin,"Hello. Well, Joshua, that $500 was for groceries.",neutral
338,Rachel,What?,surprise
338,Rachel,"This-this, no, oh no, no-no-no, this is not—that’s-that’s not what it is.",joy
338,Rachel,"See, see, okay, I work in fashion, see and-and, this is a real dress actually.",neutral
338,Rachel,"It’s-it’s, they’re-they’re wearing it in Milan, so part of my job is too wear the clothes, and then I see how people respond, and then I report back to my superiors at",neutral
338,Mrs. Burgin,Maybe in L.A?,neutral
338,Rachel,Yes!,joy
338,Joshua,There you go.,neutral
338,Mr. Burgin,"So, have you kids eaten yet?",neutral
338,Rachel,"Well, we were going to do that after—I mean umm, next.",neutral
338,Mr. Burgin,"Well, we’re starving, why don’t we all go get something to eat?",neutral
338,Rachel,"Oh, yeah, well… Yeah, no use wasting this baby, just lyin’ around the house.",neutral
338,Mr. Burgin,So… We go eat.,neutral
338,Rachel,Yes.,neutral
338,Mr. Burgin,"You’ll wear that. We’ll be eating, and of course, you’ll be wearing that.",neutral
339,Joey,Well I guess I should’ve thought about my wife and kids before I talked back to chef Geller!,neutral
339,Monica,Thanks.,neutral
339,Monica,Enough!,anger
339,Joey,Lean lean lean,joy
340,Chandler,Let me see that.,neutral
341,Joey,This one right here.,neutral
342,Chandler,Triskaidekaphobia.,neutral
342,Ross,The fear of,neutral
342,Joey,"No! No, fear of the number 13.",neutral
342,Ross,"It’s possible, they have really sharp edges.",neutral
342,Joey,"All right Chandler, you’re up.",neutral
342,Ross,"Wait a minute, I-I believe I’m entitled to use my Angel Pass for a free turn?",joy
342,Chandler,This game makes no sense!,anger
342,Ross,Y’know what? You’re just upset because you’re losing.,joy
342,Chandler,"Oh come on Ross, I think we’re all losers here.",neutral
342,Joey,"All right. Chandler, you can either spin the wheel or pick a Google card.",neutral
342,Chandler,Let me think. Let me think—Oh! I don’t care.,anger
342,Joey,You-you must choose Mr. Bing.,neutral
342,Chandler,"Either, it makes no difference.",neutral
342,Joey,"Choose, you jackass!",anger
342,Chandler,I’ll take a card.,neutral
342,Joey,"Okay, you picked the Gimmie card! You get all of Ross’s points!",joy
342,Ross,What?!,surprise
342,Chandler,This game is kinda fun.,joy
342,Ross,You don’t think it’s a little crazy that you get all my points just ‘cause you,neutral
342,Chandler,I don’t think the contestants are supposed to speak to each other.,neutral
343,Monica,"Hello?  Oh, hi Ross!  See? Other people call me!",surprise
344,Joey,Very funny Ross!,joy
344,Joey,Very life-like and funny.,neutral
344,Joey,Okay.,neutral
344,Joey,"Oh no-no-no, I wasn't waving at you lady.",neutral
344,Joey,"Whoa, maybe I was!",surprise
344,Monica,"Get in there man! Flirt back, mix it up!",joy
344,Joey,"Yeah, I-I-I'm down with that.",joy
344,Joey,"Okay, here goes.",fear
344,Joey,How  you  a-doin'?,neutral
344,Joey,It worked!,surprise
344,Joey,She's waving me over.,joy
344,Joey,"Okay, I-I-I'll be right over.",joy
344,Joey,"Let's see, she's on the third floor",neutral
344,Monica,"Wow! She is pretty, huh?",surprise
344,Joey,"Tell me about it, huh?  Oh no-no-no, I'm not with her, she's just Monica!  Ewwuck!",disgust
345,Rachel,Hey!,neutral
345,Phoebe,Hey!,neutral
345,Rachel,"Oh honey, I'm so sorry, you were right, this feels great!",joy
345,Phoebe,"See? And you don't care if people are staring, it's just for a second cause then you're gone!",neutral
345,Rachel,Gone! I mean its amazing Pheebs. I feel so free and so graceful.  Hey! Look out for the horse! Sorry!,joy
346,Chandler,"Oh come on guys, it’s not like I moved to Europe! I just moved across the hall! And",joy
346,Monica,Ahh! Aren’t you dressed yet?,surprise
346,Chandler,Am I naked again?!,surprise
346,Monica,We’re supposed to meet my parents in 15 minutes.,neutral
346,Chandler,"Yeah okay, I was just talking to the guys. Just look at them I mean, is it okay if they come visit?",neutral
346,Monica,Wh?! What about my allergies?!,surprise
346,Chandler,"Oh right, your allergies.  All her, she hates you.",neutral
347,Monica,Shoot! We’re out of soda.,sadness
347,Chandler,"Oh, I’ll go out and get you some.",neutral
347,Monica,Really?!,surprise
347,Chandler,"Nope! Because I’m not your boyfriend.  Hey Pheebs, how did it go?",neutral
347,Phoebe,"Well, umm, my Mom’s friend, Phoebe, is actually my birth Mom.",sadness
347,Chandler,I found a dried up seashores.,neutral
347,Monica,"Sweety, what are you talking about?",surprise
347,Phoebe,"Oh, my new Mom, who-who’s a big, fat abandoner!",sadness
347,Joey,"Whoa, wait, Pheebs, wait a second! Don’t you wanna stay here and talk about it?",surprise
347,Phoebe,"No. I’m just, I wanna, I need to be alone.",sadness
347,Phoebe,Monica!,sadness
347,Monica,Oh.,neutral
348,Rachel,Open it! Open it! Open it!,joy
348,Ross,Yeah baby!,joy
348,Man,So we never got to hear about your wedding!,joy
348,Ross,"No, no, it was just our parents and 1 or 2 friends. It was a small wedding.",neutral
349,Monica,Hey!,joy
349,Phoebe,Hey!,joy
349,Ross,Hi!,joy
349,Monica,"So, do you guys wanna come and eat dinner at the restaurant    sometime in the next few weeks?",neutral
349,Phoebe,Sure!,joy
349,Ross,I'd love to!,joy
349,Monica,Well you,neutral
349,Phoebe,"Well, I can't give you a massage, because my licence has been    revoked again!",sadness
349,Ross,"Phoebe, what happened?",neutral
349,Phoebe,"Well, it was an accident...You know, it's a lot of oil and sometimes    the hand just slips!",neutral
349,Chandler,Have I got a surprise for you? Pack your bags!,joy
349,Phoebe,Oh no!You guys aren't supposed to get divorced for 7 years!,surprise
350,Chandler,"Umm, this is nice.",neutral
350,Monica,"I know, it is isn’t it?",joy
350,Chandler,"No, I mean it, this feels really good. Is it a hundred percent cotton?",joy
350,Monica,"Yeah! And I got it on sale, too.",joy
350,Chandler,"Anyway, I should go, one of the lifeguards was just about to dismantle a nuclear device.",neutral
350,Monica,"Well, if you wanna get a drink later we can.",neutral
350,Chandler,"Oh yeah, that sounds great.  Oh, and listen, it’s, it’s gonna be....",neutral
350,Monica,I know. Thanks.,neutral
351,Dr. Green,So? Come on! Explain yourself Geller! First you get my Rachel pregnant!,anger
351,Mona,You got Rachel pregnant?!,surprise
351,Ross,Who did?!,surprise
351,Dr. Green,You did!,anger
351,Ross,"Yes. Yes, yes I did.  But-but it was, it was just a one night thing. It meant nothing.",fear
351,Dr. Green,Oh? Really? That’s what my daughter means to you? Nothing?,anger
351,Ross,"No! No sir umm, she means a lot to me. I mean, I care—I-I love Rachel.",fear
351,Mona,What?!,surprise
351,Ross,"Oh but not that way. I mean…I mean I’m not in love with her. I love her like a, like a friend.",joy
351,Dr. Green,Oh really? That’s how treat a friend? You get her in trouble and then refuse to marry her?,anger
351,Ross,Hey! I offered to marry her!,anger
351,Mona,Wh,joy
351,Ross,But I didn’t want to.,anger
351,Dr. Green,Well why not? So you can spend your time with this tramp?!,anger
351,Mona,Tramp?!,surprise
351,Ross,"I’m sorry. Dr. Green, Mona. Mona, Dr. Green.",joy
352,Chandler,"Yes, Fran.",neutral
352,Chandler,"I know what time it is, but I'm looking at the WENUS and I'm not happy!...",anger
352,Chandler,"Oh, really, really, really?",joy
352,Chandler,"Well, let me tell you something... you will care about it, because I care about it!",anger
352,Chandler,You got it?,neutral
352,Chandler,Good!,joy
352,Chandler,Whooooaaaa....,surprise
353,Joey,Bijan for men?  Bijan for men?  Bijan for men?,neutral
353,Annabelle,"Hey, Joey. So did you hear about the new guy?",neutral
354,Mr. Heckles,I could have birds.,neutral
354,Monica,"Okay, Mr. Heckles, we'll try to keep it down.",neutral
354,Mr. Heckles,Thank you. I'm going to rejoin my dinner party.,neutral
354,Rachel,"All right, bye-bye.",neutral
354,Chandler,"Okay, Janice. Janice. You gotta give me Janice. That wasn't about being picky.",neutral
354,Ross,We'll give you Janice.,neutral
354,Phoebe,"I miss Janice though.  ""Hello, Chandler Bing.""",neutral
354,Rachel,"""Oh, my, god.""",surprise
354,Joey,"""Oh, Chandler, now, now, that's it. There, faster!""",joy
354,Monica,"Stop with the broom, we're not making noise.",neutral
354,Rachel,We won. We won!,joy
354,Monica,Mr. Heckles.,neutral
354,Rachel,How did this happen?,neutral
354,Mr. Treeger,He musta been sweeping. They found a broom in his hand.,neutral
354,Monica,That's terrible.,anger
354,Mr. Treeger,I know. I was sweeping yesterday. It coulda been me.,neutral
354,Ross,"Sure, you coulda. You never know.",neutral
354,Mr. Treeger,You never know.,neutral
355,Monica,"Oh, I'm sorry.",sadness
355,Rachel,Where's Chandler?,neutral
355,Phoebe,"Oh, he needed some time to grieve.",neutral
355,Chandler,I'm free! I'm free!,joy
355,Phoebe,That oughta do it.,neutral
356,Monica,"Hey, look at me. I'm making jam, been at it since 4 o'clock this morning.",sadness
356,Ross,Where'd you get fruit at four in the morning?,surprise
356,Monica,Went down to the docks. Bet ya didn't know you could get it wholesale.,neutral
356,Rachel,I didn't know there were docks.,surprise
356,Joey,Hey.,neutral
356,Chandler,Hey.,neutral
356,Ross,"Aww, is it broken?",sadness
356,Joey,"No, I gotta wear this thing for a couple weeks.",joy
356,Rachel,Did you tell the doctor you did it jumping up and down on your bed?,neutral
356,Joey,Nooo. I had a story all worked out but then Chandler sold me out.,sadness
356,Chandler,"Well, I'm sorry Joe. I didn't think the doctor was gonna buy that it just *fell* out of the socket.",anger
356,Joey,What is this? Fruit?,surprise
356,Rachel,Monica's making jam.,neutral
356,Joey,"Whoa, jam! I love jam!  Hey, how come we never have jam at our place?",joy
356,Chandler,Because the kids need new shoes.,neutral
356,Monica,I'm going into business people.,neutral
356,Monica,I'm sick and tired of being depressed about Richard.,neutral
356,Monica,"I needed a plan, a plan to get over my man.",anger
356,Monica,What's the opposite of man?,neutral
356,Monica,Jam.,neutral
356,Monica,Oh Joey don't!,fear
356,Monica,It's way to hot.,anger
356,Joey,This will just be my batch.,neutral
357,Monica,Why? Do you think he’s still mad at us?,surprise
357,Chandler,Well he’s probably mad after you called him this morning to borrow his goggles.,neutral
357,Joey,What? Mine aren’t tinted.,surprise
358,Rachel,Here you go Pheebs. Who else wants one of my special homemade brownies?,neutral
358,Chandler,I will have one.,neutral
358,Chandler,"Okay, I’m not gonna have one.",neutral
358,Phoebe,"No, no, it’s just my tooth.",sadness
358,Chandler,All right I’ll have one.,neutral
358,Ross,"So what’s a matter, you need a dentist? I’ve got a good one.",neutral
358,Phoebe,"No thanks, I have a good one too. I just, I, I can’t see him.",fear
358,Chandler,See that is the problem with invisible dentists.,neutral
358,Ross,Why? Why can’t you go to him?,surprise
358,Phoebe,"Because, every time I go to the dentist, somebody dies.",anger
358,Chandler,"That is so weird, because every time I go to the dentist, I look down the hygienist’s blouse.",joy
358,Rachel,"Phoebe, what? Umm...what?!",surprise
358,Phoebe,"Yeah, yeah, first there was my aunt Mary, and then there was umm, John, my mailman, and then my, my cowboy friend ‘Albino Bob’.",neutral
358,Rachel,And all these people actually died?,surprise
358,Phoebe,"Yes, while I was in the chair!",sadness
358,Phoebe,"That’s why I take such good care of my teeth now, y'know, it’s not about oral hygiene, I floss to save lives!",neutral
358,Ross,"Pheebs, come on, you didn’t kill anybody, these people just happened to die when you went to the dentist.",neutral
358,Ross,"It’s, it’s, it’s just ah, a coincidence.",neutral
358,Phoebe,"Well tell that to them. Oh! You can’t, their dead.",sadness
359,Ross,Hello?,surprise
359,Emily,Ross.,neutral
359,Emily,It was dreadful. I felt terrible about how I acted when you said those wonderful things.,sadness
359,Ross,"No, no, that-that, that’s all right. Umm, I’m just glad you called.",joy
359,Emily,"Ross umm, there’s something that I’ve got to tell you, there’s-there’s someone else.",joy
359,Ross,Does that mean the same thing in England as it does in America?,sadness
360,Monica,You know what? I'm not gonna be able to enjoy this.,sadness
360,Ross,"Yeah, I know, it's my birthday. We all should be here.",sadness
360,Chandler,"So, let's go.",neutral
360,Ross,"Well maybe, you know, maybe we should stay for one song.",neutral
360,Chandler,"Yeah, I mean, it would be rude to them  for us to leave now.",neutral
360,Monica,"You know, the guys are probably having a great time.",neutral
361,Ross,"Okay, I’ve got three of my five.",neutral
361,Rachel,"Three of your five, what?",neutral
361,Ross,Celebrities I’m allowed to sleep with.,neutral
361,Rachel,Oh my God! You are giving this a lot of thought.,surprise
361,Ross,"Yeah, it’s hard okay, I only have two spots left.",neutral
361,Chandler,"All right, so who do you got it narrowed down to?",neutral
361,Ross,"Okay, Elizabeth Hurely....",joy
361,Chandler,"Oooh-hoo, very attractive, forgiving.",surprise
361,Ross,Susan Sarandon.,neutral
361,Chandler,"Eh, y'know what, she’s to political, she probably wouldn’t let you do it, unless you donated four cans of food first.",disgust
361,Ross,And!! Isabella Rosselini.,joy
361,Chandler,"Ooh-hoo. Very hot, very sexy. But ah, y'know she’s too international, y'know she’s never gonna be around.",joy
361,Rachel,So?,neutral
361,Chandler,"So, you gotta play the odds, pick somebody who’s gonna be in the country like all the time.",neutral
361,Rachel,"Yeah, ‘cause that’s why you won’t get Isabella Rosselini, geography.",neutral
362,Rachel,Oh that’s five Ross. Five women have had five babies! And I have had no babies! Why doesn’t she want to come out?,sadness
362,Ross,Y’know what I think it is?,neutral
362,Ross,I think you’ve made such a nice home for her over the last nine months that she just doesn’t want to leave.,neutral
362,Rachel,Oh. Look at you making up crap for me. Oh God!,sadness
362,Dr. Long,"Twenty-one hours, you’re a hero.",neutral
362,Rachel,Doctor you gotta do something! I think you gotta give me drugs or you gotta light a fire up in there and just smoke it out.,sadness
362,Dr. Long,"Actually, I think you’re ready to go to the delivery room.",neutral
362,Rachel,What?,surprise
362,Dr. Long,"Ten centimeters, you’re about to become a mom.",neutral
362,Rachel,My God. Okay.  Ha-ha-ha beat ya! Sucker!,surprise
363,Carol,Are they here yet?,neutral
363,Rachel,"No, honey, they're not, but don't worry, because we are going to find them, and until we do, we are all here for you, ok?",neutral
364,Carol,Ok.,neutral
365,Rachel,Hi.,neutral
365,Flight Attendant,May I see your boarding pass?,neutral
365,Rachel,"Oh, no, no, I don't have one. I just need to talk to my friend.",neutral
365,Flight Attendant,"Oh, oooh. I'm sorry. You are not allowed on the jetway unless you have a boarding pass.",neutral
365,Rachel,"No, I know, but I—he just went on.",neutral
365,Rachel,"He's right there, he's got the blue jacket on, I... can I j-just...",sadness
365,Flight Attendant,No no no! Federal regulations!,anger
365,Rachel,"OK, alright, OK, um... then could you please, uh... just give him a message for me? Please? This is",neutral
365,Flight Attendant,Alright. What's the message?,neutral
365,Rachel,Uh... I don't know.,neutral
365,Flight Attendant,"Sir? Sir? Excuse me, sir? Uh... I have a message for you.",neutral
365,Man,What?,neutral
365,Flight Attendant,"It's from Rachel. She said that she loved the present, and she will see you when you get back.",neutral
365,Man,": Toby... Oh, for God's sake, I don't know what she's talking about!",surprise
365,Man,There's no Rachel!,anger
366,Chandler,"Here's the thing, Janice.",neutral
366,Chandler,"You know, I mean, it's like we're different.",neutral
366,Chandler,"I'm like the bing, bing, bing.",anger
366,Chandler,"You're like the boom, boom, ... boom.",neutral
366,Janice,Ow!,surprise
366,Chandler,"Oh, my god, I'm so sorry. Are you ok?",anger
366,Janice,"Ow. Um, it's just my lens. It's just my lens. I'll be right back.",sadness
366,Chandler,I hit her in the eye! I hit her in the eye! This is the worst break-up in the history of the world.,sadness
366,Phoebe,Oh my god.  How many of those have you had?,surprise
366,Chandler,"Oh, I don't know, a million?",anger
366,Phoebe,"Chandler, easy, easy. Go to your happy place. La la la la la la la.",neutral
366,Chandler,I'm fine.,neutral
366,Phoebe,All right.,neutral
366,Chandler,I'm not fine. Here she comes.,fear
366,Phoebe,Wait here. Breathe.,neutral
366,Chandler,How do you do that?,surprise
366,Phoebe,It's like a gift.,neutral
366,Chandler,We should always always break up together.,neutral
366,Phoebe,"Oh, I'd like that.",neutral
367,Chandler,You win.,anger
367,Joey,"Well, what did you have?",neutral
367,Chandler,It doesn’t matter because nothing beats a three and a six.,joy
367,Chandler,That my friend is D-Cup.,neutral
367,Chandler,"Okay, now much have you won so far?",neutral
367,Joey,"Uh,  wow, 700.",surprise
367,Chandler,Not 700 exactly?,surprise
367,Joey,Yeah.,neutral
367,Chandler,Double it!,joy
367,Joey,What?,surprise
367,Chandler,"Well you see in Cups, once you get $700, you have to double it.",neutral
367,Joey,Really?,surprise
367,Chandler,"Hey, I didn’t make up the rules.",neutral
367,Chandler,"Now, after you receive the doubling bonus, you get uh, one card.",neutral
367,Chandler,"Now that one card could be worth $100 bringing your total to 1,500.",neutral
367,Chandler,Don’t get to excited because that’s not gonna happen unless you get—No way!,surprise
368,Ross,"I’m, I’m sorry you didn’t get to go to Spacecamp, and I’m hoping that maybe somehow, this may make up for it.",sadness
368,Ross,Presenting Sarah Tuttle’s Private Very Special Spacecamp!,joy
369,Ross,!,neutral
370,Sarah,"Really Mr. Geller, you don’t have to do this.",neutral
370,Ross,Oh come on! Here we go!  Stand by for mission countdown!,joy
370,Chandler,I’m an alien. I’m an alien.,neutral
370,Ross,Oh no! An asteroid!,surprise
371,Joey,Hey.,neutral
371,Monica,Hey.,neutral
371,Joey,Where you going?,neutral
371,Monica,To the bank.,neutral
371,Joey,Sperm or regular?,neutral
371,Monica,Sperm.,neutral
371,Joey,"So you're really doing this, huh?",surprise
371,Monica,"Oh yeah, picked a guy, 37135.",neutral
371,Joey,Sounds nice.,neutral
371,Monica,"Fraid so. Brown hair, green eyes...",neutral
371,Joey,"No kiddin', hmm.",surprise
371,Monica,What?,sadness
372,Roger,"What's wrong, sweetie?",neutral
372,Phoebe,"Nothing, nothing.",joy
372,Roger,"Aaaah, what's wrong, c'mon.",joy
372,Phoebe,"It's, I mean, it's nothing, I'm fine.",sadness
372,Phoebe,It's my friends.,sadness
372,Phoebe,They-they have a liking problem with you.,sadness
372,Phoebe,"In that, um, they don't.",sadness
372,Roger,Oh. They don't.,surprise
372,Phoebe,But they don't see all the wonderfulness that I see.,joy
372,Phoebe,They don't see all the good stuff and all the sweet stuff.,sadness
372,Phoebe,They just think you're a little...,joy
372,Roger,What?,neutral
372,Phoebe,Intense and creepy.,neutral
373,Chandler,You got me.,neutral
373,Chandler,Yeah. Right.,neutral
373,Joey,"Good, and hey! My treat.  But that's only because you're not eating anything, right?",joy
374,Monica,I can’t believe we’re here.,joy
374,Chandler,Oh you’ve got to be kidding me.,surprise
374,Monica,What?,surprise
374,Front Desk Clerk,"As a wedding gift to you, the hotel would like to give you the honeymoon suite.",neutral
374,Monica,No!! You have been screwing us all day!,anger
374,Man,Who are you?,surprise
374,Chandler,We’re you just ten seconds later!,neutral
374,Monica,You already got the first class tickets.. you got the lounge!,anger
374,Monica,I mean we should get free stuff too!,anger
374,Monica,I mean you’re not the only ones on your honeymoon!,anger
374,Woman,Well you can have the suite if you want.,neutral
374,Woman,We don’t care about where we stay.,neutral
374,Woman,We’re here to celebrate our love together.,anger
374,Woman,We don’t have to get free stuff.,anger
374,Woman,We just want to be together.,joy
374,Chandler,We need the stuff.,neutral
375,Mr. Zelner,Yes!,joy
375,Rachel,"Okay, well then how about a handshake?",neutral
375,Rachel,Oh God I'm sorry!,joy
375,Rachel,"Oh God, I'm sorry!",joy
375,Rachel,I did not mean to touch that—I mean,fear
376,Joey,Hey Pheebs!,joy
376,Phoebe,Hey!,joy
376,Joey,Check it out.  How much of a man am I?!,joy
376,Phoebe,Wow! Nice! Manly and also kind of a slut.,fear
377,Ross,"which brings us back, of course, to Greely’s theory of dominance.",neutral
377,Ross,"Okay, that-that’s all for today.",neutral
377,Ross,"Oh, uh does anyone know where the Freeman building is?",neutral
377,Student,"Yeah, it’s the new building on Avenue A.",neutral
377,Ross,"What?! That-that’s all the way cross town, I’m supposed to teach a graduate seminar there in ten minutes.",surprise
377,Student,"Ooh, dude. That’s not gonna happen.",neutral
377,Ross,Move it! Move it! Move it!! Hey!!! I’m the teacher!!,anger
378,Phoebe,Jason?,neutral
378,Jason,"Yeah, come on in.",neutral
378,Jason,"So Phoebe, you ah, sounded kinda serious on the phone, is ah, is anything wrong?",neutral
379,Mark,No. And I don’t think I’m gonna want to.,surprise
379,Rachel,I can’t do this.,sadness
379,Mark,"Yep. Yep, that’s what I didn’t want to know.",sadness
379,Rachel,"Well, oh, Mark, I’m doing this for the wrong reasons, y'know?",sadness
379,Rachel,I’m just doing it to get back at Ross.,sadness
379,Rachel,"I’m sorry, it’s not very fair to you.",sadness
379,Mark,Ahh!,surprise
379,Joey,"Fair, shmair",sadness
379,Mark,Y'know?,neutral
379,Mark,"Look, if you want to get back at Ross, I am here for you.",neutral
379,Mark,Really?,surprise
380,Mark,"No-no, I say-I say, I say we get back at him right on this couch.",neutral
380,Mark,Right here!,anger
380,Rachel,Oh God. I’m sorry about this.,sadness
380,Mark,That’s okay.,neutral
380,Rachel,You sure?,joy
381,Mark,Yeah. I can just go home and get back at him by myself.,neutral
382,Joey,Here she is! Future fashion superstar!,joy
382,Rachel,"Oh Joey, I’m hardly a",neutral
382,Joey,My little sister Dina!,joy
383,Chandler,And here we go,neutral
383,Joey,"I saw this movie once where there was a door and no one knew what was behind it, and when they finally got it open millions and millions and millions of bugs came pouring out and they feasted on human flesh.",disgust
383,Joey,Y’know it wouldn’t kill ya to respect your wife’s privacy!,joy
383,Joey,Stupid closet full of bugs!,anger
383,Rachel,"Joey. Joey, something feels weird and not good weird. I don’t—Whoa!!",fear
383,Joey,"When my sisters were pregnant they got every weird feeling in the book, it was always nothing.",neutral
383,Rachel,Really?,neutral
383,Joey,Absolutely.,neutral
383,Joey,"Okay Rach-Rach-Rach look at me, look at me, everything’s gonna be fine, trust me.",neutral
383,Joey,Take my hand.,neutral
383,Joey,Here we go.,neutral
383,Joey,Oww crushing bones!,surprise
384,Phoebe,Oh hello.,neutral
384,Guy,"Oh, it’s you. I see you everywhere. I’m Jim, Jim Nelson.",surprise
384,Phoebe,"Oh Jim, Jim Nelson I’m Phoebe, Phoebe Buffay. We certainly have been seeing a lot of each other lately.",neutral
384,Jim,"We have. Maybe we’ll be seeing each other at dinner tomorrow night, say around 8 o’clock?",neutral
384,Phoebe,"Well, maybe we will.  Oh!",joy
385,Phoebe,"Well, that’s not something a girl wants to hear.",anger
385,Ross,"No, come on don’t start.  Ouch!",joy
385,Phoebe,What?,sadness
385,Ross,Stupid balls are in the way.,sadness
385,Ross,Oh well. It probably would’ve been the most constructive solution.,neutral
385,Phoebe,You have chalk on your face.,neutral
386,Ross,Huh?,joy
387,Phoebe,"Oh, Ross you’re right, I don’t know why I always thought this was real grass.",sadness
387,Monica,"Hey, are you okay?",joy
387,Ross,My wife’s a lesbian.,sadness
387,Joey,Cool!!,joy
387,Joey,"Ross, Joey. Joey, Ross.",sadness
388,Monica,Hey! Where ‘ya headin’ in those pants? 1982?,joy
388,Joey,"Oh Monica, listen, I ah, I saw down at the hardware store, they got those designer tiles on sale.",neutral
388,Joey,If you ever want to redo the bathroom floor.,neutral
388,Monica,"Why, what’s wrong with my bathroom floor?",surprise
388,Joey,"Nothing. It’s just old and dingy, that’s all.",disgust
388,Monica,I highly doubt that.,anger
388,Joey,"Oh yeah. If you ah, move your hamper, you see what color the tile used to be.  Yeah.",disgust
388,Monica,I can’t live like this! What are we gonna do? What are we gonna do?,fear
388,Joey,Relax. Here hold this . This old stuff just comes right off.,neutral
388,Monica,That’s a little more than I wanted to see.,disgust
388,Joey,Aw!,surprise
388,Joey,"Look at that, every inch of this stuff is glued down.",surprise
388,Joey,It’d take forever to pry this up.,joy
388,Joey,"You should ah, you should just leave it.",neutral
388,Monica,I can’t leave it! You gouged a hole in my dingy floor.,anger
388,Joey,Eh! There you go.,neutral
388,Monica,"You know that’s nice, y'know we could put it back there after the surgeons remove it from your colon!",anger
389,Phoebe,Hi.,neutral
389,Monica,Hi!,anger
389,All,Hey!,joy
389,Joey,"Uh, Pheebs, about your mom...",neutral
389,Phoebe,Yeah?,surprise
389,Joey,How’s that going?,neutral
389,Phoebe,"So great. Oh, we took a nap today and my Mom fell asleep on my tummy and purred.",joy
389,Joey,That’s so sweet.  I’m gonna get some coffee.,neutral
389,Monica,Huh? What’d ya say Joe? I’ll be right there.,surprise
389,Rachel,Pheebs...,neutral
389,Phoebe,"I just feel so, uhh.....",neutral
389,Rachel,All right!!,joy
389,Chandler,I’m coming already!!,joy
390,Rachel,Really?! You think that will work?,surprise
390,Joey,"Absolutely! And if it doesn’t, can I get the extra ticket?",joy
390,Joey,What the heck is that?,surprise
391,Phoebe,Hello.,neutral
392,Joey,"Hey, Pheebs! It’s Joey!",joy
392,Phoebe,"Hey, Joey!",joy
392,Phoebe,Hey!,joy
392,Phoebe,Ooh!,joy
392,Phoebe,Ooh!,joy
392,Phoebe,I just say someone on the—that looks just like you on the subway.,neutral
392,Phoebe,"And I was gonna go over and say ‘hi!’ but then I figured, he doesn’t care if he looks like you.",joy
392,Joey,"That just cost me four bucks. But uh listen, I just called to see how the chick and the duck are doing?",neutral
392,Phoebe,"Ohh, they’re having a",joy
392,Joey,"Kinda, but I’ve just been having way too much fun.",joy
392,Phoebe,So you’re not homesick yet?,surprise
392,Joey,"No, I don’t think so.",neutral
392,Phoebe,"All right, the seven of us miss you.",joy
393,Joey,No.,neutral
393,Ross,You’ll see.,neutral
393,Emily,"Liam, do me a favour. Tell the lads to go easy on Ross, it’s his first time.",neutral
393,Liam,You don’t say!,surprise
393,Emily,"Good luck, babe.",joy
393,Liam,Ross! Ross! Come on! Get in here!  Ross! Come on!,joy
393,Liam,"Ross, come on! Get in the bloody scrum! Ross, get in!",anger
393,Ross,JOEY!!!!!!,joy
394,Monica,I don’t believe you spent my wedding fund on the beach house!,anger
394,Mrs. Geller,"We’re sorry honey, but we just assumed if you got married after you turned 30 you’d pay for it yourself.",neutral
395,Joey,Come on! Admit it! That was the best nap you ever had!,anger
395,Ross,I’ve had better.,neutral
395,Joey,Okay! When?!,anger
395,Ross,All right! All right! It was the best nap ever!,joy
395,Joey,Uh-huh!,anger
395,Ross,I’ve said it! Okay?! But it’s over Joey!,anger
395,Joey,I want to do it again.,anger
395,Ross,We,neutral
395,Joey,Why not?,neutral
396,Ross,Because it’s weird!,disgust
397,Joey,Fine! Do you want something to drink?,anger
397,Ross,"Sure, what do you got?",neutral
397,Joey,Warm milk and,neutral
398,Phoebe,Are you okay?,neutral
398,Rachel,I need some milk.,neutral
398,Phoebe,"Ok, I've got milk  Here you go...  Oh! Better?",anger
398,Rachel,No...,sadness
398,Phoebe,"I'm so embarrassed, I'm the one he hit on!",surprise
398,Rachel,"Pheebs, if I had never met him this never would have happened!",neutral
398,Phoebe,I'm so sorry! No I'm sorry! No I'm sorry! No I'm sorry!,sadness
398,Phoebe,"No, wait, oh, what are we sorry about?",surprise
398,Rachel,"I don't know...right, he's the pig!",sadness
398,Phoebe,Such a pig!,disgust
398,Rachel,"Oh, God, he's such a pig,",disgust
398,Phoebe,Oh he's like a...,disgust
398,Rachel,He's like a big disgusting...,disgust
398,Phoebe,...like a...,neutral
399,Rachel,...pig...pig man!,disgust
400,Phoebe,"Yes, good! Ok...",anger
400,Rachel,"Oh, but he was my pig man...how did I not see this?",anger
400,Phoebe,"Oh! I know!  It's because... he's gorgeous, and he's charming, and when he looks at you...",sadness
400,Rachel,"Ok, Ok, Pheebs...",neutral
400,Phoebe,The end.,neutral
400,Rachel,"Oh, God...",joy
400,Phoebe,Should I not have told you?,surprise
400,Rachel,"No, no, trust, me, it's, it's, it's much better that I know.",neutral
400,Rachel,"Uh, I just liked it better before it was better...",sadness
401,Phoebe Sr,"Well, yes, it’s kind’ve an unusual house.",neutral
401,Phoebe Sr,"It has umm, three beautiful bedrooms and ah, no baths.",neutral
401,Phoebe Sr,"But y'know, the ocean is right there.",neutral
401,Phoebe,"Knock, knock, knock.",neutral
401,Phoebe Sr,"Ah, oh, hang on a second.  Come in, come in.  All right, so think about it, and call me back.",neutral
401,Phoebe,"Are you ah, Phoebe Abott?",neutral
401,Phoebe Sr,"Ahh, yes.",neutral
401,Phoebe,"Hi Phoebe Abott, I’m your best friends daughter!",joy
401,Phoebe Sr,You’re Erwin’s daughter?!,surprise
401,Phoebe,"No, I-I mean your-your old best friend, here.  Lily, from high school. Remember?",neutral
401,Phoebe Sr,"Oh gosh, Lily, yes. Of course I remember Lily. I... Then you must be?",surprise
401,Phoebe,"Phoebe.  Phoebe. Phoebe, yeah. She named me after you I guess.",sadness
401,Phoebe Sr,"Uh-huh. Wow! Well, look! There’s Frank.",surprise
402,Chandler,"Dude, you have got to turn on",neutral
402,Joey,Let’s go watch it at your place.,neutral
403,Chandler,"Nah, Monica’s watching some cooking show. Come on, I don’t want to miss when they were skinny.",neutral
404,Joey,"Chandler, Chandler, y’know what we should do? You and I should go out and get some new sunglasses.",joy
404,Chandler,"What? No, I want to watch this. . Did your cable go out?",joy
404,Joey,"No, that’s",neutral
404,Chandler,"Joey, why is your cable out?",sadness
404,Joey,"I uh, oh! Because, uh, I haven’t really paid the bill",sadness
404,Chandler,"If you need money, will you please-please just let me loan you some money?",neutral
404,Joey,"No, Chandler.",neutral
404,Joey,"Look, forget about it, okay?",anger
404,Joey,"Look, I know things have been a little tight since Janine moved out.",sadness
404,Joey,"Oh, was she hot.",joy
404,Chandler,Whoa ho.,joy
404,Joey,I know!,surprise
404,Joey,"Yeah, but, look I can handle it.",neutral
404,Joey,All right?,neutral
404,Joey,"Look, I can listen to the radio, huh?",neutral
404,Joey,And Ross gave me this great book (holds up the,neutral
404,Joey,Sure.,neutral
404,Chandler,Paid your phone bill?,neutral
404,Joey,Not so much.,neutral
405,Chandler,"Oh good, okay, I can't take it anymore.",neutral
405,Chandler,I can't take it anymore.,anger
405,Chandler,"So you win, okay?",anger
405,Chandler,Here!,anger
405,Chandler,Pheebs?,anger
405,Chandler,Flying a jet?,surprise
405,Chandler,Better make it a spaceship so that you can get back to your,neutral
406,Ross,"Hey everybody, Pheebs is here!",joy
406,Joey,Phoebe!,joy
406,Chandler,"Hey, Pheebs!",joy
406,Rachel,"Phoebe, woo!",joy
407,Joey,What?! What good is that gonna do anybody?,anger
407,Phoebe,"Well, it helps the bee look tough in front of his bee friends. The bee is happy and I am definitely not.",sadness
407,Joey,"Now, y'know the bee probably died after he stung ya.",neutral
407,Phoebe,"Aw, dammit!",surprise
407,Stage Director,Back on in 30 seconds people!,neutral
407,Joey,"Hey, excuse me, would you mind switching with me?",neutral
407,PBS Volunteer,"Hey, no way, I'm in the shot man.",anger
407,Joey,Come on man! You've been here all day!,anger
407,PBS Volunteer,"Yeah, I-I'm taking pledges here, eh?",neutral
407,Stage Director,"We're on in 3, 2,",neutral
407,Gary Collins,Welcome back to our fall telethon. Now if you've been enjoying the performance of,neutral
408,Rachel,Ah.,neutral
408,Phoebe,Yeah.,neutral
408,Rachel,"I go see my doctor tomorrow, I’ll ask her about this.",neutral
408,Rachel,Maybe she can give me a pill or something.,neutral
408,Phoebe,"Yeah. Yeah, that’s what you need a good…pill.",neutral
409,Chandler,What are you writing?,neutral
409,Rachel,"Well, Joshua’s coming in tomorrow and since I don’t have the guts to ask him out, I’m going to sell him a coat and put this note in the pocket.",neutral
409,Chandler,"Oh yeah?  Joshua, give me a call sometime, guys like you  never go out of style—what did you throw away?",neutral
409,Chandler,Hi guys!,joy
409,All,Hey!,neutral
409,Joey,"Hey, what have you guys been up too?",neutral
409,Ross,"Oh, we went to see a collection of Victorian doorknobs and the Cupert-Hewitt museum.",neutral
409,Chandler,Without me?!,surprise
409,Emily,"My uncle dragged us there. But, it actually it turned out to be really interesting.",surprise
409,Ross,Yeah.,neutral
409,Emily,"They were so ornate and beautiful, I mean look at that!",surprise
410,Carl,"I'm just sayin', if I see one more picture of Ed Begley, Jr. in that",disgust
410,Ross,I can't believe you'd rather go out with him than me.,surprise
410,Rachel,"Would you excuse me, please? I'm trying to have a date here.",anger
410,Ross,"Fine, just stop thinking about me.",joy
410,Ross,"Can't do it, can you?",neutral
410,Rachel,So I'm thinking about you. So what?,neutral
410,Ross,"I don't get it. What do you see in this guy, anyway?",surprise
410,Rachel,Well... he happens to be a very nice... guy....,neutral
410,Carl,"I mean, come on, buddy, get a",neutral
410,Ross,"Rachel, come on. Give us a chance.",neutral
410,Rachel,"Ross, it's too hard.",sadness
410,Ross,"No, no, no... why, because it might get weird for everyone else?",neutral
410,Ross,Who cares about them.,neutral
410,Ross,This is about us.,neutral
410,Ross,"Look, I-I've been in love with you since, like, the ninth grade.",neutral
410,Rachel,"Ross, you're like my best friend.",joy
410,Ross,I know.,neutral
410,Rachel,"If we broke up, and I lost you...",fear
410,Rachel,"Ohh, God.",sadness
411,Ross,"Hello?  No she can’t come to the phone right now.  Oh, right no problem. Okay, bye-bye.",neutral
411,Phoebe,Was it my work? Were they mad? Was it Jack? Did he yell?!,fear
411,Ross,"J-j-just relax, nobody yelled. Jack just was calling to make sure that",neutral
411,Phoebe,Thank God.,joy
411,Ross,"Yeah, she’s fired.",neutral
412,Phoebe,"...DUMB, DRUNKEN, BITCH!!!   Thank you, thanks.",anger
412,Ross,"Hey, here’s a question; where did you guys get the finest oak East of the Mississippi?",neutral
412,Chandler,"Uh-huh, first you tell us where you got the prettiest lace in all the land.",neutral
412,Ross,I’m reading your ad.,neutral
412,Joey,"Looks good, uh?",sadness
412,Ross,Yeah.,neutral
412,Chandler,"Stunning entertainment center. Fine,  fine Italian craftsmanship.",neutral
412,Phoebe,"Oh my God, you guys are selling the entertainment center?",surprise
412,Rachel,Why? I love that thing.,joy
412,Chandler,You want it?,neutral
412,Phoebe and Rachel,Oh no.,disgust
412,Chandler,"Ahh, Gepeto, $5,000 dollars? Are you insane?",surprise
412,Joey,"Hey, the ad alone cost 300 bucks!",neutral
412,Chandler,"All right look, I’m changing it to 50 bucks, or your best offer.",neutral
412,Joey,What kind of profit is that?! And you call yourself an accountant.,anger
412,Chandler,Nooo.,neutral
412,Joey,Oh. What do you do?,surprise
413,Joey,"That's right Ross, I can see you in your new apartment!",neutral
413,Joey,And you can see me!,neutral
413,Joey,"Same as yesterday,  same as the day before.",neutral
413,Monica,Is he doing his shark attack bit yet?,neutral
413,Joey,"Nope. Op, wait! There he goes.",neutral
414,Joey,Hey!,neutral
414,Chandler,Hey!,neutral
414,Monica,Hey!,neutral
414,Joey,What are you guys doing up?,surprise
414,Chandler,"Oh, we wanted to finish the crossword before we went to bed. Hey, do you know a six-letter word for red?",neutral
414,Chandler,"Yeah, I think that's wrong, but there's a Connect the Dots in here for you later.  Hey, how about maroon?",neutral
414,Monica,"Yes, you are so smart!",joy
414,Joey,"Aww, you guys are so cute!",joy
414,Monica,I know.,neutral
414,Joey,"All right, I'll see you in the morning.",neutral
414,Monica,Okay.,neutral
415,Ross,What's with her?,disgust
415,Joey,I don't know.,neutral
415,Joey,"But hey, I know we can decide.",neutral
415,Joey,"Okay, I'm gonna ask you questions and you answer real quick.",neutral
415,Joey,Okay?,neutral
415,Ross,Okay.,neutral
415,Joey,What do you like better action or comedy?,neutral
415,Ross,Action.,neutral
415,Joey,Who would you rather sleep with Monica or Rachel?,neutral
415,Ross,"Dude, you are sick.",disgust
415,Joey,"Oh, I'm sorry. I forgot you had that whole Rachel thing.",surprise
416,Rachel,"I mean, this is unbelievable.",surprise
416,Phoebe,"I know. This is really, really huge.",surprise
416,Chandler,No it's not. It's small. It's tiny. It's petite. It's wee.,neutral
416,Chandler,"OK, is there a mute button on this woman?",disgust
417,Rachel,More than jewelry.,neutral
418,Joey,Hi! I’m Dr. Drake Remoray and I have a few routine questions I need to ask you.,neutral
418,Man,Really? I’ve been dealing with Dr. Wells.,surprise
418,Joey,"I know, but I’m a neurologist.",neutral
418,Joey,"And just to be on the safe side, Dr. Wells wanted a more comprehensive overview of you status so he sent me.",neutral
418,Man,Dr. Wells is a woman.,surprise
418,Joey,"That was a test. Good response. All right, full name.",neutral
418,Man,Clifford Burnett.,neutral
418,Joey,Date of birth?,neutral
418,Cliff,November 16,neutral
418,Joey,Age?,neutral
418,Cliff,Can’t you figure that out based on my date of birth?,anger
418,Joey,"I’m a doctor Cliff, not a mathematician.",neutral
418,Cliff,I’m 33.,neutral
418,Joey,"Okay. And uh, are you married.",neutral
418,Cliff,No.,neutral
418,Joey,"Oh really? So, 33 and still single, would you say you have commitment issues?",surprise
418,Cliff,Are all the questions this personal?,surprise
418,Joey,Yes.,neutral
418,Cliff,Well uh if you must know I’m a widower.,sadness
418,Joey,Oh that’s terrible. I’m-I’m really sorry.,sadness
418,Cliff,Yeah.,neutral
418,Joey,Hmm. Do you sleep with women and never call them again?,neutral
418,Cliff,No.,neutral
419,Ross,"Chandler Muriel Bing. Boy, your parents never gave you a chance did they?",neutral
420,Phoebe,"Hey! You guys, I’m writing a holiday song for everyone. Do you want to hear it?",joy
420,Rachel,"Pheebs, that’s great!",joy
420,Phoebe,"Oh, yay!",joy
420,Rachel,"But y’know umm, Rachel doesn’t rhyme with draddle.",neutral
420,Phoebe,I know but it’s so hard! Nothing rhymes with your stupid name!,disgust
420,Joey,What are you talking about? Lots of things rhyme with Rachel. Bagel. Mail. Jail. Bail. Able. May-pole.,neutral
420,Phoebe,"All good, thanks.  Do you maybe have a nickname have like a nickname that’s easier to rhyme?",neutral
420,Monica,Didn’t your dad used to call you Pumpkin?,neutral
421,Joey,Okay.,neutral
421,Joey,"Okay, I can do this.",neutral
421,Joey,I can tell her how I feel.,neutral
421,Joey,"Just uh, just stand up straight.",fear
421,Joey,Take a couple deep breaths.,fear
421,Joey,Look confident.,fear
421,Rachel,Joey? What’s up?,neutral
421,Joey,"I uh, I just came by because I-I want to talk to you about something.",fear
421,Rachel,Okay what’s up?,neutral
422,Chandler,"What I do do…is manage to uh, create an atmosphere of support for the people working with me.",neutral
422,Phoebe,I see. Nice sidestep on the do do thing by the way.,neutral
422,Chandler,Hardest thing I’ve ever done in my life.,neutral
422,Phoebe,You gotta go!,neutral
422,Chandler,Oh!,neutral
422,Phoebe,"Okay, don’t worry. You’re ready.",neutral
422,Chandler,Really?,surprise
422,Phoebe,Absolutely! Just fight all your natural instincts and you’ll be great.,neutral
423,Monica,"Now, Mom, everything's going fine, really.",neutral
423,Monica,"Yeah, Ross is great.",neutral
423,Monica,"He's uh, he's in a whole other place.",neutral
423,Monica,"No, he's gone.",neutral
423,Monica,"No no, you don't have to fly back, really.",neutral
423,Monica,What do you mean this might be your only chance?,surprise
423,Monica,Would you stop?,anger
423,Monica,"I'm only 26, I'm not even thinking about babies yet.",anger
423,Chandler,Where have you been?,neutral
423,Joey,"Oh, just had a baby.",joy
423,Chandler,Mazel tov!,joy
424,Ross,"Oh, wow! I should get going. I-I got a date tonight.",joy
424,Chandler,Oh yeah! With who?,surprise
424,Ross,You know that girl I told you about who lives up in Poughkeepsie?,neutral
424,Ross,Not her.,neutral
424,Ross,"Yeah, this is someone else I meet, and I-I can’t decide between the two of them.",neutral
424,Ross,"Y’know the one from Poughkeepsie, even though she’s a two hour train ride away, is really pretty, really smart, and-and a lot of fun.",neutral
424,Ross,"But this other girl, well, she lives right uptown.",neutral
424,Ross,"Y’know she’s, well she’s-she’s just as pretty, I guess she’s smart, she’s",neutral
424,Phoebe,"If she’s no fun, why do you want to date her at all?",neutral
424,Ross,"Well, I-I want to give her another chance, y’know?",neutral
424,Ross,She lives so close.,neutral
424,Ross,"And, at the end of the date, the other time, she-she said something that was—if she was kidding was very funny.",neutral
424,Ross,"On the other hand, if she wasn’t kidding, she’s not fun, she’s stupid, and kind of a racist.",anger
424,Ross,Hey!,joy
424,Phoebe,"Hey! Ooh, how was your first day working at the restaurant?",joy
424,Joey,Damn!,joy
425,Phoebe,Oh here’s a whole bunch.,neutral
425,Rachel,"Oh, I mean she’s gonna be at the wedding waiting for him and people will be whispering, ""Oh that poor girl.""",neutral
425,Rachel,Then she’ll have to come back here and live all alone.,sadness
425,Phoebe,Oh my God!,surprise
425,Rachel,What?,surprise
425,Phoebe,"There was a pregnancy test in the garbage, and it’s positive. Monica’s pregnant.  So I guess she won’t be totally alone.",surprise
426,Phoebe,Hi.,neutral
426,Phoebe,"Listen, I’m sorry about that whole thing with Roger.",sadness
426,Phoebe,"It really wasn’t right, and I, and I want to make it up to you, so umm, I brought you something that I think you’ll really enjoy.",anger
426,Phoebe,"Now, this is just a loan.",neutral
426,Phoebe,Okay?,neutral
426,Phoebe,"I’m gonna, I’m gonna want him back.",neutral
426,Phoebe,So…  I’m gonna go now.,neutral
426,Phoebe,"I’m sorry, I thought I could do it and I can’t!",sadness
427,Monica,"All right, well why don’t I go out with an ex-boyfriend and do Joey a favor?!",sadness
427,Joey,"Hey, you wanna do Joey a favor, maybe you go out with Joey.",neutral
428,Chandler,"All right ladies, here’s what we’re gonna do.",neutral
428,Phoebe,"I-I wanna be with her,  I like her.",anger
428,Chandler,"Oh, that’s fine! Go with your instincts, go with your instincts.",joy
428,Monica,"Wait, now, what am I doing again?",surprise
428,Chandler,"Come on! Would you please pay attention, I could wake up at any moment!",anger
428,The Cigarette Guy,"Hi, I’m Joshua, I’m here to pick up Rachel.",neutral
428,Rachel,"No-no-no, that’ not Joshua.",anger
428,Chandler,"What do you want from me, I’ve never met the guy.",surprise
428,Chandler,"So anyway, Rachel, I’m sorry you can’t stay,  but the rest of us have a",sadness
429,Joey,How do I look?,neutral
429,Chandler,"Oh, uh, I... don't... care.",neutral
429,Chandler,"Ok, now, remember, no trading.",neutral
429,Chandler,"You get the pretty one, I get the mess.",neutral
429,Lorraine,"Hi, Joey. Well well, look what you brought. Very nice.",joy
429,Chandler,...And what did you bring?,neutral
429,Lorraine,She's checking the coats.,neutral
429,Lorraine,"Joey, I'm gonna go wash the cab smell off my hands.",neutral
429,Lorraine,"Will you get me a white Zinfandel, and a glass of red for Janice.",neutral
429,Chandler,Janice?,surprise
429,Janice,Oh.... my.... God.,surprise
429,Chandler,"Hey, it's Janice.",neutral
430,Ross,"Well, okay so, I don’t have it all worked out quite yet. Just don’t say anything to Rachel, please?",anger
430,Phoebe,"Rachel is one of my closest friends.  Although, being the only one who knows anything about this does makes me feel special. Okay!",neutral
430,Rachel,"Okay, stop-stop! Phoebe?!",sadness
430,Phoebe,Hey Rach!,anger
430,Rachel,What was that?!,surprise
430,Phoebe,"Sorry, mix up. Hey, how was the movie?",neutral
430,Rachel,I haven’t seen it yet!,neutral
430,Phoebe,Well then you’d better hurry! The Angelica! Go! Go!,surprise
430,Joey,No,anger
431,All,Pheebs! Hey Pheebs!,joy
431,Joey,"Uh, okay, Pheebs?",neutral
431,Phoebe,Yeah?,neutral
431,Joey,"Umm, y'know how the other day you were talking about how you didn't get to go to London and how you were kinda feeling left out?",neutral
431,Phoebe,Yeah?,neutral
431,Joey,"All right, well, we felt really bad about that so we decided we should all take a little trip together!",joy
431,Phoebe,"Ohh, that's so nice! How great! Well, where? Where's the trip?!",anger
431,Monica,"Well, we thought we would all go to a picnic , in Central Park!",joy
431,Joey,"Yeah, all of us! All day!",joy
431,Phoebe,That sucks!,disgust
431,Phoebe,That's not a trip!,surprise
431,Phoebe,I just came from the park!,anger
431,Phoebe,What are we gonna high five about at the stupid Central Park?,anger
431,Phoebe,"""Well, it's right by my house, all right!""",anger
431,Chandler,"Well, I'm gonna go home and bask in the triumph of my Central Park idea.",anger
431,Rachel,"Ho-ho-hold on a sec there, Mr. Kissey!",surprise
431,Rachel,"Y'know, I've been meaning to talk to you about this whole, little, new European thing you got going on, and I just need to tell you that it makes me very uncomfortable and I just—y'know—stop it!",anger
431,Chandler,I was just trying to bring a little culture to the group.,sadness
431,Phoebe,"That's fine, just don't bring it in my mouth.",disgust
431,Monica,Makes me wanna puke!,disgust
432,Phoebe,Is she in there?,neutral
433,Ross,"Yeah. She’s putting her down now, that’s her.",neutral
433,Rachel,Oh it’s all right.,neutral
434,Rachel,I’m guess I’m just done with the whole dating thing.,sadness
434,Rachel,It’s one more thing in my life that’s suddenly completely different.,sadness
434,Rachel,This is hard.,sadness
434,Ross,Yeah I know.,neutral
434,Ross,"On the other hand in um, in about seven months you’re gonna have something that you’re gonna love more than any guy you’ve ever gone out with.",neutral
434,Ross,Just wait.,neutral
434,Ross,"Wait until uh, wait until the first time your baby grabs your finger.",joy
434,Ross,You have no idea.,joy
434,Rachel,Thanks sweetie.,neutral
434,Ross,"You wanna, you wanna grab some coffee?",neutral
434,Rachel,"Oh no, I think I’m gonna go home and eat ten candy bars.",sadness
434,Ross,"Hey, I thought I cheered you up.",neutral
434,Rachel,"Oh you did, there are twenty in here.",neutral
434,Ross,Right. Good night.,neutral
434,Rachel,Good night.,neutral
435,Mrs. Geller,Hi,neutral
435,Ross,Hi!  Hey mom.,joy
435,Rachel,"This is such a great party! 35 years. Very impressive, do you guys have any pearls of wisdom?",joy
435,Mrs. Geller,Jack?,surprise
435,Mr. Geller,Why would you serve food on such a sharp stick?,surprise
435,Ross,"That’s a good question, dad. That’s a good question",neutral
435,an,Congratulations you two!,joy
435,Rachel,Thank you…we’re so excited,joy
435,an,"And also, congratulations on your wedding.",joy
435,Ross,Wha—What?,surprise
436,Joey,Look at this clown!,joy
436,Joey,Just because he’s got a bigger boat he thinks he can take up the whole river.,disgust
436,Joey,Get out of the way jackass!,anger
436,Joey,Who names their boat Coast Guard anyway?,disgust
436,Rachel,That,neutral
436,Joey,What are they doing out here? The coast’s all the way over there.,surprise
437,Chandler,Hey!,anger
437,Phoebe,Hey! Check it out! This is unbelievable! Joey has been holding his breath for almost four minutes!,surprise
437,Joey,Dude! What are yo—you trying to kill me?!,neutral
438,Monica,Ow!,anger
438,Richard,"Really?! Well, it’s just like everyone else’s apartment. It’s got rooms, walls, and ceilings.",neutral
438,Richard’s Date,"Well, I just wanted to see where you lived. Now, give me the tour.",neutral
438,Monica,Oh my God! Oh my God!,surprise
438,Richard,"Ah well, this is the living room.",neutral
438,Richard,All right. This is the kitchen.,neutral
438,Richard,The bedroom. Well it’s pretty much your typical...  bedroom.,neutral
438,Richard’s Date,We’re still on this side of the door.,neutral
438,Joey,Ha-ha,joy
438,Richard’s Date,"Yeah, but I didn’t get to see it.",sadness
438,Richard,Oh shoot! Maybe next time.  Thanks for a lovely evening.,neutral
438,Monica,"So um, who was she?",joy
438,Richard,"Oh,  that was the blind date that I told you about, she called and switched it to today.",neutral
438,Monica,"Did you like her? And I’m just asking as a friend, because I am totally fine with this.",neutral
438,Richard,"Well, you seem fine.",neutral
439,Frank,"Well, I don’t think this, y'know.",neutral
439,Phoebe,"No, no, no, I wouldn’t do you myself, I mean that would be weird.",disgust
439,Phoebe,"Yeah, no, I’ll get one of the other girls to do it.",neutral
439,Phoebe,"Oh, this will be so much fun!",joy
439,Phoebe,Hey!,surprise
439,Phoebe,Are you excited?,joy
439,Frank,"Yeah! Hey, do Monica and Rachel work there?",neutral
440,Phoebe,"Ok, so now we need, um sage branches and the sacramental wine.",neutral
440,Monica,"All I have is, is oregano and a",neutral
440,Phoebe,"Um, that's ok!  Ok. All right. Now we need the semen of a righteous man.",joy
440,Rachel,"Ok, Pheebs, you know what, if we had that, we wouldn't be doing the ritual in the first place.",neutral
440,Monica,Can we just start throwing things in?,neutral
440,Phoebe,"Ok, yeah, ok.  Oh, OK.",neutral
440,Rachel,"Ok, Barry's letters. Adam Ritter's boxer shorts.",neutral
440,Phoebe,"Ok, and I have the, uh receipt for my dinner with Nokululu Oon Ah Ah.",neutral
440,Monica,"Look, here's a picture of Scotty Jared naked.",neutral
440,Rachel,Hey he's wearing a sweater.,surprise
440,Monica,No.,neutral
440,Rachel and Phoebe,Eww!,disgust
440,Rachel,And here we have the last of Paulo's grappa.,neutral
440,Monica,"Hey, Rachel, isn't that stuff almost pure...",neutral
441,Ross,"Mona?  Okay, if I were a salmon shirt, where would I be?",neutral
441,Mona,I am so sorry I spilled wine all over your shirt.,sadness
441,Mona's Date,"Oh, it’s okay.",neutral
441,Mona,"No, it’s still wet.",joy
441,Mona,Let me get it out before it sets.,neutral
441,Mona,"Ooh, I have something you can wear.",neutral
441,Mona,Here.,neutral
441,Mona's Date,"Oh umm, I-I don’t know if I want to wear a woman’s shirt.",sadness
441,Mona,No-no that’s a man’s shirt.,neutral
441,Mona's Date,It’s awfully pink.,neutral
442,Joey,"Oh, it's perfect!",joy
442,Ross,How about you?,neutral
442,Chandler,It's a kitchen slash bathroom.,neutral
442,Ross,"All right, I see what you guys are saying. I'll uh, I'll go downstairs and fill out an application.",neutral
442,Chandler,We are bad people.,disgust
442,Joey,He knew we were trying to get rid of him. He knew!  You think we could get a bathtub in our kitchen?,surprise
443,Monica,Let’s get the show on it!,joy
443,Rachel,"Okay, let me just get a cup of coffee.",neutral
443,Monica,"Oh Rachel, I know the best coffee house and it’s sooo close.",neutral
443,Rachel,Closer than here?,neutral
443,Phoebe,"Oh, hey, look, I found coffee!  Okay, let’s skedaddle.",neutral
443,Rachel,"Wait, I’m not just gonna drink somebody’s old coffee.",neutral
443,Phoebe,"Okay, your highness.",neutral
443,Phoebe,"Um, Rachel I’m really sorry.  That’s okay, do you wanna get back together?  Yeah, okay.  Did anyone else hear that?!",surprise
444,Lydia,So how did you know I was even here?,surprise
444,Guy,Your mom called me. So is this her?,neutral
444,Lydia,"No, this is a loaner.",neutral
444,Guy,I'm sorry you had to do this by yourself.,neutral
444,Lydia,"I wasn't by myself. I had a doctor, a nurse, and a helper guy.  So, did you see who won the game?",neutral
444,Guy,"Yeah, the Knicks by 10. They suck.",neutral
444,Lydia,"Yeah, they're not so bad.",neutral
445,Phoebe,"I’m sorry I won’t be able to make it to your imaginary wedding, but I’m",neutral
445,Rachel,"I know. I know. I panicked, I panicked. I didn’t want him to start yelling at me like I was some ’74 Latour.",surprise
445,Phoebe,It’s Lafite. The ’74 Latour is actually drinking quite nicely.,sadness
445,Rachel,"All right here he comes. I’m gonna do this, I’m gonna tell him, I’m gonna be strong.",fear
445,Dr. Green,I just called a friend of mine.,neutral
445,Rachel,Yeah?,surprise
445,Dr. Green,I think I may be able to book,neutral
445,Rachel,Really?!,surprise
445,Dr. Green,What is it sweetie?,joy
445,Rachel,There’s not gonna be a wedding. Ross and I are not getting married.,sadness
445,Rachel,I’m sorry daddy.,sadness
445,Dr. Green,I don’t believe this!!,neutral
445,Rachel,"Oh now daddy, stay calm. Please.",fear
445,Dr. Green,Stay calm?!!,anger
445,Dr. Green,How do you expect me to stay calm?!,anger
445,Dr. Green,This is unacceptable Rachel!,anger
445,Dr. Green,And I wanna know why?!!,anger
445,Dr. Green,Is it because that punk Ross won’t marry you?!,anger
445,Dr. Green,That’s it!,anger
445,Dr. Green,Is that it?,anger
445,Rachel,"Yes. Yes, he says I’m damaged goods.",sadness
446,Phoebe,"So, you’re like a zillionaire?",surprise
446,Chandler,And you’re our age. You’re our age.,surprise
446,Phoebe,"Y'know what, you should like, you should buy a state and then just name it after yourself.",neutral
446,Pete,What like Pete Dakota?,neutral
446,Phoebe,"Yeah, or, or, or, Mississ-Pete.",neutral
446,Joey,"Oh, oh, I got it! Pete-Chicago.",neutral
446,Chandler,That’s not a state Joe.,neutral
446,Joey,"Oh, and Mississ-Pete is?",neutral
446,Pete,"I got to go, so ah, I’ll see you guys later.",neutral
446,All,Okay.,neutral
446,Chandler,You’re our age!,surprise
446,Pete,"So ah, we on for tomorrow?",neutral
446,Monica,Absolutely!,joy
446,Monica,Now get out of here you!!,joy
446,Monica,"Okay, I’m running out of places I can touch him!",anger
446,Monica,"Look, is there something wrong with me?",sadness
446,Monica,I mean why am I only attracted to guys where there’s no future?,sadness
446,Monica,"Either they’re too old, or they’re too young, and then there’s Pete who’s-who’s crazy about me, and who’s absolutely perfect for me, and there’s like zip going on!",sadness
446,Monica,"I mean, seriously, does it sound like something’s wrong with me?",sadness
446,Ross and Joey,No.,neutral
447,Phoebe,"Okay, I’m gonna go get Frank.",neutral
447,Joey,"So, we’re walking down the street and I turn to you and I say, “Hey, let’s go hang out at Totally Nude Nudes,” remember?",neutral
447,Joey,"And then, and then, you turn to me and say, “Nah, let’s just hang out at your place.” Well, that was a nice move dumb ass.",joy
448,Phoebe,"Yeah, I think it was better when you guys were sad. Hey, uh, remember the roller blades?",neutral
448,Rachel,You know what else I’m not gonna miss?,anger
448,Rachel,"""I’m Monica.",anger
448,Rachel,I wash the toilet 17 times a day.,anger
448,Rachel,"Even if people are on it!""",anger
448,Monica,"""Hi I’m Rachel, is my sweater too tight? No? Oh, I’d better wash it and shrink it!""",anger
448,Rachel,"""I’m Monica, I don’t get phone messages from interesting people. Ever!""",anger
448,Phoebe,Hey! I call her!,joy
448,Monica,"""Oh my God, I love Ross! I hate Ross! I love Ross! I hate Ross!""",anger
448,Rachel,"""Oh my God, I can’t find a boyfriend!",anger
448,Rachel,"So I guess I’ll just stumble across the hall and sleep with the first guy I find in there!""",anger
448,Phoebe,"Yeah, we should get a move on if we wanna make those dinner reservations.",neutral
449,Ross,"Item J437-A, color: winterberry.",neutral
449,Ross,"Hi umm, listen come here, come in.",neutral
449,Ross,I’m so-so sorry about yesterday.,sadness
449,Ross,I-I’m really sorry.,sadness
449,Ross,It’s just that I,joy
449,Mona,"Listen Ross, you don’t have to apologize. I understand why you were there.",neutral
449,Ross,You do?,surprise
449,Mona,"Yeah, you still have feelings for me.",sadness
449,Mona,"And-and to be honest, I-I still have feelings for you.",joy
449,Mona,"And I wish that we can work it out Ross, but we can’t.",sadness
449,Mona,"It’s too complicated with you and Rachel and the baby, I-I just… It just wasn’t meant to be.",sadness
449,Ross,Oh God you’re right.,joy
449,Mona,"Ross, we…we have to be strong. Okay, I-I’m gonna go.  Can I? To remember you?",sadness
449,Ross,No.,neutral
450,Phoebe,"I’m telling you, if you want to take care of that thing, you should go to my herbal guy.",neutral
450,Ross,"Thank you, but I want to remove it Pheebs. I don’t want to make it savory.",neutral
450,Monica,"Y'know when girls sleep with guys with weird things on their body, they tell their friends about it.",neutral
450,Ross,Gimme this.,neutral
450,Rachel,"Hi! Okay, don’t be mad at me, but I couldn’t resist.",neutral
450,Monica,Brides magazines?,surprise
450,Rachel,"Yes, and I know that you’d say no if he asked you, but I’m sorry; how great would you look walking down the aisle in this Donna Carin.",neutral
450,Phoebe,"Oh, you so would! Oh, you should get that anyway.  Like for clubbing.",sadness
450,Monica,"It is so weird, I know what I said, but uh, this morning, I was lying in bed I was, I was imagining what it would be like to say yes.",surprise
450,Monica,"I know it’s a little sudden, and it’s a little rushed, and it’s totally not like me to do something like this, but that doesn’t mean I can’t.",joy
450,Monica,Right?,joy
450,Monica,"I mean I’m-I’m crazy about Pete, and I know that we want the same things, and when I thought about saying yes, it made me really happy.",joy
450,Rachel,Oh my God.,surprise
450,Monica,I know.  I need more pie.,neutral
450,Phoebe,"Hey Mon umm, if you do get married, can I bring two guests?",neutral
450,Rachel,You didn’t break up with that fireman?,surprise
450,Phoebe,"No, that was my way of telling you.",neutral
450,Phoebe,"Well, it turns out he’s incredibly sensitive, he keeps a journal and he paints.",neutral
450,Phoebe,He even showed me charcoal drawings that he drew of me.,neutral
450,Rachel,Wow!,surprise
450,Phoebe,"Yeah, well he’d prefer water colors, but y'know, he has easy access to a lot of charcoal.",neutral
450,Monica,"So then, are you going to dump Jason?",neutral
450,Phoebe,"Well, yeah, because I have to break up with someone, and… Okay so Jason is sensitive,  but now so’s Vince  Plus, Vince has the body y'know?",neutral
450,Phoebe,So… It’s really just about the math.,neutral
451,Mike,"Ok, so it's a tie again, 41 to 41.",neutral
451,Chandler,"Ok, look! Enough is enough!",anger
451,Monica,"No, I have just to have two more points to beat him!",joy
451,Chandler,"Monica, that was also true an",neutral
451,Monica,I can't just walk away! I've put in four hours!,anger
451,Monica,You knew this about me when you married me!,neutral
451,Monica,You agreed to take me in sickness and in health.,neutral
451,Monica,"Well, this is my sickness!",anger
452,Joey,"Oh yeah-yeah, the lobster.",neutral
452,Rachel,"Yeah, I mean I was up sick all night.",neutral
452,Joey,"Yeah me too, all night.",neutral
452,Rachel,Really?! How come we didn’t cross paths?,surprise
452,Joey,"Yeah well that’s because uh…I stayed in my room. Yeah, you don’t want to look in my hamper.",neutral
453,Chandler,I can’t believe there is a naked hooker in there!,surprise
453,Joey,Wait! Wait! Maybe she’s a hooker,surprise
454,Phoebe,"Yeah, okay let’s leave these two alone.",neutral
454,Rachel,"No! I do not care what my hormones are doing, I am not going to just do it with some random guy!",disgust
454,Phoebe,Fine! Then you tell Roger because he was really looking forward to this!,anger
455,Julie,So.,neutral
455,Rachel,So.,neutral
455,Rachel,I just thought the two of us should hang out for a bit.,neutral
455,Rachel,"I mean, you know, we've never really talked.",neutral
455,Rachel,"I guess you'd know that, being one of the two of us, though, right?",neutral
455,Julie,"I know, I probably shouldn't even tell you this, but I'm pretty much totally intimidated by you.",fear
455,Rachel,Really? Me?,surprise
455,Julie,"Oh my god, are you kidding?",surprise
455,Julie,"Ross is so crazy about you, and I really wanted you to like me, and, it's probably me being totally paranoid, but I kinda got the feeling that maybe you don't.",anger
455,Rachel,"Well, you're not totally paranoid.",neutral
455,Julie,Oy.,joy
455,Rachel,"Um, ok, uh, oh god, um, when you and uh Ross first started going out, it was really hard for me, um, for many reasons, which I'm not gonna bore you with now, but um, I just, I see how happy he is, you know, and how good you guys are together, and um, Monica's always saying how nice you are, and god I hate it when she's right.",sadness
455,Julie,"Thanks. Hey, listen, would you like to go to a movie sometime or something?",neutral
455,Rachel,"Yeah, that'd be great. I'd love it.",joy
455,Julie,"I'd love it too. Shoot, I gotta go. So, I'll talk to you later.",neutral
455,Rachel,"All right, Julie.",neutral
455,Julie,Bye.,neutral
455,Rachel,Bye.  What a manipulative bitch.,disgust
456,Phoebe,"Chandler, I found the perfect ring.",joy
456,Chandler,"Oh, that’s uh, that’s pretty nice but I’m gonna go with the one I picked first.",neutral
456,Phoebe,"Oh my God Chandler, the one you picked is gone. It’s over!",anger
456,Chandler,What?,surprise
456,Phoebe,Some guy bought it. I’m sorry. I tired to stop it but they  put me in jail!,sadness
456,Chandler,They put you in jail?,surprise
456,Phoebe,The little jail between the doors!,anger
456,Chandler,"Phoebe, I asked you to guard the ring!",anger
456,Phoebe,"I know, I’m sorry! But y’know, this ring is better! Monica never even saw the other ring.",anger
456,Chandler,Yeah but when he proposed to me with the ring I got goose bumps.,sadness
456,Phoebe,Maybe it was the guy.,neutral
456,Chandler,It was the ring!,anger
457,Rachel,"No, not that, I mean, what about you and Mindy?",neutral
457,Barry,"Well, if you want, I'll just—I'll just break it off with her.",neutral
457,Rachel,"No. No-no-no-no, no. I mean, don't do that. Not, I mean not for me.",anger
457,Bernice,"Dr. Farber, Bobby Rush is here for his adjustment.",neutral
457,Barry,"Thanks, Bernice.  Let's go away this weekend.",neutral
457,Rachel,"Oh, Barry..! Come on, this is all way too..",surprise
457,Barry,"We can, we can go to Aruba!",joy
457,Barry,"When I went there on what would have been our honeymoon, it was, uh... it was really nice.",sadness
457,Barry,You would've liked it.,sadness
457,Rachel,I had a bra.,neutral
457,Bobby,"Hey, Dr. Farber.",neutral
457,Barry,"All right Miss Green, everything looks fine... Yep, I think we're starting to see some real progress here.",neutral
457,Rachel,What?!,surprise
457,Bobby,"I'm twelve, I'm not stupid.",fear
458,Rachel,Oh my God! What does,surprise
459,Monica,Oh that's an eye removal machine.,neutral
459,Rachel,"All right, I'm outta here!",anger
459,Monica,I'm kidding! I'm kidding!,joy
459,Rachel,So were done then!,anger
459,Dr. Miller,"Almost! But first, we gotta start.",neutral
459,Dr. Miller,This is a glaucoma test.,neutral
459,Rachel,Uh-huh.,neutral
459,Dr. Miller,Sit down.,neutral
459,Rachel,Okay.,neutral
459,Dr. Miller,"But your chin here.  Now, you'll feel a small puff of air in each eye.",neutral
459,Rachel,What?!,surprise
459,Monica,"A small puff of air, now come on!",anger
460,Joey,"Sure, now I’m scared.",fear
460,Phoebe,"No, we can go together! Just don’t wait too long though, okay? ‘Cause I’m outta here sometime before Friday.",neutral
460,Joey,"Yeah, but I don’t wanna die!",fear
460,Phoebe,"No-no, it’ll be fun! We can come back and we can haunt these guys!",joy
461,Phoebe,"Um, Chandler, Ross, this is Robert.",neutral
461,Chandler,"Oh, hey.",neutral
461,Robert,Hi.,neutral
461,Phoebe,"You’ve have lipstick right here . That’s okay, it’s mine, we just kissed.",neutral
462,Chandler,Hey!,surprise
462,Joey,Hey!,surprise
462,Joey,No. Y'know how we’re always saying we need a place for the mail.,neutral
462,Joey,"Well, I started building one. But then I decided to take it to the next step.",neutral
462,Chandler,You’re building a post office?,surprise
462,Joey,"No, an entertainment unit, with a mail cubby built right in. It’s a one day job, max.",neutral
462,Chandler,Okay.  My word! Those are snug.,surprise
462,Joey,"Oh yeah. These are my old work pants, Sergio Valente’s.",neutral
462,Joey,Power saw kinda got away from me there.,neutral
463,Rachel,Hi!,joy
463,Chandler,Another cheesecake came! They delivered it to the wrong address again!,anger
463,Rachel,"So just bring it back downstairs, what’s the problem?",neutral
463,Chandler,I can’t seem to say goodbye.,sadness
463,Rachel,"Are you serious?! Chandler, we ate an entire cheesecake two days ago and you want more?",surprise
463,Chandler,Well I’ve forgotten what it tastes like okay?!,anger
463,Rachel,It was cheesecake.,neutral
463,Rachel,It was fine.,neutral
463,Rachel,"It had a buttery, crumbly, graham cracker crust, with a very rich yet light, cream cheese filling…  Wow!",surprise
463,Rachel,My whole mouth just filled with saliva!,joy
463,Chandler,Y’know what? Forget it!,anger
463,Rachel,Yeah and we’ll drop it off downstairs so that we’re not tempted.,neutral
463,Chandler,Good idea. Where do you want to go to lunch?,neutral
463,Rachel,"Momma’s Little Bakery, Chicago, Illinois.",neutral
464,Tag,This one’s from me.,neutral
464,Rachel,Ahh!,surprise
464,Tag,"It wasn’t on your list, but hopefully you’ll think it’s really fun.",neutral
464,Rachel,A scooter!,surprise
464,Ross,Stick to the list. Always stick to the list.,neutral
464,Rachel,"No! No-no, I love it. Thank you.",joy
464,Chandler,"Okay, open ours next. Open ours next!",joy
464,Rachel,Okay.,neutral
464,Joey,"Now that you’re a couple, we don’t get two presents from you guys?",neutral
464,Chandler,For my last birthday you gave me a,neutral
464,Rachel,Okay.,neutral
464,Rachel,Happy birthday Grandma!,joy
464,Rachel,It’s better to be over the hill  then buried under it.,neutral
464,Rachel,All our love Monica and Chandler.,neutral
464,Rachel,"That’s funny, yeah!",joy
464,Chandler,No-no-no-no! That was the joke!,surprise
464,Rachel,"No, I know! I get it! It’s funny!",joy
464,Chandler,"No, because you’re not a grandmother!",sadness
464,Rachel,"No I know, because to be a grandmother you have to be married and have children and I don’t have any of those things.",sadness
464,Rachel,That’s why it’s so funny.,neutral
464,Monica,All you had to do was buy the card!,anger
465,Phoebe,"Hey, Joey. What's going on?",neutral
465,Joey,Clear the tracks for the boobie payback express. Next stop: Rachel Green.,neutral
465,Monica,Joey!! What the hell were you doing?!,disgust
465,Joey,Sorry. Wrong boobies.,sadness
465,Monica,"Hello, Joey.",neutral
465,Mr. Tribbiani,"Oh! ...Hello, dear.",surprise
466,Joey,Man. Can you believe he's only had sex with one woman?,surprise
466,Chandler,"I think it's great. Y'know, it's sweet, it's romantic...",joy
466,Joey,Really?,surprise
466,Chandler,"No, you kidding? The guy's a freak..",disgust
466,Both,"Hey, buddy.",neutral
466,Receptionist,"Oh, that's attractive.",neutral
466,Chandler,"Oh, I thought you were great in Silence of the Lambs. Oh come on, admit it! All things considered, you had fun tonight.",joy
466,Ross,"Fun? Where was the fun? Tell me specifically, which part was the fun part? Where's my puck?",disgust
466,Joey,"Oh, ah- the kid has it.",neutral
466,Ross,"The kid...?  Excuse me, uh, that's, that's my puck.",anger
466,Chandler,"You gotta do it, man.",neutral
466,Ross,"Oh yeah? Well, I'm rubber, you're glue, whatever——can't do it.  Listen, uh- gimme back my puck.",anger
466,Ross,"Yes', how about. C'mere. Gimme!",anger
466,Receptionist,Hey! Hey! No rough holding in my ER!,anger
466,Ross,GIVE ME MY PUCK!!,anger
466,Ross,...Now,anger
467,Rachel,"Oh, look, wish me luck!",joy
467,Monica,What for?,neutral
467,Rachel,I'm gonna go get one of those  job things.,neutral
468,Phoebe,"Oh, I told the stripper to be here at five. That’s good right?",neutral
468,Monica,You ordered a stripper for the shower?! That is totally inappropriate!,anger
468,Phoebe,What? He’s gonna be dressed as a baby!  Oh hi Mrs. Green!,surprise
468,Monica,Hi!,joy
468,Phoebe,I’m so glad you could make it.,joy
468,Monica,"Yes, thank you so much. And again, we’re so sorry. We could not feel worse about it.",joy
468,Mrs. Green,Try. There’s my little girl.,joy
468,Monica,She’s still mad.,neutral
468,Phoebe,Yeah I know. Isn’t it great? One less person we have to make small talk with.,joy
468,Monica,"Phoebe, Sandra’s mad at you too. It-it doesn’t bother you?",surprise
469,Rachel,"Oh, that’s very—Really very-very okay.",neutral
469,Marc,"Julie’s cervix is dilated a seven centimeters, that’s about four fingers. The doctor let me feel it myself.",joy
470,Julie,Have you felt Rachel’s cervix Ross?,neutral
471,Rachel,"No, I don’t think we’ll be doing that.",disgust
471,Ross,We’re not gonna do that.,disgust
471,Julie,"Well, if you like you can feel Rachel’s and then feel mine to compare.",neutral
471,Mrs. Geller,Am I interrupting?,neutral
471,Ross,Uh yes! Thank you.,joy
471,Rachel,Oh. Oh wait no.,neutral
471,Ross,Later.,neutral
472,Ross,"Oh uh, I’m sorry.",neutral
472,Rachel,No Ross! Ross! Ross! My child has no father!,fear
473,Monica,Try feeding her again.,neutral
473,Rachel,I already fed her.,neutral
473,Monica,"I know, that’s why I said again!",anger
473,Phoebe,"Alright you guys, we can’t turn on each other, Okay?   That’s just what she wants.",fear
473,Chandler,Hey.,neutral
474,Monica,Phoebe! Rachel! It’s Monica! I wonder what you could possibly need me for on such short notice!  Oh.,joy
474,Rachel,"Oh Monica, we are so sorry.",sadness
474,Monica,For what?,joy
474,Rachel,"Well first, for forgetting to throw you a bridal shower.",sadness
474,Phoebe,And then for forgetting to invite you to it.,neutral
474,Monica,You al-you already had it?,surprise
474,Phoebe,"Well, we called everyone in your phone book and a bunch of people came, but it took us so long to get you here that they-they had to leave.",neutral
474,Rachel,"Yeah, we wanted to throw you a big surprise and a great shower, and now you don’t have either.",sadness
474,Phoebe,We ruined everything.,sadness
474,Rachel,Ugh,sadness
474,Monica,"Well no, wait a minute, that’s not true!",sadness
474,Monica,"No, what did, that was really sweet.",joy
474,Monica,And it kinda works out for the best.,joy
474,Rachel,"What do you, what do you mean?",surprise
474,Monica,"Well now, I get to spend my shower with the only people I really love!",joy
474,Monica,"I mean, I get all those presents  without having to talk to people I don’t even like!",joy
474,Rachel,Surprise,sadness
474,Joey,Surprise,joy
474,Rachel,Monica.,neutral
475,Monica,"I can't believe it's raining again! Oh, it's so unfair!!!",anger
475,Phoebe,"Well, on the bright side, now you won't have to see all these paleontologists with their shirts off.",neutral
475,Phoebe,Not you guys.,neutral
475,Phoebe,You got it going on!,joy
475,Monica,"So, what are we gonna do today?",neutral
475,Mike,They have a game room downstairs! Ping pong and stuff.,neutral
475,Monica,"Ping pong?  Honey, they have ping pong! Let's play!",surprise
475,Chandler,I don't think so!,joy
475,Monica,Why not?,neutral
475,Chandler,"Because you know how competitive you get and well, I say it's cute, others disagree, and I'm lying!",neutral
475,Monica,I'm not always that bad!,neutral
475,Chandler,"Oh,",neutral
475,Monica,I punched you...?,surprise
475,Chandler,And...?,surprise
475,Monica,... Phoebe...?,surprise
475,Phoebe,... and...?,neutral
475,Monica,I clunked your heads together!,neutral
476,Ross,"Sorry I ah, I scared you in there.",sadness
476,Monica,"Oh, that’s okay. By the way, I was just checking the shower massager.",neutral
476,Ross,Yeah.,neutral
476,Phoebe,Hey!,surprise
476,Monica,I tried to reach you at work. There’s....been a fire.,sadness
476,Phoebe,What?! Oh my...  Oh my God!! What happened?!,surprise
476,Ross,"Well, we believe it originated here.  In the Aroma Room.",neutral
476,Phoebe,All right. Did everyone get out okay?,fear
476,Monica,"Well, the giraffe’s okay. And so is the pirate.",neutral
476,Phoebe,Ohh. What is this?,surprise
476,Ross,"No Phoebe, don’t look! You don’t want to see what’s under there!!",fear
476,Phoebe,"Ohh, the-the Foster puppets!",sadness
477,Ross,Hey! How long until Pete’s fight?,neutral
477,Monica,"Oh, about five minutes. Right now they’re interviewing his opponent. Apparently he trains by going to Iran and pulling the arms off thieves.",neutral
477,Ross,Hot dog?,neutral
477,Monica,"Four, please.  I’m really nervous.  Thank you.",fear
477,Phoebe,"So Ross, how umm, how did it go with Bonnie?",neutral
477,Ross,"I gotta tell you, I-I wasn’t expecting to like her at all, I mean I actually wasn’t expecting to like anyone right now, but she’s really terrific.",joy
477,Phoebe,"Ohh, that’s too bad!",sadness
477,Ross,"No, I-I’m saying I liked her.",joy
477,Phoebe,"Yeah, y'know what, there are other fish in the sea.",neutral
477,Ross,"Pheebs, I think she’s great. Okay? We’re going out again.",joy
477,Phoebe,"Okay, I hear you! Are you capable of talking about any thing else?",disgust
477,Chandler,Hey! Which one’s my turkey burger?,neutral
477,Ross,"Ahh, the one next to my foot. Sorry.",neutral
477,Joey,"Hey, the fight’s starting!",joy
477,Ross,"Okay, we’ll be right in.  So ah, did your boss try to slap you again today?",neutral
477,Chandler,Nine times!,anger
477,Chandler,"Okay, I had to put on lotion!",neutral
477,Chandler,"But, it’s gonna be okay, because as of tomorrow I’m conducting an experiment, and if all goes as planned, my butt will be smack free.",neutral
477,Joey,Fight’s over!,neutral
478,Chandler,"Okay, okay, here she comes!  How do I look? Do I look like a guy who doesn’t want to get married?",neutral
478,Joey,"Yeah! And also, a little like a French guy.  I never noticed that before.",surprise
478,Monica,Hi guys!,joy
478,Joey,Hey!,neutral
478,Monica,What are you up too?,neutral
478,Chandler,"Oh, just hanging out, talkin’ about uh, websites.",neutral
478,Chandler,"Yeah, we saw this really interesting website about marriage and how totally unnecessary it is and how its just a way for the government to keep tabs on you.",neutral
478,Joey,"Yeah, Big Brother.",neutral
478,Monica,Well that’s a little crazy. Although I am y’know glad to hear that you’re branching out on what you look at on the Internet.,neutral
478,Chandler,"Yeah, well… Y’know, it just got me thinking though, why would anybody ever want to get married huh?",neutral
478,Monica,Why?! To celebrate your relationship! To solidify your commitment! To declare your love for one another to the world!,anger
478,Chandler,Eh,neutral
478,Monica,Okay well that’s good to know.,sadness
478,Joey,The Mr. Bowmont’s here!!!,joy
479,Chandler,"Oh that’s great, my friend Joey’s in the movie business.",joy
479,Dana,Y’know who I ran into from school? Howie.,neutral
479,Chandler,My friend’s name is Joey.,neutral
479,Dana,Apparently Howie’s editing now.,neutral
479,Dana,"Yeah, he-he-he calls me up and asks me if he can edit my new movie.",anger
479,Dana,Can you believe that?!,surprise
479,Dana,Y’know I-I-I haven’t spoken to him in like ten years and he asks me for a favor!,surprise
479,Chandler,"Yeah, I’ve always hated that Howie.",disgust
479,Dana,"No, no ""How you doing?"" Man, I mean not even a cup of coffee first!",disgust
479,Chandler,The nerve huh?,disgust
479,Dana,Yeah!,disgust
479,Chandler,Refill?,neutral
480,Ross,Hey! How you doing?,joy
480,Tag,"Good! Good, long time no see.",joy
480,Tag,Like your sweater.,neutral
480,Ross,"Oh hey, right back at ya.",neutral
480,Tag,"Oh, it’s crazy about Rachel huh?",surprise
480,Ross,"Yeah. She—Well, she’s one crazy lady?",surprise
480,Tag,So whose is it?,neutral
480,Ross,"Umm, I don’t some Italian guy. Come on, read your own label. See you later.",neutral
480,Tag,Okay.,neutral
480,Ross,He is so weird.,anger
481,Monica,You wanna fool around with Joey?,surprise
481,Rachel,Yeah!,joy
481,Rachel,"You know, ever since I had that dream about him, and can't    get it out of my head!",joy
481,Rachel,"And what's the big deal, people do it all the time!",surprise
481,Monica,Who? Who do you know that are friends that just fool around?,surprise
481,Rachel,"Ok, off the top of my head... Don and Janet.",neutral
481,Monica,"Who, who are they?",neutral
481,Rachel,I know them from work.,neutral
481,Monica,Both of them?,surprise
481,Rachel,"No, one of them...",neutral
481,Monica,Which one?,neutral
481,Rachel,"I don't know, what were the names I just said?",neutral
481,Monica,"Rachel, things can get incredibly complicated.",anger
481,Rachel,"All right, all right, you're right",sadness
481,Monica,What the hell are you cooking!,surprise
482,Phoebe,Oh my God! How did you get back here?!,surprise
482,Phoebe,"Fire alarm?  Oh! Hi, officer—fireman, can-can I help you?",surprise
482,The Fireman,We found your fire alarm in the trash chute.,anger
482,Phoebe,That’s not mine.,neutral
482,The Fireman,Yes it is.,neutral
482,Phoebe,How do you know?,fear
482,The Fireman,"The next time you want to dump a fire alarm in a trash chute, don’t wrap it in a blanket that says, ""Property of Phoebe Buffay not Monica.""",disgust
482,Phoebe,"Okay do you—Okay, do you have a search warrant? Because the last time I checked this was still America!",anger
482,The Fireman,"Please reattach this, it’s against the law to disconnect them.",neutral
482,Phoebe,Fine!  But please God.. tell me how to stop them from going off!,anger
482,The Fireman,There’s a reset button under the plastic cover.,neutral
482,Phoebe,There’s a reset button?!,surprise
482,Phoebe,My God!,surprise
482,Phoebe,Why didn’t I see that!,surprise
482,Phoebe,"Reset button, reset button, where is there a reset button?",neutral
482,Phoebe,Oh here it is!,joy
482,Phoebe,Oh!,surprise
482,Phoebe,"Ohh, God!",joy
483,Ross,"Four letters: ""Circle or hoop"".",neutral
483,Chandler,"Ring dammit, ring!",anger
483,Ross,Thanks.,neutral
483,Joey,"Hey, you know our phone's not working?",surprise
483,Chandler,What?!,surprise
483,Joey,"I tried to call you from the coffee shop, and there was no answer.",neutral
483,Chandler,"I turned it off. Mother of God, I turned it off!",anger
483,Monica,Just like you told her you did!  ... Just pointing out the irony.,neutral
483,Joey,"Hey, so listen, I went across the street and talked to the doorman- I got the peeper's name! Can I use the phone?",anger
483,Joey,Nngghhh!!!!!!!,anger
483,Joey,"Can I use your phone?  Yeah, the number for a Sidney Marks, please.",neutral
483,Ross,"""Heating device.""",neutral
483,Phoebe,Radiator.,neutral
483,Ross,Five letters.,neutral
483,Phoebe,Rdtor.,neutral
483,Joey,"Yeah, is Sidney there?  Oh, this is?  Sidney's a woman.",surprise
484,Receptionist,"Well, you'll have to wait your turn.",neutral
484,Joey,"Well, how long do you think it'll be?",neutral
484,Receptionist,Any minute now.,neutral
485,Ross,"Hey, this-  Heyy...",joy
486,Chandler,Hey.,neutral
486,Joey,Hey! Any good mail?,neutral
486,Chandler,"Yes, you got something from the Screen Actor’s Guild.",neutral
486,Joey,"Ooh, it’s probably a residual check, hey can you open it for me, I’m kinda….",neutral
486,Chandler,"""Benefits lapsed.""",neutral
486,Joey,Hmm that’s weird. I don’t remember being in a move called benefits lapsed.,neutral
486,Chandler,"Okay, it’s not a check. They’re saying your health insurance expired because, you didn’t work enough last year.",neutral
486,Joey,Let me see that!,surprise
486,Chandler,All right.,neutral
486,Joey,"Oh, I can’t believe this!",surprise
486,Joey,This sucks!,anger
486,Joey,"When I had insurance I could get hit by a bus or catch on fire, y’know?",fear
486,Joey,And it wouldn’t matter.,anger
486,Joey,Now I gotta be careful?,anger
486,Chandler,"I’m sorry man, there’s never a good time to  stop catching on fire.",sadness
486,Joey,"All right well, I guess I gotta go get a job. I’m gonna go see my agent.",sadness
486,Chandler,"Okay, make sure you look both ways before you cross the street.",neutral
486,Joey,look both ways before you cross the street.,joy
487,Monica,I can't believe Phoebe's gonna have her babies!,surprise
488,Chandler,"I know, it's beautiful. Amazing.",joy
488,Chandler,"I had to kiss Phoebe and Rachel every time I left a room, I mean it's too bad they didn't see us having sex.",neutral
488,Monica,Do you know anything about women?,neutral
488,Chandler,No.,neutral
488,Monica,That's all right.,neutral
488,Chandler,Okay.,neutral
489,Rachel,Remember when we went to Central Park and rented boats?.. That was fun.,joy
489,Ross,Yeah. He could row like a viking.,joy
489,Monica,Hi.,neutral
489,All,Mmm.,neutral
489,Ross,So how'd it go?,neutral
490,Monica,"Oh, y'know..",neutral
491,Phoebe,Did he mention us?,neutral
491,Monica,He said he's really gonna miss you guys.,sadness
491,Ross,"You had a rough day, huh.. c'mere.",sadness
492,Monica,...love you.,joy
492,Ross,Are you're hands still wet?,neutral
492,Joey,"Uh, moist, yeah.",neutral
492,Rachel,Let's dry 'em again.,neutral
493,Rachel,Oh my God! Oh my God!!,sadness
493,Monica,Still crying?,surprise
493,Rachel,Like a,neutral
493,Monica,"Y’know, I only know of two surefire ways to shut a man up. And one of them is sex.",neutral
493,Rachel,What’s the other one?,neutral
493,Monica,"I don’t know, I’ve never had to use the other one.",neutral
493,Monica,"I’m just saying y’know, if we’re having sex, he’s not gonna be talking.",neutral
493,Rachel,Oh that’s right.,joy
493,Rachel,You’re the talker.,neutral
493,Rachel,"Anyway uh, great idea!",joy
493,Rachel,"Umm, I gotta go to the store; I told him that I would buy him some more tissues.",neutral
493,Monica,"Oh, we have some",neutral
493,Rachel,No you don’t!,anger
494,Phoebe,"Okay, yeah.  Triple A can pick us up.",neutral
495,Phoebe,"Yeah, what town are we near?",neutral
495,Monica,"Freemont. West-Westmont, ah Westburg?",neutral
495,Phoebe,Then why are you answering? Do you at least know what route we’re on?,anger
496,Rachel,"Yeah, we are definitely on Route 27.",neutral
496,Phoebe,"Okay.  We are at a rest stop on Route 27. Okay.  There is no Route 27.   Okay, either 93 or 76?",neutral
496,Rachel,"I don’t know, I’m sorry, I always slept in the back when we drove up here.",sadness
496,Phoebe,"Hey, can you send somebody up and down 76 and check every rest stop, and, and also 93?",neutral
496,Phoebe,Okay!,neutral
496,Phoebe,"Yeah, no they don’t do that.",neutral
496,Rachel,"Ugh, okay, well somebody will come and save us.",neutral
496,Monica,Who?,anger
496,Monica,I mean have you seen a car come by here in the last hour and a half?,fear
496,Monica,"I think we should call Ross, maybe he can get a car and come pick us up.",neutral
496,Rachel,"No! No, I am not getting in a car with Ross, we will just have to live here!",anger
496,Phoebe,But if...,fear
496,Rachel,"No you guys, I am not getting in a car with him, you’ll have to think of something else.",anger
496,Phoebe,"Oh good, oh Joey and Chandler are back.",joy
496,Monica,So the going for help went well?,neutral
497,Joey,"I’m telling you man, I saw it.",neutral
497,Chandler,"Yeah, well, you’re wrong! Okay, you’re wrong.",anger
497,Joey,"I’m not wrong! I wish I was. I’m sorry. Bet that barium enema doesn’t sound so bad now, huh?",sadness
498,Monica,I know.,neutral
498,Monica,Let’s try a look…of far off…wonderment.,neutral
498,Monica,"Okay, we’ll-we’ll gaze into our future and we’ll think about our marriage and the days to come.",joy
498,Monica,Chandler!,surprise
498,Monica,What is the matter with your face?!,surprise
498,Monica,"I mean this picture is supposed to say ""Geller and Bing to be married,"" not ""Local woman saves drowning moron!""",anger
498,Monica,Hey!,anger
498,Monica,Don’t laugh at him!,anger
498,Monica,He’s,neutral
499,Rachel,We’re gonna find love!,joy
499,Phoebe,Definitely!,joy
499,Rachel,"Yeah, I’m pretty confident about that.",neutral
499,Rachel,That’s what makes it so easy for me to be 80% happy for Monica and Chandler!,joy
499,Rachel,It would be nice to have a little guarantee though.,neutral
499,Phoebe,What do you mean?,neutral
499,Rachel,"Well y’know, some people make deals with a friend, like if neither of them are married by the time they’re 40, they marry each other.",neutral
499,Phoebe,You mean a backup?,neutral
499,Rachel,Exactly!,joy
499,Phoebe,"Yeah, yeah I got that.",neutral
499,Rachel,You do?,neutral
499,Phoebe,Hm-mmm,neutral
499,Rachel,Who?,neutral
499,Phoebe,Yeah!,joy
499,Rachel,Are you serious?!,surprise
499,Phoebe,"Yeah, I locked him years ago!",joy
499,Rachel,"Wh… So… If neither of you are married by the time you’re 40, you’re gonna marry Joey.",surprise
499,Phoebe,"Yep, we shook on it. Yeah but believe me that is not how he wanted to seal the deal.",neutral
499,Rachel,"Oh, seriously?",surprise
499,Joey,"Yeah uh, what am I gonna do?",neutral
500,Chandler,"Yeah, I’m sorry man.  You wanna go watch?",neutral
500,Joey,Yeah!,joy
501,Tag,Good morning.,neutral
501,Rachel,"Hi Tag! Hey, so did you have fun with uh, with Joey last night?",joy
501,Tag,Oh yeah! We went to the Knicks game.,joy
501,Rachel,Ohh that’s nice.,joy
501,Tag,Then we went to this bar and he hooked us up with all these women!,joy
501,Rachel,Wo-women? You mean like old women?,disgust
501,Tag,"Well kinda old, like 30.",neutral
501,Rachel,Oh.,neutral
501,Tag,"And I never used to be able to just talk to girls in bars, but I got like 20 phone numbers last night.",surprise
501,Rachel,"That’s great! Wow man, so Joey must’ve really taught you some stuff huh?",surprise
501,Tag,A little.,neutral
501,Rachel,Yeah?,surprise
501,Tag,How you doin’?,neutral
502,Monica,"Phoebe, we are so proud of you! You're amazing!",joy
502,Phoebe,I know.,neutral
502,Rachel,So does it really hurt as bad as they say?,joy
503,Monica,What did you just say?,surprise
503,Chandler,You roll another hard eight and we get married here tonight.,joy
503,Monica,Are you serious?!,surprise
503,Chandler,Yes! I love you! I've never loved anybody as much as I love you.,joy
503,Monica,I've never loved anybody as much as I love you.,joy
503,Chandler,"Okay, so if an eight comes up, we take it as a sign and we do it!",joy
503,Chandler,What do you say?,neutral
503,Monica,Okay!,joy
503,Chandler,Okay! Come on! Let's go! All right!,joy
503,Chandler,Okay! That's a four! And where-where's the other one?,anger
503,Drunken Gambler,It went under the table.,neutral
503,Monica,"Nobody move!  Okay, you look that way; I'll look this way!",anger
503,Chandler,Here it is! Here it is!,joy
503,Monica,That could be a four or a five. It's your call.,neutral
503,Chandler,It's a four.,neutral
503,Monica,I think so too.,neutral
504,Joey,Well that’s it. I’m done. Whew!  There come the meat sweats.,joy
504,Monica,"Well Joey, we’re all…we’re all very proud of you.",joy
504,Chandler,"Yes, I believe we can expect a call from the President any moment now.",neutral
504,Phoebe,Is there anything we can do for you?,neutral
504,Joey,"No just, nobody press on my stomach.",neutral
504,Rachel,You can keep those pants by the way.,neutral
504,Joey,Whoa—hey—wh-wh-what do you got there? What is that? Pie?,surprise
504,Monica,"Yeah, you want some?",neutral
504,Joey,"Ah, just cut me a little sliver.",joy
504,Joey,A little bigger.,neutral
504,Joey,Little bigger.,neutral
504,Joey,What?!,surprise
504,Joey,Are you afraid you’re gonna run out?!,anger
504,Joey,Cut me a real piece!,anger
505,Ross,"Phoebe, oh my God! Wh-wh-what are you doing here?",surprise
505,Phoebe,"I need to talk to you, it’s pretty urgent. It’s about Monica and Chandler.",neutral
505,Ross,Oh my God!,surprise
505,Ross,"Of course, of course.",neutral
505,Ross,"Umm, would you please excuse me for a moment?",neutral
505,Ross,"Umm, do you know each other’s hometowns?",neutral
505,Ross,Why don’t you…   Wh-what’s going on?,fear
505,Phoebe,"Well, umm, not much.",neutral
505,Phoebe,"But, I was just thinking that since those guys just got engaged that maybe it would be nice if they had some privacy, y’know?",neutral
505,Phoebe,"So, could I just move in with you for a couple days?",neutral
505,Ross,"Umm, okay, yeah, sure. But wh-what’s wrong with Monica and Chandler?",neutral
505,Phoebe,Nothing..Why?,neutral
505,Ross,"Phoebe, you said it was urgent!",anger
505,Phoebe,Oh yeah it is! I’m going to the movies and it starts in like five minutes.,neutral
505,Ross,Do you realize I have a classroom full of students?,anger
505,Phoebe,"Oh, I’m sorry. I’m so rude. Does anyone want to come to the movies?",neutral
506,Ross,"Look, look, there’s got to be a way we can work past this.",sadness
506,Ross,"Okay,  I can’t imagine, I can’t imagine my life without you.",fear
506,Ross,"Without, without these arms, and your face, and this heart.",sadness
506,Ross,"Your good heart Rach,  and, and....",sadness
506,Rachel,No.,neutral
506,Rachel,"I can’t, you’re a totally different person to me now.",sadness
506,Rachel,"I used to think of you as somebody that would never, ever hurt me, ever.",sadness
506,Rachel,"God, and now I just can’t stop picturing with her, I can’t,  it doesn’t matter what you say, or what you do, Ross.",sadness
506,Rachel,"It’s just changed, everything.",sadness
506,Rachel,Forever.,sadness
506,Ross,"Yeah, but this can’t be it, I mean.",sadness
506,Rachel,Then how come it is?,sadness
507,Monica,"Windows are clean, candels are lit.",neutral
507,Monica,"Uh, belt's to tight, gotta change the belt.",joy
507,Monica,Did I turn the fish?,neutral
507,Monica,"No, cause I made lasagne.",neutral
507,Monica,Am I out of control?,anger
507,Rachel,Just a touch.,neutral
507,Rachel,"Mon, I don't understand.",neutral
507,Rachel,"I mean, you've been dating this guy since like, what... his midterms?",surprise
507,Rachel,"I mean, why all the sudden are you so... Oh.",surprise
507,Monica,What?,neutral
507,Rachel,Could tonight be the Night?,joy
507,Monica,I don't know.,neutral
507,Monica,Look he's a great guy and I love being with him but... you know.,joy
507,Monica,"Things happen, and they happen.",joy
507,Monica,You don't plan these things.,neutral
507,Rachel,"So, did you shave your legs?",neutral
507,Monica,Yeah.,neutral
508,Joey,Ross!,anger
508,The Casting Director,"Okay, Raymond, Joey you're up.",neutral
508,Joey,Hi!,joy
508,The Casting Director,"Okay, uh well, let's try one. Whenever you guys are ready.",neutral
508,Joey,Uh-oh.,fear
508,The Casting Director,Is there a problem?,neutral
508,Joey,"Well this is noodle soup and uh, I've been working with tomato.",neutral
508,Joey,"But that's okay, no problem.",neutral
508,Joey,No problem.,neutral
508,Joey,"Hmm, noodle soup.",neutral
508,The Casting Director,"Y'know, that's-that's fine, but the line is, ""Hmm, soup.""",neutral
508,Joey,"Oh, what did I say?",surprise
508,The Casting Director,"Hmm, noodle soup.",neutral
508,Joey,How's that different?  Oh! Yeah!,surprise
508,The Casting Director,"All right, let's try one.",neutral
508,Joey,"Hmm, noodle soup.",neutral
508,The Casting Director,Okay. Let's do it again.,neutral
508,Joey,Okay.,neutral
508,Joey,"Hmm, soup.  I mean, noodle soup. I mean soup!",anger
508,Raymond,COME ON!!!!,anger
508,The Casting Director,Y'know what? We need to move on.,anger
508,Joey,"No! No! I-I can do it one more time! See? Look!  Hmm, noodle soup. Damnit!",anger
509,Rachel,Okay. Just give us a second. Ross!,neutral
509,Ross,Yeah?,neutral
509,Rachel,Give her some money.,neutral
509,Ross,I really think they’re out of rooms.,neutral
509,Rachel,"They’re not!! Ross, they’re just saving them for the important people!! Okay?! What-what if I was the president?!",anger
509,Ross,"Well then we’d be in a lot of trouble, you don’t know where any countries are.",neutral
509,Ross,Okay.,neutral
509,Ross,"Uh, say would you umm… Would you mind checking again to see if any umm, private rooms may have  opened up?",neutral
509,Nurse,This is a hospital.,neutral
509,Rachel,Y’know what?,neutral
509,Rachel,I’d have to say I really don’t care for your tone.,anger
509,Rachel,And this is not the only hospital in this city and we have no problem to—Whoa!,anger
509,Rachel,Oh gosh!,surprise
509,Ross,What-what?,surprise
509,Rachel,Ow! Ow! Contraction.  Ow-ow! Ow-ow!,surprise
509,Nurse,Would you like to see a semi-private room?,neutral
509,Rachel,"Yeah, it couldn’t hurt to look.",neutral
510,Ross,"I'm just sayin' if dogs do experience jet lag, then, because of the whole um, seven dog years to one human year thing, then, when a dog flies from New York to Los Angeles, he doesn't just lose three hours, he loses like a week and a half.",neutral
510,Kristin,That's funny. Who are they?,joy
510,Ross,"The blond woman is my ex-wife, and the woman touching her is her... close, personal friend.",neutral
510,Kristin,You mean they're lovers.,surprise
510,Ross,If you wanna put a label on it.,neutral
510,Kristin,"Wow, uh, anything else I should know?",surprise
511,Rachel,"Oh God, Ross, I cannot do this.",sadness
511,Ross,"Okay, quick and painful.",neutral
511,Rachel,"Oh God... Okay. Alright. Alright. Okay. Ross, please don't hate me.",fear
511,Ross,"Oh, what? What-what?",surprise
511,Rachel,Y'know Marcel?,neutral
511,Ross,...Yeah?,neutral
511,Rachel,"Well, I kind of... I kind of lost him.",sadness
512,Rachel,Hi Pheebs!,joy
512,Phoebe,Hi!,joy
512,Rachel,How are ya?,neutral
512,Phoebe,Good.,neutral
512,Rachel,"Umm Pheebs, remember when we were in the coffee house we decided that I was going to keep the uh, the cute guy’s cell phone?",neutral
512,Phoebe,Yeah.,neutral
512,Rachel,And remember how I said I was going to keep it in my purse so that if it rang I could just pick it up?,neutral
512,Phoebe,Yeah!,joy
512,Rachel,And do you remember going into my purse and stealing the phone?!,anger
512,Phoebe,"Ooh, now you lost me.",fear
512,Rachel,You stole the phone!,anger
512,Phoebe,No I didn’t!,anger
512,Rachel,"No? So you’re saying that if I called it, it wouldn’t ring?",anger
512,Phoebe,"No. Umm, okay. But while you dial, let me show you the features of my new ringing handbag.  Oh, it does work!",fear
512,Rachel,Phoebe!,anger
513,Tag,It’s not here.,neutral
513,Rachel,"Puzzler. A bit of a puzzle. Why don’t you um, check the copy room, maybe you left the contracts in there?",neutral
513,Tag,How could I have left them in the copy room?,neutral
513,Rachel,I don’t know Tag! How can your genitals make phone calls? Okay? It’s not a perfect world! Just go please.,anger
513,Tag,Fine.,anger
514,Joey,How ya doin'? Welcome. Good to see ya!,joy
514,Stage Director,This will be your phone.,neutral
514,Joey,"That's great. But uh, I'm not really expecting a lot of calls.",neutral
514,Stage Director,No you answer it and take pledges.,neutral
514,Joey,But I'm the host!,surprise
514,Stage Director,"No, Gary Collins is the host. You'll be answering the phones.",neutral
514,Joey,"You don't seem to understand. See, I was Dr. Drake Remoray.",neutral
514,Stage Director,"Well, here's your phone doctor.",neutral
515,Gunther,Hey guys.,neutral
515,Monica,Hey Gunther. Hi.  I mean you’re going out on a date with the noisy guy upstairs?,surprise
515,Phoebe,"Well, he’s very charming.",neutral
515,Monica,"I know, he’s too charming, but if you two start going out, then it’s just gonna make it so much harder for me to hate him.",disgust
515,Phoebe,"Well, you’re just gonna have to try.",neutral
515,Monica,"Joey, where are the",neutral
515,Joey,"I don’t know, Chandler is supposed to be passin’ ‘em around...",neutral
516,Chandler,"Okay, ten blocks down. Five to go.",anger
516,Monica,Oh wait! Stop! Stop! Stop!,joy
516,Chandler,Oh I’m sorry! Do you need a break?,surprise
516,Monica,My boots in tan! Hey! Can you get a little closer so I can see the price?,joy
516,Chandler,I can see it from right here. It’ll cost you one husband.,joy
516,Monica,"Okay, I’m sorry. I think I can walk the rest of the way now. Just-just give me my boots.",sadness
517,Phoebe,Come on more!,anger
517,Monica,Oh God!,joy
517,Phoebe,"Yeah, you like that don’t you?",neutral
517,Monica,Oh yeah right there!,joy
517,Phoebe,You want it there? You take it there baby!,joy
517,Monica,Uh Phoebe?,sadness
517,Phoebe,"Yeah, say my name. Say it!  And now I’m going to cover you back up, and umm we’re never doing this again.",joy
518,Kate,Happy?! Is that what I’m supposed to be Vic? Happy?,anger
518,Joey,"Well, why don’t you tell me what you’re supposed to be!",anger
518,Joey,Huh?,neutral
518,Joey,Because I sure as hell can’t figure it out!,anger
518,Joey,I talk to you and it’s nothin’.,neutral
518,Joey,"You look at me, and nothin’.",neutral
518,Joey,Nothing.,neutral
518,The Director,"You guys make me fly! High! Okay, we’re gonna pick it up here, tomorrow.",joy
518,Kate,"Well, that was ah...",neutral
519,Monica,What?! What are you doing?!,surprise
519,Chandler,Do you know what just happened?,anger
519,Monica,Yeah. We-we had sex and then we fell asleep.,neutral
519,Chandler,No. We were in the middle of sex…and,neutral
519,Monica,"Nooo! No, that’s not true. No, best time ever! Yeah, you rocked my world!",joy
520,Joey,"Don't worry, Chandler, it's not a globe of the United States.",neutral
520,Phoebe,Hey you guys I'm gonna go out and take a walk.,neutral
520,Ross,"Phoebe, why is your bag moving?",surprise
520,Phoebe,"Oh, it's not!",neutral
520,Rachel,"Seriously, it's moving!",surprise
520,Joey,What the hell is in there?,surprise
520,Phoebe,It's just my knitting that's all!  Yes! I knit this. I'm very good.,neutral
521,Joey,There will come a time in each of your careers when you’ll have a chance to screw over another soap opera actor.,neutral
521,Joey,"I had such an opportunity in the recent, present.",neutral
521,Joey,"And I’m ashamed to say that I took it, I advised a fellow actor to play a role, homosexually.",sadness
521,Joey,"Yeah, we both auditioned for the part, and uh, as it turned out, they ah, they liked the stupid gay thing and cast him.",anger
521,Joey,"And now, he’s got a two year contract opposite Susan Luchhi, the first lady of daytime television, and me, me I’m stuck here teaching a bunch of people, most of whom are too ugly to even be on TV.",sadness
521,Joey,"I’m sorry, I’m sorry, I’m sorry.",sadness
521,Joey,Thank you.,neutral
522,Phoebe,Rach?,surprise
522,Rachel,I’ll be out in a second.,neutral
522,Phoebe,Oh.  It’s just so unexpected! I…I uh…Boy I’ll tell you it’s just such an honor to be nominated for a,joy
522,Rachel,"Honey, we have to go. Our reservations are at 8:00.",neutral
522,Phoebe,in Reservations at 8:00 by Neil Simon.  Thank-thank you Neil. Thank you for the words.,neutral
522,Rachel,"Okay honey, you can finish this later we’re gonna be late. We gotta go.",neutral
522,Phoebe,"Please, don’t play the music. Just uh one more.",joy
523,Rachel,I can't believe you don't want to know.,surprise
523,Rachel,"I mean, I couldn't not know, I mean, if, if the doctor knows, and Carol knows, and Susan knows....",joy
523,Monica,And Monica knows...,neutral
523,Ross,"Wha, heh, how could you know, I don't even know!",surprise
523,Monica,"Carol called me to thank me for the lasagna, I asked, she told me.",neutral
523,Joey,So what's it gonna be?,joy
523,Ross,"Wait—oh—hey—huh, oh great now he knows, and I don't know!",anger
523,Monica,"I'm sorry, I'm just excited about being an aunt!",joy
523,Joey,Or an uncle...,neutral
523,Chandler,Hey Phoebe!,joy
523,Ross,Hi Pheebs!,joy
523,Rachel,Pheebs!,joy
523,Phoebe,Fine!,anger
523,Monica,"Phoebe, what's the matter?",neutral
523,Phoebe,"Nothing, I'm sorry, I'm just, I'm out of sorts.",sadness
523,Rachel,"Oh, right, that's me!",surprise
523,Joey,"Hey, Chandler, that table place closes at 7, come on.",neutral
523,Chandler,Fine.,neutral
523,Monica,"Phoebe, what is it?",neutral
523,Phoebe,"All right, you know Paolo?",neutral
523,Ross,"I'm familiar with his work, yes...",neutral
523,Phoebe,"Well, he made a move on me.",anger
523,Joey,"Whoa, store will be open tomorrow!",surprise
523,Chandler,"More coffee over here, please!",joy
524,Phoebe,Hey.,neutral
524,Joey,"Hey. What, what are you doing here?",surprise
524,Phoebe,"Well, I-I thought a lot about what you said, and um, I realilized duh, all right maybe I was a little judgmental.",sadness
524,Phoebe,"Yeah,  oh, but oh...",neutral
524,Joey,"Look now, Phoebe remember, hey, their just fulfilling their Christmas....",neutral
524,Phoebe,Destiny.,neutral
524,Joey,Sure.,neutral
524,Phoebe,Yes.,neutral
524,Joey,All right.,neutral
524,Phoebe,Okay.  Yikes! That one doesn’t look very fulfilled.,surprise
524,Joey,"Oh, that’s, that’s ah, one of the old ones, he’s just taking it to the back.",neutral
524,Phoebe,"You keep the old ones in the back, that is so ageist.",anger
524,Joey,Well we have to make room for the fresh ones.,neutral
524,Phoebe,"So, what happens to the old guys?",sadness
524,Joey,"Well, they go into the chipper.",neutral
524,Phoebe,"Why, do I have a feeling that’s not as happy as it sounds?  No! Nooooo!!!",fear
524,Joey,Hey! Hey!!,surprise
525,Monica,Light still out?,neutral
525,Rachel,Yeah.,neutral
525,Monica,Oh. Maybe they're- napping.,neutral
525,Rachel,"Oh please, they're having sex.",sadness
525,Monica and Phoebe,Shut up!,anger
525,Rachel,"So, whaddya think George is like?",neutral
525,Monica,I think he's shy.,neutral
525,Phoebe,Yeah?,surprise
525,Monica,Yeah. I think you have to draw him out. And then- when you do- he's a preppy animal.,neutral
526,Ross,"Hi! Hi, I’m Ross, you don’t know me, but I’m a big, big fan of yours. I mean,",joy
526,Isabella,Aren’t you with that girl over there?,neutral
526,Ross,"Well, yeah, kinda.",neutral
526,Ross,"Um, but that’s okay, see we have an understanding, um, see we each have this list of five famous people,  so I’m allowed to sleep with you.",neutral
526,Ross,"No, no, no, it’s flattery.",joy
526,Ross,"Oh no, no, no, wait, wait, Isabella.",joy
526,Ross,"Don’t, don’t just dismiss this so fast.",fear
526,Ross,I mean this is a once in a lifetime opportunity...,neutral
526,Isabella,"Yeah, for you. Is that the list?",neutral
526,Ross,"Um, yeah.",neutral
526,Isabella,May I see it?,neutral
526,Ross,"Um, no.",fear
526,Isabella,Come on!,joy
526,Ross,"But, okay.",neutral
526,Isabella,I’m not on the list!,surprise
526,Ross,"Um, see, but that’s not the final draft.",neutral
526,Isabella,It’s laminated!,anger
526,Ross,"Yeah, um, okay see, you were, you were on the list but my friend, Chandler  brought up the very good point that you are international, so I bumped you for Wynona Rider, local.",neutral
526,Isabella,Y'know it’s ironic...,neutral
526,Isabella,...because I have a list of five goofy coffee house guys and yesterday I bumped you for that guy over there.,neutral
526,Ross,We’re just gonna be friends.,neutral
527,Phoebe,Get out of here you lurker!  Go on! Get!,anger
527,Chandler,Hey Pheebs!,joy
527,Phoebe,Ohh! You made up!,surprise
527,Monica,"Yeah, I couldn't be mad at him for too long.",neutral
527,Chandler,"Yeah, she couldn't live without the Chan Love.",joy
527,Phoebe,"Ohh, get a room.",disgust
527,Monica,We have one.,neutral
527,Phoebe,I know. Use it.,disgust
528,Rachel,"Oh Mon, listen I have to ask!",surprise
528,Rachel,"Okay, Joey Tribbiani invited me back to his apartment, now does he do this with a lot of girls?",neutral
528,Monica,"Yeah, a lot. A lot, a lot!",neutral
528,Rachel,"Ohh! And I’m one of them!! Wow! Oh, I just cannot believe this! I mean, Joey Tribbiani!",surprise
528,Monica,"Well, y’know it’s none of my business, but aren’t you married?",neutral
528,Rachel,Yeah. Oh I just wish we could not be married for a little bit! Y’know I just wish we could be like on a break!,anger
529,Rachel,Ross! I think she is trying to make something happen with you to get back at me!,anger
529,Ross,So that’s the only reason she could be here huh?,neutral
529,Ross,It couldn’t have anything to do with the fact that-that maybe I’m a good listener and I uh I put on a,neutral
529,Rachel,"Ross, I am telling you that she is using you to get back at me!",anger
529,Ross,"I think I can take care of myself, I’ll talk to you later.",neutral
529,Ross,Good-bye.,neutral
529,Ross,Whoa!,surprise
529,Ross,"Uh, that was your sister actually.",neutral
529,Ross,She-she thinks that you’re just using me.,neutral
529,Jill,So?,neutral
530,Phoebe,I’m sorry.,sadness
530,Phoebe Sr,What are you doing here?!,surprise
530,Phoebe,"I-I, came to fill your ice cube trays.",neutral
530,Phoebe Sr,What?!,surprise
530,Phoebe,"Umm, okay, okay, look.",neutral
530,Phoebe,I took this picture from your fridge.,anger
530,Phoebe,"Okay, because I know that this is my Father.",anger
530,Phoebe,"Yeah, this is Frank Buffay and you are standing right there next to him.",anger
530,Phoebe,"Now, look I deserve to know where I came from.",anger
530,Phoebe,All right?,anger
530,Phoebe,So if you can help me find my Father then you should!,anger
530,Phoebe,"Otherwise, you’re just mean!",anger
530,Phoebe,"So, just tell me the truth!",anger
530,Phoebe Sr,"All right, the man in the picture is Chuck Magioni.",neutral
530,Phoebe,My Father is Chuck Magioni?,surprise
530,Phoebe Sr,"No, no, that’s just Chuck Magioni, I-I sold him a house last year!",neutral
530,Phoebe Sr,"And I’m very sorry, but I don’t know where your Father is, and that’s the truth.",sadness
530,Phoebe,Oh.,sadness
530,Phoebe Sr,"But umm, you’re right.",neutral
530,Phoebe Sr,I think that a person should know where they come from.,neutral
530,Phoebe Sr,"Wh-which is why I ah,  ahh,  okay.",neutral
530,Phoebe Sr,I’m your mother.,neutral
530,Phoebe,Heh?,surprise
530,Phoebe Sr,"Y'know I wanted to tell you yesterday, but I just, I kinda felt all floopy, and...",sadness
531,A Student,What’s happening to your accent?,surprise
531,Ross,Come again?,surprise
531,Ross,What’s-what’s this nonsense?,fear
531,Ross,"All right, I’m-I’m not English.",sadness
531,Ross,I’m from Long Island.,neutral
531,Ross,"I was really nervous and the accent just uh, just came out.",sadness
531,Ross,I’m sorry.,sadness
531,Ross,"So, if we could just get back to the lecture.",neutral
531,Ross,"Umm, were there any questions?",neutral
531,Ross,About paleontology.,neutral
531,Ross,"All right, look I was just trying to make a good first impression.",anger
531,Ross,"Obviously, I screwed up.",sadness
531,Ross,But what you guys think of me is really important because I’m-I’m hoping to get a permanent job here.,neutral
531,Ross,So if you just give me another chance to make a good impression,neutral
531,Rachel,Ross!! Are you crazy?! I am,anger
531,Ross,"Well, hello Rachel!",surprise
532,Chandler,"Where you going, Joe?",neutral
532,Joey,For a walk.,neutral
532,Chandler,Oh. You mind if I join you?,neutral
532,Joey,"Actually, that will be long. You know, I really need to organize    my thoughts.",neutral
532,Chandler,Your thoughts? Plural?,surprise
532,Joey,"Allright, fine, I only have one thought! It's about the hot nanny,    I gotta see her!",joy
532,Chandler,"I'm afraid I can't let you do that, Joe.",neutral
532,Joey,Now YOU'RE telling me I can't see her??,anger
532,Joey,You guys are killing me!,sadness
532,Joey,She's forbidden fruit!,sadness
532,Joey,"It's like ... like she's the princess and I'm the stable    boy ... Why are you doing this, huh?",sadness
532,Joey,Did Ross tell you not to let me go over    there?,neutral
532,Chandler,"Yes, as a matter of fact he did, so I can't let you go.",neutral
532,Joey,Huh. Interesting. Now there are obstacles. Hot nanny and me against    the world. This is the kind of stuff great novels are made of.,anger
532,Chandler,Great novels?,surprise
532,Joey,Fine ... mediocre porn,neutral
533,Rachel,"Okay, I think we can get the evaluation back before they see it, but we’re gonna have to get into Mr. Zelner’s office.",neutral
533,Rachel,"Now, he doesn’t get in until 10, so he’s no problem, but his assistant, Betty, she comes in early to eat her breakfast at her desk.",neutral
533,Tag,That’s kinda sad.,sadness
533,Rachel,"Yeah, well Betty is kinda sad. Which is why I believe I can lure her away with these chocolates.  Now, while I distract her,",neutral
533,Tag,Got it!,joy
533,Rachel,Let’s roll!,joy
533,Mr. Zelner,"Hello Rachel, you uh, got a minute?",neutral
533,Rachel,"Yeah, sure Mr. Zelner, for you anything—minute. Okay. Fine.  Abort the plan, abort the plan.",neutral
533,Mr. Zelner,"Uh actually, I’d like to speak with both of you.",neutral
533,Rachel,"Okay. Uh, well can we, can we get you anything Mr. Zelner? Maybe some chocolates?",neutral
534,Phoebe,"Cassie, are you finding everything okay in there?",neutral
534,Cassie,Yeah! Thank you so much for letting me stay here.,neutral
534,Phoebe,Oh! No problem! I,joy
534,Cassie,What?,surprise
535,Hoshi,You are iron.,neutral
535,Hoshi,You are steel!,joy
535,Hoshi,"Let me ask you something, how come when I call your computer support line, I have to wait an hour and a half?",anger
535,Pete,"I told you, we’re adding new operators all the time. Could we concentrate on my training?",neutral
536,Rachel,"I mean why, of all people would you want to go out with Chip?!",surprise
536,Monica,"Look, you and I went to different high schools...",neutral
536,Rachel,"Okay, that doesn’t help me, because we went to the same high school.",neutral
536,Monica,"You went to one where you were popular, and you got to ride off Chip’s motorcycle, and wear his letterman jacket.",neutral
536,Monica,I went to one where I wore a band uniform they had to have specially made.,sadness
536,Rachel,They had to have that specially made?!,surprise
536,Monica,It was a project for one of the Home Ec classes.,neutral
536,Rachel,"Oh my God, they told us that was for the mascot!",surprise
536,Monica,"Back then, I thought that I would never, ever get the chance to go out with a Chip Matthews, and now he’s-he’s called me up and asked me out.",surprise
536,Monica,And the fat girl inside of me really wants to go.,joy
536,Monica,I-I owe her this.,neutral
536,Monica,I never let her eat.,neutral
536,Rachel,"Oh, you go out with him.",neutral
536,Monica,"Oh, really?!",surprise
536,Rachel,"Yeah. Just, if it’s possible, could you leave him somewhere and go have sex with another guy?",neutral
536,Monica,I’ll try.,neutral
537,Joey,"Hey! Tall guy! Hey, listen, I wanted to talk to you about that girl that you’re dancing with.",neutral
537,Joey,"Yeah, yeah, okay.",neutral
537,Joey,"Uh, look buddy, I came with that girl, and I had this plan to kiss her at the new years countdown – I’m trying to win her over, so I was wondering if..",joy
537,Joey,"Oh come on man, you can dance with my partner, she’s real, uh, mellow!",anger
537,Joey,"Well, I was hoping after tonight that maybe I could you know",neutral
538,Rachel,"Ross, get over it! It’s not like she hates you.",anger
538,Ross,Yeah but,sadness
538,Rachel,"Ross, she’s not weird, she just wants her stuff to be one of a kind.",neutral
538,Ross,Huh. Y’know what’s not one of a kind? A twin!,anger
538,Rachel,"Ooh, Phoebe’s here! Okay, let’s turn out all the lights and we’ll just watch the movie!",joy
538,Phoebe,"Okay. Hey—Ooh, cool sheets!",joy
538,Ross,"Oh, you like it? You wanna know where I got it?",joy
538,Phoebe,Sure!,joy
538,Rachel,He got it a flea market!,joy
538,Phoebe,"You bought your sheets at a flea market? Ross come on, you gotta loosen the purse strings a little.",disgust
539,Rachel,And Joey?,neutral
539,Joey,How do you think she's doing?,neutral
539,Rachel,Am I the only one who doesn't think that she's hot? Ross?,surprise
539,Ross,"Eh, I mean, I mena she's not unattractive but hot? I ....",surprise
539,Rachel,Thank you!,joy
539,Chandler,Now that Rachel's gone?,neutral
539,Rachel,So hot I cried myself to sleep last night.,sadness
540,Monica,"Oh, god help us.",sadness
540,Joey,What?,surprise
540,Monica,Ugly Naked Guy's laying kitchen tile. Eww!,disgust
540,Joey,"Eww! Look, I'm asking a favor here. If I do this for her brother, maybe Angela will come back to me.",disgust
540,Joey,"I know, but, I made a huge mistake. I never should have broken up with her. Will you help me? Please?",sadness
541,Ross,"So honey, this morning was fun, huh? Me hopping in on you in the shower there.",joy
541,Carol,Yeah! And maybe someday we could get a place with two bathrooms.,joy
541,Ross,"Look Carol umm, I was, I was thinking maybe uh, maybe we can spice things up a little.",neutral
541,Carol,What do you mean?,surprise
541,Ross,Carol our sex life is—it’s just not working,sadness
541,Ross,Hey there little fella!,joy
541,Ross,"Hey, uh-hey, why don’t we get some shoes on ya, huh?",neutral
541,Ross,"Hey, why don’t you show dad how you can put your shoes on, in your room!",joy
541,Ross,Yay!,joy
541,Ben,Yay!,joy
541,Ross,Yay!,joy
541,Ross,"Seriously, our sex life… I was thinking, maybe I don’t know, we could try some-some new things.",neutral
541,Ross,For fun?,neutral
541,Carol,Like what?,surprise
541,Ross,"Well I don’t know umm,  what if we were too tie each other up?",joy
541,Ross,"Umm, some people eat stuff off one another.",neutral
541,Ross,Nah!,disgust
541,Ross,"Umm, y’know we-we could try dirty talk?",neutral
541,Ross,"Umm, we could, we could have a threesome.",neutral
541,Carol,I love that idea!,joy
542,Rachel,So who’s idea was it to put everybody in the diner on skates?,neutral
542,Monica,"Oh, some idiot customer put a suggestion in the suggestion box.",anger
542,Phoebe,"Oh my God, they took my idea!",surprise
542,Monica,That was you?!,surprise
542,Phoebe,"Yeah! Okay, here you go.",joy
542,Gunther,"Rachel, I made you a cocoa.",neutral
542,Phoebe,"Oh my God, are you guys okay?",surprise
542,Gunther,Are you all right?,surprise
542,Joey,Oh my.,surprise
543,Rachel,Sit!,anger
543,Joshua,Hi.,neutral
543,Rachel,"Oh my gosh, Joshua!",surprise
544,Joshua,All those things I said about not being ready,neutral
544,Rachel,They’re not true?,fear
544,Joshua,"No, they’re-they’re all true.",neutral
544,Rachel,Oh.,joy
544,Joshua,But,neutral
544,Rachel,"Oh! Oh, I love that but.",surprise
544,Rachel,You wanna go inside and have some coffee?,neutral
544,Joshua,Yeah.,neutral
544,Rachel,Okay.  Every time.,neutral
545,Monica,"What, Phoebe, did you whip the potatoes? Ross needs lumps!",anger
545,Phoebe,"Oh, I'm sorry, oh, I just, I thought we could have them whipped and then add some peas and onions.",sadness
545,Monica,Why would we do that?,surprise
545,Phoebe,"Well, 'cause then they'd be like my mom used to make them, you know, before she died.",sadness
545,Monica,"Ok, three kinds of potatoes coming up.",neutral
545,Rachel,"Ok, good-bye you guys. Thanks for everything.  Oh, sorry! Oh, sorry!",joy
545,Chandler,The most unbelievable thing has happened. Underdog has just gotten away.,surprise
545,Joey,The balloon?,neutral
545,Chandler,"No, no, the actual cartoon character. Of course the balloon. It's all over the news. Right before he reached",neutral
545,Rachel,"I can't, I gotta go.",neutral
545,Chandler,Come on. An 80-foot inflatable dog let loose over the city. How often does that happen?,surprise
545,Phoebe,Almost never.,anger
545,Monica,Got the keys?,neutral
545,Rachel,Ok.,neutral
546,Monica,What d'you think?,neutral
546,Joey,Lot of things.,neutral
546,Rachel,Which one do you think she is?,neutral
546,Teacher,May I help you?,neutral
546,Monica,"Oh, no thanks, we're just here to observe.",neutral
546,Teacher,You don't observe a dance class. You,neutral
546,Rachel,What does she mean?,neutral
546,Phoebe,I think she means  'You,neutral
546,Monica,"Okay, d'y'see anybody you think could be me?",anger
546,Teacher,People! Last time there were some empty yoghurt containers lying around after class. Let's not have that happen again!,anger
546,Rachel,She could be you.,neutral
546,Teacher,"Let's get started. Five, six, a-five six seven eight...",neutral
546,Monica,"Okay, I'm not getting this!",anger
546,Phoebe,I'm totally getting it!,joy
546,Monica,Did you ever feel like sometimes you are just so unbelievably uncoordinated?,sadness
546,Rachel,What? You just click when they click.,surprise
546,Teacher,"Alright people, now everyone grab a partner.",neutral
546,Phoebe,"Okay. And, my, dead, mother, says, you, are, it. I'm with Rachel.",neutral
546,Monica,Great. It's gym class all over again.,disgust
547,Rachel,"I'm not crazy, right? I mean, it was never like that.",surprise
547,Barry,"Nooo, it wasn't.",neutral
547,Rachel,"Ooh, and it's so nice having this little sink here...",joy
548,Chandler,"Oh, ain't this nice? It's so quiet, I could just lie here all day.",joy
548,Monica,I know,neutral
548,Rachel,Open your drapes! Open your drapes!,joy
548,Chandler,I'm so glad we've got adjoining rooms!,joy
548,Monica,The sun is out!,joy
548,Chandler,Hey! Remember when I had corneas?,anger
548,Monica,"Ok listen, you go down to the pool and reserve the chairs, and I'll get the magazines and the lotion.",neutral
548,Chandler,Ladies? Ross's speech is in 45 minutes.,neutral
548,Ross,"Walls are pretty thin, guys!",anger
549,Joey,"Hi uh, I’m Joey Tribbiani and with all do respect I’d like to donate some fluids.",joy
549,Receptionist,"We’re actually at the end of one of our research cycles, so we’re not looking for applicants right now.",neutral
549,Joey,"Oh that’s too bad. I’ve kinda been saving up.  Uh, are you sure there’s no studies I can participate in?",sadness
549,Receptionist,"Well, here’s a schedule of what’s coming up.",neutral
549,Joey,Thanks.  Well but this one starts now.,neutral
549,Receptionist,"Oh that one is available now, but only identical twins are eligible. It’s a twins study.",neutral
549,Joey,"But it’s $2,000.",surprise
549,Receptionist,Sorry.,sadness
549,Joey,Well how about this one? Testing the effects of Joey Tribbiani on attractive nurse receptionists.,neutral
549,Receptionist,"We already got the results back on that on, and they’re not good.",joy
550,Monica,Hey! How’s it goin’?,neutral
551,Phoebe,"Well, not much has changed in the last five minutes.",neutral
551,Monica,Yes it has! I made cookies!,joy
551,Phoebe,Oh that’s all right. I’m still full from your homemade potato chips.,neutral
551,Monica,But you should eat them now because they’re hot from the oven.,joy
551,Phoebe,Okay.,neutral
551,Monica,"Oh-ho! But not in here! Can’t eat ‘em in bed, remember? No crumbies!",joy
551,Phoebe,"Okay, I’ll be out in a second.",neutral
551,Monica,Okay!,neutral
551,Monica,What are you doing?,neutral
551,Phoebe,That doesn’t lock does it?,neutral
552,Monica,"You know, it still smells like monkey in there.",disgust
552,Julie,That saves us a conversation.,neutral
552,Chandler,"Well, listen, this has been great but I'm officially wiped.",neutral
552,Joey,"Me too, we should get goin'.",neutral
552,Stephanie,No.,neutral
553,Monica,"Okay, here comes another camera.",neutral
553,Ross,Right. No biggie. Stay loose.,neutral
553,Ross,Why do they keep doing that?,neutral
553,Monica,"If we wanna get on camera, I think we have to get up on one of those platforms.",neutral
553,Monica,They’ve been taping those people up there all day.,neutral
553,Ross,Right.,neutral
553,Ross,"Hey, what’d you guys do to get up on there?",joy
553,Monica,Oh yeah? Well when you learned how to dance did you forget how to put on underpants?,joy
553,Ross,Yeah!,joy
553,Janine,Hey! You’re a good dancer!,surprise
553,Joey,Really?,surprise
553,Janine,"Yeah, well you’d be better if you just loosened your hips a little.",neutral
553,Joey,What do you mean?,neutral
553,Janine,Like this.,neutral
553,Janine,"That’s it, feel the rhythm. That’s better.",neutral
553,Joey,Uh-huh.,neutral
553,Director,"Okay, you’re dancing with that girl over there.",neutral
553,Joey,No-no-no-no-no we came together!,joy
553,Director,"I don’t see it.  You are dancing with the tall guy over there. Tall guy, raise your hand!",neutral
553,Joey,"No-no hey buddy, please let me dance with that girl, I really like her and I think I have a shot.",sadness
553,Director,"Really, y’think so? I don’t..",anger
554,Rachel,Why aren’t you home yet?!,anger
554,Monica,Is someone there?,anger
554,Rachel,"Oh yes, it’s me! Sorry!",neutral
554,Chandler,What are you doing here?,neutral
554,Rachel,"Uh, I’m just, I’m just looking out your window. At-at the view. What are you guys doing?",neutral
554,Chandler,We got some,neutral
554,Rachel,"Oh, he brought her back to his apartment.",neutral
554,Monica,Who?  Is that your sister?,surprise
554,Rachel,"Ugh, she",neutral
554,Monica,"God, Ross is on a date with your sister! How weird is that?!",disgust
554,Rachel,"Oh my God, look-look he’s taking off her clothes!",sadness
554,Chandler,He’s taking off her coat!,disgust
554,Rachel,"Oh, this is just terrible.",disgust
555,Elizabeth,Ross! Wait!,sadness
555,Ross,"Elizabeth, thank God! I was just thinking about",joy
555,Elizabeth,You suck!!,anger
555,Ross,What?!,anger
555,Ross,"Okay, break-up’s still on!",anger
556,Joey,Hey.,neutral
556,Ross,Hey.,neutral
556,Joey,"Look, I understand if you came by to hit me, I deserve it.",sadness
556,Ross,"No, I don’t want to hit you.",neutral
556,Joey,Oh what then? Kick me?,anger
556,Ross,No.,neutral
556,Joey,What do I do?,surprise
557,Katie,"Well, the delivery went out to you and I realized they forgot this.",neutral
557,Ross,"Ah, must’ve been fairly obvious since it was the only thing left in your store.",neutral
557,Katie,"Listen, to be honest, home deliveries are really a part of my job description.",neutral
557,Ross,Oh.,neutral
557,Katie,Oh uh…I actually came here to ask you out.,fear
557,Ross,"Oh! Wow! Uh, yeah! That sounds great. I’m just gonna put this  back in my pocket, pretend",joy
557,Katie,Sure!,joy
557,Rachel,Horny bitch.  No! You’re a horny bitch! Noooo! You’re the horny bitch! No! You’re a horny bitch!,anger
558,Rachel,Chandler!! You have the best taste in men!,joy
558,Chandler,"Well, like father, like son.",neutral
558,Rachel,Patrick and I had such a great time last night! I mean I think this could maybe turn into something serious.,joy
558,Chandler,Really?! I-I thought you weren’t looking for something serious? I thought you were looking for some kind of a fling.,surprise
558,Rachel,"Well, y'know, possibly.  You didn’t tell him that, though? Right?",fear
558,Chandler,"Ummmmmmmm, no.",neutral
558,Rachel,You told this guy that I was looking for a fling?! You don’t tell the guy that!,anger
558,Rachel,"Oh, between you telling him that I wanted to have a fling and me putting out on the first date—oh, he’s so gonna get the wrong idea.",sadness
559,Chandler,"Alright, so I'm back in high school, I'm standing in the middle of the cafeteria, and I realize I am totally naked.",neutral
559,All,"Oh, yeah. Had that dream.",neutral
559,Chandler,"Then I look down, and I realize there's a phone... there.",surprise
559,Joey,Instead of...?,surprise
559,Chandler,That's right.,neutral
559,Joey,Never had that dream.,neutral
559,Phoebe,No.,neutral
559,Chandler,"All of a sudden, the phone starts to ring.",neutral
560,Monica,Honey! Dinner’s ready!,joy
560,Joey,What’s my little chef got for me tonight?,joy
560,Monica,Your favorite!,joy
560,Joey,"Ho-ho-ho,  fried stuff with cheese!",joy
560,Monica,Yep! And lot’s of it!,joy
560,Joey,Thanks sweetheart. Give me a little sugar here.  Okay.,joy
560,Monica,"Okay, in we go.",joy
560,Joey,Here we go! Here we go! Here we go!  How you doin’?,joy
561,Monica,"Something went wrong with Underdog, and they couldn't get his head to inflate.",neutral
561,Monica,"So anyway, um, his head is like flopping down Broadway, right, and I'm just thinking... how inappropriate this is.",joy
561,Monica,"Um, I've got something in my eye, uh, Joey, could we check it in the light, please?",neutral
561,Monica,Oh my god.,surprise
561,Joey,What?,surprise
561,Monica,Hello! Were we at the same table? It's like... cocktails in Appalachia.,anger
561,Joey,"Come on, they're close.",neutral
561,Monica,Close? She's got her tongue in his ear.,disgust
561,Joey,"Oh, like you've never gotten a little rambunctious with Ross.",neutral
561,Monica,"Joey, this is sick, it's disgusting, it's, it's—not really true, is it?",disgust
561,Joey,"Well, who's to say what's true? I mean...",neutral
561,Monica,"Oh my god, what were you thinking?",disgust
561,Joey,"All right, look, I'm not proud of this, ok? Well, maybe I am a little.",neutral
561,Monica,Oh!,surprise
561,Joey,Ow!,surprise
561,Monica,I'm outta here.,disgust
561,Joey,"Wait, wait, wait. You want him, I want her. He likes you.",neutral
561,Monica,Really?,surprise
561,Joey,"Yeah. I'm thinking, if we put our heads together, between the two of us, we can break them up.",neutral
562,Chandler,Hello! One marriage please!,joy
562,Monica,"Yep, we wanna get married!",joy
562,Monica,All right.,neutral
562,Chandler,Dum! Dum-dum-dum! Dum! Dum! Dum! Dum-dum-dum!,joy
562,Monica,What are you doing?,neutral
562,Chandler,"Oh, that's",neutral
562,Monica,"No, only because that's the graduation song.",neutral
562,Chandler,Okay!  This is it!  We're gonna get married!,joy
562,Monica,Are you sure you wanna do this?,neutral
562,Ross,"Well, hello, Mrs. Ross!",joy
562,Rachel,"Well, hello, Mr. Rachel!",joy
562,Rachel,Wait!  Okay!,neutral
563,Monica,Would you ever be a surrogate for anyone?,neutral
563,Rachel,It depends on who asked.,neutral
563,Monica,What if I asked?,neutral
563,Rachel,"Oh, Mon, sure.",neutral
563,Monica,Really?,surprise
563,Rachel,Yes.  You’re not asking are you?,surprise
563,Monica,No.,neutral
563,Rachel,Yes! Totally!,joy
563,Kathy,Oh! Thank you! Thank you! Thank you! Yes! Thank you!,joy
564,Rachel,"You…are…not going to believe it! Joshua came into work today, and guess what happened?",joy
564,Monica,He asked you out?!,surprise
564,Rachel,No. But I was showing him some cufflinks and I felt his pulse.,joy
564,Monica,Saucy!,joy
564,Rachel,What are these?,neutral
564,Monica,Electrical plans for the building.,neutral
564,Rachel,"Okay, okay, okay should I be scared?",fear
564,Monica,"I know that switch does something, okay?",neutral
564,Monica,So-so I went down to city hall and got these.,neutral
564,Monica,All I had to do was pay $25 and wait in line for three hours.,sadness
564,Rachel,Wow! If only more people knew.,surprise
565,Janice,Uh-oh-okay. Uh-oh-okay. I know what you all are thinking. But Chandler is in,neutral
565,Rachel,Yeah! No that's what I was thinking.,neutral
565,Janice,"So I'm asking you please, take a moment before you judge me.",neutral
565,Phoebe,"Oh, nobody's judging you.",neutral
565,Janice,"Oh! Okay!  You, Mister Right Place at the Right Time, call me!",joy
566,Ross,Oh man!,surprise
566,Ross,I want that place so much!!,joy
567,Ross,I was so sure that was gonna work!,sadness
568,Ross,There's twelve bucks I'll never see again!,disgust
568,Rachel,"All right honey, we'd better go if we wanna catch that movie.",neutral
568,Monica,Bye!,neutral
568,All,Bye!,neutral
568,Phoebe,Bye Chandler!   I miss you already.,sadness
568,Chandler,"Okay, did you see that?! With the inappropriate and the pinching!!",disgust
568,Monica,"Actually, I did!",surprise
568,Chandler,"Okay, so now do you believe that she's attracted to me?",neutral
568,Monica,"Ohhh, oh my God! Oh my God! She knows about us!",surprise
568,Chandler,Are you serious?,surprise
568,Monica,Phoebe knows and she's just trying to freak us out! That's the only explanation for it!,anger
568,Chandler,Okay but what about y'know my pinchable butt and my bulging biceps—She knows!,anger
569,Elizabeth,"Ross, umm, you've been in there for a long time. I'm starting to get kinda freaked out.",fear
569,Ross,"All right, I'm coming out. Hey, can you turn the lights off.",neutral
569,Elizabeth,"No, let's just leave the lights on.",neutral
569,Elizabeth,Oh my God!,surprise
570,Monica,"You wanna go right now? 'Cause I'll take you right now, buddy! You wanna go?",anger
570,Ross,Oh fine.,neutral
570,Monica,Ready?  Wrestle!,joy
570,Rachel,"Okay, y'know what uh, actually, that's great. That helps a lot. Thanks.",neutral
571,Joey,"All right now remember, something this big and long is going to be difficult to manuver, fortunately I have a lot of experience in that area.",neutral
571,Ross,"Can we please focus here, a naked man’s life hangs in the balance!",fear
571,Phoebe,I’m telling you he’s dead. What we are about to have here is a dead fat guy on a stick.,anger
571,Joey,"All right, ladies and gentlemen, let’s poke.",neutral
571,Joey,Steady.,neutral
571,Joey,Steady.,neutral
571,Joey,"Okay, a little higher.",neutral
571,Joey,Careful of the angle.,neutral
571,Joey,"Okay, okay, we’re approaching the window  Thread the needle.",neutral
571,Joey,Thread the needle.,neutral
571,Phoebe,He’s alive! He’s a-live!!!,joy
571,Monica,"And yet, we’re still poking him.",disgust
571,Joey,"Okay, retract the device, retract the device.",neutral
571,Ross,He does not look happy.,anger
571,Rachel,"Hey-hey, now he’s showing us his poking device.",surprise
571,Joey,"Hey, that’s never gonna make it all the way over here, buddy!",anger
572,Rachel,"Well they have uh, some unusual pet names for each other.",sadness
572,Rachel,"Including umm, evil bitch and uh, sick bastard.",disgust
572,Rachel,Oh God oh!,surprise
572,Rachel,Contraction!,surprise
572,Evil Bitch,Are you looking at her?!,anger
572,Sick Bastard,No!,anger
572,Evil Bitch,Don’t you look at her you sick bastard!,anger
572,Sick Bastard,Honey I swear! I wasn’t looking at her!,fear
572,Evil Bitch,She’s in labor! You like that you sick son of a bitch!,anger
572,Ross,"Umm. Umm, I’m-I’m just gonna—",neutral
572,Evil Bitch,See? See? It was because you were looking fat pervert!,anger
572,Ross,"No-no, I’m…I’m sure no one was looking. Just want some privacy.",neutral
572,Evil Bitch,You miss your girlfriend?,neutral
572,Ross,Just ignore them.,neutral
572,Rachel,Ross.,neutral
572,Ross,What? What?,fear
572,Rachel,He’s looking at me.,neutral
572,Ross,Hey! You wanna live to see your baby?!,anger
572,Evil Bitch,Don’t you talk to my husband like that you stupid bastard!,anger
573,Phoebe,Pat Sajak?,neutral
573,Rachel,Yep!,joy
573,Phoebe,Alex Trebek?,neutral
573,Rachel,"Oh, of course!",joy
573,Phoebe,Chuck Woolery?,neutral
573,Rachel,"Definitely! Phoebe, you will not find a single game show host, who’s ass I cannot kick.",joy
573,Rachel,Say it!,joy
573,Phoebe,Say we are unagi!,joy
573,Ross,It’s not something you are! It’s something you have!,anger
573,Rachel,Say it!,joy
573,Ross,"Y’know what? I can easily get out of this, but there is a chance you can get very, very hurt!",anger
574,Monica,"Hey, Rach, can I borrow your eyelash curler, I think I lost mine.",neutral
574,Rachel,"Yeah, it's in there.",neutral
574,Joey,Oh! Ohh! Oh!!,surprise
574,Chandler,"Joey, can I talk to you for a second?",neutral
574,Joey,Oohh!! Ohh! Oh-oh-oh! Oh-oh!!,surprise
574,Joey,oooooooooooooohhhhhhhhhhh,surprise
574,Chandler,Yes. Yes.,neutral
574,Joey,You?!  And-and you?!,surprise
574,Monica,"Yes, but you cannot tell anyone! No one knows!",joy
574,Joey,How?! When?!,surprise
574,Chandler,It happened in London.,neutral
574,Joey,IN LONDON!!!,surprise
574,Chandler,The reason we didn't tell anyone was because we didn't want to make a big deal out of it.,neutral
574,Joey,But it is a big deal!! I have to tell someone!,surprise
574,Chandler,No-no-no-no-no! You can't!,fear
574,Monica,"Please? Please?! We just don't want to deal with telling everyone, okay? Just promise you won't tell.",fear
574,Joey,"All right! Man, this is unbelievable! I mean, it's",surprise
574,Monica,"I know, it's great!",joy
574,Joey,"Aww, I don't want to see that!",disgust
574,Phoebe,We're so stupid! Do you know what's going on in there? They're trying to take Joey!,sadness
575,Julie,"And my second grade teacher was Ms. Thomas, and my first grade teacher was Mrs. Cobb.",neutral
575,Rachel,"Mrs., Mrs. Gobb?",neutral
575,Julie,"No Cobb, as in cobb salad.",neutral
575,Rachel,"Now, what exactly is in a cobb salad?",neutral
576,Chandler,What're we gonna do? What're we gonna do?,fear
576,Joey,"Uh, uh, we'll flip for it. Ducks or clowns.",neutral
576,Chandler,"Oh, we're gonna flip for the baby?",surprise
576,Joey,You got a better idea?,neutral
576,Chandler,"All right, call it in the air.",neutral
576,Joey,Heads.,neutral
576,Chandler,Heads it is.,neutral
576,Joey,Yes! Whew!,joy
576,Chandler,We have to assign heads to something.,neutral
576,Joey,"Right. Ok, ok, uh, ducks is heads, because ducks have heads.",neutral
576,Chandler,What kind of scary-ass clowns came to your birthday?,anger
577,Joey,"Okay, some tricks of the trade.",neutral
577,Joey,"Now, I’ve never been able to cry as an actor, so if I’m in a scene where I have to cry, I cut a hole in my pocket, take a pair of tweezers, and just start pulling.",neutral
577,Joey,"Or ah, or, let’s say I wanna convey that I’ve just done something evil.",neutral
577,Joey,"That would be the basic ‘I have a fishhook in my eyebrow and I like it’  Okay, let’s say I’ve just gotten bad news, well all I do there is try and divide 232 by 13.",neutral
577,Joey,And that’s how it’s done.,neutral
577,Joey,"Great soap opera acting tonight everybody, class dismissed.",joy
577,Student,"Hey, Mr. Trib.",neutral
577,Joey,Hey-hey.,joy
578,Phoebe,Then I’m gonna have to ask you to keep it down.,neutral
578,Mr. Heckles,Who are you?,surprise
578,Eric,"Hi, I’m Eric, I’m gonna be Chandler’s new roommate.",neutral
578,Mr. Heckles,I’m Chandler’s new roommate.,surprise
578,Eric,I-I-I don’t think so.,surprise
578,Mr. Heckles,I could be Chandler’s new roommate.,surprise
578,Eric,"But, he told me over the phone.",surprise
578,Mr. Heckles,He told me in person.,neutral
578,Eric,That’s weird.,surprise
578,Mr. Heckles,"Well, I’m going to go into my new apartment now.  Ehh!",joy
579,Phoebe,Hey! Look who I found!,surprise
579,Chandler,"Oh, hey guys!",joy
580,Phoebe,"Y’know, birds have a very good sense of direction, and I thought maybe they could help us find where the presents are hidden.",neutral
580,Chandler,"Yes, if the presents are hidden south for the winter.",neutral
581,Phoebe,Or we could just follow your clever jokes – any ideas?,neutral
582,Phoebe,Didn’t think so!,neutral
583,Phoebe,"Okay, c’mon guys, show us where the presents are!",neutral
583,Chandler,"Oh, the duck seems to think that Monica got me garbage! Hmm, I wonder what I could get Monica that’s as good as garbage?",anger
583,Phoebe,"Hmm, how about my azzz?",neutral
583,Rachel,"Hey, this is hollow.",neutral
583,Phoebe,What?,surprise
583,Rachel,"This bench, it’s hollow! I can’t believe I never knew that!  Oh, the presents!!!",surprise
583,Phoebe,"No, don’t look directly at them!",fear
583,Chandler,What?,surprise
583,Phoebe,"Alright, no, we could look at them!",neutral
583,Monica,I,neutral
584,Ross,"Hi! I’m so glad you’re here, but it’s gonna be a while. I-I wished you’d called first.",joy
584,Mrs. Geller,"Oh that’s all right, I’m coming back later with your father.",neutral
584,Ross,Oh good.,joy
584,Mrs. Geller,I actually needed to talk to you before the birth.,neutral
584,Ross,"Okay, what’s up?",neutral
584,Mrs. Geller,"I brought something that I want to give you, assuming of course that you want it.",neutral
584,Ross,"Ma, you’re asking me to marry you?",surprise
584,Mrs. Geller,"This is your grandmother’s engagement ring, I want you to give it to Rachel.",joy
584,Ross,"Mom no, come on! Thank you.",surprise
584,Mrs. Geller,Just hear me out!,fear
585,Ross,"Maybe this would’ve happened if I’d been more nurturing, or I’d paid more attention, or I... had a uterus.",sadness
585,Ross,I can’t believe this!,sadness
585,Phoebe,"I know no, no, y'know you don’t deserve this, you don’t Ross.",sadness
585,Phoebe,"You’re, you’re really, you’re so good.",sadness
585,Ross,Thanks.,sadness
585,Phoebe,And you’re so sweet.  And you’re kind,neutral
585,Ross,Thanks.,sadness
585,Ross,"Wait, wait, wait, wait, wait.",surprise
585,Phoebe,"Okay, it’s okay.",neutral
585,Ross,"Wait, wait, wait.",joy
585,Ross,My foot is stuck in the pocket.,sadness
585,Phoebe,What?,surprise
585,Ross,"No, I can’t get it out.",sadness
586,Mark,Rachel?,neutral
587,Rachel,Yeah.  Hi Mark!,surprise
587,Mark,"Hi. I just talked to Joanna, and she loves you. You got it, you got the job.",joy
587,Rachel,"Oh, I did!",surprise
587,Mark,Yes.,joy
587,Rachel,Oh my God!!,surprise
587,Joey,Congratulations...oh..wow,joy
588,Chandler,I can’t believe I did this! What an idiot!,anger
588,Monica,"Oh, stop beating yourself up!",sadness
588,Monica,People make mistakes!,neutral
588,Monica,These things happen!,neutral
588,Monica,There aren’t any message you’ve forgotten to give me are there?,neutral
588,Monica,Apparently you’re not very good at it!,anger
588,Monica,I,neutral
589,Earl,Philadelphia.,neutral
589,Phoebe,"Oh my God! So was she! Oh, I’ve got-I’ve got goose bumps.",surprise
589,Earl,Really?,surprise
589,Phoebe,"Well, y’know I’m wearing layers and it’s warm.",neutral
589,Joey,Yeah.,joy
589,Phoebe,"But if—no look, okay. These jerks might not care about you, but the universe does! And that says a lot!",sadness
589,Earl,Did you hear that?!,neutral
589,Earl,I don’t need you guys to care about me!,anger
589,Earl,Because the universe cares!,joy
589,Earl,The whole universe!,joy
589,Earl,I really wished they’d care just a little bit though.,sadness
590,Ross,"I like this one.  It seems to say, ""I love you and that’s why I have to kill you.""",joy
590,Monica,"They can’t all be bad.  Find the one where you make your bedroom eyes. Ohh, there it is.",joy
590,Chandler,Oh my God! Those are my bedroom eyes?! Why did you ever sleep with me?,surprise
590,Monica,Do you really want to pull at that thread?,surprise
590,Phoebe,I’m having a really good time!,joy
590,Kyle,Me too! I’m sorry that guy in the subway licked your neck.,sadness
590,Phoebe,"Ohh. No that’s okay, he’s a friend.",neutral
590,Kyle,"Hey uh, I don’t mean to be presumptuous but I have these two tickets to the ballroom dancing finals tomorrow night if you want to go?",fear
590,Phoebe,"Yeah, I… Well y’know I-I mean I missed the-the semi-finals, so I’d just be lost.",sadness
590,Kyle,"I know it’s really lame, but I got these tickets from my boss and—Oh no! No! No! My God!",surprise
590,Phoebe,"Okay, don’t freak out. I’ll go.",neutral
590,Kyle,"No it’s… Uh, my ex-wife Whitney is out there. I cannot deal with her right now. That woman is crazy!",anger
590,Phoebe,"Okay, I know. Hold on.  Hey Ross?",neutral
590,Ross,Yeah?,neutral
590,Phoebe,"Yeah, umm that’s Whitney , Kyle’s ex-wife out there, now do you think that you can y’know divert her so that we can slip out?",neutral
590,Ross,What?! No!,surprise
590,Phoebe,Well okay but I have two tickets to the ballroom dance finals.,neutral
590,Ross,"Look, I don’t think so Pheebs.  All right, I’ll do it. But just because you’re a friend.",neutral
591,Chandler,"Well, I-I-I'm done with this. You want anything Ross? Sports? International? Apartment listings?",neutral
591,Ross,I'll take sports.,neutral
591,Joey,Mine!,neutral
591,Ross,"All right. Uhh, international.",neutral
592,Ross,"Okay, look, I-I know what you guys are going to say",neutral
592,Phoebe,You two will have very hairy children.,disgust
592,Ross,"Okay, I didn't know you would say that.",surprise
592,Rachel,Ross! Janice?!,anger
592,Joey,"All right, hold on!",neutral
592,Joey,Hold on.,neutral
592,Joey,Hold on.,neutral
592,Joey,"This is Ross, okay?",neutral
592,Joey,He's our friend.,neutral
592,Joey,He obviously went crazy.,anger
592,Joey,He obviously lost his mind.,anger
592,Phoebe,So are you actually gonna see her again?,neutral
592,Joey,Phoebe! Don't put ideas in his head!,anger
592,Joey,Damnit Phoebe!!,anger
593,Ross,"Hey, don’t we have to...",neutral
593,Chandler,"Yeah, we got, um-hmm.",neutral
593,Phoebe,"Umm, I think you’re really, really great...",joy
593,Robert,Oh God!,sadness
593,Robert,Here we go again.,sadness
593,Robert,Why does this keep happening to me?,anger
593,Robert,Is it something I’m putting out there?,sadness
593,Robert,Is this my fault?,sadness
593,Robert,Or am I just nuts?,sadness
593,Phoebe,"I-I-I-I-I don’t know, I don’t know what to say.",surprise
593,Gunther,"Hey buddy, this is a family place, put the mouse back in the house.",disgust
594,Joey,Wait!,sadness
594,Joey,Terry!,sadness
594,Joey,Please!,sadness
594,Joey,"Look, I just lost my other job.",sadness
594,Joey,Okay?,neutral
594,Joey,You have no idea how much I need this.,sadness
594,Joey,"Please, help me out, for old times sake.",sadness
594,Nurse #1,This poor guy’s been in a coma for five years. It’s hopeless.,sadness
594,Nurse #2,"It’s not hopeless! Dr. Stryker Ramoray’s a miracle worker. Look, here he comes.",joy
594,Dr. Stryker Ramoray,"Good morning.  Drake, it’s your brother Stryker. Can you hear me?",neutral
594,Joey,I’m back baby! Ha-ha-ha!,joy
595,Monica,That kid really kicked me hard on the plane.,anger
595,Chandler,Well you did pull his hair.,neutral
595,Monica,He took my snack!,anger
595,Chandler,I’m not getting into this again!,anger
595,Monica,"Okay! Oh God, y’know what? It’s really bad.",sadness
595,Chandler,"Well, I told you not to walk. Here.  There. Okay.",anger
595,Monica,"This doesn’t mean anything, does it?",fear
596,Joey,Of course! Only an idiot would wear this stuff if you didn’t have the car! Right?,anger
596,Chandler,That is true.,neutral
596,Phoebe,"Yeah, but only a genius would swallow a sonic blaster gun.",neutral
596,Joey,"Oh, I’ve been there. Yeah, I am gonna go drive my Porsche.",neutral
596,Monica,"Joey, you know you don’t actually have one.",neutral
596,Joey,Come on! What are you doing?! I’m in character! Would you talk to her!,sadness
596,Chandler,"Ahh, I think it just moved. It’s really poking me.",anger
596,Monica,"All right, that’s it, we’re going to the emergency room.",neutral
596,Phoebe,"What?! No, you can’t, you can’t leave me here with them! We’re baby-sitting!",anger
596,Monica,"The babies are asleep, I’m sure you’ll be okay on your own for a while!",neutral
596,Phoebe,But you-you can’t leave me with them! We-we’re a team! We’re playing a zone! They’re gonna triple team me!,anger
596,Monica,"He’s got something plastic lodged in his throat, we’ve got to go to the hospital.",fear
596,Phoebe,"But no, because a doctor won’t be able to help him, it’s just gonna y’know naturally pass through his system in like seven years.",neutral
596,Chandler,I think that’s gum.,neutral
596,Phoebe,I’m pretty sure it’s gun.,neutral
596,Chandler,"Okay, listen this really hurts. Let’s go.",anger
596,Phoebe,"A real man wouldn’t just run to the hospital!  No! What would, what would Krog do?",anger
596,Ross,That was the only way I could get him to,neutral
596,Joey,Hi! How are the Gellers?,neutral
596,Rachel,Don’t call us that!,anger
596,Ross,The judge wouldn’t let us get an annulment! Now we gotta get a divorce!! Did a Porsch throw up on you?,anger
596,Joey,Hey! It’s Porsche!!,anger
597,Monica,Hey sweetie!,joy
597,Chandler,Hey!,joy
597,Chandler,There’s no back to this couch!,surprise
597,Monica,Why are you reading this? You hate this kind of stuff.,surprise
597,Chandler,"Yeah I know, but I figured a shot y’know?",neutral
597,Chandler,"Maybe one of those stories would make me cry and then you wouldn’t think I was y’know, all dead inside.",neutral
597,Monica,"Oh that’s so sweet! Look Chandler I don’t care if you can’t cry, I love you.",joy
597,Chandler,Oh that makes me feel so warm in my hollow tin chest.,neutral
597,Monica,Stop it!,joy
597,Chandler,"No, I mean, come on, seriously think about it, we get married, we’re up at the altar and I’m like this.",neutral
597,Monica,"I won’t care, because I know you will be feeling it all in here.",neutral
597,Chandler,Yeah?,neutral
598,Ross,Of course he is!,joy
598,Ross,"What, do you think I’d just use my son as-as an excuse?",joy
598,Ross,What kind of father do you think I am?,anger
598,Monica,"All right, sorry.",neutral
598,Ross,I gotta go make a fake Ben.,neutral
599,Monica,"The basket is totally empty! My God, the neighbors ate all the candy!",surprise
599,Chandler,"Well, either that or uh",neutral
599,Monica,Joey!!,anger
599,Joey,Yeah?,neutral
599,Monica,Did you eat all the neighbor candy?!,anger
599,Joey,"Uh well yeah, that was the plan, but by the time I got to it there was only a couple of pieces left!",anger
599,Phoebe,"Yeah, and they’ve been coming by all day. They love it!",joy
599,Monica,They love my candy? Oh man!!! I’ve gotta go make more!!,joy
599,Joey,"Hey Mon, you might wanna make some more lasagna too, because something might’ve happened to a huge chunk of it.",neutral
599,Monica,Ross! The neighbors ate all my candy!!,joy
599,Ross,Mine stole my newspaper! It’s like a,anger
599,Phoebe,Sure!,neutral
599,Ross,"Yeah, ever since you uh, told me that story about that bike I-I couldn’t stop thinking about it.",neutral
599,Ross,"I mean, everyone should have a-a",neutral
599,Phoebe,Oh my God Ross!!,surprise
599,Ross,You like it?,joy
599,Phoebe,I,neutral
599,Ross,Yeah?,neutral
600,Helena,Hello darlings.,neutral
600,Chandler,And there’s daddy!,joy
601,Phoebe,There he is! There he is!,surprise
601,Monica,Where?,neutral
601,Phoebe,Right- where we've been looking all night!,joy
601,Rachel,He is so cute!,joy
601,Monica,"Oh, George, baby, drop the towel!",joy
601,All,"Yeah, drop it! Drop the towel! Please drop the——wowww.",joy
602,Monica,"I've gotta tell you, Bob is terrific.",joy
602,Angela,"Yeah, isn't he?",joy
602,Monica,"It is so great to meet a guy who is smart and funny, and has an emotional age beyond, like eight.",joy
602,Angela,You know what else? He's unbelievable in bed.,joy
602,Monica,Wow. My brother never even told me when he lost his virginity.,surprise
602,Angela,Huh. That's nice.,neutral
603,Ross,"and the miracle was that that little bit of oil that should’ve just lasted just one day, burned for",neutral
603,Ben,Eight whole days.,neutral
603,Ross,"That’s right, and that’s why we celebrate Hanukkah today. The end.",joy
603,Ben,Awesome!,joy
603,Ross,Yeah?,surprise
603,Chandler,My favorite part was when,neutral
603,Ross,The Armadillo was actually not so,neutral
603,Rachel,Hey!,joy
603,Phoebe,Oh.,neutral
603,Rachel,Wow! It looks like the Easter Bunny’s funeral in here.,surprise
603,Ross,"Come on, come on, we’re-we’re-we’re lighting the candles!",joy
603,Rachel,Oh.,neutral
603,Phoebe,Oh.,neutral
603,Phoebe,"Okay, I understand why",neutral
604,Pete,"Yeah, sure. Good luck!",joy
604,Monica,I’m quitting!! Woo-hoo!  I’m okay!! I’m all right!!,joy
604,Phoebe,"Wow! That’s exciting, you went to Japan, made up a woman.",surprise
604,Pete,What?,neutral
604,Phoebe,"I’m just saying, this woman, I mean she’s fictitious. No?",surprise
604,Pete,Why would you say that?,neutral
604,Phoebe,‘Cause you’re still into Monica.,neutral
604,Phoebe,"So you told her there was somebody else so she would agree to work with you, so ‘cause you figure oh if you spent a lot of time together, maybe something might happen, and...",neutral
604,Pete,You’re good. You’re good!,joy
604,Phoebe,"Yeah, no, I’m fairly intuitive and psychic. It’s a substantial gift.",neutral
604,Pete,"Listen, can you promise me that you won’t tell her though?",fear
604,Phoebe,"Absolutely, oh I promise. Tell her what?",neutral
604,Pete,Thanks a lot.,neutral
604,Phoebe,"No I’m serious. I mean I’m intuitive, but my memory sucks.",neutral
605,Rachel,"Excuse me, pardon me, excuse me, excuse me, sorry. Hi.",neutral
605,Man,"For God's sake, will you let it go? There's no Rachel!",anger
605,Ross,"Oh, hey, hey, I got that.",neutral
605,Julie,"Oh, thanks, sweetie.",joy
605,Ross,No problem. I cannot wait for you to meet my friends.,joy
605,Julie,Really?,surprise
605,Julie,You don't think they'll judge and ridicule me?,fear
605,Ross,"No, no, they will. I just... uh...",neutral
605,Julie,Can't wait.,neutral
606,Monica,Do I know you?,surprise
606,Monica,"Oh my god, little Stevie Fisher? How've you been?",surprise
606,Steve,"Good, good, I'm a lawyer now.",neutral
606,Monica,You can't be a lawyer. You're eight.,surprise
606,Steve,"Listen, it was nice to see you. I gotta run backstage.",joy
606,Monica,"Uh, wait, backstage?",surprise
606,Steve,"Oh, yeah, my firm represents the band.",neutral
606,Ross,Ross.,neutral
606,Chandler,Chandler.,neutral
606,Steve,"Look, you guys wanna meet the group?",neutral
606,Steve,Come on.,neutral
606,Steve,"So, are you one of the ones who fooled around with my dad?",surprise
607,Joey,Do you have any respect for your body?,disgust
607,Ross,Don't you realise what you're-you're doing to yourself?,disgust
607,Chandler,"Hey, y'know, I have had it with you guys and your cancer and your emphysema and your heart disease.",anger
607,Chandler,"The bottom line is, smoking is cool, and you know it.",neutral
607,Rachel,"Chandler? It's Alan, he wants to speak to you.",neutral
607,Chandler,Really?,surprise
607,Chandler,He does?,surprise
607,Chandler,"Hey, buddy, what's up!",joy
607,Chandler,"Oh, she told you about that, huh.",surprise
607,Chandler,"Well, yeah, I have one now and then.",neutral
607,Chandler,"Well, yeah, now.",neutral
607,Chandler,"Well, it's not that big- ..well, that's true,.. Gee, y'know, no-one- no-one's ever put it like that before.",neutral
607,Chandler,"Well, okay, thanks!",joy
607,Rachel,"God, he's good.",joy
607,Ross,If only he were a woman.,neutral
607,Rachel,Yeah.,neutral
608,Phoebe,"Oh, look look look.",surprise
608,Phoebe,The last candle's about to burn out.,neutral
608,Phoebe,"10, 9, 8, 7... ... negative 46, negative 47, negative 48....",neutral
608,Ross,Thank you.,neutral
608,Phoebe,Thanks.,neutral
608,Ross,Kinda... spooky without any lights.,fear
608,Joey,Bwah-hah-hah!,joy
608,Ross,"OK, guys, guys? I have the definitive one. Mwwwooooo-hah-hah...",joy
608,Ross,Oh.. oh... oh.,neutral
608,Joey,"Hey Ross. This probably isn't the best time to bring it up, but you have to throw a party for Monica.",neutral
609,Rachel,"All this stuff takes up a lot of room. Hey how uh, how serious are you about keeping Ben in your life?",neutral
610,Charlie,You blew them away!,joy
610,Ross,"Oh, I can't tell you how great it was to look at the crowd and see your face!",joy
610,Ross,"I mean... uh, did you know you were  mouthing the words along with me?",neutral
610,Charlie,I was,surprise
610,Ross,"No, it's ok! Made me feel like a rock star!",joy
610,Charlie,Oh my God!  I'm your,surprise
610,Ross,I'd better not found you naked in my hotel room!,joy
610,Ross,"Look, I took it too far!",joy
611,Ross,"Okay, Monica: Right foot red.",neutral
611,Monica,Could've played,neutral
611,Chandler,Thanks.,neutral
611,Ross,"Okay, Pheebs: Right hand blue. Good.",neutral
611,Chandler,"Hello? Oh, uh, Rachel, it's the",neutral
611,Rachel,"Oh, okay. Will you take my place?",neutral
611,Chandler,"Alright.  Yes, this is Rachel.",neutral
611,Rachel,Nooo!,surprise
611,Rachel,Hello?,neutral
611,Rachel,"Oh, yeah, no, I know, I-I haven't been using it much.",neutral
611,Rachel,"Oh, well, thanks, but, I'm okay, really.",joy
611,Ross,Green. To the green.,neutral
611,Rachel,I've got magic beans.  Never-never mind.,neutral
611,Chandler,"To the left, to the left- aww!",neutral
611,Rachel,Ohhh... I'm fine.,neutral
612,Joey,Hey!,joy
612,Chandler,Please tell me you got the message!,fear
612,Joey,What message?,neutral
612,Chandler,"The actor playing Mac couldn’t do it, they needed to see you at 2 o’clock.",neutral
612,Joey,What?! It’s 6 o’clock!,surprise
612,Chandler,"Du-du-I wrote it, I wrote it on the board!",fear
612,Chandler,"I wrote it on the board, then I went all over New York City looking for ya!",anger
612,Chandler,I went to Ross’s!,neutral
612,Chandler,I went to the coffeehouse!,neutral
612,Chandler,I went to any place that they made sandwiches!,neutral
613,Ross,"That’s the day you’re gonna die? See—darnit, I’ve got shuffleboard that day.",neutral
613,Phoebe,That’s what you think.,neutral
613,Monica,"Well, I mean what about friends of your grandmother’s? Wouldn’t they have the recipe?",neutral
613,Phoebe,"Well, y’know I may have relatives in France who would know. My grandmother said she got the recipe from her grandmother, Nesele Tolouse.",neutral
613,Monica,What was her name?,neutral
613,Phoebe,Nestley Toulouse.,neutral
613,Monica,Nestlé Toll House?,neutral
613,Phoebe,"Oh, you Americans always butcher the French language.",neutral
613,Phoebe,Yes!!  Oh.,surprise
613,Monica,I cannot believe that I just spent the last two days trying to figure out the recipe and it was in my cupboard the whole time!,anger
613,Phoebe,I know! You see it is stuff like this which is why  you’re burning in hell!!,anger
614,Kim,"So, we're decided, no on plaid, yes on pink?",neutral
614,Nancy,Absolutely!,joy
614,Rachel,I am so on board!,joy
614,Kim,Rachel didn't you just light that?,neutral
614,Rachel,"Yeah, I did, but y'know what? I am really, really trying to cut back, y'know?  Good luck, Rach.",neutral
614,Nancy,I've actually been thinking about quitting lately.,neutral
614,Kim,"Oh sure, every Sunday night I'm telling myself I'm quitting but every Monday morning it's like",disgust
614,Nancy,Tell me about it!,neutral
614,Rachel,Well then let's just quit! We'll just quit! Let's all quit!,joy
614,Kim,It does sound appealing.,neutral
614,Nancy,"Oh, I never could do it.",joy
614,Rachel,Oh but you could.,neutral
614,Rachel,You can.,neutral
614,Rachel,Absolutely!,joy
614,Rachel,We can help each other out!,joy
614,Rachel,We can get--what are those--those patches!,neutral
614,Rachel,We could be like the Patch Sisters!,joy
614,Kim,"Oh y'know, we really should quit. Okay, let's quit!",joy
614,Rachel,Yes! Great! Give me those cigs! Give it! Give it!,joy
614,Kim,My late husband gave me that lighter.  I'm not kidding.,sadness
614,Rachel,Okay then!,joy
615,Chandler,"Well, maybe it's a contest, y'know? Like, collect all five?",neutral
615,Phoebe,"Does, um, anyone wanna see?",neutral
615,All,Nooo..,disgust
615,All,"Oh, hey, don't do that! Cut it out!",anger
615,Rachel,It's worse than the thumb!,disgust
615,Chandler,"Hey, this is so unfair!",anger
615,Monica,"Oh, why is it unfair?",surprise
615,Chandler,So I have a flaw!,anger
615,Chandler,Big deal!,anger
615,Chandler,Like Joey's constant knuckle-cracking isn't annoying?,anger
615,Chandler,"And Ross, with his over-pronouncing every single word?",anger
615,Chandler,"And Monica, with that snort when she laughs?",anger
615,Chandler,"I mean, what the hell is that thing?",disgust
615,Chandler,"...I accept all those flaws, why can't you accept me for this?",anger
615,Joey,...Does the knuckle-cracking bother everybody?,anger
615,Rachel,"Well, I-I could live without it.",neutral
615,Joey,"Well, is it, like, a little annoying, or is it like when Phoebe chews her hair?",neutral
615,Ross,"Oh, now, don't listen to him, Pheebs, I think it's endearing.",neutral
615,Joey,"Oh,  ""you do, do you""?",anger
615,Ross,"You know, there's nothing wrong with speaking correctly.",neutral
615,Rachel,"""Indeed there isn't""... I should really get back to work.",joy
615,Phoebe,"Yeah, 'cause otherwise someone might get what they actually ordered.",neutral
615,Rachel,"Ohh-ho-hooohhh. The hair comes out, and the gloves come on.",anger
616,Joey,Awww! Mel Torme died.,sadness
616,Monica,"Joey, that paper’s like a year old!",neutral
616,Joey,Aw! Does that mean the,sadness
616,Ross,Hey.,neutral
616,Joey,Hey.,neutral
617,Phoebe,You're sure? You're absolutely sure?,neutral
617,Monica,"Well, no. But, um, I bet she probably does.",neutral
617,Phoebe,Probably?,neutral
617,Phoebe,"Yeah, I don't like that word.",disgust
617,Phoebe,Kind of what ‘probably’ really means.,neutral
617,Phoebe,"Yeah, uh-huh.",neutral
617,Phoebe,"Yeah, oh, ""Your mom probably won't kill herself,"" y’know?",anger
617,Phoebe,"I'm sorry, but I'm not hanging all my hopes of Rachel and I living together on-on ""Probably!""",anger
617,Phoebe,You gotta take care of yourselves!,neutral
617,Phoebe,In,neutral
617,Chandler,"Bing doesn't seem so weird now, does it?",neutral
618,Janice,Yoo-hoo! Aaron Litman-Neurolic would like to say hello to his future bride.,joy
618,Rachel,Ohhh!  Wow! He kinda takes your breath away doesn’t he?,joy
619,Janice,He’s a keeper. How are you feeling?,neutral
619,Rachel,"Oh, I’m fine.",neutral
619,Janice,"Can I just say, I really admire what you’re doing. Just raising her all alone.",neutral
619,Rachel,"Oh, I’m not doing it alone. I have Ross.",neutral
619,Janice,"Oh, sure. Now. But what happens when he meets somebody else and gets married?",neutral
619,Rachel,"Well then he gets a divorce, it’s Ross!",neutral
619,Janice,"I’m telling you Rachel, listen to Janice. They all say they’re gonna be there until they start their real family.",neutral
619,Rachel,Well I—That’s never gonna happen with Ross.,sadness
619,Janice,"Oh well that’s what I thought about my first husband, now I’m lucky if my kid gets to spend the weekend with her father and the twins and little Ms. New Boobs.",disgust
620,Phoebe,"And Tim I just wanna say, good luck here.",neutral
621,Ross,Hey. Who’s that?,neutral
621,Rachel,New people.,neutral
621,Ross,What happened to the Disgustingtons?,neutral
621,Rachel,They’re having their baby!,anger
621,Rachel,It’s not fair Ross we got here first!,anger
621,Rachel,Right after you left they wheeled her off into delivery.,neutral
621,Rachel,Oh but not before she gave me a juicy shot of little Jamie just crowning away.,neutral
621,Ross,"Wow! Sorry. So uh, how are the new people?",surprise
622,Rachel,Phoebe?,neutral
622,Phoebe,Yeah?,neutral
622,Rachel,"Look at that guy by the window, wow!",surprise
622,Phoebe,"He’s awfully short and I think he’s talking to himself. And to be completely honest, he’s not that good in bed.",neutral
622,Rachel,"Oh, what is wrong with me lately?",sadness
622,Rachel,I mean it’s like every guy I see—I mean look here.,neutral
622,Rachel,"Look at that guy for example, I mean normally that’s not someone I would-would be attracted to, but right now, with the way I’m feeling, all I want to do is rip off his sweatpants and fanny pack.",neutral
622,Phoebe,"Wait a second! This is about the fourth month of your pregnancy, right?",neutral
622,Rachel,Yeah.,neutral
622,Phoebe,"This is completely normal, around the fourth month your hormones start going crazy.",neutral
622,Rachel,Really?! So this has happened to you?,surprise
622,Phoebe,Oh absolutely yeah!,neutral
622,Phoebe,"Oh and keep in mind, now, I was carrying triplets so in, y’know, medical terms I was-I was thrice as randy.",neutral
622,Rachel,"Wow! This explains so much! Last weekend, I went from store to store sitting on Santa’s lap.",joy
622,Phoebe,"Yeah. Yeah, I remember trying to steal a cardboard cutout of Evander Holyfield from a",neutral
623,Joey,Ugh!,disgust
623,Joey,I don’t know what I’m going to do!,fear
623,Joey,I called the company that sent and th-they don’t care!,anger
623,Joey,"Then I called 9-1-1 and they laughed at me, if this isn’t an emergency, then what is?",anger
623,Ross,Hey guys!,joy
623,Chandler,Hey!,joy
623,Joey,Hey,neutral
623,Ross,"I just wanted to thank you again for last night, what a great party!",joy
623,Ross,And the guys from work had a blast.,joy
623,Ross,"Y’know, one of them had never been to a bachelor party before.",joy
623,Ross,Yeah!,joy
623,Ross,"And-and another one had never been to a party before, so",surprise
623,Joey,"So uh, hey, that uh, that wedding ring, huh? Man, that’s nice!",joy
623,Ross,"Yeah, right!",joy
623,Joey,"I was uh, I was thinking I might want to pick one of those babies up for myself, I might want to get one of those",neutral
623,Ross,"That ring? When my grandmother first came to this country, that ring and the clothes on her back were all she had with her.",surprise
623,Chandler,"So you might say, the ring is irreplaceable?",surprise
623,Ross,"Oh absolutely! It has been in my family for generations, and every bride who has worn it has had a long and happy life.",joy
623,Chandler,"So you might say, it’s a magic ring.",joy
624,Ross,OH MY GOD!! I didn’t really believe it until you just said it!!,surprise
625,Ross,Well obviously only one of us can keep dating her.,neutral
625,Joey,"Obviously! So, how do we decide?",neutral
625,Ross,"Well now let’s-let’s look at this objectively, I think I should date her",neutral
625,Joey,Uh-huh. Uh-huh.,neutral
625,Ross,"That’s interesting, but check this out. I date her",joy
625,Joey,Yeah-yeah I like that but just to go in another direction,neutral
625,Ross,"Okay, okay. This can go on for a while.",neutral
625,Joey,Yeah well we should order some food then.,neutral
625,Ross,"No Joey! Look why don’t, why don’t we just let her decide? Okay? Hey-hey, we’ll",neutral
625,Joey,That sounds fair.,neutral
625,Ross,Maybe I’ll take her to that new French restaurant down the street,neutral
625,Joey,Ah yeah—wait a second now!,anger
625,Joey,Look we’re gonna have to set a spending limit on the date.,neutral
625,Joey,I don’t have the money to take her to a fancy place like that.,anger
625,Ross,"Well sorry, that’s what I do on dates.",neutral
625,Joey,"All right, well I guess I’ll just have to do what I do on dates.",neutral
625,Ross,So let’s decide on the spending limit,neutral
625,Joey,"Yeah. Uh, …a slice……six dollars?",neutral
625,Ross,I was thinking more like a hundred.,neutral
625,Joey,Okay. Can I borrow 94 dollars?,neutral
626,Monica,"Hi, again.",neutral
626,Joey,Hey!,neutral
626,Chandler,Hey!,neutral
626,Monica,"Thank you soo, much.",joy
626,Chandler,"Oh, don’t thank me, thank the jerk that never showed up. Okay, I gotta get to get to work.",anger
626,Monica,You want some help with that?,neutral
626,Joey,"Oh, no thanks, I got it.  No I don’t!",neutral
626,Monica,Whoa! Are you okay?,surprise
626,Joey,"Whew! Stood up to fast, got a little head rush.",surprise
626,Monica,It’s the heat.  And-and the humidity.,neutral
626,Joey,"That’s a uh, that’s a tough combination.",neutral
626,Monica,Do you wanna come in for some lemonade?,neutral
626,Joey,Like you wouldn’t believe.  Wow! This is a great place.,surprise
626,Monica,What do you mean?,neutral
627,Phoebe,Remember how you said you were really dense about poetry? Oh.,neutral
628,Joey,Oh!,surprise
628,Joey,"Hey, somebody left their keys.",neutral
628,Joey,"Ooohh, to a Porsche!",surprise
628,Joey,"Hey Gunther, these yours?",neutral
628,Gunther,"Yeah, that’s what I drive. I make four bucks an hour, I saved up for 350 years!",disgust
628,Joey,Na-uh!  Hey did anybody lose their keys?,neutral
628,Monica,"Joey, why don’t you put them in the lost and found?",neutral
628,Joey,There’s a lost and found?  My shoe!,surprise
628,Chandler,You left a shoe here?!,surprise
628,Joey,"Well, I didn’t realize until I got home.",neutral
628,Joey,I wasn’t gonna walk all the way back down here with one shoe!,neutral
628,Joey,I’m gonna go find that guy’s car and leave a note on the windshield.,neutral
628,Chandler,"Oh good, when he comes back for his keys, I’ll be sure to give him your shoe.",neutral
628,Joey,Great! Thanks.,joy
629,Carol,"Ok, and this is Funny Clown. Funny Clown is only for after his naps, not before his naps or he won't sleep.",neutral
629,Ross,"Carol, we've been through this before, ok?",joy
629,Ross,We have a good time.,joy
629,Ross,"We laugh, we play.",joy
629,Ross,It's like we're father and son.,joy
629,Susan,"Honey, relax. Ross is great with him.  Don't look so surprised. I'm a lovely person.",joy
629,Rachel,"Oh, this is so cute.",joy
629,Susan,"Oh, I got that for him.",neutral
629,Ross,My mommies love me. That's clever.,joy
629,Monica,Hello?,neutral
629,Monica,"Oh, Hi, Ju——Hi, Jew!",neutral
629,Monica,Uh huh?,neutral
629,Monica,Uh huh?,neutral
629,Monica,"Ok.  Um, sure, that'd be great.",neutral
629,Monica,See ya then.,neutral
629,Monica,Bye.,neutral
629,Rachel,"Did you just say Hi, Jew?",surprise
629,Monica,"Yes. Uh, yes, I did. That was my friend, Eddie Moskowitz. Yeah, he likes it. Reaffirms his faith.",neutral
630,Monica,Now there you go! I wouldn’t want my best guest to strain her eyes!,joy
630,Phoebe,Thanks Monica!,joy
630,Monica,Does that smell bother you?,disgust
630,Phoebe,"What the smell from Joey’s? No, I can hardly smell it over here.",surprise
630,Monica,"Well you let me know if you can, because y’know I can bake a pie to cover it.",neutral
630,Phoebe,"I can smell it a little, bake the pie.",joy
630,Monica,Okay!,joy
630,Phoebe,Okay.,neutral
630,Monica,"Hello?  Oh yes, one minute please.  It’s for you. It’s the fire inspector.",neutral
630,Phoebe,Oh!  Hello?  Yeah this is Phoebe.  Really?!,surprise
630,Joey,"Yeah, so it turns out that it wasn’t the hair straightener that started the fire.",neutral
630,Joey,"No-no, it was the candles.",neutral
630,Joey,It’s very not good leaving candles unattended.,neutral
630,Joey,"In fact, one of the first things they teach you in fire school is…  Uhh… Uhh… Okay.",neutral
630,Joey,"Well, I have to go now.",neutral
631,Rachel,Joey proposed to me.,surprise
632,Monica,Is he crazy?! You just had Ross’s baby!,surprise
632,Rachel,"Well, I-I said yes.",fear
632,Monica,What?!,surprise
632,Monica,Are you crazy?,anger
632,Monica,You just had Ross’s baby!,anger
632,Monica,It’s-it’s so  inappropriate.,anger
632,Monica,"No, it’s worse than that.",disgust
632,Monica,It’s wrong.,disgust
632,Monica,It’s… It is bigger than  mine!,surprise
632,Rachel,I know.,neutral
632,Monica,You can’t marry him!,sadness
632,Rachel,Why not? I don’t want to do this alone! And he’s such a sweet  guy and he loves me so much.,sadness
632,Monica,Well do you love him?,neutral
632,Rachel,Sure.,neutral
632,Monica,Sure?,neutral
632,Rachel,"Yeah, I mean whatever.",neutral
632,Monica,"Honey, the question is…do you really want to marry Joey?",sadness
632,Rachel,"No. No, I don’t. Could you be a dear and go tell him?",sadness
633,Phoebe,So-so you two were married huh? What happened? You just drift apart?,neutral
633,Mrs. Geller,Here comes the bride.,joy
633,Phoebe,Oh my God Monica!,surprise
633,Monica,I wanna wear this everyday.,joy
633,Rachel,You look so beautiful.,joy
633,Monica,I’m so happy for me.,joy
633,Rachel,Hello?,neutral
633,Joey,Hey! Did Chandler show up yet?,fear
633,Rachel,"Yeah, we got him back. Everything’s fine.",neutral
633,Joey,Damnit!,anger
634,Ross,"I will be! Listen, I don’t want you teaching my son that stuff anymore. Okay?",anger
634,Rachel,Fine.,neutral
634,Rachel,"Fine, but I’ll have you know that once I taught him that stuff he called me Fun Aunt Rachel.",anger
634,Rachel,And I loved being Fun Aunt Rachel but I’ll go back to being Boring and Uncomfortable Aunt Rachel if that’s what you want!,anger
634,Ross,"No that’s not what I want. Uh, I’m glad you guys were bonding but I",neutral
634,Rachel,"Look he doesn’t have any brothers or sisters, somebody’s gonna have to teach him this stuff!",sadness
634,Rachel,And I haven’t taught him anything that a normal 6-year-old doesn’t know anyway!,neutral
634,Ben,Crap!!,anger
634,Rachel,I gotta go!,neutral
635,Monica,Look at that! Look at that! They’re going into the first class lounge! Do you know what they have in there?,surprise
635,Chandler,No.,neutral
635,Monica,Me neither! We have to get in!,surprise
635,Chandler,Just act like you belong.,neutral
635,Monica,Oh my God! Oranges!,surprise
635,Chandler,Shh!  Nice to see you again.,neutral
635,Airline Employee,"Uh sir, may I see your tickets please?",neutral
635,Chandler,"Yes, of course.",neutral
635,Airline Employee,"I’m sorry, would you move your thumb? I can’t see the seat number.",neutral
635,Chandler,"Oh that’s all right, I have it memorized. It’s 1A.",neutral
636,Rachel,Okay!,joy
636,Rachel,Y’know what?,neutral
636,Rachel,I realized it was stupid to get upset about not having a husband and kids.,joy
636,Rachel,All I really needed was a plan.,neutral
636,Rachel,See I wanna have three kids,neutral
636,Phoebe,"Oh let me guess, and you wanna have them all at the same time and you wanna have them for your brother.",joy
636,Rachel,As I was saying… I should probably have the first of the three kids by the time I’m 35 which gives me five years.,neutral
637,Joey,You spent a hundred dollars. That’s the limit. You’re screwed!,joy
637,Ross,"Uh actually, I sent the flowers before the actual date. So technically,",anger
637,Joey,Oh-oh! So that’s the way it’s gonna be huh? Yeah I can break the rules too y’know!,anger
637,Ross,Oh yeah? What are you gonna do?,anger
637,Joey,I don’t know.,neutral
637,Ross,Why am I not surprised?,disgust
637,Joey,Y’know what Ross? I’m not gonna let you get away with this!,anger
637,Ross,I don’t think you have much choice.,neutral
637,Joey,Well we’ll see!,anger
637,Ross,Bye-bye!,neutral
637,Joey,Yeah bye-bye!  Hey! So just a light layer?,neutral
637,Ross,Yes. Yes. Just here  and there .,neutral
638,Ross,Dad?,neutral
638,Mr. Geller,I’m here!,neutral
638,Ross,Hey!,surprise
638,Mr. Geller,"Hi. God, it seems like just yesterday you guys used to come out to watch me work.",joy
638,Ross,"Dad, we-we can’t believe you’re selling the house.",sadness
638,Mr. Geller,"Well, it’s time for a new family to start their memories here and hopefully their check will clear before they find the crack in the foundation and the asbestos in the ceiling.",neutral
638,Ross,Let’s grab our stuff and get the hell out of here.,neutral
638,Mr. Geller,I’m sorry we can’t store your childhood things anymore.,sadness
638,Monica,"Oh, that’s okay, I can’t wait to see everything again! All of the memories",joy
638,Mr. Geller,"Well, I don’t know what’s in the boxes down here, but I do know there are six or seven",neutral
638,Monica,I used to,neutral
638,Ross,"Yeah, not as much as you used to love to play uncooked batter eater.",neutral
638,Monica,"Hey, it is unreasonable to expect a child to wait for a",neutral
639,Ross,"Ok, got the vent open.",neutral
639,Phoebe,"Hi, I'm Ben. I'm hospital worker Ben. It's Ben... to the rescue!",joy
639,Ross,"Ben, you ready?",neutral
639,Ross,"All right, gimme your foot.",neutral
639,Ross,"Ok, on three, Ben.",neutral
639,Ross,"One, two, three.",neutral
639,Ross,"Ok, That's it, Ben.",neutral
639,Susan,What do you see?,neutral
639,Phoebe,"Well, Susan, I see what appears to be a dark vent. Wait. Yes, it is in fact a dark vent.",neutral
639,Ross,"Phoebs, It's open! It's open!",surprise
639,Janitor,Wait! You forgot your legs!,surprise
640,Mr. Posner,"You have a very impressive resume, Ms. Green. I especially like what I see here about implementing a new filing system.",joy
640,Rachel,Thank you.,joy
640,Joanna,Filing system?,neutral
640,Joanna,Oh-oh!,surprise
640,Joanna,You mean those-those little colored labels you put on all the folders?,neutral
640,Joanna,It certainly did brighten up the inside of the filing cabinets.,joy
640,Rachel,"Well, they uh, they-they do more than that.",neutral
640,Mrs. Lynch,I notice that you’ve been trusted with a lot of rather important responsibilities.,neutral
640,Rachel,"Yes, Joanna really has been an incredible mentor to me.",joy
640,Joanna,Oh. And Rachel has been really incredible in getting my morning bagel for me. It’s amazing how she gets it right almost,joy
640,Rachel,"I-I-I of course, I have more responsibilities than that.",neutral
640,Joanna,"Oh yes, well there’s the coffee too.  Rachel can carry two things at once!",joy
640,Mr. Posner,"Yes, that’s very good. Now a uh, big part of this job is cultivating personal relationships, especially with designers.",neutral
640,Rachel,"Yes, I realize that",neutral
640,Joanna,"And Rachel shouldn’t have any problem with that. The only problem might be getting a little too friendly, if you know what I mean.",neutral
640,Rachel,I love working with designers!,joy
640,Joanna,"With them, under them, what’s the difference? Eh, Rach?",neutral
641,Rachel,"Chandler, you have an assistant right?",neutral
641,Chandler,Did she call? You-you told her I was sick right? Always tell her I am sick!,fear
642,Monica,"Chandler, listen to me sweetie, I know you can do this. Okay? You have a beautiful smile.",neutral
642,Chandler,I do?,surprise
642,Monica,"Yeah!  All right, maybe you don’t have to smile. Let’s try something else. Let’s try umm, try looking sexy.",neutral
642,Chandler,Okay.,neutral
642,Monica,Or not.,neutral
643,Phoebe,Where's Chandler?,neutral
643,Chandler,Here I am.,neutral
643,Phoebe,Wash your hands!!!,disgust
643,Chandler,How did you…know?,surprise
643,Ross,Hey! What's she doing back here?,surprise
643,Monica,"Relax, Ross. She's not made of ice cream!",neutral
643,Ross,"Hey look, Phoebe. I, uh, I laid out the states geographically...",neutral
644,Monica,What happened in Atlantic City?!,surprise
644,Ross,"Well, Chandler and I are in a bar",neutral
644,Chandler,"Did you not hear me say, ""Du-ude?!""",anger
644,Ross,"And this girl is making eyes at Chandler, okay?",neutral
644,Ross,"So after awhile he-he goes over to her and uh, after a minute or two, I see them kissing.",neutral
644,Ross,"Now, I know what you’re thinking, Chandler’s not the type of guy who just goes to bars and makes out with girls, and you’re right, Chandler’s not the type of guy who just goes to bars and makes out with…girls.",joy
644,Monica,You kissed a guy?!! Oh my God.,surprise
644,Chandler,"In my defense, it was dark and he was a very pretty guy.",anger
644,Ross,"Oh Mon, I laughed so hard",joy
644,Chandler,"Ho-ho, so hard we had to throw out your underwear again?",anger
644,Ross,"Whatever dude, you kissed a guy.",neutral
645,Rachel,"So umm, you’re gonna stay with me as long as I need you?",neutral
645,Mrs. Green,Of course I am!,joy
645,Rachel,"Oh mom, I swear I’m not an idiot.",neutral
645,Rachel,"I’ve read all kinds of books on pregnancy and giving birth, but I-I just didn’t think to read the part about what to do when the baby comes.",neutral
645,Rachel,And-and then guess what?,neutral
645,Rachel,The baby’s coming and I don’t know what to do.,sadness
645,Rachel,"Oh, can I throw up in my diaper genie?",sadness
645,Mrs. Green,"No. Sweetie, you’re gonna be fine.",neutral
645,Rachel,Wait-wait where are you going? Where are you going?,fear
645,Mrs. Green,I’m going to the bathroom.,neutral
645,Rachel,Okay.,neutral
645,Mrs. Green,Now don’t worry! Everything’s gonna be okay.,neutral
645,Monica,It,neutral
645,Ross,Hey!,joy
645,Phoebe,Hey! Why are you all red and sweaty?,surprise
645,Ross,I just Bamboozled Chandler!  Which is not uh sexual thing. That was a quick shower.,neutral
645,Phoebe,Not if you were here.,neutral
646,Monica,"Okay, the reason why I asked you guys out to brunch today is because I have been doing some thinking about who should be my maid of honor.",neutral
646,Rachel,Oh my God! This is it!   I really hope it’s you!,joy
646,Phoebe,I hope it’s you.,neutral
646,Rachel,Me too!,joy
646,Monica,"First of all um, I love you both so much and you’re both so important to me",joy
646,Rachel,"Okay, bla-bla-bla-bla!! Who is it?!",joy
646,Monica,"Well umm, I was thinking that maybe we could come up with a system where we trade off being maid of honor for each other.",neutral
646,Monica,"Like hypothetically, if Phoebe were mine",neutral
646,Phoebe,Yes!!! Oh!!,joy
646,Rachel,Hypothetically!,anger
646,Phoebe,Still.,neutral
646,Monica,If Phoebe were my maid of honor,neutral
646,Monica,"Rachel would be Phoebe’s, I would be Rachel’s, that way we all get to do it once and no one would get upset.",neutral
646,Rachel,Yeah that’s actually a pretty good idea.,neutral
646,Phoebe,"Yeah, I’ll do that. So who gets to be yours?",neutral
646,Monica,"Well that’s the best part. Umm,",neutral
646,Phoebe,Wh-why is that the best part?,surprise
646,Monica,Because then I don’t have to!,joy
646,Rachel,Well of,neutral
646,Monica,I’m really not deciding!,joy
646,Rachel,Fine!,anger
646,Phoebe,"Aww, and good luck to you too!  What a nice lady!",joy
647,Chandler,"If you wanna give Joey a Christmas present that disrupts the entire building, why not get him something a little bit more subtle, like a wrecking ball, or a phial of small pox to release in the hallway?",neutral
648,Monica,It's not just the drum noise.,neutral
648,Monica,"Every five minutes, Joey throws his sticks in the air, and I have to hear, ""Oh my eye!",anger
648,Monica,"Oh god, my eye!""",anger
648,Monica,"I mean, it is so annoying.",anger
648,Phoebe,"Yes, thank you. You see, this is how normal people are supposed to react to drums.",neutral
648,Monica,"Phoebe, you got Joey drums to annoy Rachel, so she wouldn't wanna live there anymore?",surprise
648,Phoebe,Maybe on some level.,neutral
649,Rachel,Joey? Could you get that?  What are you doing here? I thought you were in your room?,surprise
649,Joey,"No, I’m picking you up for our date. These are for you.",neutral
649,Rachel,"Ohh, Lilies. Joey, they’re my favorite. Thank you.",joy
649,Joey,"And, a brownie!",joy
649,Joey,"Well, half a brownie.",neutral
649,Joey,"Actually, it’s just bag.",neutral
649,Joey,It’s been a long walk from the flower shop and I was startin’ to feel faint so,neutral
649,Rachel,Oh man!,joy
649,Rachel,This is so great!,joy
649,Rachel,I actually feel like I’m going on a real date!,joy
649,Rachel,"Although, I have a hint of morning sickness, and I’m wearing underwear that goes up to about……there.",neutral
649,Joey,"Hey come on now, this is a real date.",neutral
649,Joey,"Uh, so…nice place you got here.",neutral
649,Joey,"Foosball, huh?",surprise
649,Joey,Pizza box.,neutral
649,Joey,"Oh, a subscription to",surprise
649,Rachel,"Yeah, actually that’s my roommate’s.",neutral
649,Joey,I would like to meet him. He sounds like a stand up guy.,neutral
649,Rachel,"Ah yes, but he’s very protective of me so you’d better watch yourself.",neutral
649,Joey,"Ah… Hey, so this roommate of yours…is he good looking?",joy
649,Rachel,Hm-mmm,neutral
649,Joey,"Oh yeah, it must be tough to keep your hands of him, huh?",neutral
649,Rachel,"Yeah, but I’m pretty sure he’s gay.",neutral
649,Joey,"No-no-no-no, he’s not! No! Why are you trying to ruin the game? Come on!",anger
650,Rachel,Can you believe what a jerk Ross was being?,anger
650,Monica,"Yeah, I know. He can get really competitive.",neutral
650,Phoebe,"Ha. Ha, ha.",joy
650,Monica,What?,neutral
650,Phoebe,"Oh, hello, kettle? This is Monica. You're black.",neutral
650,Monica,Please! I am not as bad as Ross.,disgust
650,Rachel,"Oh, I beg to differ. The",neutral
650,Monica,That was,neutral
650,Rachel,Oooooh.  : Oh! I got an interview! I got an interview!,joy
651,Ross,"Well, not playing raquetball!",surprise
651,Joey,He forgot to leave his grip size!,surprise
651,Ross,He didn't get the goggles!,surprise
651,Rachel,"Well,sounds like you two have issues.",neutral
651,Rachel,"Goodbye, baby.",neutral
651,Paolo,"Ciao, bela.",neutral
651,Ross,Do they wait for me to do this?,neutral
651,Joey,So are you gonna tell him?,neutral
651,Ross,Why would I tell him?,neutral
651,Joey,"How about 'cause if you don't, his mother might.",neutral
651,Monica,What are you guys doing here?,anger
651,Joey,Uhhhh.... he's not even wearing a jockstrap!,surprise
651,Monica,...What did I ask?,neutral
652,Rachel,God. I feel violated.,disgust
652,Monica,"Did anybody else feel they just wanted to peel the skin off their body, to have something else to do?",disgust
652,Chandler,"Ross, ten o'clock.",neutral
652,Ross,Is it? Feels like two.,sadness
652,Chandler,"No,",neutral
652,Chandler,"There's a beautiful woman at eight, nine, ten o'clock!",joy
652,Ross,Oh. Hel-lo!,joy
652,Chandler,"She's amazing! She makes the women that I dream about look like short, fat, bald men!",joy
652,Monica,"Well, go over to her! She's not with anyone.",joy
652,Chandler,"Oh yeah, and what would my opening line be? 'Excuse me. Blarrglarrghh.'",fear
652,Rachel,"Oh, c'mon. She's a person, you can do it!",joy
652,Chandler,"Oh please, could she",neutral
652,Ross,He could never get a woman like that in a million years.,neutral
652,Phoebe,"Oh, oh, but y'know, you always see these really beautiful women with these really nothing guys, you could be one of those guys.",neutral
652,Monica,You could do that!,joy
652,Chandler,You think?,surprise
653,Chandler,"OK, that's enough of the view. Check this out, look at this. Sit down, sit down.",neutral
653,Phoebe,OK.,neutral
653,Chandler,"This is great!  Helen, could you come in here for a moment?",joy
653,Chandler,"Thank you Helen, that'll be all.",neutral
653,Chandler,"Last time I do that, I promise.",neutral
654,Chandler,"I am so, so, so, so sorry!",sadness
654,Monica,Uh-huh.,disgust
654,Chandler,"And I will cook anything you want in here , and do anything in there!",fear
654,Monica,"Yeah you will!  And, are you kiddin’ me?!",anger
654,Chandler,"Come on Monica, it’s our Valentine’s Day. Please? Please-please, please?",sadness
654,Monica,Okay.,neutral
654,Chandler,Okay.,neutral
654,Chandler,"So, are we going in there?",neutral
654,Monica,I am!!,joy
655,Ross,Wow!,surprise
655,Ross,It actually is in the handbook.,neutral
655,Ross,I can’t date you or have a hot plate in my office.,neutral
655,Ross,I can’t believe we have to stop seeing each other.,sadness
655,Elizabeth,For what it’s worth I did appreciate you standing up for me. It felt really nice. It kinda made me like you even more.,joy
655,Ross,"I know, I know I really like you too. But we-we can’t date. It’s against the rules. It’s forbidden.",neutral
655,Elizabeth,Wow!,surprise
655,Ross,What?,surprise
655,Elizabeth,"Just hearing you describe it as forbidden, it’s really hot.",joy
655,Ross,Really?,surprise
655,Elizabeth,Yeah.,neutral
655,Ross,"Well I-I-I don’t care how hot it is it’s-it’s uh, it’s wrong.",joy
655,Elizabeth,Stop it!,joy
655,Ross,No! No! It’s wrong! It’s-it’s-it’s naughty. It’s taboo.,joy
655,Elizabeth,Shut the book!,joy
655,Ross,Let’s also get a hot plate!,joy
656,Monica,"Rach, you’re in a great place in your life. Come on, you’ve got a great job! Good friends",joy
657,Monica,Yeah! So-so when are you getting married?,joy
657,Megan,"Oh I’m not, I just like to try these on.",neutral
657,Rachel,I do the same thing.,neutral
657,Megan,I’m just kidding. I’m getting married July 25,joy
657,Rachel,I’m just kidding too.  I’m getting married in December.,joy
657,Megan,So when are you getting married?,neutral
657,Monica,Oh May 15,neutral
657,Megan,Oooh it’s getting close!,joy
657,Megan,"So uh, who’s your photographer?",neutral
657,Monica,Jeffrey,neutral
657,Megan,We met with him. Did he show you the photos of the nude wedding he did?,neutral
657,Monica,The best man? Wow!,surprise
657,Megan,"I know! I almost called off my wedding. Oh, who’s your band?!",joy
657,Monica,"Oh, my fiancee wants the Swing Kings.",neutral
657,Megan,"Oh, you’re so lucky. My fiancee wants the heavy metal band Carcass.",sadness
657,Phoebe,"Ooh, is that spelled with a ‘C’ or a ‘K’? Oh my God! It doesn’t matter; they’re both great!",joy
657,Rachel,Oh y’know what?,neutral
657,Rachel,Now that you know what you want you should go to Kleinman’s and get it half off.,neutral
657,Rachel,This place is so overpriced.,disgust
657,Rachel,"So, does this  come in another color or",neutral
658,Chandler,"I am telling you, years from now, schoolchildren will study it as one of the greatest first dates of all time.",neutral
658,Chandler,It was unbelievable!,surprise
658,Chandler,"We could totally be ourselves, we didn't have to play any games...",joy
658,Monica,So have you called her yet?,neutral
658,Chandler,Let her know I like her?,fear
658,Chandler,"What are you, insane?",anger
658,Chandler,It's the next day!,joy
658,Chandler,How needy do I want to seem?,neutral
658,Chandler,"I'm right, right?",neutral
658,Joey and Ross,"Oh, yeah. Yeah. Let her dangle.",neutral
658,Monica,I can't believe my parents are actually pressuring me to find one of you people.,surprise
658,Phoebe,"Oh, God, just do it!  Call her! Stop being so testosteroney!",anger
658,Chandler,"Which, by the way, is the real San Francisco treat.  I got her machine.",neutral
658,Joey,Her answer machine?,neutral
658,Chandler,"No, interestingly enough her leaf blower picked up.",neutral
658,Phoebe,"So, uh, why didn't you say anything?",neutral
658,Chandler,"Oh, no-no-no-no. Last time I left a spontaneous message I ended up using the phrase ""Yes indeedy-o.""",disgust
658,Monica,"Look look! It's Rachel and Barry. No, don't everybody look at once!",surprise
658,Ross,"Okay, okay, what's going on?",neutral
658,Phoebe,"Okay, they're just talking...",neutral
658,Ross,"Yeah, well, does he look upset? Does he look like he was just told to shove anything?",neutral
659,Ross,"So, um, what do you do for a living?",neutral
659,Kristin,"Well, um, for the past few years I've been working.....which is funny because, that wasn't even my major.",neutral
659,Carol,Oh no. I thought you said they could shoot the spot without you.,neutral
659,Susan,I thought they could...I'll try to get back as soon as I can. I'm sorry.,sadness
659,Ross,Now that is funny.,neutral
659,Ross,"Hey, do you think...would it be too weird if I invited Carol over to join us?",neutral
659,Ross,"Cause she's, she's alone now, and pregnant, and, and sad.",sadness
659,Kristin,I guess.,neutral
659,Ross,Are you sure? Great. Carol? Wanna come over and join us?,neutral
659,Carol,"Oh, no no no. I'm fine. I'm fine.",neutral
659,Ross,Come on.,neutral
659,Ross,These people'll scooch down.,neutral
659,Ross,"You guys'll scooch, won't you?",neutral
659,Ross,Let's try scooching!,joy
659,Ross,Come on.,neutral
659,Ross,Come on.,neutral
659,Ross,"Uh, Kristen Riggs, this is Carol Willick.",neutral
659,Ross,"Carol, Kristin.",neutral
659,Ross,"Uh, Carol teaches sixth grade.",neutral
659,Ross,"And, Kristin, Kristin......does something that, funnily enough, wasn't even her major!",joy
660,Paul,Okay.,neutral
660,Paul,When I was six years old.,neutral
660,Rachel,Hm-mm,neutral
660,Paul,I wanted a big wheel.,neutral
660,Paul,And instead my parents got me this little plastic chicken that you hop around on.,anger
660,Paul,"It was embarrassing, kids made fun of me.",sadness
660,Paul,That was a pretty tough year.,sadness
660,Rachel,That’s-that’s great!,joy
660,Rachel,See?,neutral
660,Rachel,I already feel like I know you a little better!,joy
660,Rachel,Thank you.,joy
660,Rachel,"Okay, come on.",neutral
660,Rachel,Now we can go eat.,neutral
660,Rachel,Let’s go.,neutral
660,Paul,It was horrible. They called me chicken boy.,sadness
660,Rachel,Oh!,surprise
661,Joey,"Will you pick one, just pick one! Here, how about that one?",anger
661,Chandler,That's patio furniture!,surprise
661,Joey,"So what, like people are gonna come in and think, ""Uh-oh, I'm outside again?"" Of course!",neutral
661,Chandler,What about the birds?,neutral
661,Joey,"I don't know, birds just don't say, ""Hello, sit here, eat something.""",neutral
661,Chandler,You pick one.,neutral
661,Joey,"All right, how about the ladybugs?",neutral
661,Chandler,"Oh, so, forget about the birds, but big red insects suggest fine dining!",anger
661,Joey,"Fine, you want to get the birds, get the birds!",anger
661,Chandler,"Not like that, I won't!  Kip would have liked the birds!",sadness
662,Joey,Bijan for men?,neutral
662,Joey,Bijan for men?,neutral
662,Joey,"Bijan for...   Hey, Annabelle, Uh, listen, I was wondering if maybe after work you and I could go maybe grab a cup of coffee.",neutral
662,Annabelle,"Oh, actually I sorta have plans.",neutral
662,Hombre Man,"Ready, Annabelle?",neutral
662,Annabelle,You bet.  Maybe some other time?,neutral
662,Joey,"Hey, it's not the first time I lost a girl to a cowboy spraying cologne.  Bijan for men?  Bijan for men?!",sadness
663,Chandler,That was amazing!,joy
663,Monica,Phoebe and Gary are,neutral
663,Chandler,That was amazing.,joy
663,Monica,We are the hottest! Huh?,joy
663,Chandler,"No, you're the best.",neutral
663,Monica,"No, you're the best.",neutral
663,Chandler,"No, you're the best.",neutral
663,Monica,I,neutral
663,Joey,Hey guys!  What 'cha been doin'?,neutral
663,Monica,Hey Joey! Isn't that the girl that waved at you the other day?,neutral
664,Joey,So what are you gonna do?,neutral
664,Ross,"What can I do? One person wants to break-up, you break-up.",sadness
664,Chandler,"Hey, no way! Come on, this is you guys, call her and work it out.",sadness
664,Ross,"Oh come on, we just had this huge fight, all right, don’t I have to wait a while?",sadness
664,Chandler,"Hey, this isn’t like swimming after you eat, pick up the phone!!",anger
664,Chandler,Y'know that whole swimming thing is a myth.,neutral
664,Joey,"Yeah, tell that to my Uncle Lenny.",neutral
664,Chandler,Why? What happened to him?,neutral
664,Joey,"Nothing, he’s just really believes in that.",neutral
665,Dr. Zane,It looks like your uterus is ready for implantation.,neutral
665,Phoebe,Oh! I knew it! I knew it! I felt really thick this morning.,joy
665,Frank,"Well, okay, so what’s now—go get, go get the eggs, put ‘em in there.",neutral
665,Dr. Zane,"Okay, it’ll take just a little while to prepare the embryos.",neutral
665,Phoebe,"Embryossss? As in, ""More than one?""",surprise
665,Dr. Zane,"Um-hmm, five actually.",neutral
665,Phoebe,"Five? Okay, where am I giving birth, a hospital or a big box under the stairs?",neutral
665,Dr. Zane,We do five because that gives you a 25% chance that at least one will attach.,neutral
665,Phoebe,That’s it! 25 percent? That means that’s it’s like 75 percent chance of no baby at all!,surprise
665,Frank,"Hey, y’know I was thinking, what are the odds like if-if, if you stuff like 200 of them in there?",neutral
665,Alice,"Sweety, now, she’s a woman, not a gumball machine.",neutral
665,Phoebe,"Okay, well y’know what, don’t worry you guys, ‘cause I’m-I’m gonna do this as many times as it takes to get it right.",neutral
665,Frank,"Well, you see, the-the thing is, we-we only got, we kinda have one shot to make it right.",neutral
665,Alice,"Umm, it costs $16,000 each time you do this.",neutral
665,Alice,"So, umm, we’re kinda using all the money we have to do it just this one time.",neutral
665,Phoebe,"Whoa!! That—okay, that’s a",disgust
665,Dr. Zane,"No, I’m sorry.",neutral
665,Phoebe,Wow! You guys really don’t know anything!,surprise
665,Frank,I know! Why don’t you get drunk! That worked for a lot of girls in my high school.,anger
666,Joey,Hey!,neutral
666,Monica,Hey!,neutral
666,Joey,You guys got anything to eat? I just went down to Johnos for some chicken and it was closed!,surprise
666,Phoebe,"Oh, I took Larry there to eat but it was all violated. So we shut it down!",disgust
666,Joey,"Pheebs, if this guy keeps closing down all of our favorite places, where are we gonna eat?!",anger
666,Monica,"I don't know, clean places?",neutral
666,Joey,"Mm, yum!",neutral
666,Monica,It's Danny.,neutral
666,Rachel,Don't let him in! I'm supposed to be at a regatta gala.,fear
666,Monica,We'll be right there!  Can't you just say it starts later?,anger
666,Rachel,What? What kind of a regatta gala starts at night?!,surprise
666,Monica,The fake kind!,anger
666,Danny,"Hey, hi, I need a ladle. You got a ladle?",neutral
666,Monica,We have a ladle.,neutral
666,Danny,"Thanks, see you at the party.",neutral
666,Monica,"Okay, great!",joy
666,Phoebe,"Hey, guys, you know what Larry would say? He would say, ""See you ladle.""",neutral
667,Monica,You're so efficient. I love you!,joy
667,Chandler,Let's go!,joy
667,Monica,No-no-no! We need something old!,sadness
667,Chandler,"Ohh, great, I have condom in my wallet I've had since I was twelve.",neutral
667,Monica,That'll work!,joy
667,Chandler,I don't think so.,neutral
667,Monica,"Okay, now we just need something borrowed!",joy
667,Chandler,Here just…take this.,neutral
667,Monica,That's stealing!,sadness
667,Chandler,"No, we'll-we'll bring it back! Just put it under your dress.",neutral
668,Monica,Ohh.,joy
668,Chandler,"Okay, one thing at a time.",neutral
669,Barry,Sorry about that. So. What have you been up to?,neutral
669,Rachel,"Oh, not much. I-I got a job.",joy
669,Barry,"Oh, that's great.",joy
669,Rachel,Why are- why are you so tanned?,surprise
669,Barry,"Oh, I, uh- I went to Aruba.",neutral
670,Monica,Noooo!  I'm lying. I am so drunk.,joy
670,Rachel,"Oh God, oh.",anger
670,Rachel,"Great, Monica, y'know what, you could've called, I have been up here, I've been worried...",sadness
670,Rachel,Monica? Monica!,anger
670,Monica,Water rules!,joy
670,Rachel,"Yes, yes, it does. Okay, look, the restaurant called, they wanna know if you're gonna be showing up for work?",neutral
670,Monica,Nope. Going to the,neutral
670,Rachel,"Okay Monica, what are you doing? You're gonna lose your job! This is not you!",anger
670,Monica,"No, it is me!",joy
670,Monica,"Y'know, I'm not just the person who needs to fluff the pillows and pay the bills as soon as they come in!",anger
670,Monica,"Y'know, when I'm with her, I am so much more than that.",joy
670,Monica,I'm- I'm Monana!,joy
670,Rachel,"Hello? Yes, she is, hold on a second, please. Monana, it's for you, the credit card people.",neutral
670,Monica,Helloooo? Yeah. Oh my God. Thanks.,joy
670,Rachel,What?,neutral
670,Monica,They've arrested Monica.,sadness
671,Joey,Note the painterly lines    and subtle impasto on this canvas. Monet painted quickly and usually outdoors    as his elusive subject was light itself.,neutral
671,Ross,"Now, do you have any idea what you just said?",neutral
671,Joey,"No, no, my mouth    says the words, my brain is thinking monster trucks!",neutral
671,Ross,"Ok now, remember, when you get to the museum, Monet is not spelt    M-O-N-A-Y.",neutral
671,Ross,I just...,neutral
671,Ross,I wrote that out phonetically for you.,neutral
671,Joey,Phonetically?,neutral
671,Ross,"Yeah, yeah that means... you know? We just... we don't have time    for this.",neutral
671,Ross,"Ok, but you know what? I gotta say, I'm really impressed that    you were able to memorize all this so quickly!",surprise
671,Joey,"Ah! I'm an actor! I can memorize anything! Last week on ""Days""    I had to say ""Frontal temporal zygomatic craniotomy"".",joy
671,Ross,Wow. What does,surprise
671,Joey,No idea!,surprise
671,Joey,"But the guy I said it to dies in the next scene so I    guess it means ""you're gonna get eaten by a bear"".",neutral
671,Ross,Ok! So let's move on to the Renaissance?,neutral
671,Joey,"Ok, Caravaggio uses chiaroscuro here to highlight the anguish    of the central figure. Touch it, it's really bumpy! .",neutral
671,Ross,"Nah ah! Nah ah!  No no no! No ad-libbing    and dude, you can't",anger
671,Joey,Come on! you...,neutral
671,Ross,No!,anger
672,Ross,Oh.  Oh-oh.,neutral
672,Rachel,Hey!  What happened to you? Why didn’t you come up?,surprise
672,Ross,Done!,joy
672,Rachel,You just finished?,surprise
672,Ross,"Well, I wanted to be thorough.",neutral
672,Ross,"I mean this-this is clearly very, very important to you, to us!",joy
672,Ross,"And so I wanted to read every word carefully, twice!",joy
672,Rachel,"So umm, does it?",neutral
672,Ross,I’m sorry.,sadness
672,Rachel,Does it?,fear
672,Ross,"Does it? Does it? Yeah, I wanted to give that whole ‘Does it?’ part just another glance.",neutral
672,Rachel,"What are you talking about, Ross, you just said that you read it twice!",anger
672,Rachel,"Look, y'know what, either it does or it doesn’t, and if you have to even",anger
672,Ross,"No, Rach, no. I don’t, I don’t, I don’t",neutral
672,Rachel,Are you sure?,joy
672,Ross,"Oh, sure! I’m sure.",joy
673,Russell,You got married again.,neutral
673,Ross,Yes.,neutral
673,Russell,So that’s your second marriage in two years.,neutral
673,Ross,"Yes, second in two years. Third overall.",neutral
673,Russell,"Ross, I have been a divorce attorney for 23 years and never had I so much business from one client.",neutral
673,Russell,Why don’t you tell me what happened.,neutral
673,Ross,"Basically, Rachel and I were in Vegas and we got drunk",neutral
673,Russell,"I’m sorry, is this the same Rachel who’s name you said at the altar in the second marriage?",surprise
673,Ross,"Yes-yes-yes! But, I-I do",neutral
673,Russell,"Oh, that’s better then.",neutral
673,Ross,This was just a drunken mistake and I need to get it annulled.,neutral
673,Russell,I see. Have you considered therapy?,neutral
673,Ross,I think just the,neutral
673,Russell,There are a couple of forms to fill out.,neutral
673,Ross,Easy.,neutral
673,Russell,"And we’ll need to have witnesses who can testify that you were not of uh, sound mind.",neutral
673,Ross,No problem.,neutral
673,Russell,And we’ll need you and Rachel to testify before a judge.,neutral
673,Ross,Ooh!,surprise
673,Ross,There’s no way to do this without her?,surprise
673,Ross,"‘Cause I kinda all ready told her uh, it was, it was already taken care of.",fear
674,Ross,"So, Phoebs owes $7.50, Monica, you owe $10, and Rachel, you owe fifteen big ones.",neutral
674,Joey,"But hey, thanks for teachin' us Cross-Eyed Mary. You guys, we gotta play that at our regular game.",neutral
674,Phoebe,"Alright, here's my $7.50.  But I think you should know that this money is cursed.",neutral
674,Joey,What?,surprise
674,Phoebe,"Oh, I cursed it. So now bad things will happen to he who spends it.",neutral
674,Chandler,"That's alright, I'll take it.",neutral
674,Chandler,Bad things happen to me anyway.,neutral
674,Chandler,This way I can break 'em up with a movie.,neutral
674,Ross,"Well, that just leaves the big Green poker machine, who owes fifteen...",neutral
675,Phoebe,You wanna do it right now?,neutral
675,Julie,Great!,joy
675,Phoebe,"Ok, I just wanna be really sure this time. Andie McDowell's the girl from",neutral
675,Rachel,No. No no no no no. That's Rodney McDowell. Andie McDowell is the guy from,neutral
675,Phoebe,"Oh, yeah. Ok, thank you.",neutral
675,Rachel,You're welcome.,neutral
676,Ross,is for me not to see you anymore.,sadness
676,Rachel,That's crazy!,surprise
676,Rachel,You can't do that!,surprise
676,Rachel,What are you going to tell her?,sadness
676,Rachel,Oh God.,fear
676,Rachel,"Ohh, you already agreed to this, haven't you?",sadness
676,Ross,"It's awful I know, I mean, I feel terrible but I have to do this if I want my marriage to work.",sadness
676,Ross,"And I do, I have to make",sadness
676,Rachel,Ohh! Lucky me! Oh my God! That,surprise
676,Ross,You have no idea what a nightmare this has been. This is so hard.,sadness
676,Rachel,"Oh yeah, really? Is it Ross? Yeah? Okay, well let me make this a just a little bit easier for you.",anger
676,Ross,What are you doing?,surprise
676,Rachel,Storming out!,anger
676,Ross,"Rachel, this is your apartment.",neutral
676,Rachel,"Yeah, well that's how mad I am!!",anger
677,Joey,These little women. Wow!,surprise
677,Chandler,"Your liking it, huh?",neutral
677,Joey,Oh yeah! Amy just burned Jo’s manuscript. I don’t see how he could ever forgive her.,joy
677,Ross,"Umm, Jo’s a girl, it’s short for Josephine.",neutral
678,Phoebe,Chandler.,neutral
678,Chandler,Hi.,neutral
678,Frank,Hi.,neutral
678,Phoebe,Joey.,neutral
678,Joey,Hey-hey!,joy
678,Frank,Hey.,neutral
678,Phoebe,This is Monica.,neutral
678,Frank,Whoa!,surprise
678,Phoebe,And this is Rachel.,neutral
678,Rachel,Hi!,joy
678,Frank,Whoa!!,surprise
678,Phoebe,I’m gonna get coffee.,neutral
678,Frank,"Hey, how do you guys get anything done?",joy
678,Chandler,"We don’t, really.",neutral
678,Rachel,"Well, so, now, do you guys have a lot of big plans?",neutral
678,Phoebe,"Oh yeah! Yeah, no, we’re gonna connect, y'know bond, and everything.",joy
678,Frank,"Yeah, I was thinking that maybe we could go down to Time Square and pick up some ninja stars.",neutral
678,Frank,"And, oh, um, my friend Larry, he wants me to take a picture of a hooker.",neutral
678,Chandler,"You know, we don’t really take advantage of living in the city.",neutral
679,Rachel,"Okay, Chandler!",neutral
679,Chandler,Okay.,neutral
679,Rachel,"And your horoscope says, ""On the fifth a special someone is going to give you a gift.""",joy
679,Chandler,"Oh, well thank you in advance.",joy
679,Rachel,"Op, but the twelfth brings a lover’s spat.",surprise
679,Rachel,"Oh, wait and on the nineteenth a secret crush announces itself.",surprise
679,Joey,Hey guys!,neutral
679,Chandler,Hey!!,joy
679,Rachel,Oh my God! It’s Joey Tribbiani of Mac and C.H.E.E.S.E.!!!!!!!,surprise
679,Chandler,Oh that’s right. It’s your first day! So are you psyched to fight fake crime with your robot sidekick?,joy
679,Joey,Am I psyched? The lead in my own TV series? I’ve dreamed about this for years! Why have I not been preparing?!,joy
679,Phoebe,"No! Joey, you’re going to be great!",neutral
679,Joey,"But I got to act with a robot Pheebs, and-and I don’t know anything about technology!",fear
679,Joey,I can’t even use Chandler’s computer except to find porn!,anger
679,Joey,And-and that’s only ‘cause it’s right there when you turn it on!,anger
679,Monica,I think our lover’s spat will start a little early this month.,anger
679,Phoebe,I’ll be waiting.,neutral
680,Monica,"Now, this is last minute so I want to apologize for the mess. Okay?",joy
680,Rachel,Oh my God! It sure didn’t look this way when I lived here.,surprise
680,Monica,I know!,surprise
680,Monica,"Now look, there’s only one problem though.",joy
680,Monica,"There’s only room for one, so I guess one of you will have to stay at Joey’s.",neutral
680,Phoebe,"Well, since the fire was kinda my fault I guess  you should get to stay here.",sadness
680,Rachel,"Hey! Hey-hey, now this was no one’s fault Pheebs. Okay? It was an accident.",neutral
680,Phoebe,"Well no, it was my fault so you should get the nice room.",neutral
680,Rachel,Okay!,joy
680,Monica,So Rach!,joy
680,Monica,You’re the first guest at Hotel Monica!,joy
680,Monica,"Umm, you’ll just have to tell me how you like your eggs in the morning.",neutral
680,Monica,"And I thought I would bring them to you, y’know, in bed.",neutral
680,Monica,"Oh, you have been through so much.",sadness
680,Rachel,I have.,sadness
681,Monica,This is just Bactine. It won't hurt.,neutral
681,Joey,"Sorry, that was wax.",neutral
681,Phoebe,"Oh, poor little Tooty is scared to death. We should find his owner.",sadness
681,Ross,Why don't we just put 'poor little Tooty' out in the hall?,disgust
681,Rachel,During a blackout? He'd get trampled!,sadness
681,Ross,Yeah?,neutral
682,Ross,"Ben, I want you to know that there may be some times when I may not be around, like this.",sadness
682,Ross,"But I'll still always come back, like this.",neutral
682,Ross,"And sometimes I may be away longer, like this.",neutral
682,Ross,"But I'll still always come back, like this.",neutral
682,Chandler,"And sometimes, I'll want you to steal third, and I'll go like this.",neutral
682,Monica,He is so amazing.,joy
682,Rachel,"Oh, I know. Look at him.",joy
682,Joey,"Ben, Ben, hey Ben. Nothing. I don't think that's his name.",neutral
682,Phoebe,"Oh, look, look, he's closing his eyes.  Look, he's opening his eyes.",joy
682,Joey,"He doesn't do much, does he?",neutral
682,Ross,"No, this is pretty much it.",neutral
682,Rachel,You guys wanna get some coffee?,neutral
682,All,Yeah.,neutral
682,Ross,"All right, I'll see you guys later.",neutral
682,Phoebe,"Oh, look, he's closing his eyes again.",neutral
683,Ross,"Come on, they're gonna love you.",joy
684,Chandler,"Well, thank you for lunch.",neutral
684,Rachel,"What? Wait a minute, I didn’t pay, I thought you paid!",neutral
684,Chandler,So apparently we just don’t pay for food anymore.  Do you see what I see?,neutral
685,Monica,How did it go?,neutral
685,Chandler,Had the money in the wrong hand.,neutral
686,Monica,"All right, I’m gonna go steam my wedding dress okay? Who wants the responsibility of making sure nothing happens to it?",neutral
686,Rachel,I’ll do it.,neutral
686,Monica,Who wants it? Anybody?,neutral
686,Rachel,I said I’ll do it!,anger
686,Monica,"Nobody wants to do it? All right, I’ll do it myself.",disgust
686,Rachel,Monica! I’m not gonna screw it up!,anger
686,Monica,"You’re right, I’m sorry.",sadness
686,Monica,Actually you were a big help tonight.,joy
686,Monica,"Yeah, and thanks for putting my grandmother in the cab and making sure she got to the hotel safely.",neutral
686,Rachel,Well of course that is what I’m here for!,joy
686,Monica,Okay. Sorry.,neutral
686,Rachel,Ugh!  What grandmother?,surprise
687,Rachel,"Hi. Tag, I have a conference call today is that correct?",neutral
687,Tag,"Yes, at 4:00.",neutral
687,Rachel,"Okay, thank you.",neutral
687,Rachel,That’ll be all.,neutral
687,Rachel,Wait!,surprise
687,Rachel,Wait!,surprise
687,Rachel,Did you see that?,surprise
687,Rachel,That mail guy had no idea there was something going on between us.,surprise
688,Joey,"You’ve seen my huge stack of porn, right?",neutral
689,Chip,"Hey Monica, it’s Chip.",neutral
689,Monica,Yes.,joy
689,Ross,Who’s Chip?,neutral
689,Monica,Shhh!,neutral
689,Chip,"Good runnin’ into you at the bank today, so ah, here’s my number, 555-9323. Give me a call. Later.",neutral
689,Monica,"Chip, is Chip Matthews.",neutral
689,Ross,The guy who took Rachel to the prom? Why is he calling you?,surprise
689,Monica,"‘Cause I ran into him at the bank, he is still soo cute.",joy
689,Ross,"Monica, you’re so lucky! He’s like the most popular guy in school!!",joy
689,Monica,"I know!!   Chip? Hi! It’s Monica.  ‘Kay.  ‘Kay.  Okay.  Okay, good-bye.  Oh my God, we just had",joy
689,Ross,I was just leaving.,neutral
689,Rachel,"Good! ‘Cause I’ve got a product report to read, it’s like eight pages, I hope I don’t fall asleep.",neutral
689,Ross,Why? Did you write it?,neutral
689,Rachel,"Wow! Look at that, Chip Matthews called. I wonder what he wants?",surprise
689,Ross,"Well ah, actually...",neutral
690,Monica,Here’s your tea Phoebe.,neutral
690,Phoebe,"It’s so good.  Oh, thanks.",joy
690,Rachel,Good.,joy
690,Monica,I’m so glad you liked it.,joy
690,Phoebe,Oh!,surprise
690,Monica,What?!,surprise
690,Rachel,What?! She made the tea!,surprise
690,Phoebe,"Oh! No, I-I think I just had a contraction.",surprise
690,Rachel,You what?,surprise
690,Monica,Oh my God!,surprise
691,Mr. Burgin,I like her. She sees smart.,joy
692,Ross,"I've no idea, could be. Listen, I'm sorry I had to work tonight.",sadness
692,Rachel,"Oh it's OK. You were worth the wait, and I don't just mean tonight.",neutral
693,Joey,I have actually,neutral
693,Mr. Treeger,": Yeah, well your friends are in violation of it.",neutral
693,Mr. Treeger,"I’ve been a nice guy up until now, but uh, I don’t need this grief.",anger
693,Mr. Treeger,I’m gonna call the landlord and tell him that Monica is illegally subletting here grandmother’s apartment.,anger
693,Mr. Treeger,Your friends are outta here pal.,anger
693,Joey,Why don’t you tell me something I don’t know!,anger
694,Chandler,All right! I found one that fits!,joy
694,Rachel,"Well y’know what they say, the 23",neutral
694,Chandler,Whose is it?,neutral
694,Rachel,Oh does it matter?! All that matters is that you look so handsome.,sadness
695,Ben,Oh damnit!,disgust
695,Rachel,No! Don’t say that! Don’t say that!,fear
695,Ben,Damn it!,joy
695,Rachel,No don’t! Go back to repeating!,fear
695,Ben,Damn it!,joy
695,Rachel,Oh crap!,anger
695,Ben,Oh crap!,joy
696,Joey,"Hey Rach! Hey, you mind if I read my comic books in here?",neutral
696,Rachel,Sure! Why?,surprise
696,Joey,"Oh well, Chandler and Monica are over there and it's kinda hard to concentrate.",neutral
696,Rachel,What?!,surprise
696,Rachel,She just called and said that she was gonna be working late!,anger
696,Rachel,She keeps lying to me!,anger
696,Rachel,That's it!,anger
696,Rachel,I'm just gonna go over there and confront them right now!,anger
697,Phoebe,"So Chandler, I-I'd love to come by tonight.",joy
697,Chandler,Really?,surprise
697,Phoebe,"Oh absolutely. Shall we say, around seven?",joy
697,Chandler,Yes.,neutral
697,Phoebe,Good. I'm really looking forward to you and me having sexual intercourse.,joy
697,Joey,"Hey-hey, check it out! Check it out! Ugly Naked Guy has a naked friend!",surprise
697,Rachel,Oh yeah!  Oh my God! That is,surprise
697,All,"Yeah, it is! Naked Ross!!",surprise
698,Ross,"Y'know, hey! You’re the one who ended it, remember?",anger
698,Rachel,"Yeah, because I was",neutral
698,Ross,You still love me?,anger
698,Rachel,Noo.,disgust
698,Ross,"What does this mean? What do you, I mean do you wanna, get back together?",neutral
698,Rachel,"Noo! Maybe! I, I don’t know.",sadness
698,Ross,What?!,surprise
698,Rachel,"I just, I feel, I-I just...",sadness
699,Phoebe,I won! I won! I finally won!,surprise
699,The Lurker,I won! That was my quarter!,anger
699,Phoebe,Fine! Here! Take a hike toots!,anger
699,The Lurker,"Excuse me, sir! This lady played my quarter, this is my money.",anger
699,The Security Guard,Is that true miss?,neutral
699,Phoebe,Sells drugs to kids.,disgust
699,The Security Guard,What?!,surprise
699,Phoebe,She sells drugs to kids.,disgust
699,The Lurker,It was my quarter!,anger
699,The Security Guard,Was it her quarter?,neutral
699,Phoebe,How about we talk about this over dinner?,neutral
699,The Security Guard,"Okay lady, you're out of here.",disgust
699,Phoebe,"No! No, you can't arrest me! No!! I won't go back! I won't go back to that hell hole!!",anger
699,The Security Guard,I'm just taking you outside!,anger
699,Phoebe,"Oh, okay.",neutral
700,Ross,Hey!,neutral
700,Rachel,Hey!,neutral
700,Ross,"Listen, I know you wanted to talk to me, but I have an idea that may make you want to stay married.  We register, and",neutral
700,Rachel,No!,anger
700,Rachel,"Ross, come on!",anger
700,Rachel,No!,anger
700,Rachel,"Listen, look I thought a lot about how to tell you this and the bottom line, Ross, is we can not stay married.",sadness
700,Ross,I don’t know if it’s true.,neutral
700,Rachel,Oh b-b-but it is!,anger
700,Ross,"Oh, okay, y’know what this is?",neutral
700,Rachel,"Oh Ross, come on! This is not, this is not a marriage!! This is the world’s worst hangover! Ross, listen, if",anger
700,Ross,"All right. All right, I’ll do it.",sadness
700,Rachel,"Thank you.  Hey-hey umm, uh, is there, is there any such thing as an annulment shower?",neutral
701,Chandler,Hey! What are you guys doing?,neutral
701,Monica,Making holiday candy for the neighbors.,neutral
702,Monica,Yes!,joy
702,Chandler,So I really never get to win anymore?,sadness
702,Monica,How much did ever really win before?,neutral
703,Monica,"He is so cute.  So, where did you guys grow up?",neutral
703,Angela,Brooklyn Heights.,neutral
703,Bob,Cleveland.,neutral
703,Monica,"How, how did that happen?",surprise
703,Joey,Oh my god.,surprise
703,Monica,What?,surprise
703,Joey,I suddenly had the feeling that I was falling. But I'm not.,neutral
704,Chandler,"Ok, I'm makin' a break for it, I'm goin' out the window.",neutral
704,Joey,"No, no, no, don't! I've been waitin' for like, forever to go out with Lorraine. Just calm down.",anger
704,Chandler,Calm down? Calm down? You set me up with the woman that I've dumped twice in the last five months!,anger
704,Joey,"Can you stop yellin'? You're makin' me nervous, and I can't go when I'm nervous.",anger
704,Chandler,"I'm sorry, I'm sorry, you're right.  Come on, do it, do it, go, come on!!!",anger
705,Phoebe,"Hey you guys, guess what?",neutral
705,Chandler,The British are coming?,neutral
705,Phoebe,"Ohh, you and your ways.  Since it’s Christmastime. I’m going to be one of those people collection donations.",joy
705,Phoebe,"Yeah, I already have my bell and later on...I get my bucket.",joy
705,Chandler,Ohh.,neutral
705,Phoebe,"Yeah, yeah, I’m going to be out there spreading joy to the people.",joy
705,Phoebe,"I mean, last year, I spread a little joy but not really enough.",joy
705,Phoebe,"So this year, I’m going to do the whole city.",joy
705,Monica,"You know, I knew a girl in high school who did that. She was",neutral
706,Monica,I can't,neutral
706,Chandler,"Oh! Look at that, time's up! My turn!",joy
706,Monica,That was a half an hour?,surprise
706,Chandler,It's your timer.,neutral
706,Monica,"Y'know, I don't like to brag about it, but I give the",neutral
706,Chandler,"All right, then massage me up right nice!",joy
706,Chandler,Ah! Ahh!! Ahh!!,joy
706,Monica,"It's so good, isn't it?",neutral
706,Chandler,It's so good I don't know what I've done to deserve it!,joy
706,Monica,Say good-bye to sore muscles!,joy
706,Chandler,Good-bye muscles!!,joy
707,Phoebe,Oh whoa-whoa-whoa!,anger
707,Phoebe,"Wait a minute, open up your hand; let me take a look.",neutral
707,Phoebe,Quarter.,neutral
707,Phoebe,Dime.,neutral
707,Phoebe,Lint?,neutral
707,Phoebe,Not interested in that.,neutral
707,Phoebe,What's this?,neutral
707,Phoebe,A Canadian coin?,neutral
707,Phoebe,Get outta here!,surprise
707,Phoebe,Whoa-whoa-whoa!,surprise
707,Phoebe,No drinks near the bucket!,anger
707,Phoebe,Set it down over there and then you can make a contribution!,anger
707,Phoebe,And you can leave the hurt bunny look over there too!,anger
707,Phoebe,Hi Bob!,joy
707,Phoebe,I thought I told you to get outta here!,anger
707,Bob,"Uh, Phoebe we've been getting complaints and uh, we're gonna move you to a less high-profile spot.",neutral
708,Phoebe,"Well, because we thought you knew!! It’s so obvious! God, that would be like telling Monica, ""Hey, you like things clean.""",neutral
709,Chandler,Hey Joe! You wanna shoot some hoops?,joy
709,Joey,"Oh no, I can’t go. I’m practicing; I got an audition to be the host of a new game show.",joy
710,Ross,Oh cool!,joy
711,Chandler,That’s great.,joy
712,Joey,"Yeah-yeah, and if I get it by day I’ll  Dr. Drake Remoray, but by night I’ll be  Joey Trrrribbiani!",joy
712,Chandler,You’ll be perfect for this! That’s already your name!,joy
712,Joey,But the audition’s in a couple hours and I don’t even understand the game.,fear
712,Ross,Well do you want some help?,neutral
712,Joey,Oh really? That’d be great! You guys can be the contestants!,surprise
712,Ross,Awesome!,joy
712,Chandler,"Okay, I guess we can lose to junior high girls some other time.",neutral
712,Joey,All right! Let’s play Bamboozled!,joy
712,Chandler,Bamboozled?,surprise
712,Joey,"Yeah, isn’t that a cool name?",joy
712,Ross,Yeah!,joy
712,Chandler,No!,disgust
713,Ross,"Oh. Okay, just breathe.",neutral
713,Julie,"Oh honey, I think I’m having one too!",surprise
713,Marc,Look at this!  There we go!,joy
714,Ross,"Excuse me. Hi, I’m a professor here. Do you know the Paleontology section, fifth floor, stack 437?",neutral
714,The Librarian,"Well, yes! Just give me five minutes, I just have to find someone to cover my shift.",joy
714,Ross,No! No!! No! Can I speak to someone in charge please?!,anger
714,The Head Librarian,How can I help you?,neutral
714,Ross,"Hi, I was wondering if it is possible to increase security in the Paleontology section?",anger
714,Ross,"See I-I wrote a book up there and instead of reading it people are-are-are well, rolling around in front of it.",anger
715,The Head Librarian,We are aware of the problem you are referring to.,neutral
716,The Head Librarian,"But as far as increasing security, I’m afraid the library is very understaffed.",neutral
716,The Head Librarian,"I, I can’t help you.",sadness
716,Ross,"Well, fine.",anger
716,Ross,Fine!,anger
716,Ross,"If-if I’m the only person with any appreciation of the sanctity of the written word, I’ll go up there and defend it myself!",anger
716,Ross,And don’t you follow me!,anger
717,Phoebe,"Okay. Would you rather live in the shirt pocket of a sweaty giant, or inside his shower drain?",neutral
717,Rachel,"Oh my God! Phoebe look, it’s Ross and that girl.",surprise
717,Phoebe,No! No! Look at that!  It’s a line of ants! They’re working as a team!,surprise
717,Phoebe,"Right, oh yeah.",neutral
717,Phoebe,"Wow, oh, it looks like Ross is breaking up with her.",surprise
717,Phoebe,"Uff, I hope he lets her down easy.",neutral
717,Rachel,"Come on Phoebe, look at that!",anger
717,Rachel,"They are not breaking up, look at them.",neutral
717,Rachel,"Okay that’s, you know what that is?",neutral
717,Rachel,"That is a, that is a second date, that’s what that is!",sadness
717,Rachel,"Look at that, she just put her hand on his thigh...",neutral
717,Phoebe,"Oh no! That really is nothing, she is",neutral
717,Rachel,"Ohh!  Phoebe, this is all your fault! Now he loves her, he’s gonna marry her, and this is all your fault.",anger
718,Chip,You know where I work!,neutral
718,Monica,I do?,neutral
718,Chip,"The movie theatre, you used to come in all the time.",neutral
718,Monica,You still work at the multiplex?,neutral
718,Chip,"Oh, like I’d give up that job! Free popcorn and candy, anytime I want. I can get you free posters for your room.",joy
718,Monica,"Thanks, I’m set. Do you still live with your parents?",neutral
718,Chip,"Oh yeah, but I can stay out as late as I want.",neutral
719,Guy #1,Nice car!,joy
719,Joey,"Yeah, it’s not mine.",neutral
719,Woman,I love your car.,joy
719,Joey,"Yeah, it’s  mine.",neutral
719,Woman,I bet it’s fast.,neutral
719,Joey,"Me too! Yeah. And comfortable. Do uh, do you like leather seats?",neutral
719,Woman,Yeah!,joy
719,Joey,It’s got ‘em!,joy
720,Ross,"Joey, please!",fear
720,Joey,Sorry.,neutral
720,Joey,Ahhh..,anger
720,Chandler,Hello children!,joy
720,Joey,Hey! Wanna play some foosball? Please?,neutral
720,Chandler,Okay.,neutral
720,Joey,"No-no, no! We have to move the table into my room, yeah! 'Cause of all the boxes. Come on!",neutral
720,Joey,"All right, I have one question.",neutral
720,Chandler,Bye-bye little puppet Joey hand?,neutral
720,Joey,"No, the quiet down thing!",anger
720,Chandler,You mean this.,neutral
720,Joey,"Um-hmm! Look, I-I-I don't know how much more of this I can take! Did you know he taped over my",anger
720,Chandler,"All right look, y'know, this maybe tough but come on, this is Ross! I survived college with him!",neutral
720,Joey,"All right, I guess I can hold out a little longer. Let's have a game.",neutral
720,Chandler,Okay.,neutral
720,Chandler,No-no-no-no!,fear
720,Joey,YES!!,joy
720,Ross,"Uh fellas,",neutral
720,Chandler,"Okay, so he's out of here.",neutral
721,Chandler,"Okay y'know what, because you said that, I'm not putting out tonight.",neutral
722,Joey,I know it doesn't make much sense,neutral
722,Chandler,Much,neutral
722,Joey,"Look Chandler, it was instinct! Okay? I just went for it!",anger
722,Chandler,"So you risked your life, for a sandwich!",joy
722,Joey,"I know it sounds crazy, but Chandler this is  the greatest sandwich in the world!",joy
722,Chandler,"So you didn't uh, choose Ross before me.",sadness
722,Joey,No! I would never do that! You-you're like my brother!,sadness
722,Chandler,Really?!,surprise
722,Joey,"Yeah! In fact, to prove how much you mean to me,  here.",neutral
722,Chandler,Thanks.,joy
722,Joey,"No, eh, oh-oi, easy, it's not a hot dog!",anger
722,Joey,How good is that?,neutral
722,Chandler,"Oh-oi-ho, yeah!",joy
722,Joey,See?,neutral
722,Joey,"Oh-whoa-hey, dude, what are you doing?!",surprise
722,Chandler,I thought you were showing me how much you mean to me.,surprise
722,Joey,Yeah. With a bite!  Gee-e-e-eez!,joy
723,Chandler,Check out the ring.,joy
723,Rachel,Nice! One and a half carat easy.,joy
723,Phoebe,Hi.,neutral
723,Ross,Hey-hey Pheebs!,joy
723,Ross,Chandler’s gonna ask Monica to marry him!,joy
723,Phoebe,"Oh I know, I helped pick out the ring.",neutral
723,Ross,You told her before you told us?,surprise
723,Chandler,"Well, she walked in when I was looking at the ring brochures. You can understand that, right?  Guys? Guys?",fear
724,Monica,Let's see.,neutral
724,Monica,"Congress is debating a new deficit reduction bill... the mayor wants to raise subway fares again... the high today was forty-five... and- oh, teams played sports.",neutral
724,Phoebe,What about Glen? He could be a Glen.,neutral
724,Monica,Nah... not-not special enough.,neutral
724,Phoebe,Ooh! How about Agamemnon?,neutral
724,Monica,Waaay too special.,neutral
725,Joey,Hey Pheebs!,joy
725,Phoebe,Hey!,joy
725,Joey,Check it out.  How much of a man am I?!,joy
725,Phoebe,Wow! Nice! Manly and also kind of a slut.,joy
725,Joey,"Y’know, I’m beginning to see what Jake was talking about.",neutral
725,Phoebe,Uh-huh.,neutral
725,Joey,The silk? Feels really good!,joy
726,Cassie,"Ah yeah, sorry about that.",sadness
726,Ross,"It’s okay. Come, come on in.",neutral
726,Cassie,"Thanks for letting me stay here! I mean Monica’s place was nice, but her fiancée sure stares a lot.",joy
726,Ross,Oh.,neutral
726,Cassie,Oh my God! You do a great Chandler!,surprise
726,Ross,"Uh-huh. Yeah, I-I have a knack for impressions.",neutral
726,Cassie,"Well, maybe after we get reacquainted uh, you can do me.",joy
726,Ross,Yeah—No!!,disgust
727,Joey,"Hey! You guys! Check it out, check it out!  Guess which job I got.",joy
727,Chandler,"I don’t know, but Donald Trump wants his blue blazer black.",neutral
727,Ross,What?,neutral
727,Chandler,Blue blazer back. He-he wants it back.,neutral
727,Rachel,But you-you said black. Why would he want his blue blazer black?,neutral
727,Chandler,"Well, you-you know what I meant.",neutral
727,Monica,"No, you messed it up. You’re stupid.",anger
727,Chandler,So what job did you get Joe?,neutral
727,Joey,"Oh, ah, tour guide at the museum. Yeah, Ross got it for me.",neutral
727,Rachel,"Well, how can you be a tour guide, don’t you have to be a dinosaur expert or something?",neutral
728,Chandler,I just walked in the bathroom and saw Kathy naked! It was like torture!,anger
728,Ross,"Y'know if we ever go to war and you’re captured, you’re in for a",neutral
728,Chandler,It just keeps getting worse and worse!,anger
728,Chandler,"I mean it’s bad enough that I’m in love with my roommates girlfriend—which by the way, I think she knows.",neutral
728,Chandler,Because every time we’re in the room together there’s this weird like energy between us.,neutral
728,Chandler,"And call me crazy, but I think she likes me too.",neutral
728,Chandler,And now I have seen her naked.,neutral
728,Chandler,"I mean at least when I’ve seen her with clothes on, I could imagine her body was like covered in boles or something.",neutral
728,Chandler,"But there are no boles, she’s smooth!",neutral
728,Chandler,Smooth!,neutral
728,Phoebe,Wow! Could everyone totally see up his robe?,surprise
728,All,Yeah! Oh my God!,surprise
729,Joey,"So, you and Angela, huh?",surprise
729,Bob,Yep. Pretty much.,joy
730,Joey,"Oh, that's what she meant!",surprise
730,Joey,"You know, if they're    gonna shorten it, they should call it the MUSE!",neutral
730,Joey,"You know, short for museum,    and avoid all the confusion!",neutral
730,Ross,"Yeah, most of it it's a place",neutral
730,Joey,"Ok, all right, so I'll take her to the MET.",neutral
730,Ross,"Yeah, uh, uh, ok, there's this great rare bookstore on Madison    Avenue.",neutral
730,Ross,You know what?,neutral
730,Ross,"She loves architecture, you know what you should do?",neutral
730,Ross,You should take a walk down fifth to the Saint Patrick's Cathedral and there    there's this great little pastry shop that she'd love.,joy
730,Joey,"Geez, sounds like you should be going on this date!",surprise
730,Ross,But I'm not! . You know what if you're in the mood for    Thai food...,neutral
730,Joey,"Whoa, whoa, whoa! Slow down, you go",surprise
730,Ross,Ok.,neutral
730,Joey,You got to tell me exactly what to do there.,neutral
731,Ross,"Ok, when you walk in the museum, take the right, that's the antiquities    wing.",neutral
732,Ross,"Ancient Egypt, Mesopotamia, up to the Byzantine Empire.",neutral
732,Joey,"Whoa, whoa, whoa, whoa, whoa! So, I walk in the door and make    the right",surprise
733,Ross,Hey!,joy
733,Rachel,"Hey, so did everything go all right with the annulment?",neutral
733,Ross,"Oh, yeah, no problems. It’s all taken care of.",neutral
733,Rachel,"Ross, thank you. Hey, do you guys wanna go see a movie?",neutral
733,Ross,"Oh yeah, why not?",neutral
733,Rachel,Pheebs?,neutral
733,Phoebe,"No thanks, I’ve already seen one.",neutral
733,Rachel,"Okay, umm, I’m gonna get my sweater.",neutral
733,Ross,"Okay.  You uh, you wanna hear something weird?",joy
733,Phoebe,Always.,neutral
733,Ross,I didn’t get the annulment.,sadness
733,Phoebe,What?!,surprise
733,Ross,We’re still married! Don’t tell Rachel. See you later.,joy
734,Joey,Hey! Are you okay?,neutral
734,Kate,Fabulous.,joy
734,Joey,"Listen, drama critics they’re nothing but, but people who couldn’t make it as actors. You know what you should do?",joy
735,Ross,"Exactly. So you didn’t, didn’t mention anything to Issac right?",fear
735,Chloe,"Oh, well I tell Issac everything.",neutral
735,Ross,"You tell, of course you do. Issac. Issac. Hey, Issac. Issac, hi! Y'know we haven’t actually met...",neutral
735,Issac,You dog!,joy
735,Ross,"Yes, I suppose I am a dog. But Issac, see I-I happen to have a girlfriend.",neutral
735,Issac,"Oh right, that Rachel chick from the coffee place.",neutral
735,Ross,"Yeah, that’s the one. Listen, I don’t want to hurt her.",neutral
735,Issac,"Oh, hey, man I know, doesn’t matter how much we love ‘em, monogamy is too cruel a rule.",neutral
735,Ross,"Yeah. Listen, can you keep this information to yourself?",neutral
735,Issac,"Aw, no problem dude. Y'know we got to look out for each other. We’re the same, you and me.",neutral
735,Ross,"Actually, no, we’re not.",joy
735,Issac,"Yeah, we are.",neutral
735,Ross,"No, we’re not.",neutral
735,Issac,"Yeah, we are.",neutral
735,Ross,"No, we’re not!!",anger
735,Issac,"Okay, we’re not.",neutral
735,Ross,Right.,neutral
735,Issac,"But, we are.",neutral
735,Ross,Fine. I just need to know that you’re not gonna tell your sister.,neutral
735,Issac,I can promise not to tell her again.,neutral
736,Ross,Emily!,joy
736,Emily,Oh my God! What are you doing here?,surprise
736,Ross,"I just, I had to see you one more time before you took-off.",joy
736,Emily,You are so sweet.,joy
736,Ross,"That’s, that’s, that’s a big candy bar. (She’s holding one of those huge",sadness
736,Emily,Me too.,neutral
736,Emily,"Well, that’ me.  Here, have this.  I’m only allowed one piece of carryon anyway.",neutral
736,Ross,"Wait uh, listen.",neutral
736,Ross,"I-I, I have to tell you something.",fear
736,Ross,"Umm, I’ve been thinking, I’m just gonna come out and say it.",fear
736,Ross,Okay?,fear
736,Ross,"I-I-I ah, I-I think I love you.",joy
736,Emily,Oh.  Thank you.,neutral
736,Ross,That’s no problem.,neutral
737,Chandler,Monica!,surprise
737,Monica,She’s sleeping.,neutral
737,Chandler,"I know, just quick-quick question, quick question. Which one was",neutral
737,Monica,Deep Impact,neutral
737,Chandler,"Sorry, I just…can’t sleep.",surprise
737,Chandler,Ooh!,anger
737,Chandler,"Where is that book that you are reading with the two women who were ice-skating and wearing, wearing those hats with the flowers on it?",neutral
737,Chandler,Because every time I look at that cover I’m like,neutral
737,Monica,It is in the living room where there is also a light! And no one will kick you in the shin.,neutral
738,Monica,"Hey Ross! So, I was checking out the uh, real estate section",sadness
738,Ross,Yeah?,neutral
738,Monica,Look at this.,neutral
738,Ross,"Oh, it looks like mom and dad’s house.",neutral
738,Ross,"Oh, it even has a tree with a broken limb out front and the uh, the window in the attic is…Oh my God!",surprise
738,Phoebe,What? What happened to the window in the attic?!,surprise
738,Monica,I can’t believe mom and dad are selling the house!,anger
738,Ross,I can’t believe they-they didn’t even tell us!,joy
738,Phoebe,I can’t believe I still don’t know what happened to the,surprise
739,Joey's Hand Twin,Nothing?,neutral
739,Joey,"Look, you and I have been given a gift.",neutral
739,Joey,We have to do something with it.,neutral
739,Joey,"Like-like, hand modeling!",joy
739,Joey,Or-or magic!,joy
739,Joey's Hand Twin,I have to get back to,neutral
739,Joey,Whoa!,surprise
739,Joey,Whoa!,surprise
739,Joey,We could have our own show!,joy
739,Joey,Y'know we could clap our hands together people will love it!,joy
739,Joey,Huh?,anger
739,Joey,And-and-and I wrote a song for us!,joy
739,Joey,"(Singing, to the tune of",joy
739,Joey's Hand Twin,That's okay.,neutral
739,Joey,But you haven't even heard the chorus!,neutral
740,Mr. Geller,"Well, she’ll understand right? It’s not like I did it on purpose.",sadness
740,Ross,"Dad, that won’t matter to her.",neutral
740,Ross,"Look, all my stuff is safe and dry and all hers is-is, is growing new stuff!",anger
740,Ross,"See, this is exactly the kind of thing that makes her think you guys love me more than you love her.",anger
740,Mr. Geller,"Oh my God, does she really thinks that?",surprise
740,Ross,"Well, can you blame her?",sadness
740,Mr. Geller,"Well I don’t know, I-I suppose we may have favored you unconsciously, you were a medical marvel! The doctor said your mother could",joy
740,Ross,"Dad, dad I don’t want to hear about it.",sadness
740,Mr. Geller,Really?,surprise
740,Ross,"Well, not right now.",neutral
740,Ross,"Okay look, Monica came here for some memories and damnit, we’re gonna give her some!",neutral
740,Ross,"Okay, grab…grab some empty boxes.",neutral
740,Ross,Okay?,neutral
740,Ross,We’ll-we’ll take stuff from mine and whatever we can pass off as hers we’ll-we’ll put ‘em in there.,joy
741,Rachel,"Y’know Joey, I could teach you to sail if you want.",joy
741,Joey,You could?,surprise
741,Rachel,Yeah! I’ve been sailing my whole life. When I was fifteen my dad bought me my own boat.,joy
741,Phoebe,Your own boat?,surprise
741,Rachel,What?! What?! He was trying to cheer me up! My pony was sick.,surprise
742,Ross,He’s coming here for Thanksgiving!,joy
743,Monica,Count in our heads as-as good,anger
743,Joey,I guess I'm done.,neutral
743,Chandler,Fun’s over,joy
743,Monica,"Wait-wait, guys! If-if we follow the rules, it's still fun and it means something!",fear
743,Joey,I think I'm gonna take-off.,neutral
743,Monica,"Guys, rules are good! Rules help control the fun!  Ohhh!",joy
744,Chandler,Dehydrated Japanese noodles under fluorescent lights... does it,neutral
744,Shelley,"Question. You're not dating anybody, are you, because I met somebody who would be perfect for you.",neutral
744,Chandler,"Ah, y'see, perfect might be a problem. Had you said 'co-dependent', or 'self-destructive'...",neutral
744,Shelley,Do you want a date Saturday?,neutral
744,Chandler,Yes please.,neutral
744,Shelley,"Okay. He's cute, he's funny, he's-",neutral
744,Chandler,He's a he?,surprise
744,Shelley,Well yeah!,surprise
744,Shelley,...Oh God.,fear
744,Shelley,"I- just- I thought- Good, Shelley.",anger
744,Shelley,I'm just gonna go flush myself down the toilet now...,disgust
744,Shelley,"Okay, goodbye...",disgust
745,Chandler,"Well, it's official there are no good movies.",sadness
745,Janice,"Well, let's go to a bad one and make out.",neutral
745,Monica,"Perhaps, you would like me to turn like this,  so that you can bunny bump against my back.",neutral
745,Joey,Hey!,surprise
745,Phoebe,Hey.,neutral
745,Chandler,"Hey, man. What's up?",neutral
745,Joey,Maybe you can tell me.,neutral
745,Joey,My agent would like to know why I didn't show up at the audition I didn't know I had today.,anger
745,Joey,The first good thing she gets me in weeks.,neutral
745,Joey,How could you not give me the message?,anger
745,Chandler,"Well, I'll tell ya I do enjoy guilt, but, ah, it wasn't me.",anger
745,Phoebe,"Yes, it was! It was him! Uh huh!  Okay, it was me!",anger
746,Chandler,"See Joe, that's why your parents told you not to jump on the bed.",neutral
747,Ross,Can I ask you something? Have you ever had a guy have a crush on you?,neutral
747,Joey,Is that why you wanted to tie my tie?,surprise
747,Ross,There’s this kid in my class who said he’s in love with me.,sadness
747,Joey,Whoa!,surprise
747,Rachel,Whoa what?,surprise
747,Joey,Ross has a boyfriend.,neutral
747,Ross,I do-I do,joy
747,Rachel,Really?,surprise
747,Ross,Yeah!,joy
747,Ross,I don’t know.,neutral
747,Ross,"I mean, last year Elizabeth now-now this kid.",anger
747,Ross,What-what-what-what is it?!,joy
747,Ross,Am I giving out some kind of…sexy professor vibe?,anger
747,Rachel,Not right now.,neutral
747,Ross,It-it—The point is my natural charisma has made him fail his midterm.,sadness
747,Rachel,"Oh, see now I feel bad for the kid!",sadness
747,Rachel,I had a crush on a teacher once and it was so hard!,joy
747,Rachel,Y’know you—I couldn’t concentrate and I blushed every time he looked at me.,neutral
747,Rachel,"I mean come on, you remember what’s it’s like to be 19 and in love.",neutral
748,Rachel,Oh yes! Thank you very much!  Oh that’s-that’s actually how the French drink it.,joy
749,Monica,A new pair of shoes for the Chan-Chan man!  Yes!,joy
749,Chandler,Yes! I've-I've never seen a roll like this in my life!,joy
749,Monica,"That's right baby! Okay, what do I want now?",joy
749,Chandler,"Okay, ah umm, ah, a 8. Ah, a 6?",neutral
749,Monica,Pick a number! That is your,neutral
749,Chandler,8. 8!,joy
749,Monica,Thank you!,joy
749,Chandler,"If you get this one, we buy everybody here a steak dinner!",joy
750,Richard,"Yeah, I understand.",neutral
750,Richard,Take as much time as you want.,neutral
750,Richard,"Ten, even twenty minutes if you need it.",neutral
750,Richard,I’ll be here.,sadness
750,Richard,Not smoking.,sadness
751,Ross,"We’re really gonna do this, huh?",surprise
752,Carol,Looks like it.,neutral
752,Ross,"Y’know, if, if this is too weird for you, we can still back out at",neutral
752,Carol,I got it!,joy
752,Ross,Okay.,neutral
752,Carol,Susan! Hi!,joy
752,Susan,Hey!,joy
752,Carol,Thank you so much for coming.,joy
752,Susan,"Oh, I wouldn’t miss it for the world.",joy
752,Ross,I’m-I’m Ross by the way.,neutral
752,Susan,Hello Ross.  I love what you’ve done with this space.,joy
752,Carol,Thank you so much.,joy
752,Ross,How hot is this?!,surprise
753,Ross,"Guess who's here. It's the toughest guy in toy land, Ben.  'A real American hero. I'm",neutral
753,Rachel,G.I. Joe,neutral
753,Ross,"Look Ben, it's a toy that protects U.S. oil interests overseas!",joy
754,Monica,"It took me 28 years to find one man that I wanna spend my life with, if I have to wait another 28 years then, I'll be 56 before I can have a baby, and that's just stupid.",sadness
754,Chandler,"That, that's what's stupid.",disgust
754,Monica,"I don't need an actual man, just a couple of his best swimmers.",neutral
754,Monica,"And there, there are places you can go to get that stuff.",neutral
754,Rachel,Down at the docks again?,anger
755,Ross,"Hi there. How many, how many ah, did you sell?",neutral
755,Girl,I’m not gonna tell you! You’re the bad man who broke Sarah’s leg.,anger
755,Ross,"Hey now! That was an accident, okay.",anger
755,Girl,You’re a big scrud.,anger
755,Ross,What’s a scrud?,neutral
755,Girl,"Why don’t you look in the mirror, scrud.",anger
755,Ross,I don’t have too. I can just look at you.,joy
755,Leader,"All right girls, and man. Let’s see your final tallies.  Ohhhh, Debbie,  321 boxes of cookies,  Very nice.",joy
755,Ross,Not nice enough.,anger
755,Leader,"Charla, 278. Sorry, dear, but still good.",neutral
756,Monica,"So, how’d the lasagne go over?",neutral
756,Monica,Really?!,surprise
756,Monica,Good.,neutral
756,Monica,So you owe me three pretty things.,neutral
756,Monica,"Yeah, I’ve been thinking a lot about you too.",neutral
756,Monica,It’s hard this whole platonic thing.,sadness
756,Monica,It’s a word!,surprise
756,Monica,"Yeah, I do think it’s better this way.  Yeah, we’re being smart.   Yes, I’m sure.",neutral
756,Richard,You really sure?,neutral
756,Monica,I’ll call you back.,neutral
757,Chandler,"So, are you really gonna go out with that nurse man?",surprise
757,Monica,"Well uh, you and I are just goofing around, I thought, why not goof around with him.",neutral
757,Chandler,"Y'know, I don't know if you've ever looked up the term goofing around in the dictionary… Well, I have, and the technical definition is, two friends who care a lot about each other and have amazing sex and just wanna spend more time together.",neutral
757,Chandler,"But if you have this new fangled dictionary that gets you made at me, then we have to, y'know, get you my original dictionary.",neutral
757,Chandler,I am,neutral
757,Monica,I think you're better than you think you are.,neutral
757,Chandler,"Really? Okay, so",surprise
757,Monica,Know when to stop.,neutral
757,Chandler,"Y'know, I sensed that I should stop. So we're okay?",neutral
757,Monica,"Yeah. All right, I'm gonna go tell Dan that it's not gonna happen.  Don't do the dance.",neutral
757,Chandler,Right!,joy
758,Frank,"Ow!-Ow!-Ow! Ow! Ow! Ow! Ow! Ow! Ow! Y'know, ow!",anger
758,Phoebe,Hey!-Hey! What’s going on?,surprise
758,Frank,She broke my arm.,anger
758,Girl,He touched my fanny.,anger
758,Frank,"No, she touched mine first!",anger
758,Girl,That’s my job!,anger
759,Janice,Are you being British?!,surprise
759,Chandler,No. Not anymore.,neutral
759,Janice,Why are you shopping here? You don't live in this neighborhood. Were you here waiting for me?,surprise
759,Chandler,"Yeah, huh. I'm just uh, you know I'm just picking up some things for a party.",neutral
759,Janice,Barley? What kind of party serves barley?,anger
759,Chandler,"Well, I'm sorry if my friends aren't as sophisticated as yours.",anger
759,Janice,Where is this party?,neutral
759,Chandler,Here in Chelsea.,neutral
759,Janice,Who's party is it?,anger
759,Chandler,A woman's,neutral
759,Janice,What woman?!,anger
759,Chandler,Chelsea.,neutral
759,Janice,"Either you're seeing somebody behind my back, which would make you the biggest jerk on the planet.",disgust
759,Janice,"Or, else you're pretending that you're seeing somebody, which just makes you so pathetic that I could start crying right here in the cereal aisle.",disgust
759,Janice,So like which of these two guys do you want to be?,sadness
759,Chandler,Can I be that guy?,joy
760,Chandler,Great story again! The yarns that you weave! Woo-hoo-hoo!,joy
760,Dana,"Y’know uh, actually I-I-I should get going.",anger
760,Chandler,Oh no-no-no! Stay! Stay! Because you-you should you-you-you should stay!,fear
760,Dana,"Wow. Oh, I am really flattered, but I just I don’t feel that way about you.",surprise
760,Chandler,"Oh no-no-no, that’s not—No-no-no!",anger
761,Monica,Did you just flick me?,anger
761,Rachel,"OK, well, you wouldn't let me finish and I was jus- [Monica flicks her back] Ow. That hurt [flicks Monica]",joy
761,Phoebe,"Oh!  All right.  Now, let's not do this!",anger
761,Phoebe,Happy thoughts!  Happy thoughts!,anger
761,Phoebe,"OK, now I'm gonna kick some ass.",anger
761,Rachel,Ow! Ow! Ow!,anger
761,Phoebe,"Alright, now I will let go if you both stop.",neutral
761,Rachel,Fine!,anger
761,Monica,Fine!,anger
761,Phoebe,"There we go.You know what, if we were in prison, you guys would be, like, my bitches.",neutral
762,Joey,"Okay, buddy-boy. Here it is. You hide my clothes, I'm wearing everything you own.",neutral
762,Chandler,Oh my God!,surprise
762,Joey,Look at me! I'm Chandler! Could I,joy
762,Joey,"Whew, it's hot with all of this stuff on.",neutral
762,Joey,"I ah, I better not do any, I don't know, lunges.",neutral
763,Chandler,Hi.,neutral
763,Monica,Hi.,neutral
763,Chandler,"Hi, listen, I’m sorry about before.",sadness
763,Chandler,I don’t need to have a game room.,neutral
763,Chandler,"I mean when I was a kid I only played those games because I couldn’t get girls, and now I",neutral
763,Monica,Stop it Chandler.  I’m sorry too.,sadness
763,Chandler,Really?,surprise
763,Monica,Yeah! Oh yes!,anger
763,Chandler,Ohh.,neutral
763,Monica,"Listen, we don’t have to make that a guest room, we can think of something to do with the room together.",joy
763,Chandler,That’s a great idea! We can,joy
764,Monica,Totally!,joy
765,Chandler,We don’t have to come up with this now.,neutral
765,Monica,Oh good.,joy
766,Rachel,"Yeah, and I am okay with being a pushover.",neutral
766,Phoebe,That’s great. Good for you guys.,joy
766,Monica,I am not high maintenance!,anger
766,Rachel,I am not a pushover!,anger
766,Phoebe,Who said you were?,neutral
766,Rachel,You did!,anger
766,Phoebe,"Oh, I’m flaky. I’ll say anything.",neutral
767,Rachel,"Ok, I know this is gonna sound really stupid, but I feel that if I can do this, you know, if I can actually do my own laundry, there isn't anything I can't do.",joy
767,Ross,That does not sound stupid to me.,neutral
767,Ross,"You know, it's like the first time I had to make dinner for myself, after Carol left me?",neutral
767,Ross,"I'm sorry, that's all the time we have.",sadness
767,Ross,Next on Ross... Uh-oh.,neutral
767,Rachel,What uh-oh?,joy
767,Ross,"Uh-oh, uh-oh, the laundry's done.",fear
767,Ross,"It's, uh, it's a song.",neutral
767,Ross,The laundry song that we sing.,neutral
767,Ross,"Uh-oh the laundry's done, uh-oh, uh-oh.",neutral
767,Rachel,"Ross, what's the matter?",anger
767,Ross,"Nothing, nothing. Lee-lo, the laundry's done.",neutral
768,Chandler,Why are you here?,surprise
768,Janice,"Well, Sid and I are trying again and we had trouble last time    because apparently we...",sadness
768,Chandler,"No no no... I mean,",neutral
768,Janice,Oh! Someone's a little cranky today cuz they have to do it in    a cup!  Oh! They gave you the kiddy size .,anger
768,Chandler,What!?,surprise
768,Monica,This was fun! But I've got an invasive vaginal exam to get to!,joy
768,Chandler,"I'd love to stay, but I have eh...  got    a hot date...",joy
768,Janice,Please... go!  Just let me know if you    need a hand!,neutral
768,Chandler,I think it just fell off.,neutral
769,Ross,"I don't want to be single, okay? I just... I just- I just wanna be married again!",sadness
769,Chandler,And I just want a million dollars!,fear
769,Monica,Rachel?!,surprise
770,Chandler,Yeah.,neutral
770,Monica,"Look, these clowns are trying to take us for a ride and I'm not gonna let 'em!",anger
770,Monica,And we're not a couple of suckers!,anger
770,Chandler,"I hear ya, Mugsy!",neutral
770,Chandler,"But look, all these rooms are fine okay?",neutral
770,Chandler,"Can you just pick one so I can watch--have a perfect, magical weekend together with you.",anger
770,Monica,"Okay,",neutral
770,Chandler,Nothing! It's over! Dammit! This is regularly scheduled programming!,anger
770,Monica,Can we turn the TV off? Okay? Do we really want to spend the entire weekend like this?,disgust
770,Chandler,"Oh, I'm sorry, am I getting in the way of all the room switching fun?",anger
770,Monica,"Hey, don't blame me for wigging tonight!",anger
770,Chandler,"Oh, who should I blame? The nice bell man who had to drag out luggage to 10 different rooms?",anger
770,Monica,"I don't know, how about the idiot who thought he could drive from Albany to Canada on a half a tank of gas!",anger
770,Chandler,Do not speak ill of the dead.,anger
770,Monica,"We're supposed to uh, be spending a romantic weekend together, it-it, what is the matter with you?",anger
770,Chandler,"I just want to watch a little television. What is the big deal? Geez, relax mom.",sadness
770,Monica,What did you say?,anger
770,Chandler,"I said, ""Geez, relax Monnnnn.""",fear
771,Monica,"Y’know, maybe it’s best that we never got to do it again.",neutral
771,Chandler,"Yeah, it kinda makes that-that one night special.  Y’know, technically we still",neutral
771,Monica,"I’m gonna go to the bathroom, maybe I’ll see you there in a bit?",neutral
771,Chandler,‘Kay!,neutral
771,Joey,Can I ask you something?,neutral
771,Chandler,"Uhh, no.",neutral
771,Joey,"Felicity and I, we’re watching",neutral
771,Chandler,No.,neutral
771,Joey,"I mean, the giant is like five years younger than me, y’know, you think I’ll ever get there?",neutral
771,Chandler,Yes.,neutral
771,Joey,Thanks man.,neutral
771,Chandler,Okay man.,neutral
771,Joey,But what about how much taller he is than me?,neutral
771,Joey,"I mean, there’s no way I can make myself taller now, y’know?",neutral
771,Joey,"And who knows what science will come up with in the future, but Chandler, what if I die an unsuccessful, regular sized man?",anger
771,Joey,"Hey, Monica, wow you’ve been in the bathroom for like a half-hour.",surprise
771,Monica,I know!,anger
771,Joey,"Had the beef-tips, huh?",neutral
772,Dr. Wesley,"Good-bye and God speed, Hope Brady.",neutral
772,Dr. Drake Remoray,Not so fast Wesley!,anger
772,Dr. Wesley,Ramoray!,sadness
772,Dr. Drake Remoray,"That’s right Wesley! I just stopped by to say that, you’re not a real doctor! And that woman’s brain, is fine!",anger
772,Rachel,Oh! Thank God!,joy
772,Dr. Drake Remoray,Hope! Hope!,joy
772,Hope,Drake!,joy
772,Dr. Drake Remoray,"You’re not dying Hope, you’re gonna live a long, healthy life. With me.",joy
772,Hope,Oh Drake.,joy
772,Rachel,Okay!,joy
772,Rachel,Here we go!,joy
772,Rachel,Okay!,joy
772,Rachel,"Hi, Joey!",joy
772,Rachel,It’s Rachel!,joy
772,Rachel,"Umm, I am free tomorrow night.",neutral
772,Rachel,"Yeah, sure, sure I can bring some sandwiches.",neutral
773,Monica,"OK, we got the cole slaw, we got the buns...",neutral
773,Phoebe,"We've got the ground-up flesh of formerly cute cows and turkeys, ew...",disgust
773,Chandler,Men are here.,neutral
774,Rachel,"Mom, would you relax.",sadness
774,Rachel,"That was 10 blocks from here and, the, the woman was walking alone at night, I would never do that.",sadness
774,Rachel,"Mom, c'mon, stop worrying.",fear
774,Rachel,"This is a safe street, this is a safe building, there's nothing",neutral
774,Stranger,Hi.,neutral
774,Rachel,"Hi, hi can I help you?",joy
774,Stranger,"Yeah, I'm looking for Phoebe, does she still live here?",neutral
774,Rachel,"Uh, no she doesn't but I can, I can get a message to her.",neutral
774,Stranger,"Great. Uhh, just tell her her husband stopped by.",neutral
774,Rachel,What?,surprise
774,Stranger,"Hey, how, how did you do that?",surprise
775,Rachel,"Alright, somebody.",neutral
775,Monica,"OK, I'll go. OK, senior year of college... on a pool table.",neutral
775,All,Whoooaa!,surprise
775,Ross,That's my sister.,neutral
775,Joey,OK... my weirdest place would have to be... the women's room on the second floor of the New York CIty public library.,neutral
775,Monica,Oh my God! What were you doing in a library?,surprise
775,Ross,"Pheebs, what about you?",neutral
775,Phoebe,Oh... Milwaukee.,neutral
775,Rachel,Um... Ross?,neutral
775,Ross,"Disneyland, 1989, 'It's a Small World After All.'",neutral
775,All,No way!,surprise
775,Ross,The ride broke down.,neutral
775,Ross,"So, Carol and I went behind a couple of those mechanical Dutch children... then they fixed the ride, and we were asked never to return to the Magic Kingdom.",joy
775,Phoebe,"Oh, Rachel.",neutral
776,Monica,Hey!,joy
776,Rachel,Hey!,joy
776,Phoebe,"Oh, is the play over?",neutral
776,Monica,Yeah. Where were you?,neutral
776,Hold Voice,"Thank you for your patience, you’re the next caller.",neutral
776,Monica,You were the next caller five hours ago. You must be going crazy.,joy
776,Phoebe,Nah. I kept myself busy.,neutral
776,Phoebe,"Oh, okay, yeah.  I put your stuff in her room, and her stuff in your room.",neutral
777,Rachel,"Well there’s yore. And uh, y’know, yesteryear.",neutral
777,Phoebe,"Yeah no, I’m telling you Rachel has such a great eye for this stuff.",neutral
777,Phoebe,"Ross, y’know if you ever decide you need to redecorate—And I think that you should.",neutral
777,Phoebe,"You should, you should ask Rachel to help.",neutral
777,Rachel,Oh honey he doesn’t need my help.,neutral
777,Phoebe,"Oh, come on! I think he’s ready to get rid of, what did you call it? The cheap knock-offs and dinosaur junk.",joy
777,Ross,Really?!,surprise
777,Ross,"Hey, y’know what?",surprise
777,Ross,"Since you have such a great sense of what I need, uh ooh, here’s-here’s 60 bucks, why don’t you take Phoebe down to that Colonial flea market of yours and get me some stuff.",neutral
777,Rachel,"Y’know what? I don’t, I don’t think Phoebe really wants to come.",joy
777,Phoebe,No! I do want to!,joy
777,Rachel,"Oh, she does want to.",neutral
777,Ross,She does want to.,neutral
777,Phoebe,Yeah!,joy
778,Rick,"Wow, you have really pretty feet.",surprise
778,Phoebe,These old things.,sadness
778,Rick,"Would you mind spending some time on my siadic area, it’s been killing me today.",anger
778,Phoebe,"You mean the—Okay by siadic, you mean the towel covered portion.",neutral
778,Rick,Yeah.,neutral
778,Phoebe,"Sure, yeah, no I can do that, yeah, because umm, y'know, the muscles in the siadic area can get y’know, real  nice and tight.",neutral
778,Phoebe,"So umm, tell me Rick, how umm, how did you injure the area.",surprise
778,Rick,"Oh, a 16-hour sit-in for Greenpeace.",neutral
778,Phoebe,Oh.,neutral
778,Rick,Ow! Did you just bite me?,surprise
778,Phoebe,No!,surprise
779,Phoebe,"Um, that's it.",neutral
779,Phoebe,No.,neutral
780,Phoebe,Crew guy.,neutral
780,Phoebe,Yeah.,neutral
780,Phoebe,Why have you been following me?,anger
780,Phoebe,"I mean, all week long everywhere I look there's you.",neutral
780,Guy,"You wouldn't return my calls, you sent back my letters....",sadness
780,Phoebe,What?,surprise
780,Guy,"One more chance Ursula, please?",sadness
780,Joey,Okay.,neutral
781,Phoebe,"Okay, and then this is the coffee house. This is where I play my music.",neutral
781,Vince,Good deal.,joy
782,Gunther,Here you go.,neutral
782,Rachel,Thank you.,neutral
782,Mark,Hi!,joy
782,Rachel,"Hi! All right, let’s go shoppin’!!",joy
782,Mark,"Um, y'know, before we go ah, there’s something I need to say.",fear
782,Rachel,"Oh, okay.",neutral
782,Mark,"I’ve kinda of had this ah, this crush on you.",fear
782,Mark,"But since you were with Ross, I-I didn’t do anything about it.",joy
782,Mark,"But, now that you’re not, I’d really like to ask you out sometime.",fear
782,Mark,"So-so that’s-that’s what I’m doing, now.",fear
782,Rachel,Wow! Umm....,surprise
782,Gunther,I dropped a cup.,neutral
783,Phoebe,"Hello, tiny embryos.",neutral
783,Phoebe,"Well, I’m-I’m Phoebe Buffay, hi!",joy
783,Phoebe,I’m-I’m-I’m hoping to be your uterus for the next nine months.,joy
783,Phoebe,"You should know, that we’re doing this for Frank and Alice, who you know, you’ve been there!",joy
783,Phoebe,"Umm, y’know they want you so much, so when you guys get in there, really grab on.",joy
783,Phoebe,"Okay, and-and I promise that I’ll keep you safe and warm until you’re ready to have them take you home, so… Oh!",joy
783,Phoebe,"And also, umm next time you see me, I’m screaming, don’t worry, that’s what’s supposed to happen.",neutral
783,Dr. Zane,Ready?,neutral
783,Phoebe,Uh-huh.  Good luck.,sadness
784,Ross,Then we have to await the data from recent MRI scans and DNA testing which call into question information gathered from years of simple carbon dating.,neutral
784,Rachel,"Look at that woman sitting by the pool getting tan... so leathery and wrinkled, I'm so",sadness
785,Man,I'm not your brother.,neutral
785,Phoebe/Waitress,What about my children Drake?! Huh!?  No!! No!! No! God!,anger
786,Nurse,Why don’t we try massaging the breast to stimulate the flow.,neutral
786,Joey,Are you kidding me?!,anger
786,Rachel,It’s just so frustrating! Why doesn’t she want my breast?!,anger
786,Joey,I don’t know! Maybe she’s crazy!,anger
787,Janine,"Hey Joey, I got some beer for you.",neutral
787,Joey,"Uh, don't you mean ""for whom?""",neutral
787,Janine,"Sure, listen I was gonna order some pizza, you wanna share one?",neutral
787,Joey,"Pizza, heh, its not like I never had that before...ba dum bum cheshhh.",neutral
787,Janine,Is there something wrong?,neutral
787,Joey,"All right, All right, let's just get this out in the open okay?",neutral
787,Joey,You're hot.,neutral
787,Joey,I'm lovable.,neutral
787,Joey,Clearly there's a vibe going on between us.,neutral
787,Joey,"But, we're roommates and it's a huge mistake for us to continue down this road.",neutral
787,Janine,Joey...,neutral
788,Monica,"Oh no it’s not, no it’s not. It’s a first date. I’m",fear
788,Chandler,"Ho-oh, he’s gonna get some!",joy
788,Chandler,Of the glare from the streetlight out of his apartment.,neutral
788,Chandler,"Y’know so umm, he’s closed the drapes there so he can have a nice, pleasant conversation with your little sister.",neutral
788,Chandler,"Well, I’m off to bed!",neutral
789,Katie,You were so funny with that waiter! You're such a nut!,joy
789,Joey,"Y'know, breadstick fangs are always funny.",joy
789,Katie,"No, you make them funny. You're the funny one!",joy
789,Joey,"Uhh, look Katie, uh listen, we-we need to talk.",fear
789,Joey,Okay?,neutral
789,Joey,"Umm, look I like you.",fear
789,Joey,"I-I really do, I like you a lot.",fear
789,Joey,Okay?,anger
789,Joey,"But sometimes when you, when you playfully punch me like that it-it feels like someone's hitting me with a very tiny but very",joy
789,Katie,"Aww, like I could hurt you. Are you making fun of my size? Don't make fun of me because of my size!",surprise
790,Rachel,"Oh, Joey! Sorry!",surprise
791,Rachel,They made you head of the department!,joy
791,Ross,"No, I get to teach one of his advanced classes!  Why didn’t I get head of the department?",joy
791,Joey,"Oh! Hey Rach, listen umm",neutral
791,Rachel,Yeah.,neutral
791,Joey,"I got a big date coming up, do you know a good restaurant?",neutral
791,Rachel,"Uh, Paul’s Café. They got great food and it’s really romantic.",neutral
791,Joey,"Ooh, great! Thanks!",joy
791,Rachel,"Yeah! Oh, and then afterwards you can take her to the",neutral
791,Joey,"You sure are naming a lot of ways to postpone sex, I’ll tell ya",neutral
791,Rachel,"Ooh, I miss dating.",sadness
791,Rachel,Gettin’ all dressed up and going to a fancy restaurant.,neutral
791,Rachel,"I’m not gonna be able to do that for so long, and it’s so much fun!",joy
791,Rachel,I mean not that sitting at home worrying about giving birth to a sixteen pound baby is not fun.,neutral
791,Joey,"Hey, y’know what?",neutral
791,Rachel,Huh?,neutral
791,Joey,Why don’t I take you out?,neutral
791,Rachel,"What?! Joey, you don’t want to go on a date with a pregnant lady.",surprise
791,Joey,Yes I do!,joy
791,Joey,"And we’re gonna go out, we’re gonna have a good time, and take your mind off of childbirth and c-sections and-and giant baby heads stretching out",joy
791,Rachel,Okay! I’ll go with ya! I’ll go! I’ll go with ya.,joy
791,Joey,I’ll be fun.,neutral
791,Rachel,All right?,neutral
792,Rachel,Hi!,joy
792,Joey,Hey!,joy
792,Rachel,"Joey, I gotta tell ya, I've been thinking",neutral
792,Joey,"Oh, you know, the writing was good, and the director is good,    and... and my co-star's good",joy
792,Rachel,"God, you have to tell me what happens tomorrow!",joy
792,Joey,"Ow, I'm just going over the script now! You wanna read lines with    me?",surprise
792,Rachel,"Me? Oh, no, I am not an actress.",disgust
792,Joey,"Oh, all right, I can ask Monica.",neutral
792,Rachel,"Oh screw her, that part is mine!",anger
792,Joey,"Right...  ok, so just from the top of the page, right here.",neutral
792,Rachel,"Okay. . Hello Drake, I'm surprised to see you    here.",surprise
792,Joey/Drake,I can't believe you married him.,surprise
792,Rachel/actress,But what choice did I have. He was keeping my sister    in a,anger
792,Joey/Drake,So what about us? Everything we feel for each other.,sadness
792,Rachel/actress,It's over! You,joy
792,Joey/Drake,How can I?,surprise
792,Joey/Drake,"Knowing I'll never hold you in my arms again,    or touch your skin, or feel your lips, knowing I'll never make love to you?",sadness
792,Joey/Drake,How can I accept that...,sadness
792,Joey/Drake,I can never kiss you again when it's all I can do not    to kiss you right now.,sadness
792,Rachel,Kiss me.,joy
792,Joey,What?,surprise
793,Phoebe,"Come on, you know, Thanksgiving. Ooh, you got the bigger half. What'd you wish for?",joy
793,Joey,The bigger half.,neutral
793,Chandler,I'd like to propose a toast.,joy
793,Chandler,"Little toast here, ding ding.",joy
793,Chandler,"I know this isn't the kind of Thanksgiving that all of you all planned, but for me, this has been really great, you know, I think because it didn't involve divorce or projectile vomiting.",joy
793,Chandler,"Anyway, I was just thinking, I mean, if you'd gone to Vail, and if you guys'd been with your family, if you didn't have syphilis and stuff, we wouldn't be all together, you know?",anger
793,Chandler,So I guess what I'm trying to say is that I'm very thankful that all of your Thanksgivings sucked.,joy
793,All,That's so sweet.,joy
793,Ross,"And hey, here's to a lousy Christmas.",joy
793,Rachel,And a crappy New Year.,joy
793,Chandler,"Here, here!",joy
794,Ross,"Now, hold on!",anger
794,Ross,Hold on!,anger
794,Ross,"Look, look, your daughter and I are supposed to leave tonight for our honeymoon, now-now you-you tell her that I’m gonna be at that airport and I hope that she’ll be there too!",anger
794,Ross,"Oh yeah, I said Rachel’s name, but it didn’t mean anything, Okay?",anger
794,Ross,She’s-she’s just a friend and that’s all!,anger
794,Ross,That’s all!,sadness
794,Ross,Now just tell Emily that I love her and that I can’t imagine spending my life with anyone else.,anger
794,Ross,"Please, promise me that you’ll tell her that.",sadness
794,Mr. Waltham,"All right, I’ll tell her.  Come on bugger face!",anger
794,Mrs. Waltham,Call me.,neutral
794,Mr. Waltham,"You spend half your life in the bathroom, why don’t you ever go out the bloody window!",anger
795,Ross,What happened?!!,surprise
795,Joey,"Well, I don’t know!!",surprise
795,Ross,We fell asleep! That is all.,neutral
795,Joey,"Yeah. Yep. Yeah. All right, well uh, I’d better go.",neutral
795,Ross,I think that would be best.,neutral
795,Joey,"Yeah. All right, I’ll talk to you later.",neutral
795,Ross,Okay. But not about this!,anger
795,Joey,No! Never! Never!  Bye.,anger
795,Ross,No touch! No touch!,neutral
796,Chandler,"Umm ma’am, do you have a minute?  I kind of have some bad news. I don’t think I can move to Tulsa.",sadness
796,Ms. McKenna,What?,surprise
796,Chandler,"It’s a funny story, actually.",neutral
796,Chandler,"I kind of fell asleep  in the meeting this morning so when I said I’d move to Tulsa, I didn’t really  know what I was saying.",neutral
796,Ms. McKenna,You fell asleep?,surprise
796,Chandler,"But only because I was up all night worried about this  meeting, ain’t that funny?",fear
796,Chandler,Irony?,surprise
796,Chandler,"Not a fan, alright .",neutral
796,Chandler,"See, here’s  the thing.",neutral
796,Chandler,I went home and told my wife about Tulsa and she won’t go.,neutral
796,Chandler,"See, me, I  love Tulsa!",joy
796,Chandler,Tulsa is heaven!,joy
796,Chandler,Tulsa is Italy—Please don’t make me go  there!,fear
796,Ms. McKenna,"Chandler, I…",joy
796,Chandler,No no no!,fear
796,Chandler,"Look, Carol, can I call you Carol?",neutral
796,Chandler,Wh-why  would I when your name is Elaine?,joy
796,Chandler,"Oh what a great picture of your son,  strapping!",joy
796,Chandler,"That’s a picture of your daughter, isn’t it,  well she’s lovely.",joy
796,Chandler,I like a girl with a strong jaw.,sadness
796,Chandler,I’ll call you from Tulsa.,neutral
797,Monica,Hi.,neutral
797,Fake Monica,Hey.,neutral
797,Monica,How are you?,neutral
797,Fake Monica,"I'm not too bad. Fortunately, blue's my colour. How-how did you know I was here?",neutral
797,Monica,Because... I'm Monica Geller. It was my credit card you were using.,neutral
797,Fake Monica,That I was not expecting.,surprise
797,Monica,"I want you to know, it wasn't me who turned you in.",neutral
797,Fake Monica,Oh. Thanks.,neutral
797,Monica,"No, thank you! You have given me so much! I mean, if it wasn't for you, I would never have gotten to sing",joy
797,Fake Monica,"Well, actually, you only got to sing 'Memo-'.",neutral
797,Monica,I just can't believe you're in here.,surprise
797,Monica,"I mean, what am I gonna do without you?",sadness
797,Monica,Who's gonna crash the embassy parties with me?,sadness
797,Monica,Who's gonna take me to the,sadness
798,Rachel,"Uh... Oh, Mindy, you are so stupid. Oh, we are both so stupid.",disgust
798,Mindy,What do you mean?,neutral
798,Rachel,Smell familiar?,neutral
798,Mindy,Oh no.,fear
798,Rachel,"Oh, I am so sorry.",sadness
798,Mindy,"No me, I am so sorry...",sadness
798,Joey,Oh my.,surprise
799,Ross,"Well, there's no way I'm gonna get a shot.",fear
799,Ross,"Maybe they can take the needle and thquirt it into my mouth, you know, like a thquirt gun.",fear
799,Monica,"Doctor, can I see you for just a minute please? My brother has a slight phobia about needles.",neutral
799,Ross,Did you tell him about my thquirt gun idea?,neutral
799,Monica,"My brother, the PhD would like to know if there's any way to treat this orally.",neutral
799,Doctor,"No, under these circumstances it has to be an injection, and it has to be now.",neutral
799,Ross,Tho?,neutral
800,Ross,Ohhh.,fear
800,Monica,"That's good, have a seat.",neutral
801,Monica,"Um, the doctor says it's gotta be a needle.",neutral
801,Monica,"You're just gonna have to be brave, ok?",neutral
801,Monica,Can you do that for me?,neutral
801,Ross,Ok.,neutral
801,Monica,Ok. Oh boy. You are doin' so good. You wanna squeeze my hand?,neutral
801,Ross,Yes!,fear
801,Monica,"All right, Ross, don't squeeze it so hard.",neutral
801,Monica,"Honey, really, don't squeeze it so hard!",anger
801,Monica,Let go of my hand!,anger
802,Ross,You’re gonna love me so much. I got Sting tickets!!,joy
802,Phoebe,Oh my God! I do love you! How did you do it?!,joy
802,Ross,Well…let’s just say,neutral
802,Phoebe,"Oo, where are the seats?",joy
802,Ross,"Uh, middle balcony.",neutral
803,Boy in the Cape,You’re a mean old woman.,anger
803,Rachel,No! Wait no! Shut up—I mean don’t cry! Let me get my checkbook!,sadness
803,Monica,"Look honey, you don’t have to do this, okay?",surprise
803,Monica,It’s the strength you have inside that means the most to me.,joy
803,Monica,"You’re loyal, you’re honest, and you have integrity!",joy
803,Monica,That’s the kind of strength that I want in the man that I love!,joy
803,Chandler,That means nothing to me.  Come on!,anger
804,Rachel,"Oh! Hey, Mr. Treeger.",fear
804,Mr. Treeger,: What are you doing?,neutral
804,Rachel,Ummm. Oh! I’m sorry.  It’s a little old but,joy
804,Mr. Treeger,: No! You’re clogging up the chute that I spent a half-hour unclogging!,anger
804,Rachel,I’m sorry. I didn’t—I don’t come in here a lot.,sadness
804,Mr. Treeger,": Oh yeah, of course you don’t!",anger
804,Mr. Treeger,": ‘Cause you’re a little princess! ""Daddy, buy me a pizza. Daddy, buy me a candy factory. Daddy, make the cast of",disgust
804,Mr. Treeger,": You think you could make a mess and the big man in coveralls will come in here and clean it up, huh?",anger
804,Mr. Treeger,"Well, why don’t think of someone else for a change?",anger
804,Rachel,"Okay, I’m sorry.",sadness
805,Ross,Hello!,joy
805,Ross,What's this?,neutral
805,Ross,Oh right its that girl's phone number.,neutral
805,Ross,"Yeah-yeah, there it is, just a phone number a really hot girl gave me.",joy
805,Ross,"It's no big deal, I mean it is her home phone number, but... Whoa!",surprise
805,Ross,"Whoa-whoops, I almost lost this baby!",joy
805,Ross,"Yeah, the lovely Amanda gives me her number and I-I go and drop it.",anger
805,Phoebe,Thank you.,neutral
806,Monica,I don’t know how any of these got opened?!,surprise
806,Joey,You opened them all?,surprise
806,Monica,"I know! I know! I am a terrible person! I mean, Chandler is never going to trust me with anything ever again!",joy
806,Joey,Oh hey! You got my parent’s gift!,joy
806,Monica,Yeah. What is that?,neutral
806,Joey,"Well, I don’t know. I think it does something to salami.",sadness
806,Monica,Hey! How’d it go?,sadness
806,Joey,Yeah. What-what did Tag say?,neutral
806,Rachel,Tag is not the father! And Joey knows now?,sadness
806,Joey,"I do Rach. I do, and I so happy for you.",joy
806,Rachel,"Oh wow, you didn’t even try to unhook my bra!",surprise
806,Monica,So are you ever gonna tell whoever it is?,neutral
806,Rachel,"No, I will. I’m just not up for it tonight.",neutral
806,Joey,"Hey Rach listen, no matter what this guy says I want you to know you’re not gonna be alone in this.",joy
806,Rachel,I’m not?,surprise
806,Joey,Listen I uh…  It’s a scary world out there especially if you’re a single mom.,fear
806,Joey,"Y’know, I always felt like you and I have this-this special bond.",neutral
806,Joey,"So,  Rachel Green will you marry me?",joy
807,Rachel,Thank you.,neutral
807,Joey,If I can’t have it you can’t have it!,anger
808,Monica,"I can’t believe her, y’know it’s just—it’s so typical.",disgust
808,Chandler,"Now Monica, I know you’re upset, but don’t forget.",neutral
808,Chandler,"There is going to be a wedding, you are going to throw the bouquet, and",neutral
808,Monica,Paris?,neutral
808,Chandler,We will take a moonlit walk on the Rue de la .,neutral
808,Monica,Keep talking.,neutral
808,Chandler,"Then we will sprinkle rose pedals on the bed and make love. Not just because it’s romantic, but because I can!",joy
808,Monica,I love you!,joy
809,Joey,Yes!,joy
809,Joey,I win again!,joy
809,Joey,Ha-ha!,joy
809,Joey,That’s like 500 bucks you owe me!,joy
809,Joey,Whoo-ho-hoo!,joy
809,Joey,$500 that is a loooot of electricity!,joy
809,Joey,Whoo-ho-ho!,joy
809,Joey,I gotta buy some food.,neutral
809,Chandler,"Okay, give me a chance to win my money back. Okay? Sudden death, one goal, $1,000.",neutral
809,Joey,You serious?,surprise
809,Chandler,Oh yes!,anger
809,Joey,"Okay, get ready to owe me!",joy
809,Chandler,Okay.,neutral
809,Joey,"Okay, here we go. Ready?",neutral
809,Chandler,No! No! No! No——one can beat me.,anger
809,Chandler,"See? Now, that’s why only the little fake men are supposed to do all the kicking.",fear
810,Monica,Who is that?!,surprise
810,Chandler,"Don’t worry, I’m brave!",sadness
810,Chandler,I am brave!,fear
810,Chandler,I…I am brave!,fear
810,Chandler,No-no-no-no!!,fear
810,Chandler,Can you tell me who is there please?,neutral
810,Gary,Hi!,joy
810,Monica,Hi. Do you know what time it is?,neutral
810,Gary,It’s candy time! My roommate says that they taste like little drops of heaven.,joy
810,Monica,Oh please!  Did you hear that? Little drops of heaven.,joy
810,Chandler,4:00 A.M.,neutral
810,Gary,"So, can I get some candy?",neutral
810,Chandler,"I am sorry, but some of us have to",neutral
810,Monica,"Umm, listen I am sorry, but I’ll put some out first thing in the morning.",sadness
810,Gary,"Well okay, I’ll swing by later. Do you live in this building?",neutral
810,Monica,Um-hmm.,neutral
810,Gary,Mm! Seems like I would’ve remembered you!,surprise
810,Chandler,Mm! Night Gar’!,neutral
811,Joey,Aaron! You gotta let me go. The guy’s hammered!,joy
811,The Director,"I’m sorry Joey, as long as he’s here and he’s conscious we’re still shooting.",neutral
811,Richard,You wouldn’t happen to have a very big fork?,neutral
811,Joey,"So I uh, I just talked to the director. That’s it, we’re done for the day.",neutral
811,Richard,Well have we finished the scene?,surprise
811,Joey,Yeah! You…you were wonderful.,joy
811,Richard,As were you.,neutral
811,Joey,"So I got your car, it’s right outside.",neutral
811,Richard,"Oh, thank you. You’re welcome.",joy
811,Joey,No-no-no! We gotta go! Come on!  Here we go.,fear
811,Richard,Is that my ass?,joy
812,Monica,What about these? These look the same?,neutral
812,Phoebe,Definitely!,joy
812,Monica,Not as each other!,neutral
812,Phoebe,"Oh, then no.",neutral
812,Chandler,Hey!,joy
812,Monica,Hi!,anger
812,Chandler,You look amazing. I'm the luckiest man in the world.,joy
812,Monica,"Ohh, you're about to get a little luckier.",joy
812,Chandler,Let me see the earrings.,neutral
812,Monica,"Oh, honey, the earrings",neutral
812,Chandler,They look great! Does your boyfriend have the best taste or what?,joy
812,Monica,My boyfriend really does have good taste!,joy
812,Chandler,Thanks for picking out the earrings man.,neutral
812,Ross,Mm-Hm,neutral
813,Monica,"I know that there’s no hole there, I just really liked that picture.",neutral
813,Rachel,Oh my God! Look at this!,surprise
813,Monica,"Okay, but there",neutral
813,Rachel,I don’t care! The wires have come loose in your head!,anger
813,Monica,I just thought that if I could follow the wire I could find out what it did.,neutral
813,Rachel,And did you?!,sadness
813,Monica,"No. It disappears back there behind that baseboard. For a minute there, I thought it went downstairs.",neutral
813,Monica,But it didn’t. Say hello to Mrs. Chatracus.,neutral
813,Rachel,Oh my God.,surprise
813,Mrs. Chatracus,Hello darling.,neutral
813,Rachel,"Hello, Mrs. Chatracus.",neutral
814,Ross,"Okay, is everybody clear? We’re gonna pick it up…and move it. Now all we need is teamwork, okay? We’re gonna",neutral
814,Rachel,"Ross, I really don’t think",neutral
814,Ross,Lift!! And slide!,joy
814,Chandler,"Okay, here we go.",neutral
814,Ross,"All right everyone, lift!  And slide!!",joy
815,Joey,"All right Carl, we’re next. Now remember, what is not gonna be?",neutral
815,Carl,Another,neutral
815,Joey,That’s right! And what are you not gonna do?,neutral
815,Carl,"Well, I’m not gonna talk because",neutral
816,Monica,"I mean, I realize that his feelings may never completely go away, but",sadness
816,Janice,"Oh?my Gawd, I-I understand.",sadness
816,Janice,"I-I am so sorry, I’ll go.",sadness
816,Janice,"Good-bye Monica , I wish you a lifetime of happiness with him.",sadness
816,Janice,"Chandler,  you call me when this goes in the pooper.",neutral
817,Joey,I found my identical hand twin!,joy
817,Phoebe,"Ohh, you are",neutral
817,Chandler,No!,neutral
817,Phoebe,But she just came up here!,surprise
817,Chandler,That was Joey!,neutral
817,Phoebe,I wonder where she is. That is so weird.,neutral
817,Chandler,"Yeah, well, she's probably talking to Richard.",neutral
817,Phoebe,Would you stop that!,anger
817,Phoebe,Do you wanna know the first thing she said when she came back from her lunch with Richard?,neutral
817,Phoebe,She didn't feel anything for him.,neutral
817,Phoebe,She loves you!,sadness
817,Chandler,Really?,surprise
817,Phoebe,"Yes! Now, she feels terrible! She really wants to make up! You gotta find her.",anger
817,Chandler,Okay.,neutral
817,Phoebe,Good.  I should really start wearing hats!,neutral
818,Monica,"I mean, why should I let them meet him?",neutral
818,Monica,"I mean, I bring a guy home, and within five minutes they're all over him.",disgust
818,Monica,"I mean, they're like- coyotes, picking off the weak members of the herd.",joy
818,Paula,Listen.,neutral
818,Paula,"As someone who's seen more than her fair share of bad beef, I'll tell you: that is not such a terrible thing.",neutral
818,Paula,"I mean, they're your friends, they're just looking out after you.",neutral
818,Monica,"I know. I just wish that once, I'd bring a guy home that they actually liked.",sadness
818,Paula,"Well, you do realise the odds of that happening are a little slimmer if they never get to meet the guy..",neutral
819,Chandler,No-no-no-no.  Hey!,surprise
819,Phoebe,"Anyway, I should go. Okay, bye.",neutral
819,Monica,Hey sweetie.,neutral
819,Chandler,"Hi sweetie. So, what was with all the whispering?",neutral
819,Monica,I can’t tell you. It’s a secret.,neutral
819,Chandler,Secret? Married people aren’t supposed to have secrets between one another. We have too much love and respect for one another.,anger
819,Monica,Awww.  But still no.,neutral
819,Chandler,"No I’m serious, we should tell each other",neutral
819,Monica,"Really? Okay, so why don’t you tell me what happened to Ross Junior year at",neutral
819,Chandler,"Oh no-no, I can’t do that.",fear
819,Monica,"If you tell me, I’ll tell you what Phoebe said.",neutral
819,Chandler,Okay.,neutral
819,Monica,Okay.,neutral
819,Chandler,"So, Ross and I are going to",neutral
819,Monica,Oh my God. He threw up?,disgust
819,Chandler,"No, he visited a little town south of throw up.  So what was Phoebe’s secret?",neutral
819,Monica,"Oh, Nancy Thompson from Phoebe’s old massage place is getting fired.",neutral
819,Chandler,That’s it?! I gave up my,joy
819,Monica,That’s right! You lose sucker!!  Please still marry me.,joy
820,Phoebe,Oh hey! How was your audition?,joy
820,Joey,"I’m sorry, do I know you?",neutral
820,Phoebe,What are you doing?,neutral
820,Joey,"Nothing, I’m just practicing blowing you off because I’m gonna be a big movie star!",surprise
820,Phoebe,Oh! You got it?!,sadness
820,Joey,"Well no, not yet. But the audition went really good.",joy
820,Monica,What was it for?,neutral
820,Joey,"Oh, it’s this big budget period movie about these three Italian brothers who come to America around the turn of the century.",neutral
820,Joey,It’s really classy!,joy
820,Joey,"Oh, and the director is supposed to be the next next Martin Scorcese.",joy
820,Phoebe,The next next?,neutral
820,Joey,"Yeah, there’s this guy from Chicago who’s supposed to be the next Martin Scorcese, all right?",neutral
820,Joey,But then this guy’s right after him.,neutral
820,Joey,Hello!,joy
820,Joey,They loved me!,joy
820,Joey,Oh my God!,joy
820,Joey,"Are you kidding me? I never rent a movie without it!  Oh.  Uh, okay uh let me call you back.",surprise
820,Phoebe,What’s the matter?,neutral
820,Joey,They want me to be totally naked in the movie!,surprise
820,Monica,Wow!,surprise
820,Joey,I know! My grandmother’s gonna see this!,joy
820,Phoebe,Grandma’s gonna have to get in line.,joy
821,Elizabeth,Oh please! It was such a big class! You never even noticed me!,joy
821,Ross,"What? Of course I did! You uh, you sat next to Sleepy Sleeperson.",surprise
821,Elizabeth,Who?,neutral
821,Ross,"Oh uh, I had trouble remembering everyone’s name, so I-I kinda came up with nicknames.",neutral
821,Ross,Like the guy on the other side of you was Smelly von Brownshirt.,neutral
821,Elizabeth,"Oh yeah. So umm, did you have a nickname for me?",neutral
821,Ross,"Umm, no. No.",neutral
821,Elizabeth,Yes you did! What was it?,surprise
821,Ross,"Umm, it’s Cutie McPretty.",neutral
821,Elizabeth,Ohh that’s so sweet!,joy
821,Ross,"Listen, I gotta tell ya, I-I’m having a great time!",joy
821,Ross,"Y’know how before you said it might be weird, the whole student teacher thing, and to be frank I thought it would be too, but it’s not.",surprise
821,Ross,I mean it’s not at all.,neutral
821,Burt,Dr. Geller!,joy
821,Ross,Burt!,joy
822,Phoebe,"Okay, so we got some more good rejections, lots of stuff to work on.",neutral
822,Joey,"Okay, shoot.",neutral
822,Phoebe,"Okay, um, oh, the zoo commercial.",neutral
822,Joey,I didn't get it?,neutral
822,Phoebe,"No. They said you 'Weren't believable as a human being.' So, you can work on that.",joy
822,Joey,"Okay, what else?",neutral
822,Phoebe,"Um, the off-Broadway play people said 'You were pretty but dumb.'",neutral
822,Joey,Oh.,sadness
822,Phoebe,"Oh no wait, I'm sorry, that's 'pretty dumb.'",neutral
823,All,Hey.,neutral
823,Ross,How's the maniac?,neutral
823,Phoebe,"Oh, well he's yummy. We did a little kissin'.",joy
823,Rachel,"Phoebe, what are you doing?",surprise
823,Phoebe,"Oh, no, no, no, no. You know what, he's not into that stuff anymore. He quit for me.",neutral
823,Rachel,"Pheebs, this guy has been obsessed with your sister, for God knows how long, okay, you don't just give up something like that.",disgust
823,Phoebe,"Look, he gave me his night vision goggles and everything.",joy
823,Ross,You're taking the word of a guy who has night vision goggles?,surprise
823,Phoebe,"What, he's not still following her. Do you think he is still following her?",surprise
823,Chandler,"Pheebs, wake up and smell the restraining order.",disgust
823,Phoebe,What are you saying I should do?,neutral
823,Monica,"I think, that if you really like this guy, you should just trust him.",neutral
823,Phoebe,"Thank you, Monica.",joy
823,Joey,"Orrr, you could follow him and see where he goes.",neutral
823,Monica,"Oh, that's what I would do, forget mine.",surprise
824,Monica,Hey guys check it out! My mom sent me the paper!,joy
824,Phoebe,"Ooh, let’s see it!",joy
825,Joey,She’s not crazy is she?,surprise
825,Monica,No.,neutral
825,Joey,"So uh, how you doin’?",neutral
826,Chandler,There he is!,joy
826,Monica,There’s our star!,joy
826,Joey,"So, so, what’d ya think?",neutral
826,Chandler,Almost as good as that play with the two naked girls on the see-saw.,joy
826,Joey,I-I wasn’t in that.,sadness
827,Phoebe,"Wow, I have the spirit of an old Indian women living in mine.",neutral
827,Monica,So then you know?,joy
827,Phoebe,"The mailman was downstairs, so I brought up your mail.",neutral
827,Monica,"Oh, good. Thanks.",neutral
827,Phoebe,Now what is Fabutec?,neutral
827,Monica,"Okay, all right don’t judge me to much.",fear
827,Monica,Okay?,neutral
827,Monica,"Um, but I saw this info-mercial, and um, I swear to you I have never-ever bought anything on TV before, except for this mop.",neutral
827,Monica,"But there was this stuff on leg waxing, it just, it looked so amazing....",joy
827,Phoebe,"Oh, it’s incredible! I so want to be a Waxine girl.",joy
827,Monica,I know!!,joy
827,Phoebe,God. Do think it really doesn’t hurt? ‘Cause how can they do that?,fear
827,Monica,Hello! Organic substances recently discovered in the depths of the rain forest!,joy
827,Phoebe,They have the best stuff in there.,neutral
828,Woman,"Comin' through. Move, move.",anger
828,Rachel,"Oh, 'scuse me. I was kinda using that machine.",joy
828,Woman,"Yeah, well, now you're kinda not.",disgust
828,Rachel,But I saved it. I put my basket on top.,anger
828,Woman,"Oh, I'm sorry, is that your basket? It's really pretty. Unfortunately, I don't see suds.",anger
828,Rachel,What?,surprise
828,Woman,"No suds, no save. Ok?",anger
828,Ross,What's goin' on?,neutral
828,Rachel,"Hi, uh, nothing. That horrible woman just took my machine.",disgust
828,Ross,Was your basket on top?,neutral
828,Rachel,"Yeah, but, there were no suds.",neutral
828,Ross,So?,neutral
828,Rachel,"Well, you know, no suds, no save.",neutral
828,Ross,"No suds? Excuse me, hold on a second.  That's my friend's machine.",anger
828,Woman,"Hey, hey, hey, her stuff wasn't in it.",neutral
828,Ross,"Hey, hey, hey, that's not the rule and you know it.",anger
829,Phoebe,Cause it's good money! But that doesn't change the fact that    this is an evil blood sucking corporate machine!,anger
829,Receptionist,"Well, I think this is a great place to work!",joy
829,Phoebe,"Ok, are they listening?",anger
830,Chandler,Varrrrrroom!,joy
830,Chandler,Hey!,joy
830,Chandler,Watch it lady!,anger
830,Chandler,Varrrrrrrrrrom!,joy
830,Chandler,Hey-hey good lookin’!,joy
830,Chandler,Varrrrrrrrroom.,joy
830,Chandler,"All right, I’ll leave.",sadness
830,Chandler,My bed’s so boring.,sadness
831,Rachel,Ross do you realise this is the first time in my life I’m doing something I actually care about.,anger
831,Rachel,This is the first time in my life I’m doing something that I’m actually good at.,anger
831,Rachel,I mean.,neutral
831,Rachel,if you don’t get that...,anger
831,Ross,"No, hey, I get that, okay, I get that big time.",anger
831,Ross,"And I’m happy for ya, but I’m tired of having a relationship with your answering machine!",anger
831,Ross,"Okay, I don’t know what to do anymore.",sadness
831,Rachel,Well neither do I!,joy
832,Ross,Hey!,anger
832,Ross,"I’m sorry I’m late, did I miss anything?",neutral
832,Phoebe,Joey stuffing 15,neutral
832,Ross,15?  Your personal best! (Ross takes an,surprise
832,Phoebe,Where were you?,neutral
832,Ross,"Oh, on a date. Yeah, I met this girl on the train going to a museum upstate.",neutral
832,Chandler,"Oh, yeah! How did you meet her?",surprise
832,Phoebe,"Oh, which museum?",neutral
832,Phoebe,"No, answer his.",neutral
832,Ross,"Okay, it was just me and her at the back of the train, and I sat near the door, so she’d have to pass by me if she wanted to switch cars.",joy
832,Ross,She was totally at my mercy.,joy
832,Chandler,Were you so late because you were burring this woman?,sadness
832,Ross,"No, I’m getting back down ‘cause she lives in Poughkeepsie.",neutral
832,Ross,"She seems really great, but she’s like totally great, but she lives two and a half hours away.",joy
832,Chandler,How can she be great if she’s from Poughkeepsie?  That joke would’ve killed in Albany.,anger
832,Joey,"Done! I did it! Heh, who’s stupid now?",joy
833,Monica,"No, there is no way! It can",joy
833,Chandler,Why is your family,neutral
833,Monica,He cannot play at our wedding!,anger
833,Monica,I mean everyone will leave!,anger
833,Monica,"I mean come on, that is just noise!",anger
833,Monica,It’s not even a song!,anger
833,Chandler,"If you listen very carefully, I think its",neutral
834,Phoebe,"Oh, I want to look too! . Yikes!",surprise
834,Monica,"So do you think that these pictures—Are, are they trying to tell a story?",neutral
834,Rachel,"Oh, yeah, sure.",neutral
834,Rachel,"I mean, like in the case of this young woman, she has lost her clothes, so she rides naked on the horse, she’s crying out, ‘Where are they, where are they?’",neutral
834,Monica,"Well, she’s not going to find them lying in the grass like that.",neutral
834,Phoebe,"Oh, yeah. Aw, remember the days when you used to go out to the barn, lift up your shirt, and bend over?",joy
834,Monica,Yeah.,neutral
834,Rachel,"You see, now, I would date this girl.",neutral
834,Rachel,"She’s cute, she’s outdoorsy, you know, and she knows how to build a fire.",neutral
834,Rachel,"I mean, that’s got to come in handy",neutral
834,Monica,"Okay, I’ve got a question. If you had to pick one of us to date, who would it be?",neutral
834,Rachel,I don’t know.,neutral
834,Monica,Me neither.,neutral
834,Phoebe,Rachel.,neutral
834,Monica,What?!,surprise
834,Phoebe,I don’t know.  Me neither.,neutral
835,Monica,"Look, I wanted to tell I’m-I’m sorry you lost.",sadness
835,Chandler,"Listen, I’ve got a secret for ya. I let him win.",neutral
835,Monica,Is that a secret or a lie.,anger
835,Chandler,"No, I let him win—Ross!",neutral
835,Ross,Yeah?,surprise
835,Chandler,Would you tell her I let you win please?,anger
835,Ross,Oh. Yeah.  Uh Chandler,neutral
835,Chandler,I am strong! I’ll show you!,anger
835,Monica,Chandler please!,disgust
835,Chandler,Oh what’s the matter? Are you scared?,anger
835,Monica,Let’s go big bunny!,anger
835,Chandler,Okay. 1…2…3—Go!   I’m gonna kill myself!,neutral
836,Joey,"Hey Ross, is uh, is Staten Island really an island?",neutral
836,Ross,"Uh-huh, that's why they call it Staten",surprise
836,Joey,Ohhh. I thought it was like Long Island.,surprise
836,Ross,Also an island.,neutral
836,Joey,"Hey, what time is it?",neutral
836,Ross,2:17.,neutral
836,Joey,"Wow! You realize that we've been throwing this ball, without dropping it, for like an hour?",surprise
836,Ross,Are you serious?!,surprise
836,Joey,Yeah. I realized it about a half-hour ago but I didn't want to say anything 'cause I didn't want to jinx it.,neutral
836,Ross,Wow! We are pretty good at this! Hey! We totally forgot about lunch!,surprise
836,Joey,"Oh, I-I, I think that's the first time I ever missed a meal!  Yeah, my pants are a little loose!",anger
836,Rachel,"Hey, you guys",neutral
836,Joey,Hey!,joy
837,Ursula,Who is it?,neutral
837,Phoebe,It’s Phoebe! Phoebe!,joy
837,Ursula,Hey!,joy
838,Phoebe,Oh God. So-so you’re making porn movies.,surprise
839,Ursula,No I’m not.,anger
839,Phoebe,You’re making one right now!,anger
839,Phoebe,And-,neutral
839,Ursula,"Yeah, can I help you with something?",neutral
839,Phoebe,"Look, I’m talking right now! You’re—you mean her.",joy
839,Ursula,"Y’know, twin stuff is always a real big seller.",neutral
839,Phoebe,What?!,surprise
839,Ursula,"Yeah, I can talk them into giving you like, 30 dollars.",neutral
839,Phoebe,No!!,disgust
839,Phoebe,And stop using my name!,anger
839,Phoebe,And shame on you!,disgust
839,Phoebe,And shame on all of you!,disgust
839,Phoebe,You’re disgusting!,disgust
839,Phoebe,Especially you  with that!,disgust
840,Phoebe,Hey!,joy
840,Rachel,Hi Pheebs!,joy
840,Phoebe,Are you moving out?,neutral
840,Rachel,"No, these aren't all my suitcases.  This one's Paolo's.",neutral
840,Phoebe,"Um, um, Rachel can we talk for a sec?",neutral
840,Rachel,"Well, sure...just a sec, though, 'cause Paolo's on his way over.",neutral
840,Phoebe,"Oh!  Ok, um, ok, um,",fear
840,Rachel,"Oh, Pheebs, Pheebs...",joy
840,Phoebe,"Ok, um,  we haven't known each other for that long a time, and, um, there are three things that you should know about me.",neutral
840,Phoebe,"One, my friends are the most important thing in my life, two, I never lie, and three, I make the best oatmeal raisin cookies in the world.",neutral
840,Rachel,"Ok, thanks Pheebs  Oh my God, why have I never tasted these before?!",surprise
840,Phoebe,"Oh, I don't make them a lot because I don't think it's fair to the other cookies",neutral
840,Rachel,"All right, well, you're right, these are the best oatmeal cookies I've ever had.",surprise
840,Phoebe,Which proves that I never lie.,neutral
840,Rachel,I guess you don't.,neutral
840,Phoebe,Paolo made a pass at me.,sadness
841,Monica,"I’m so sorry. Please, stop freaking out.",fear
841,Chandler,I’m not freaking out.,neutral
841,Chandler,Why would I be freaking out?,neutral
841,Chandler,"A woman named Heldi called and said we were getting married, but that happens everyday.",neutral
841,Monica,"Honey, we were at this beautiful place, and I-I-I just put our names down for fun!",anger
841,Monica,"I mean, what’s the harm in that?",neutral
841,Chandler,Right here!,sadness
841,Monica,"Chandler, please don’t think I was trying to pressure you. Phoebe and Rachel",anger
841,Chandler,Phoebe and Rachel!,anger
841,Chandler,"So the people that knew about our wedding before me were you, Phoebe and Rachel, Heldi, and apparently some band called Starlight Magic 7 who are available by the way!",sadness
841,Monica,"It was a mistake. Please don’t take this to mean anything, because it doesn’t.",sadness
841,Chandler,Okay.,neutral
841,Monica,Really?,joy
841,Chandler,"Yes, if it really doesn’t mean anything, because you know that I’m just not ready",neutral
841,Monica,I know! I know.,neutral
841,Chandler,Okay.,neutral
841,Monica,I’m gonna go tell Joey that  that you’re back. I was really worried about you.,anger
841,Phoebe,"Hey, did she buy it?",neutral
841,Chandler,Totally.,neutral
841,Phoebe,So did Heldi show you the place?,neutral
841,Chandler,"Yeah, it’s beautiful.",neutral
841,Phoebe,I can’t believe you’re gonna ask Monica to marry you!,joy
841,Chandler,I know.,neutral
842,Rachel,"Okay look, I have an idea.",neutral
842,Rachel,"Why don’t we, why don’t we see what kind of number he has on his speed dial, and then from that we can tell who has more in common with him.",neutral
842,Rachel,And then whoever does gets the phone.,neutral
842,Rachel,"All right, first name on the speed dial is mom.",neutral
842,Phoebe,"Ohh, I lost my mom to suicide.",sadness
842,Rachel,"Okay no way, you cannot use that to get the cute guy and the last blueberry muffin.",sadness
842,Phoebe,Did I use that already today? I’m sorry.,sadness
842,Rachel,Joe.,neutral
842,Rachel,"Oh, I win! He’s got",joy
842,Phoebe,So you don’t know that’s,neutral
842,Rachel,His new girlfriend!,surprise
843,Monica,I can’t believe this. Do you think that your parents could help pay for it?,surprise
843,Chandler,"I don’t know, my mother spent most of her money on her fourth wedding.",sadness
843,Chandler,She’s saving the rest for her divorce.,anger
843,Chandler,And any extra cash my father has he saves for his yearly trips to,neutral
843,Rachel,Well what happened at dinner?,neutral
843,Monica,My parents spent the money for our wedding!,anger
843,Phoebe,My God! What did you order?!,surprise
843,Rachel,"Wait, but there’s no money! Well this is terrible! You guys are gonna have to get married in like a, rec. center!",sadness
843,Chandler,"Honey, it’s gonna be okay.",neutral
843,Monica,No! No it’s not! It’s not gonna be okay! It sucks! No swing band! No lilies!,sadness
843,Rachel,"No, y’know what?",neutral
843,Rachel,It’s gonna be okay.,neutral
843,Rachel,I mean you don’t have to have this rustic Italian feast.,neutral
843,Rachel,Y’know?,neutral
843,Rachel,"And-and you don’t need, you don’t need this custom-made, empire-waisted, duchess, satin gown; you can wear off the rack.",neutral
844,Older Scientist,"Dr. Geller, there’s a seat over here.",neutral
844,Ross,"Thank you, Dr. Phillips, but I’m having my lunch at this table, here in the middle.",neutral
844,Ross,"I’m having lunch right here, with my good friend Joey, if he’ll sit with me.",neutral
844,Joey,I will sit with you Dr. Geller.,neutral
844,Ross,"Y'know, we work in a museum of natural history, and yet there is something unnatural about the way we eat lunch.",neutral
844,Ross,"Now, I look around this cafeteria, and y’know what I see, I see-I see division.",sadness
844,Ross,"Division, between people in white coats and people in blue blazers, and I ask myself, ""My God why?!""",fear
844,Ross,"Now, I say we shed these-these coats that separate us, and we get to know the people underneath.",neutral
844,Ross,I’m Ross!,joy
844,Ross,"I’m divorced, and I have a kid!",joy
844,Joey,I’m Joey! I’m an actor! I don’t know squat about dinosaurs!,joy
844,Another Tour Guide,"I’m Ted, and I just moved here a month ago, and New York really scares me.",anger
844,Ross,"All right, there you go!",joy
844,Joey,"Yeah, you hang in there Teddy!",anger
844,Older Scientist,"I’m Andrew, and I didn’t pay for this pear.",neutral
844,Ross,"Okay, good-good for you.",joy
844,Tour Guide,"I’m Rhonda,  and these aren’t real!",neutral
844,Ross,"Wow, Rhonda.",surprise
844,Another Scientist,I’m Scott.,neutral
844,Ross,"Yeah, okay, Scott!",neutral
844,Another Scientist,And I need to flip the light switch on and off 17 times before I leave a room or my family will die.,fear
845,Doug,So thanks for the warm welcome.,neutral
845,Doug,"It’s good to have you guys on my team, and I come to play.",joy
845,Doug,I hope you do too.,neutral
845,Doug,"Now, let’s go out there and get ‘em!",joy
845,Doug,"And remember, there is no ‘I’ in team.",neutral
845,Chandler,"Yes, but there’s two in martini, soo everybody",joy
845,Doug,You! Chuckles! What’s your name?,neutral
845,Chandler,"Oh it’s Bing, sir. I’m sorry , I was just ah...",fear
845,Doug,"No-no, I heard what you said, funny.",neutral
845,Doug,I like funny.,joy
845,Doug,"This team is about hard work, but it’s also about having fun.",joy
845,Doug,Good to have you aboard Bing!,joy
846,Phoebe,Yeah. You won't be able to take it.,neutral
846,Chandler,"So uh, now that little Chandler turned out to be a girl, what are they gonna name her?",neutral
846,Phoebe,They're gonna call her Chandler.,neutral
846,Chandler,"That's kind of a masculine name, don't you think?",neutral
846,Phoebe,Works on you.,neutral
847,Ross,"Oh, that is so sweet.",joy
847,Ross,"No, no, ok, you hang up.",joy
847,Ross,"Ok, ok, one, two, three.",joy
847,Ross,Well you didn't hang up either.,joy
847,Rachel,She didn't hang up either...,joy
847,Ross,"Ok, no, no, you hang up. You, you, y—",joy
848,Rachel,"Ross, hi, it's Rachel.",neutral
848,Rachel,"I'm just calling to say that um, everything's fine and I'm really happy for you and your",neutral
848,Ross,"Rach, I got a message from you.",neutral
848,Rachel,Oh my God.,surprise
848,Rachel,"Oh my God Ross, no, hang up the phone, give me the phone Ross, give me the phone, give me the phone, give me the.",sadness
848,Ross,You're over me?,surprise
848,Rachel,Ohhhhhhhh God.,surprise
848,Ross,"Wha... you're uh, you're, you're over me?",surprise
848,Rachel,"Ohh, ohh.",sadness
848,Ross,"When, when were you... under me?",surprise
848,Rachel,"Well, basically, lately, I've uh, I've uh, sort of had feelings for you.",neutral
848,Ross,"OK, I need to lie down.",surprise
849,Joey,"Hey! I'm in, they're gonna let me audition!",joy
849,Ross,Really? That's great!,joy
849,Joey,"I know! I know! It turns out that one of the casting ladies has actually seen me in a play, so I steered clear of her",joy
849,Carol,(noticing a kid who has picked up a copy of,neutral
849,Joey,"Oh yeah, yeah! He's done tons of commercials. I've seen him in like Sugar Smacks,",joy
849,Ross,"Yeah well, he's not gonna get this one.",joy
849,Ross,Ben is way cuter than that kid.,joy
849,Ross,"I mean look at him, look at you,",disgust
849,Joey,"That's great. Listen, wouldn't it be great though if I got to play Ben's dad?",neutral
849,Ross,"Joey, you look nothing like Ben.",neutral
849,Joey,I look more like him than you do!,anger
849,Carol,"Y'know, I don't really know you well enough for you to do that.",joy
850,Monica,That really was some of your best work.,joy
850,Chandler,"Hm-hmm, I told you!  I can’t believe that I’ve only got two hours before I call in sick for work.",neutral
850,Monica,I have to be up in seven minutes.,neutral
850,Chandler,"Well, you’re not gonna believe this, but if you have seven minutes",neutral
850,Monica,Really?!,surprise
850,Chandler,Do you wanna?,neutral
850,Monica,Okay! You get the vacuum cleaner and I’ll get the furniture polish!,joy
851,Kristen,Oh okay. But y’know what? Be careful. Because a guy who was helping me before had to leave because he hurt his back.,neutral
851,Joey,Boyfriend?,surprise
851,Kristen,No.,neutral
851,Joey,I’m Joey.,neutral
851,Kristen,Kristen.,neutral
851,Joey,"Oh wow, what a beautiful name!  What is it again?",joy
851,Kristen,Kristen.,neutral
851,Joey,Got it!  So,neutral
851,Kristen,"So uh, do you live around here?",neutral
851,Joey,Yeah!,neutral
851,Joey,Yeah!,joy
851,Joey,Right down there.,neutral
851,Joey,Hey listen.. let me give you a little tip.,neutral
851,Joey,Do not take a nap on this stoop  or you can wake up with your shoes gone.,joy
851,Kristen,I’ll remember that.,neutral
851,Joey,"Okay. Yeah. Listen would you uh, would you like to have dinner with me tonight?",neutral
851,Kristen,"Oh I, I have plans tonight.",neutral
851,Kristen,But how about tomorrow?,neutral
851,Joey,"Sounds great! Okay, alright, well where does this go?",joy
851,Kristen,"You look strong, why don’t I take that and you grab one of the boxes.",neutral
851,Joey,"Okay. Yeah.  Yeah, I’ll grab this one.",neutral
852,Phoebe,Hey.,neutral
852,Phoebe,"Listen, um...",neutral
852,Phoebe,I'm sorry.,sadness
852,Phoebe,": Yeah, um...  You know you, you should just forget about what I said under the bridge, I was talkin'",neutral
852,Phoebe,"That's right, I don't... But I was, I was drunk on you!",sadness
852,Phoebe,"Okay, yeah, so it's not gonna work.",neutral
852,Phoebe,"If it was, would you stop hanging out with her?",neutral
852,Phoebe,"Um, then yes, it's 'cause of Phoebe! So, you know, it's either her or me.",anger
852,Phoebe,"You know...  You're gonna be really, really hard to get over.",sadness
853,Ross,"By the way, the week before your wedding you may not see a lot of me.",neutral
853,Phoebe,"Oh, hello liar.",anger
853,Ross,"Look, I-I’m really sorry I let go of the bike.",sadness
853,Phoebe,I could’ve been killed I hope you know!,anger
853,Ross,"I know. I know. But, can we please try it again? Huh? I mean, you were",sadness
853,Phoebe,"Well, I would love to but…the bike got stolen and the police have no suspects.",joy
853,Ross,Phoebe.,neutral
853,Phoebe,What?!  What the hell?!,anger
853,Ross,"All right, y’know what?",anger
853,Ross,"If you are not going to learn how to ride this bike then I’m sorry, I’m just gonna have to take it back.",anger
853,Phoebe,What?! Why?!,surprise
853,Ross,"Because! Because, it-it-it’s… It’d be like you having this guitar  and-and never playing it. Okay, this guitar",anger
853,Phoebe,"All right. If you care enough to make up that load of crap, okay.",anger
853,Ross,Great! Great!  You’re making the bike very happy.,joy
853,Phoebe,Okay Ross!  Please don’t die!,anger
854,Mona,How could you have kept all of this from me?,fear
854,Ross,"I was going to tell you, but",neutral
854,Dr. Green,But what?! You figured you’d get what you wanted and then dump her like you dumped Rachel!,anger
854,Ross,Hey! I did not dump Rachel!  Nor are we still together.  Can I just…  Why don’t we just let the machine get that?,anger
854,Joey,Hey Ross. It’s Joey. There’s a hooker over here and we thought maybe you’d know something about it.,neutral
854,Ross,"No! No! No! No! No! I-I-I-I—I need to, I need to lie down.",neutral
855,Joey,Everything on your application looks really good—Ohh!,joy
855,Joey,"Just one last question umm, are you and your friends gonna be over here all the time like partying and hanging out?",anger
855,The Potential Roommate,"Oh don’t worry, I’m not really a party girl.",neutral
855,Joey,"Whoa!! Now look, don’t be just blurtin’ stuff out. I want you to really think about your answers. Okay?",joy
855,Chandler,You can call off the roommate search!  Hi! I’ll be living here.,joy
855,Joey,"Oh don’t listen to him, he’s just some guy who really wants the apartment, but I don’t think he’s gonna get it.",sadness
855,Chandler,Why did you take the shower curtain down?,surprise
855,Joey,That thing was a hazard!  I’m very safety conscious.,fear
856,Joey,Hi.,neutral
856,Chandler,"Hey man, how did the audition go?",neutral
856,Joey,Estelle said I didn't get it.,sadness
856,Rachel,What?! Why? Joey you were so ready for it!,surprise
856,Joey,"Yeah, I thought so too but, she said the casting people had some problems with me.",joy
857,Ross,No!,surprise
857,Ross,"For all I know, she’s trying to find me but couldn’t because I kept moving around.",neutral
857,Ross,"No, from now on, I’m staying in one place.",neutral
857,Ross,Right here.,neutral
857,Monica,"Well, it’s getting late.",neutral
857,Chandler,"Yeah, we’re gonna go.",neutral
857,Ross,"Actually, do you guys mind staying here for a while?",neutral
857,Monica,"Ugh, y’know, umm we gotta get up early and catch that plane for New York.",neutral
857,Chandler,"Yeah, it’s a very large plane.",neutral
857,Ross,That’s cool.,neutral
857,Chandler,"But, we’ll stay here with you.",neutral
857,Ross,"Thanks guys!  I really appreciate this, y’know, but you don’t have to rub my butt.",joy
858,Phoebe,"Hey, Mel Gibson and Clint Eastwood.",surprise
858,Ross,They’re not a couple!,surprise
858,Phoebe,"Oh-okay, I get the game now.",neutral
858,Joey,"Okay look, look, let me ask you a question, when they were doing it on stage, was it like really hot?",neutral
858,Ross,Oh yeah!,joy
858,Joey,"Well okay, so then you’re fine.",neutral
858,Joey,The rule is when two actors are actually doing it off-stage all the sexual tension between them is gone.,neutral
858,Joey,Okay?,neutral
858,Joey,So as long as it’s hot onstage you got nothing to worry about.,neutral
858,Joey,"It’s when the heat goes away, that’s when you’re in trouble.",neutral
858,Chandler,Really?,surprise
858,Joey,"Look, you guys have been to every play I’ve ever been in, have I ever had chemistry on stage?",neutral
858,Ross,No.,neutral
858,Joey,Noooo!!,neutral
859,Phoebe,"Ursula!  Wait! Err-err, it’s me! Phoebe!",surprise
859,Ursula,"Oh, I thought there was a mirror there. Okay, bye-bye.",neutral
859,Phoebe,"Wait a second! So, what’s new with you?",surprise
859,Ursula,"Umm, nothing. I mean, I’m getting married next week.",neutral
860,Jim,And your breasts! Hmm!!!,surprise
860,Phoebe,Okay.,neutral
860,Phoebe,"Umm look, you’re coming on a little strong.",fear
860,Phoebe,"But I’m going to give you the benefit of the doubt, because it seems the universe really wants to be together.",neutral
860,Phoebe,"So, why don’t we just start over okay?",neutral
860,Phoebe,And you can just tell me about yourself.,neutral
860,Jim,All right.,neutral
860,Phoebe,Okay.,neutral
860,Jim,"I write erotic novels, for children.",neutral
860,Phoebe,What?!,surprise
860,Jim,They’re wildly unpopular.,neutral
860,Phoebe,Oh my God!,disgust
860,Jim,"Oh also, you might be interested to know that I have a Ph.D.",neutral
860,Phoebe,Wow! You do?,surprise
860,Jim,"Yeah,  a Pretty Huge",joy
860,Phoebe,All right.,disgust
861,Ross,"So, uh, how's she doing?",sadness
861,Aunt Lillian,The doctor says it's a matter of hours.,sadness
861,Monica,"How-how are you, Mom?",sadness
861,Mrs. Geller,"Me? I'm fine, fine. I'm glad you're here. ...What's with your hair?",anger
861,Monica,What?,surprise
861,Mrs. Geller,What's different?,surprise
861,Monica,Nothing.,neutral
861,Mrs. Geller,"Oh, maybe that's it.",neutral
861,Monica,"She is unbelievable, our mother is...",anger
861,Ross,"Okay, relax, relax.",neutral
861,Ross,"We are gonna be here for a while, it looks like, and we still have boyfriends and your career to cover.",neutral
861,Monica,Oh God!,surprise
861,Monica,The fuzzy little mints at the bottom of her purse.,neutral
861,Ross,Oh!,surprise
861,Ross,"...Yeah, they were gross.",disgust
861,Ross,"Oh, you know what I loved?",joy
861,Ross,Her Sweet 'n' Los.,joy
861,Ross,How she was always stealing them from- from restaurants.,joy
861,Mr. Geller,"Not just restaurants, from our house.",neutral
862,Rachel,Maybe.,neutral
862,Monica,You can't!,surprise
862,Rachel,Why?  Seriously I did not understand a word that    you said.,surprise
862,Monica,In the hall.,neutral
863,Ronni,"Now, y'see, most people, when their pets pass on, they want 'em sorta laid out like they're sleeping.",neutral
863,Ronni,But occasionally you get your person who wants them in a pose.,neutral
863,Ronni,"Like, chasing their tail,  or, uh, jumping to catch a frisbee.",neutral
863,Chandler,"Joey, if I go first, I wanna be looking for my keys.",neutral
863,Ronni,That's a good one!,joy
863,Mr. Tribbiani,"Hey, Joe.",neutral
863,Joey,"Dad, Ronni's here.",neutral
863,Mr. Tribbiani,Huh?,surprise
864,Rachel,"So now, these are all the tuxedos that we make and if there’s anything that you like, we can make you a deal.",neutral
864,Rachel,Anything at all.,neutral
864,Rachel,But these are the three that Monica pre-approved.,neutral
864,Chandler,"Well, thanks a lot for hookin’ me up Rach. I want you to know that I want you to attend our wedding as my guest.",joy
864,Rachel,I’m Monica’s maid of honor. Okay? Don’t try to blue pin me!,anger
865,Ross,"Oh here, I think this is us.  Yeah.",neutral
865,Monica,Limited seating my ass. Let’s see who made the cut.  Hi!,anger
865,Monica,I’m Monica Gellar. Who do you know the bride and groom?,neutral
865,Monica,Used to work with her. Used to! I’m a relative and I didn’t get invited! A,anger
865,Ross,"Stop saying, ""Blood"" to strangers.",sadness
865,Monica,"So, how about you huh? How do you know the happy couple?",joy
865,Monica,"Okay, you’re fine.",neutral
866,Emily,"Monica, why have you brought me here of all places?!",surprise
866,Monica,You’ll see.,neutral
866,Emily,"I tell you, this wedding is not going to happen.",joy
866,Ross,"Okay? But-but imagine a lot more lights, okay? And-and y’know fewer bricks, and-and-and flowers, and candles",neutral
866,Monica,"And the musicians, look, they can go over here , okay? And the chairs can face this way , and…  You go.",neutral
866,Ross,"But-but, if you don’t love this, we’ll do it in any other place at any other time.",neutral
866,Ross,"Really, it’s fine, whatever you want.",neutral
866,Emily,It’s perfect.,joy
866,Ross,"And, I don’t know, if it starts to rain",joy
866,Emily,Well then we’ll get wet.,anger
866,Monica,Ohh. And I don’t even have a date.,sadness
867,Rachel,Coming.,neutral
867,Ross,I have a bone to pick with you.,anger
867,Rachel,Uh-oh.,fear
867,Ross,Yes! Ben learned a little trick.,anger
867,Rachel,Oh yeah? Did he pull the old,surprise
867,Ross,That’s right! That’s right!,joy
867,Rachel,Oh that.,neutral
867,Ross,Yeah that! You know I hate practical jokes! They’re mean and they’re stupid and-and I don’t want my son learning them!,anger
868,Cecilia,Y’know what? It doesn’t matter! Because it is not true!,anger
868,Joey,Okay.,neutral
868,Cecilia,"And if it were true, how",neutral
868,Joey,Ms. Monroe…  Oh there you go.,neutral
869,Joey,Mark's a genius!,surprise
869,Ross,Why?! How?! How is he a genius?,surprise
869,Chandler,"Look, don't you see what's happening here.",anger
869,Chandler,"Instead of hitting on her right away, he's becoming her confidant.",anger
869,Chandler,Now he's gonna be the guy she goes too to complain about you.,neutral
869,Ross,What am I going to do?,fear
869,Chandler,"Well, why don't you send her a musical bug, op, no you already did that.",neutral
869,Chandler,"All right look, you're going to have to go there yourself now, okay, make a few surprise visits.",neutral
869,Ross,I don't know you guys.,fear
869,Chandler,"All right fine, don't do anything, just sit here and talk to us, meanwhile she is talking to him about you.",disgust
869,Chandler,"And he's being Mr. Joe Sensitive, and she starts thinking 'Maybe this is the guy for me, because he understands me.'",disgust
869,Joey,"And before you know it, she's with him.",anger
869,Joey,"And you'll be all, 'Ohh, man!'",anger
869,Joey,"And he'll be all, 'Yes!'",anger
869,Joey,"And us, we'll be like, 'Wh-whoa, dude.'",joy
869,Joey,"And pretty soon you'll be like,  'Hhiii,' and, and, and, 'I can't go, Rachel and Mark might be there.'",disgust
869,Joey,"And we'll be like, 'Man get over it, it's been four years!!'",disgust
869,Chandler,He paints quite a picture doesn't he?,neutral
870,Joey,"This is what I’ve got going for the party so far, liquor wise. Get a lot of liquor.",neutral
870,Ross,Great. Great.,neutral
870,Joey,"Okay, now uh, in terms of the invite list, I’ve got you, me, and Chandler and I’m gonna invite Gunther ‘cause, well, we’ve been talking about this pretty loud.",neutral
870,Gunther,I’ll be there.,neutral
870,Joey,"Listen, I know this is your party, but I’d really like to the number of museum geeks that are gonna be there.",neutral
870,Ross,"Yeah. Tell ya what, let’s not invite any of the anthropologists, only the dinosaur dudes!",neutral
870,Joey,Okay! We’ll need a six-pack of,neutral
870,Chandler,"Hey guys, what are you doing?",neutral
871,Chandler,"Hey, y’know what, if you’re gonna do that, if you’re gonna name him Joey, you should name him Chandler.",neutral
871,Chandler,"Oh, come on!",sadness
871,Chandler,"Chandler’s funny, sophisticated, and he’s very loveable, once you get to know him.",neutral
871,Joey,"Oh well, hey, Joey’s loveable too! But the thing about Joey is, if you need him, he’ll be there.",neutral
871,Chandler,"Well, Chandler will be there for you too.",neutral
871,Chandler,"I mean, well, he might be a little late, but-but, he’ll be there.",neutral
871,Chandler,"And he’ll bring you some cold soda, if want you need him for is that you’re really hot.",neutral
871,Joey,What do ya say? What do ya say?,neutral
871,Phoebe,"Well, I, I like the idea of naming him after someone I love, and Joey and Chandler are great names.",neutral
871,Phoebe,"But, all right, I don’t—maybe I’ll just name him The Hulk.",neutral
871,Joey,I knew I shouldn’t have mentioned it! That’s what I wanted to name my kid!,sadness
872,Mrs. Geller,"What that Rachel did to her life.... We ran into her parents at the club, they were not playing very well.",sadness
872,Mr. Geller,I'm not gonna tell you what they spent on that wedding... but forty thousand dollars is a lot of money!,surprise
872,Mrs. Geller,"Well, at least she had the chance to leave a man at the altar...",joy
872,Monica,What's that supposed to mean?,surprise
872,Mrs. Geller,Nothing! It's an expression.,neutral
872,Monica,No it's not.,neutral
872,Mr. Geller,Don't listen to your mother.,neutral
872,Mr. Geller,"You're independent, and you always have been!",neutral
872,Mr. Geller,"Even when you were a kid... and you were chubby, and you had no friends, you were just fine!",neutral
872,Mr. Geller,"And you would read alone in your room, and your puzzles...",neutral
873,Joey,PBS Telethon.,neutral
873,Phoebe,Hi Joey.,neutral
873,Joey,Hey Pheebs!,joy
873,Phoebe,I,neutral
873,Joey,"$200? Are you sure Pheebs? I mean, after what",surprise
873,Phoebe,"Oh, I'm still mad at them but I also now that they bring happiness to lots of kids who's moms didn't kill themselves, so by supporting them, I'm doing a good thing, but I'm not",anger
874,Ross,What kind of problem?,surprise
874,Joey,"Well to tell you the truth, they uh,  they had a problem with the bag!",sadness
874,Chandler,Oh my God!,surprise
874,Joey,Y'know what? It was a stupid play anyway!,sadness
874,Monica,"Y'know, Joey, I think it's time to give up the bag.",sadness
874,Joey,I don't wanna give up the bag.,sadness
874,Joey,I don't have to give up the bag!,anger
874,Joey,Do I Rach?,sadness
874,Joey,"Oh, you think I should give up the bag!",anger
874,Rachel,"Honey wait, Joey, I’m sorry I mean as terrific as I think you are with it",neutral
874,Rachel,I just don't know if the world is ready for you and your bag.,sadness
874,Joey,I can't believe I'm hearing this!,sadness
874,Rachel,Wait a minute!,sadness
874,Rachel,Wait a minute!,anger
874,Rachel,"I'm not saying that you shouldn’t have a bag, I just—it's just there are other bags that are a little less umm,  controversial.",neutral
874,Chandler,"Yeah umm, they're called wallets.",neutral
875,Hotel Clerk,I think you'll find this room more to your liking.,neutral
875,Chandler,"Okay, great.",joy
875,Hotel Clerk,They say he's only got half a tank left.,neutral
875,Chandler,Half a tank? We still got a lot of high-speed chasing to do!,surprise
875,Monica,We're switching rooms again.,anger
875,Chandler,What? Why?,surprise
875,Monica,"This is a garden view room, and we paid for an ocean view room.",anger
875,Hotel Clerk,Our last ocean view room was unacceptable to you.,joy
875,Monica,"Excuse me, umm, can I talk to you over here for just a second?",anger
875,Chandler,Uh-huh.,neutral
875,Monica,Chandler!,neutral
876,Chandler,Are you kidding me?! Joey. Joey! Joey! Joey! Joey! Joey! Joey! Joey! Joey! Joey!!,anger
876,Joey,Joey. Joey. Joey. Joey! Joey!!,anger
876,Chandler,"Oh. Oh, did-did-did I wake you?",surprise
877,Phoebe,Hey!,joy
877,David,"Hey! Oh, I was just about to leave. I-I-I-I didn’t think you were coming.",surprise
877,Phoebe,"Oh, I wouldn’t miss this.",joy
877,David,"Well, I’m very glad you’re here.",joy
877,Phoebe,"Oh, you’re such a gentleman.  Come on! We’re going to my place!",joy
878,Joey,Hey!,joy
878,Monica,Hey-hey.,neutral
878,Joey,So are guys doing okay?,neutral
878,Chandler,"Yeah, we talked and Monica made me see that I over reacted a little bit and some things in life are more important.",neutral
879,Tag,Do you have a minute?,neutral
879,Rachel,"Well yeah, sure, what’s up?",neutral
879,Tag,I got asked out twice today when I was at lunch…by guys.,neutral
880,Rachel,Oh really?!,surprise
880,Tag,Yeah. Did you tell someone that I was gay?,neutral
880,Rachel,"Oh, did you not want people to know that?",joy
881,Tag,But I’m not gay. And I especially wouldn’t want you to think I was gay.,joy
882,Rachel,Why’s that?,neutral
883,Tag,I don’t think I should say.,neutral
883,Rachel,"Ohh, you can say. Come on, I don’t want you to feel like you can’t tell me things.",neutral
883,Tag,Okay.,neutral
883,Rachel,‘Kay.,neutral
883,Tag,Well,neutral
883,Rachel,Yeah.,neutral
883,Tag,I’d love to ask out your friend Phoebe.,neutral
883,Rachel,"Yeah, she’s gay.",neutral
884,Casey,Here you go.,neutral
884,Joey,"Great! All right, so I’ll call you later.",joy
884,Casey,Great!,joy
884,Chandler,Hey-Hey-Hey! Who was that?,surprise
884,Joey,That would be Casey. We’re going out tonight.,neutral
884,Chandler,"Goin’ out, huh? Wow! Wow!  So things didn’t work out with Kathy, huh? Bummer.",surprise
884,Joey,"No, things are fine with Kathy. I’m having a late dinner with her tonight, right after my early dinner with Casey.",neutral
884,Chandler,What?,surprise
884,Joey,Yeah-yeah. And the craziest thing is that I just ate a whole pizza by myself!,anger
884,Chandler,Wait! You’re going out with Kathy!,surprise
884,Joey,Yeah. Why are you getting so upset?,surprise
884,Chandler,"Well, I’m upset—for you. I mean, having sex with an endless line of beautiful women must be very unfulfilling for you.",disgust
884,Joey,What is the big deal? It’s not like we’re exclusive.,sadness
884,Chandler,"Look, Joey, Kathy is clearly not fulfilling your emotional needs.",anger
884,Chandler,"But Casey, I mean granted I only saw the back of her head, but I got this sense that she’s-she’s smart, and funny, and gets you.",neutral
884,Joey,You got all that from the back of her head?,surprise
884,Chandler,"All right look, I think it’s time for you to settle down. Y'know? Make a choice, pick a lane.",neutral
884,Joey,Who’s Elaine?,neutral
885,Chandler,Can you people not see me?!,joy
885,Rachel,"So, will you talk to him?",neutral
885,Joey,I don’t know Rach.,neutral
885,Rachel,"Oh, come on! I’ll give you ten free",anger
885,Joey,One!  No ten! You said ten! You can’t take that back!,anger
886,Rachel,Hey!,joy
886,Chandler,Hi!,joy
886,Chandler,"Listen, can we watch cartoons on your television?",neutral
886,Chandler,We need a porn break.,neutral
886,Chandler,"We spent the last two hours watching In & Out & In, Again.",neutral
886,Rachel,"Well, so, why don’t you just turn it off?",joy
886,Chandler,Because then we would be the guys who turned off free porn.,neutral
886,Phoebe,"Ooh, good, you’re hear! Okay.",joy
886,Monica,Hey!,joy
886,Phoebe,Hi!,joy
886,Rachel,"Well, what-what ‘cha got there?",joy
886,Phoebe,"Oh this, well I’m glad you asked.",joy
886,Phoebe,"Now, don’t you hate it when you have to cut a tin can with an ordinary steak knife?",disgust
886,Phoebe,Ahh!,neutral
886,Phoebe,"Now, I know what you’re thinking",neutral
886,Chandler,Pregnant Woman Slays Four?,fear
886,Monica,"Phoebe, they didn’t make you pay for those knives, did they?",surprise
886,Phoebe,No!,joy
886,Rachel,"Honey, you’re not gonna make enough money to help Frank and Alice just by selling knives.",neutral
886,Phoebe,"No-no, I know that, but I just have to make enough money for the second part of my plan.",neutral
886,Chandler,What’s the second part of your plan?,neutral
887,Ross,Yes that’s right.,neutral
887,The Instructor,Why?,surprise
887,Ross,"I tired attacking two women, did not work.",neutral
887,The Instructor,What?!,surprise
887,Ross,"No, I mean it’s okay, I mean, they’re-they’re my friends.",neutral
887,Ross,"In fact, I-I-I was married to one of them.",anger
887,The Instructor,"Let me get this straight man, you attacked your ex-wife?!",anger
887,Ross,"Oh, no!",surprise
887,Ross,No-no!,surprise
887,Ross,"No, I tired!",surprise
887,Ross,But I couldn’t.,neutral
887,Ross,That’s why I’m here.,anger
887,Ross,Maybe we could attack them together?,neutral
887,Ross,That-that’s a no.,neutral
888,Ross,"What? No! No, I’m not stopping. I’m Red Ross!",sadness
888,Joey,"Dude, if you go back out there, you’re gonna be Dead Ross!",anger
888,Ross,I don’t care! I am not quitting! I insist on finishing this game!,anger
888,Emily,"All right, all right, if you insist on doing this, at least let me help you.",anger
888,Ross,"No, God no! That is no place for a woman. Those guys will grab anything.",neutral
888,Emily,No. That’s not what I’m saying. I just may know a few things that might help you inflict some pain.,neutral
888,Ross,I like that.,joy
888,Emily,"Yeah? Listen closely, Devon has got a weak ankle.",neutral
888,Ross,Huh?,neutral
888,Emily,One swift kick and he’ll back off.,neutral
888,Ross,"All right, bad ankle, got it!",neutral
888,Emily,"And that big bloke with the beard, he has got a trick hip.",neutral
888,Emily,Yeah.,neutral
888,Emily,"And uh, and David over there, I heard he doesn’t wear a cup.",neutral
888,Ross,"Yeah? I can use that, trick hip, no cup, okay! Okay!",joy
888,Emily,"And uh, Liam, Liam’s got bad knees. You hit him right and he’ll go down like a lamp.",neutral
888,Ross,"But-but, Liam’s on my team.",joy
888,Emily,I don’t care! You just get him!,anger
888,Ross,"I’m gonna go get him! Okay, I am going back in!",joy
888,Joey,The Red Ross! Okay.,joy
889,Rachel,Oh!  Oh by the way?,neutral
889,Phoebe,Uh-hmm.,neutral
889,Rachel,James Brolin?,neutral
889,Phoebe,"Oh, I know. I could only think of two names, him and Ed Begley Jr. and then I remembered he’s gay.",neutral
889,Rachel,Ed Begley Jr. is not gay.,neutral
889,Phoebe,Really?!,surprise
890,Rachel,Hello?,neutral
890,Russell,"Hello, is Ross there?",neutral
890,Rachel,"Uh no, he’s not. Can I take a message?",neutral
890,Russell,"Yes, this Russell, Ross’s divorce lawyer, just tell him that since I haven’t heard from him, I assume he’s decided to give the marriage a try.",neutral
890,Rachel,Ross got married again—Nooooooo!!!!!!!!!,surprise
891,Rachel,"Oh-oh! Okay, she’s kicking!",joy
891,Chandler,Oh!  She’s growing inside you.,neutral
891,Rachel,Whoa!!,surprise
891,Chandler,Oh!,surprise
891,Rachel,Wow that was a big one.,surprise
891,Chandler,I think that’s the youngest girl ever to reject me.,joy
891,Phoebe,Oh hey you guys!,joy
892,Joey,"Sure, I can hang out ‘til I have to meet ya.  What uh—How come you’re not going?",neutral
892,Chandler,I have a job interview I have to get ready for.,neutral
892,Joey,I thought you already have a job.,neutral
892,Chandler,And people say you don’t pay attention.,neutral
892,Chandler,"No, this is a much better job.",neutral
892,Chandler,It’s vice-president of a company that does data reconfiguration and statistical factoring for other companies.,neutral
892,Joey,Wow! How do you know how to do that?!,surprise
892,Chandler,That’s what I do now.,neutral
892,Monica,"Hey Joey, come taste this.",neutral
892,Joey,What is it?,neutral
892,Monica,Remember that guy that gave me a bad review? Well…  I’m getting my revenge!,anger
892,Joey,You cooked him?,surprise
892,Monica,No.,neutral
892,Monica,"He teaches a course on food criticism at the New School, so before we go to the movies I wanna go by there and make him try my bouillabaisse again.",neutral
892,Monica,"Oh, I cannot wait to read the front page of the Post tomorrow!",joy
892,Monica,"""Restaurant reviewer admits: I was wrong about Monica.""",joy
892,Chandler,"The front page? You really do live in your own little world, don’t ya?",sadness
893,Joey,"So, did you uh, find anyone to marry you guys yet?",neutral
893,Chandler,"No, but Horny for Monica Minister called, wanting to know if we were still together.",disgust
893,Monica,We’re never gonna find anybody.,sadness
893,Joey,Well then let me do it!,joy
893,Chandler,Joe,joy
893,Joey,No-no-no!,neutral
893,Joey,"Look, I’ve been thinking about it.",neutral
893,Joey,I’m an actor right?,neutral
893,Joey,So I won’t get nervous talking in front of people.,neutral
893,Joey,"I won’t spit, and I won’t stare at Monica’s breasts!",anger
893,Joey,Everyone knows I’m an ass man!,joy
893,Monica,That is true.,neutral
893,Joey,"Yeah and the most important thing is that it won’t be some like, stranger up there who barely knows you.",joy
893,Joey,It’ll be me!,joy
893,Joey,And I swear I’ll do a really good job.,joy
893,Joey,"Plus, y’know I love you guys and-and it would really mean a lot to me.",joy
893,Monica,It might be kinda cool.,joy
893,Joey,So I can do it?,joy
894,Phoebe,Ah-ha! Too cocky!,joy
895,Joey,I still can’t believe they took away my key. You trust me with yours.,fear
895,Phoebe,Of course I do! And I’m gonna give it back to you as soon as they’re done with it at the key shining place.,neutral
895,Joey,What the hell is that?,anger
895,Joey,"Whoa! Whoa! Whoa! Treeger, what are you doing?",surprise
895,Mr. Treeger,You said there was a gas leak in here.,neutral
895,Phoebe,Well why don’t you use your key?,neutral
895,Mr. Treeger,"Because by the time I find it on this thing , the whole place might have exploded.",neutral
895,Mr. Treeger,"If that happens at another building that I manage, people are gonna start asking questions.",neutral
895,Mr. Treeger,Come on!,anger
895,Mr. Treeger,Hurry up.,sadness
895,Phoebe,Oh! We could have done that.,neutral
896,Chandler,"Luckily, the guy she settled for can’t hear what you’re talking about.",neutral
896,Phoebe,"Oh, I’m so sorry.",sadness
896,Phoebe,"Um, and maybe I’m wrong!",sadness
896,Phoebe,"I but—y’know I’m gonna go out with him again, I’ll find out more.",neutral
896,Chandler,You believe that this guy is destined for someone else and you’re still gonna date him?,surprise
896,Phoebe,"Well, he may not be my soul mate, but a girl’s gotta eat.",neutral
897,Monica,"Oh, but it’s made her so happy.",anger
897,Ross,Little girl misses her cat.,neutral
897,Ross,Crazy lady thinks her mother is in a cat.,sadness
897,Ross,"Okay, y'know what, I have to go have dinner with my son, can I trust that when you see Phoebe, you will tell her.",neutral
897,All,Yeah.,neutral
897,Ross,Thank you.,neutral
897,Rachel,I,neutral
897,Monica,"He is right, isn’t he?",joy
897,Chandler,"Y'know what, I think this might be one of the times he’s wrong.",neutral
897,All,You think?,surprise
897,Chandler,"Oh-no, he’s right.",neutral
898,Joey,Seven hundred bucks!,joy
898,Chandler,"Alright, you did it! Do we have any fruit?",joy
898,Joey,"Man, hell of a two weeks, huh? Y'know what, though? I really feel like I learned something.",joy
898,Chandler,"Really? So, you're gonna stick with this 'it's all for her' thing?",neutral
898,Joey,"What, are you crazy? When a blind man gets his sight back, does he walk around like this?",disgust
899,Phoebe,Oh.,neutral
899,Monica,Y'know those are a delicacy in India.,neutral
900,Phoebe,Me too.,neutral
900,Phoebe,"Although this city is my home, so.",neutral
900,Phoebe,"So that’s dumb what I said, don’t tell him I said that.",neutral
900,Phoebe,"Umm, you make something up.",neutral
900,Phoebe,"Nice,  thank you.",joy
900,Phoebe,This is me.,neutral
900,Phoebe,Here.,neutral
900,Mischa,Your eyes are very pretty.,joy
900,Phoebe,"Thank you, very much! Oh!  Thank you!",joy
900,Mischa,He would like to kiss you.,neutral
900,Phoebe,"Okay, y'know what, you don’t have to do that now.",neutral
900,Phoebe,No-no-no-no!!,joy
900,Phoebe,"Not him, you don’t!",surprise
900,Phoebe,Well the moment’s over.,neutral
900,Phoebe,Oh.,neutral
900,Mischa,Oy!,neutral
901,Chandler,"Hey! Hold on a minute, hold on a second. Do you think these pearls are nice?",anger
901,Joey,I’d really prefer a mountain bike.,neutral
901,Chandler,"Janice’s birthday is coming up, I want to get her something speacial. Come in here with me.",neutral
901,Joey,"Whoa, whoa, whoa, wait, whoa.",surprise
901,Joey,"Do you ah, want to get her something speacial, get her flowers, get her candy, get her gum, girls love gum.",anger
901,Chandler,"That’s a good idea, ‘Dear Janice have a Hubba-Bubba birthday’. I would like to get her something serious.",disgust
901,Joey,"Oh, you want something serious.",neutral
901,Joey,"Y'know what you should do, you should get her one of those um, barium enemas.",neutral
901,Joey,Those are dead serious.,neutral
901,Chandler,"All right. Look, I’m gonna go in here, and you don’t buy me anything ever.",anger
901,Joey,"No, no, you can’t, you can’t, okay, you can’t, you can’t buy her pearls, you just can’t, you can’t, you can’t.",fear
901,Chandler,Why not?!,surprise
901,Joey,"Oh God. Uh, okay, here’s the thing, this is the thing, okay, the thing is...",neutral
901,Chandler,What is the thing?,sadness
901,Joey,"Okay. I went down to the ‘Mattress King’ showroom and, and I saw Janice, kissing her ex-husband.",sadness
901,Chandler,What?,surprise
901,Joey,They were in his office.,neutral
901,Chandler,"Well she, she wouldn’t do that, she’s with, she’s with me.",sadness
902,Rachel,I’m telling you it’s like watching Bambi learn how to walk.,anger
902,Ross,You’re drunk! Mom and dad are gonna be maaaaadd! Maybe I’m a little drunk.,surprise
902,Joey,Hey! Are those crab cakes?  Did I not tell ya to come straight to me when more crab cakes were ready?,joy
902,Chandler,How are you feeling?,neutral
902,Monica,You are,neutral
902,Ross,I really wish that you wouldn’t.,anger
902,Chandler,"Now all you have to do is just get through a little bit more, okay?",neutral
902,Chandler,"Then we can put you in bed, okay?",neutral
902,Chandler,Just smile and don’t talk to,neutral
902,Phoebe,Speech! Speech! Let’s hear from the birthday girl! Huh?,joy
902,Chandler,Pheebs!!,joy
902,Phoebe,Don’t you see? Everyone’s looking at me! The plan’s working! I didn’t even have to take off my top yet!,joy
902,Mrs. Geller,Speech! Come on Monica!,joy
902,Ross,Come on!,joy
902,All,Come on! Speech!,joy
902,Mr. Geller,"Hey Chandler, you can’t keep your hands off her for one second!",anger
902,Mrs. Geller,"Oh-ho, I think it’s nice.",joy
903,Rachel,Well you have to because maybe it’s stupid.,neutral
903,Chandler,Well it’s just while Monica and I were dancing to them it was…the first time I knew that…you were the woman I wanted to dance all my dances with.,joy
903,Monica,Oh crap!,anger
904,Monica,All right.,neutral
904,Monica,The super couldn’t figure out what it did.,neutral
904,Monica,A $200 an hour electrician couldn’t figure out what it did.,sadness
904,Monica,I’ve had seven pretty serious shocks.,sadness
904,Monica,I officially give up.,disgust
904,Rachel,Thank God.,joy
904,Monica,"I guess Joey was right, it does nothing.",joy
904,Phoebe,See? I’m doing it. I am totally doing it.  I lost it.,anger
905,Chandler,Are there no conscious men in the city for you two?,sadness
905,Monica,He doesn't have anyone.,neutral
905,Phoebe,"Yeah, we-we feel kinda responsible.",anger
905,Joey,I can't believe you said woowoo. I don't even say woowoo.,disgust
905,Rachel,"Oh, she's coming up! She's coming up!",joy
905,Jay Leno,"Folks, when we come back we'll be talking about her new book, 'Euphoria Unbound': the always interesting Nora Tyler Bing.",neutral
905,Jay Leno,You might wanna put the kids to bed for this one.,neutral
905,Chandler,"Y'know, we don't have to watch this.",neutral
905,Rachel,"No way, forget it.",joy
905,Joey,"C'mon, she's your mom!",anger
905,Chandler,Exactly.,neutral
905,Rachel,"Chandler, I gotta tell you, I love your mom's books!",joy
905,Rachel,I love her books!,joy
905,Rachel,I cannot get on a plane without one!,joy
905,Rachel,"I mean, this is so cool!",joy
905,Chandler,"Yeah, well, you wouldn't think it was cool if you're eleven years old and all your friends are passing around page 79 of 'Mistress Bitch.'",disgust
905,Ross,"C'mon, Chandler, I love your mom. I think she's a blast.",joy
906,Joey,Thank you.,neutral
906,Rachel,And a nice hot cider for Monica.,neutral
906,Monica,"Aww, thank you.  Uh Rach?",neutral
906,Rachel,Yeah?,neutral
906,Monica,Why does my cinamon stick have an eraser?,surprise
906,Rachel,Oh! That's why.  I'm sorry!,surprise
907,Phoebe,"Oh. Oh! Ma'am? Excuse me, ma'am?",neutral
907,Phoebe,You can't put your cigarette out on a tree!,anger
907,The Smoking Woman,"Yeah I can, it worked real well.",neutral
907,Phoebe,No but you shouldn't! Don't ever do that again.,anger
907,The Smoking Woman,I won't!  Until I have my next cigarette.,anger
907,Phoebe,Hold it!  N.Y.P.D! Freeze punk!,anger
907,The Smoking Woman,What?!,surprise
907,Phoebe,Yeah that's right you are so busted.  Book 'em.,anger
907,The Smoking Woman,Who are you talking too?,surprise
907,Phoebe,"Save it Red! Unless you wanna spend the night in the slammer, you apologize to the tree.",disgust
907,The Smoking Woman,I am,neutral
907,Phoebe,You apologize to the tree right now or I am calling for backup.   Backup! Backup!!,anger
907,The Smoking Woman,I-I'm sorry! Sorry.,fear
907,Phoebe,"Okay, cancel backup! Cancel backup!",neutral
908,Phoebe,Shh! Get me out of here.,fear
908,Rachel,Oh.,neutral
908,Joey,Ross!,surprise
908,Ross,What?,neutral
908,Joey,"Come here, check this out!",surprise
908,Ross,What? Is it the comet?,neutral
908,Joey,"No! No-no. Look, there’s a bug stuck in tar right here.",surprise
908,Ross,"Joey come—I can’t believe—I bring you here to see the Bapstein-King comet, one of nature’s most spectacular phenomenon, and all you care about are bugs stuck in tar and-and some woman!",anger
908,Joey,"Y’know, there’s",neutral
908,Ross,Show me where?,neutral
908,Joey,Right-right up here.,neutral
908,Ross,Joey where’s the pipe that was holding the door open?,neutral
908,Joey,"I don’t know!   Yeah, I do.",joy
908,Ross,Joey!,anger
908,Joey,What?! All right—Hey! Don’t look at me! You’re the one who wanted to come up and look for some stupid,anger
908,Ross,"It’s called the Bapstein-King comet, okay?  Hey! Hey! Bapstein was a very well respected astronomer!",anger
908,Joey,Oh no! No! No!,surprise
909,Phoebe,Wow! This place is incredible!  Sting’s pen…that he gave to Phoebe.  Come on! Secret passageway!,joy
909,Trudie Styler,Hi!,neutral
909,Phoebe,Hi!,neutral
909,Trudie Styler,I’m Trudie.,neutral
909,Phoebe,Uh-huh.,neutral
909,Trudie Styler,You must be Ben’s mum.,neutral
909,Phoebe,Why else would I be here?,neutral
909,Trudie Styler,Do sit down.,neutral
909,Rachel,Yeah.,neutral
910,Monica,Hi.. how was the game?,neutral
910,Ross,Well..,neutral
910,All,WE WON!! Thank you! Yes!,joy
910,Monica,Fantastic! I have one question: How is that possible?,surprise
910,Joey,Alan.,neutral
910,Ross,He was unbelievable.,joy
910,Ross,"He was like that-that-that Bugs Bunny cartoon where Bugs is playing all the positions, right, but instead of Bugs it was first base-Alan, second base-Alan, third base-...",joy
910,Rachel,"I mean, it-it was like, it was like he made us into a team.",joy
910,Chandler,"Yep, we sure showed those Hassidic jewellers a thing or two about softball..",joy
910,Monica,Can I ask you guys a question? D'you ever think that Alan is maybe.. sometimes..,neutral
910,Ross,What?,surprise
910,Monica,"..I dunno, a little too Alan?",neutral
910,Rachel,"Well, no. That's impossible. You can never be too Alan.",joy
910,Ross,"Yeah, it's his, uh, innate Alan-ness that-that-that we adore.",joy
910,Chandler,I personally could have a gallon of Alan.,joy
911,Joey,"Well I had a great time! Learned how to bake, ate great food, that’s the first A I’ve gotten since seventh grade,",joy
911,Monica,"Oh, look! Acting for Beginners! Want to feel good about yourself?",fear
911,Joey,What the hell!,surprise
911,Monica,Okay.,neutral
911,The Acting Teacher,"All right, let’s start with some basics. Can anybody tell me what the difference between upstage and downstage is?",neutral
911,Joey,"Yeah, this was a stupid idea.",disgust
912,Ross,My God!,surprise
912,Ross,These pants are burning up!,surprise
912,Ross,"Oh come on, she wants to snuggle now!",surprise
912,Ross,What is she trying to kill me?,anger
912,Ross,It's like a volcano in here!,surprise
912,Ross,Are you hot?,neutral
912,Ross,"Okay, it must just be me then.",neutral
912,Ross,"That was just the pants on the couch. Umm, hey, do you, do you mind if I use your bathroom?",neutral
913,Joey,You're driving me crazy with that!,anger
913,Chandler,"Okay, I'll stop.",neutral
913,Joey,Don’t stop! Move the bowl further away! Ross could make that shot!,anger
913,Joey,"Well, you suck! But at least you suck at a man's game now.",anger
913,Chandler,You wanna play?,neutral
913,Joey,"Chandler, I can't be playing games, Ross is gonna be home soon.",neutral
913,Joey,And I have to write five whole pages if I'm gonna stick to his schedule.,neutral
913,Chandler,"Well, so, play for the next 30 minutes and then write until he gets home.",neutral
913,Joey,"All right! But uh, listen, what do you say we crank it up a notch?",joy
913,Chandler,I'm intrigued.,neutral
913,Joey,"All right, all we need is a little lighter fluid.",neutral
913,Chandler,"Okay, but be careful okay, because I wanna get our security deposit back.",joy
913,Joey,"Yeah, I think we said good-bye to that when we invented hammer darts.",joy
913,Chandler,Do you even remember which part of the wall is not spackle?,neutral
913,Joey,"Uh yeah, right here.",neutral
914,Monica,"Hey, Rach. How was it with your friends?  Okay! How would you like some Tiki Death Punch?",joy
914,Rachel,What's that?,neutral
914,Monica,"Weeeell, it's rum, and-",neutral
915,Monica,I'm sure they'll be here soon.,neutral
915,Rachel,"Yeah, honey, they wouldn't miss this.",neutral
915,Joey,Relax. You're only at nine centimeters. And the baby's at zero station.,neutral
915,Chandler,You are really frightening me.,fear
915,Chandler,"Somebody wanna help me, tryin' to rip out my heart.  Uh, that's great.  Anybody seen a nipple?",fear
915,Dr. Franzblau,"All right, ten centimeters, here we go.",neutral
915,Nurse,"All right, honey, time to start pushing.",neutral
915,Carol,But they're not here yet!,fear
915,Dr. Franzblau,"I'm sorry, I can't tell the baby to wait for them.",neutral
915,Carol,"Oh, god.",fear
916,Ross,"Here we go. Mona umm, I think it’s time we-we had a conversation about-about where things are with us.",joy
916,Mona,"Yeah, I-I think I suggested that.",neutral
916,Ross,"Aw, we-we are so… So umm, well I-I-I like you and I-I love umm, y’know hanging out with you.",joy
916,Ross,And I mean-I’m having a lot of fun.,joy
916,Mona,Okay.,neutral
916,Ross,"I mean, there’s no point in spending time with someone if-if it’s just fun.",neutral
916,Ross,"It’s gotta be, it’s gotta be going somewhere right?",joy
916,Ross,So where-where is it going?,neutral
916,Ross,Ah!,surprise
916,Ross,That’s-that’s the real question.,neutral
916,Ross,And-and the answer is…is it’s going somewhere…fun.,joy
916,Ross,"Now I-I know what you’re thinking, fun was fine for you like ten years ago y’know, but you’re-you’re not getting any younger.",neutral
916,Ross,"No I mean—No not you, not you, you—you",fear
916,Mona,"I’m sorry, so umm, so where are we?",sadness
917,Chandler,Y’know what?,neutral
917,Chandler,I am going to take you out to dinner tonight.,joy
917,Chandler,I found this place that makes the greatest mozzarella sticks and jalepino poppers .,joy
917,Chandler,No?,anger
917,Chandler,Really?,surprise
917,Chandler,They taste so good.,joy
918,Phoebe,Drum roll.,neutral
918,Chandler,"Okay. Okay. All right. Help! Am I a Mark, or a John?",neutral
918,Joey,"Nah, you’re not tall enough to be a Mark, but you might make a good Barney.",neutral
918,Chandler,"All right look, am I serious, okay? Tomorrow at 3:30 I am going down to the courthouse.",neutral
918,Phoebe,You’re actually going through with this?,surprise
918,Chandler,"Hey, look, this name has been holding me back my entire life.",anger
918,Chandler,"Okay, it’s probably why kids picked on me in school, and why I never do well with women… So, as of 4 o’clock tomorrow, I’m either gonna be Mark Johnson or John Markson.",neutral
918,Phoebe,You got problems because of you!,anger
918,Phoebe,Not your name!,sadness
918,Phoebe,"All right, this has got to stop!",anger
918,Phoebe,Chandler is a great name!,anger
918,Phoebe,"In fact—yes,  I’m, I’m sorry.",sadness
918,Phoebe,"I know you really wanted me to name the baby Joey, but eh, so, I’m-I’m, I’m gonna, I’m gonna name the baby Chandler.",neutral
919,Ross,Damn! I thought that was going to be romantic as hell!,surprise
919,Emily,It was.,neutral
920,Student,"Look, I just saw my best friends brains smeared across the canvas, that’s not gonna be me, not me.",sadness
920,Joey,Wow! That was good. That was... Tweezers?,surprise
920,Student,No.,neutral
920,Joey,Whoa. That was really good.,surprise
920,Student,"Thanks, any suggestions?",neutral
921,Phoebe,You-you…you had sex with Ursula?!,surprise
921,Eric,"Uh, a little bit. She-she-she walked in and I thought she was you and I kissed her and",fear
921,Phoebe,You didn’t notice she was wearing different clothes?!,surprise
921,Eric,Well I was just so excited to see you.,sadness
921,Phoebe,Oh. Ew! Ew! Ew! Ugh! Y’know what? This is too weird.,disgust
921,Eric,No-no it’s not!,sadness
921,Eric,I don’t want to lose you!,fear
921,Eric,It’s-it’s like I was saying to Ursula when I was making love to her and I thought she was you—Yeah it is too weird.,sadness
921,Phoebe,So I guess this is it.,sadness
921,Eric,Yeah.  Maybe it’s for the best. You smell just like her.,sadness
921,Phoebe,"Yeah, so do you.",anger
922,Phoebe,Hey!,joy
922,Rachel,Hi.,neutral
922,Phoebe,"So, did shopping make you feel any better about Ross?",neutral
922,Rachel,Manhattan does not have enough stores.,sadness
922,Phoebe,"Well,",neutral
922,Rachel,You can?,surprise
922,Phoebe,Yeah. I just need you to bring me some photos of Ross.,neutral
922,Rachel,Um-hmm.,neutral
922,Phoebe,And a small piece of chocolate.,neutral
923,Rachel,Okay.,neutral
923,Chandler,"Okay, we have to talk. I’m just getting out of a very serious relationship",sadness
923,Janice,"I know! And I’m just getting out of a marriage, I mean talk about meant to be!",fear
923,Chandler,Right! I just think that this is happening too soon.,joy
923,Janice,"Oh, too soon, too schmoon. Face it honey, I am not letting you get away this time.",sadness
923,Chandler,"I hear ya.  But! Unfortunately, my company is transferring me overseas!",disgust
923,Janice,Oh no! Where to?  Too Paris?,surprise
923,Chandler,"No! No! Not, Paris.",neutral
923,Janice,"Too London? No-no, Rome? Vienna? Ooh-ooh, Barcelona?",joy
923,Chandler,"Okay, could you just stop talking for a second?  Yemen. That’s right, yes, I’m being transferred to Yemen!",anger
923,Janice,When?,anger
923,Chandler,I don’t know exactly.,neutral
923,Janice,"Ugh, well I will just have to soak up every once of Chandler Bing until that moment comes.",sadness
923,Chandler,But I do know that it’s some time tomorrow.,joy
924,Phoebe,"Ooh, this is it!  Oh, that’s him! That’s him!",joy
924,Joey,Great! Go get him.,joy
924,Phoebe,"Wait a second, or maybe you can go in first.",neutral
924,Joey,He’s not really my type.,neutral
924,Phoebe,"No not you, Dr. Drake Remoray. You can ask him questions and see what’s he like. People tell doctors everything.",neutral
924,Phoebe,"But lately all the guys I meet seem really nice at first, then they turn out to be the biggest jerks.",sadness
924,Joey,You do attract some stinkers.,sadness
925,Woman,Chandler.,neutral
925,Chandler,"Mrs. Tedlock. You're looking lovely today. And may I say, that is a",neutral
925,Mrs. Tedlock,"Yes. Well, Mr. Kostelick wants you to stop by his office at the end of the day.",neutral
925,Chandler,"Oh, listen.",neutral
925,Chandler,"If this is about those prank memos, I had nothing to do with them.",neutral
925,Chandler,Really.,joy
925,Chandler,Nothing at all.,neutral
925,Chandler,Really.,joy
925,Chandler,Nothing.,neutral
926,Chandler,"Y’know when we move in together, can I get a gumball machine?",neutral
926,Monica,Of course! Joey wouldn’t let you have one?,sadness
926,Chandler,"No. When it comes to sweets, he’s surprisingly strict.",sadness
926,Monica,"Hey, have you figured out a way to tell him you’re moving out?",neutral
926,Chandler,"No, no, I keep trying, y’know?",anger
926,Chandler,"I can get out, ""Joey, I have too…"" but then I lose my nerve and I always finish with, ""…go to the bathroom.""",sadness
926,Chandler,He may think I’m sick.,neutral
926,Monica,"Y’know, I really have to tell Rachel, but I… We just have to get it over with!",neutral
926,Monica,"Y’know, the next time we see them we’re just gonna tell them.",neutral
926,Monica,That’s it.,neutral
926,Chandler,"Oh, so that’s this is gonna work now? You’re just gonna order me around all the time?",joy
926,Monica,Pretty much.,neutral
926,Chandler,All right.,neutral
926,Joey,Hey Monica!,joy
926,Monica,Hi!,joy
926,Joey,"Hey man, you feeling any better?",neutral
926,Monica,"Joey, we have something to tell you.",neutral
926,Joey,Oh my God! You’re pregnant!,surprise
927,Phoebe,"Yeah, if you get married in Vegas, you’re only married in Vegas.",neutral
927,Monica,What are you talking about? If you get married in Vegas you’re married everywhere.,neutral
927,Phoebe,Really?!,surprise
927,Monica,Yeah!,neutral
927,Phoebe,Oh my God!—Eh! Well,surprise
928,Monica,"You see that guy? He’s in classics now, but y'know as soon as we leave he’s going straight to the porn.",disgust
928,Richard,He’s gonna go up to the counter with,neutral
928,Monica,Yeah.,neutral
928,Richard,I missed this.,joy
928,Monica,Me too.,anger
928,Richard,"So, you wanna get a hamburger or something?",neutral
929,The Guys,Yes! Yes! Yes! Yes! Awww!,joy
929,Phoebe,"Hey, it’s your Thanksgiving too, y'know, instead of watching football, you could help.",anger
929,The Guys,We will.,neutral
929,Monica,"Okay, Rachel, you wanna put the marshmellows in concentric circles.",neutral
929,Rachel,"No Mon,",neutral
929,Monica,Every year.,neutral
930,Phoebe,Hey! Ross!,joy
930,Chandler,Die Hard,neutral
930,Joey,"Yep. Hey, what do you say we make it a double feature?",neutral
930,Chandler,What’d you rent?,neutral
930,Joey,Die Hard 2,neutral
930,Chandler,"Joey, this is",neutral
930,Joey,"Oh, well we watch it a second time and its",neutral
930,Ross,"Joey, we",neutral
930,Joey,And?,neutral
930,Ross,And it’ll be cool to see it again! Yeah!,joy
930,Ross,Die Hard,neutral
930,Ross,"Dude, you didn’t say",neutral
930,Chandler,"Yeah, I just got uh, got plans.",neutral
930,Ross,"Well, John McClane had plans!",anger
930,Chandler,"No, see the thing is I want to get out of here before Joey gets all worked up and starts calling everybody bitch.",neutral
930,Joey,What are you talking about? Bitch.,anger
931,Joey/Drake,I know you botched that operation on purpose.,joy
931,Joey/Drake,"I can't prove    it yet, but when I do, you'll be going to jail for murder.",anger
931,Joey/Drake,I don't care if you    are my brother.,disgust
932,Phoebe,"Good for you! And hey, I thought your paper on punctuated equilibrium    in the Devonian era was top notch!",joy
932,Ross,Stop going through my stuff !,anger
932,Rachel,Hey!,joy
932,Monica,Hey!,joy
932,Rachel,"I just wanted to let you know I've changed my mind: I'm gonna    do it, I'm gonna kiss Joey.",anger
932,Monica,"No, you can't! Friends hooking up is a bad idea.",fear
932,Rachel,"Please, what about you and Chandler?",anger
932,Monica,That's different! I was drunk and stupid!,anger
932,Rachel,Well hello !,anger
932,Monica,What about all the guys that you've got the phone numbers from?    Why don't you just kiss one of them?,neutral
932,Rachel,"I could, I could but I don't want to! I want to kiss Joey!",anger
932,Monica,Alright . I think it's a big mistake but it's your decision.,neutral
932,Rachel,I'm gonna do it.,joy
932,Monica,And I can't stop you.,neutral
932,Rachel,No.,neutral
932,Ross,"Hey Rach, have you seen Charlie anywhere?",neutral
932,Ross,I'm smarter than,neutral
933,Ross,"Oh, hey, Gunther, check this out.",joy
933,Gunther,"Yeah, that-that Chandler cracks me up.",joy
933,Joey,"Hey Ross, listen, you want anything to drink, ‘cause I’m heading up there.",neutral
933,Ross,"Uh, yeah, I’ll take a coffee. Thanks, man.",neutral
933,Joey,Sure.  Coffee? ‘Cause I’m going up there.,joy
933,Rachel,No.,neutral
933,Monica,"No, thank you.",neutral
933,Joey,"You guys need anything, ‘cause I’m heading up there.",neutral
933,Woman,I’d love an ice water.,neutral
933,Joey,You got it.,neutral
933,Monica,"Joey, what are you doing?",surprise
933,Joey,Just being friendly.,anger
933,Rachel,"Joey, honey, I don’t think you’re supposed to go back there.",anger
933,Joey,"Nah, it’s okay. Right, Gunther?",neutral
933,Gunther,Don’t wink at me. And put on your apron.,anger
933,Joey,"Okay, but I don’t see you asking any other paying customers to put on aprons.",sadness
933,Monica,"Joey, do you work here?",surprise
933,Joey,No.,neutral
933,Customer,"Hey, waiter.",neutral
933,Joey,Yeah?,neutral
934,Chandler,"You’ve reached Monica and Chandler’s, if you’re listening to this message, we’re probably screening.  Yeah we are.",neutral
934,The Museum Official,"Hi, this is Heldi from the Morgan Chase museum.",neutral
934,The Museum Official,I’m calling for Monica Geller.,neutral
934,The Museum Official,"I want to let her know that there was a cancellation and if she’s still interested in having the Bing-Geller wedding at our facility, it is available",neutral
934,Chandler,"This is Chandler Bing! This is Chandler Bing!  Yes, the groom—No! Not the groom!!",surprise
935,Monica,Thank you.,neutral
935,Phoebe,Thanks.,neutral
935,Monica,I can't believe this! This is like the worst night ever!,anger
935,Phoebe,Y'know Monica you had a minor setback in your relationship with Chandler. Big deal! It's only Chandler.  I am,neutral
935,Monica,"This is crazy! I mean, it's such a stupid argument. I don't even wanna see Richard again.",sadness
935,Phoebe,So go fix it!,neutral
935,Phoebe,Go find Chandler!,neutral
935,Phoebe,He's probably up in your room!,sadness
935,Phoebe,Tell him that you're sorry and that you love him.,anger
935,Monica,Y'know what? You're right Phoebe. You're right. Thank you!,joy
935,Phoebe,"Sure!   Yeah! Las Vegas, number one!",joy
935,Monica,Anybody lose this?,neutral
935,The Croupier,Comin' out. Place your bet.  Dice are out.  Double or nothin'! Pay the front line!,joy
935,Monica,Hmm.,neutral
936,Rachel,Do you remember where the duck food is?,neutral
936,Phoebe,"Yeah, it’s in the guys’ apartment under the sink. Why?",surprise
936,Rachel,Because I’m going to London.,neutral
936,Phoebe,What?! What do you mean you’re going to London?,surprise
936,Rachel,"Yeah, I have to tell Ross that I love him.",neutral
936,Rachel,"Now honey, you take care, you don’t have those babies until I get back.",neutral
936,Phoebe,"I—Rachel, you can’t go! Ross loves Emily!",fear
936,Rachel,"Yeah, I know, I know, I know he does.",fear
936,Rachel,But I have to tell him how I feel!,sadness
936,Rachel,He deserves to have all the information and then he can make an informed decision.,neutral
936,Phoebe,That’s not why you’re going!,sadness
936,Phoebe,"You’re going because you hope he’s gonna say, ""Yeah, I love you too, Rach.",sadness
936,Phoebe,"Forget that British chippy.""",sadness
936,Rachel,Ohh—Do you think he will?!,surprise
936,Phoebe,No!,sadness
936,Phoebe,Because he’s in love with the British chippy!,sadness
936,Phoebe,"Look, Rachel, if you go, you’re just gonna mess with his head and ruin his wedding!",anger
936,Phoebe,"Y’know, it’s too late!",anger
936,Phoebe,You missed you’re chance!,sadness
936,Phoebe,"I’m sorry, I know this must be really hard, it’s over.",sadness
936,Rachel,"Y’know what? No. It’s not over until someone says, ""I do.""",anger
936,Phoebe,"I do! I do! I do!  I do!  Ugh, like I can really chase you. I’m carrying a litter.",joy
937,Ross,So is everybody here?,neutral
937,Ross,I got here a little early myself.,neutral
937,Ross,Let us begin.,neutral
937,Ross,"Now, the hydrosaurids have been unearthed in two main locations.",neutral
937,Ross,Here.,neutral
937,Ross,Here.,neutral
937,Ross,Now as for the hydrosaurs,neutral
938,Joey,"Well, so anyway Beth, what I’m saying is I should’ve considered your feelings before I went home with you that night.",neutral
938,Joey,"I’ve ah, I’ve recently learned what’s it like to be on your side of it, and I’m sorry.",sadness
938,Joey,"So, do you think you can forgive me?",sadness
938,Joey,Great.,joy
938,Joey,Thanks.,joy
938,Joey,"Okay, bye.",neutral
938,Joey,"Hello, Jennifer?",neutral
938,Joey,"Oh hi, Mrs. Loreo, is Jennifer there?",surprise
938,Joey,"Oh, she’s not home huh?",surprise
938,Joey,"Well ah, actually I kinda need to talk to you too.",neutral
939,Phoebe,Hey!,anger
939,Rachel,Hi.,neutral
939,Phoebe,Are you all right?,neutral
939,Rachel,Uhh… I think I just got engaged.,fear
939,Phoebe,Oh my God! He did it?,surprise
939,Rachel,Well…did you know he was gonna ask me?,joy
939,Phoebe,Are you kidding?,surprise
939,Phoebe,I’m like the one who talked him into it.,joy
939,Phoebe,I  like to think of myself as the puppet master of the group.,sadness
939,Rachel,And you really think this is a good idea?,sadness
939,Phoebe,"I just talked him into it, don’t tell me I have to do you too.  The puppet master gets tired people.",neutral
939,Rachel,I just don’t know! It just doesn’t feel right.,sadness
939,Phoebe,"Why?! You two are so meant to be together, everybody thinks  so.",surprise
939,Rachel,Really?! Even Ross?,surprise
939,Phoebe,Especially Ross!,joy
939,Joey,"Oh uh, hey Pheebs. Uh y’know what? I’ll-I’ll come  back later.",neutral
939,Ross,"Wow! Kind of uh, kind of a full house here. I’ll guess just…I’ll  come back.",surprise
939,Phoebe,"There he goes, your fiancée.",joy
939,Rachel,I guess so.,neutral
939,Phoebe,Although he does play with himself in his sleep.,neutral
939,Rachel,I can’t say that I’m surprised.,neutral
940,Phoebe,"Oh, that is so unfortunate.",sadness
940,Ross,What?,neutral
940,Phoebe,Cute naked guy is really starting to put on weight.,joy
940,Monica,"Okay, I’ll be back in just a minute. Oh, Phoebe I’m sorry that I left lipstick marks on the phone.",neutral
940,Phoebe,You didn’t leave lipstick marks on the phone.,neutral
940,Monica,"Oh, then it must’ve been you. Bye.",neutral
940,Phoebe,Bye-bye!  That’s why I moved out.,joy
940,Ross,"Hey, y'know while we’re on that, when are you gonna tell my sister that you don’t live here anymore.",neutral
940,Phoebe,I think on some levels she already knows.,neutral
941,Jeannine,Night Mon. Night Julio.,neutral
941,Julio,Adiós.,neutral
941,Monica,"Look Julio, someone left their book here.",surprise
941,Julio,"Ah actually, that is mine.",neutral
941,Monica,"Oh yeah, what are you reading?",neutral
941,Julio,"Flowers of Evil, by Beaudalire. Have you read it?",neutral
941,Monica,"Have I read it?  No, are you enjoying it?",neutral
941,Julio,"I thought I would, but the translation's no good.",neutral
941,Monica,Your a poet and don't know it.,neutral
941,Julio,"Actually I ah, I am a poet.",neutral
941,Monica,"Oh, then you do know it.  So um what kind of things do you write about?",neutral
941,Julio,"Things that move me. The, the shadow of a tree, a child laughing, or this lip.",neutral
941,Monica,Mine?  Right here?,neutral
941,Julio,I can write an epic poem about this lip.,joy
941,Monica,"How would that go?  Well, it didn't rhyme, but I liked it.",joy
942,The Conductor,"Last stop, Montreal. This stop is Montreal.",neutral
942,Ross,What?,surprise
942,Woman On Train,"I made a bet with myself that you have beautiful eyes. Now that I see them, I win.",neutral
942,Ross,What?,surprise
942,Woman On Train,We’re at my stop. But would you like to have coffee?,neutral
942,Ross,Are we really in Montreal?!,surprise
942,Woman On Train,"Yes we are. So, coffee?",neutral
942,Ross,"Coffee sounds great.  Wait, so, so you live in Montreal?",neutral
942,Woman On Train,"Oh, no. But it’s just a two hour ferry ride to Nova Scotia.",neutral
943,Monica,"Okay, here’s batch 22.",neutral
943,Monica,"Oh, maybe these’ll taste a little like your grandmother’s.",anger
943,Monica,"This has a little bit of orange peel, but no nutmeg.",neutral
943,Ross,Let’s give it a shot.,neutral
943,Phoebe,"Oh, what was that for? Like a bake sale?",surprise
943,Monica,"No, just a Friday night.",neutral
944,Phoebe,Would she?,neutral
944,Joey,Would she?  You ate my candy bar!,anger
945,Rachel,"Oh God, I hate my job, I hate it, I hate my job, I hate it.",disgust
945,Monica,"I know honey, I’m sorry.",sadness
945,Rachel,"Oh, I wanna quit, but then I think I should stick it out, then I think why would such a person stay in such a demeaning job, just because it’s remotely related to the field they’re interested in.",sadness
945,Monica,"Gee, I don’t know Rach. Order up!! I got a Yentel soup, a James Beans, and a Howdy hold the Dowdy!",joy
945,Rachel,"Oh honey, come on, I’m sorry, I didn’t....",sadness
945,Rachel,"I don’t mind paying my dues, y'know, its just how much am I gonna learn about fashion by walking Mira, the arthritic seamstress, to the bathroom.",disgust
945,Rachel,Hi! Is my misery amusing to you?,anger
945,Guy,"I’m sorry, I wa, I wa, I was just ah....",fear
945,Rachel,"It’s not funny, this is actually my job.",anger
945,Guy,"Oh believe me, I-I-I’ve been there. I had to sort mannequin heads at that Mannequins Plus.",neutral
945,Rachel,"Oh well then, so I’m just going to go back to talking to my friend here.",joy
945,Rachel,And you can go back to enjoying your little hamburger.,joy
945,Guy,"Ah, just one other thing.",neutral
945,Rachel,Yes?!,joy
945,Guy,"I ah, I work at",neutral
945,Rachel,Do you want my pickle?,neutral
946,Phoebe,Do you think they have yesterday's daily news?,neutral
946,Monica,Why?,surprise
946,Phoebe,"Just wanna check my horoscope, see if it was right.",neutral
946,Monica,Oh my God.,surprise
946,Monica,Phoebe.,neutral
946,Monica,"Don't look now, but behind us is a guy who has the potential to break our hearts and plunge us into a pit of depression.",neutral
946,Phoebe,"Where?  Ooh, come to Momma.",joy
946,Monica,"He's coming. Be cool, be cool, be cool.",anger
946,Phoebe,We should do something. Whistle.,joy
946,Monica,We are not going to whistle.,anger
946,Phoebe,"Come on, do it.",neutral
946,Monica,No!,anger
946,Phoebe,Do it!,joy
946,Monica,No!,anger
946,Phoebe,Do it do it do it!,joy
946,Monica,Woo-woo!,joy
946,Phoebe,I can't believe you did that!,surprise
947,Monica,"Hi! Umm, I’m Monica Geller, I’m the chef at Alessandro’s.",neutral
947,The Food Critic,Still?,surprise
947,Monica,"I think the things that you said about me are really unfair, and I would like for you to give my bouillabaisse another chance.",neutral
947,The Food Critic,I don’t see any reason why I would do that to myself again.,joy
947,Joey,"Either eat it, or be in it.",anger
947,Monica,"Spoon?  So, what do you think?",joy
947,The Food Critic,"I’m torn, between my integrity and my desire to avoid a beating. But I must be honest, your soap is abysmal.",disgust
947,Joey,Thata girl! Huh? We should get out of here.. there’s a new class comin’ in.,joy
947,The Cooking Teacher,"Welcome to introduction to cooking. Now, before we start, can anyone tell me the difference between a hollandaise sauce and a bearnaise sauce?",neutral
947,Monica,I can.,neutral
947,The Cooking Teacher,"Okay, go ahead.",neutral
947,Monica,"Well umm, they both have a egg yolk and butter base, but a bearnaise has shallots, shirvel, and most importantly tarragon.",neutral
947,The Cooking Teacher,"That’s very good, what’s your name?",neutral
947,Monica,Monica.,neutral
947,The Cooking Teacher,"Monica, you go to the head of the class.",neutral
947,Monica,Okay.,joy
948,Phoebe,"And there's a country called Argentinaaaa,    it's a place I've never seeeeen.",neutral
948,Phoebe,But I'm told for fifty pesos you can buy a    human spleen.,neutral
948,Phoebe,Human spleeeen.,neutral
948,Phoebe,Olé!,joy
948,Monica,What are you doing here!,surprise
948,Phoebe,"Well, you said that you had customers lined up in the street,    so I am here to entertain!",joy
948,Monica,Great!,joy
948,Phoebe,Yeah!,joy
948,Phoebe,"It really has been great too, you know, some of this people    must have seen me play before because they were requesting a bunch of my songs!",joy
948,Phoebe,"Yeah, ""You suck"" and ""shut up and go home"".",joy
948,Monica,Listen Phoebe...,joy
948,Phoebe,Yeah.,neutral
948,Monica,"You know how much I love listening to your music, you know,    but...",neutral
948,Phoebe,But what?,neutral
948,Monica,This is kind of a classy place.,neutral
948,Phoebe,"Ok, say no more.",neutral
949,Joey,"I'm so bored! Stupid rain, we... we can't do anything.",sadness
949,Rachel,"Well, I've brought some books. We could read.",neutral
949,Joey,"Hey, it hasn't come to that yet.",joy
949,Joey,Hey hey hey! Don't mind if I do!,joy
949,Waiter,"I'm sorry sir, these are for the pharmaceutical convention",neutral
949,Joey,"Hey Rach, do you feel like going to a convention?",neutral
949,Rachel,We can't. We're not pharmacists!,sadness
949,Joey,"I know we're not, but  Frank Medeio and...  Eva Trorro... womba...",neutral
949,Rachel,Kate Miller?,neutral
949,Joey,Kate Miller it is.,neutral
949,Rachel,And... that's the most sex I'm gonna have this weekend.,joy
949,Joey,In that case should I make sure it's on real good?,neutral
949,Rachel,Thank you.,neutral
950,Chandler,Oh my God!,surprise
950,Monica,"We heard about your pants, I'm so sorry.",sadness
950,Ross,This year was supposed to be great!,anger
950,Ross,"But, it's only the second day and I'm a loser with stupid leather pants that don't even fit!",disgust
950,All,"No. No, you're not a loser.",sadness
950,Ross,Look at me!,anger
950,Monica,"Hey, hey, look. Look Ross, Ben drew a picture of you!  Huh? You're-you're a cowboy!",joy
950,Ross,"Oh, be-because of the leather pants.",sadness
950,Monica,"See? Ben doesn't think you're a loser, he thinks you're a cowboy! Now that's something.",joy
950,Rachel,That really is something.. that's really cool.,joy
950,Joey,Howdy partner!,joy
950,Ross,Maybe I should get another pair!,joy
950,Ross,"Ooh, y'know, they-they had some with fringe all down the sides.",joy
950,Ross,I'm gonna go kiss Ben goodnight.,joy
950,Ross,I can't believe he thinks I'm a cowboy.,joy
950,Ross,I would make a good cowboy.,joy
950,Monica,"Okay, now that everything's wrapped up here, I think I'm, I'm gonna go do my laundry.",neutral
950,Chandler,"Oh yeah, me too. Y'know if this shirt is dirty.  Yep.",neutral
951,Ross,"No you didn't. You said you would, but you never did!",anger
951,Chandler,Oh yeah!,surprise
952,Joey,Great nap.,neutral
952,Ross,It really was.,neutral
952,Joey,"Uh me? Gay? No! No. No, but I have a number of close friends who are.",joy
952,The Interviewer,"So, let’s talk about women. I’m sure our female readers will be interested to know about your romantic life.",neutral
952,Joey,"Oh-oh-oh-oh, how I do it is, I look a woman up and down and say, ""Hey, how you doin’?""",neutral
952,Phoebe,"Oh, please!",disgust
952,Joey,"Hey, how you doin’?",neutral
953,Phoebe,Hey Mikey,neutral
953,Mike,Hey P,neutral
953,Phoebe,What are you doing?,neutral
953,Mike,Setting rattraps,neutral
953,Phoebe,To kill Bob??,surprise
953,Mike,"No, no, to test his neck strength.",neutral
953,Phoebe,"No, Mike, I don't want to kill him!",anger
953,Phoebe,"I thought we were just gonna    capture him and, and you know, set him free in the country side where he can    maybe meet a friendly possom and a wisecracking owl.",sadness
953,Mike,"Ok, ok, I'll throw away the traps.",neutral
953,Phoebe,"I'll find Bob, I'll get him.",neutral
953,Phoebe,Bob?,fear
953,Phoebe,Bob!,sadness
953,Phoebe,Robert!,anger
953,Phoebe,"Oh wait, I think I hear him.",neutral
953,Phoebe,Oh - Oh my god!,surprise
953,Phoebe,Bob    had babies!,surprise
953,Phoebe,Bob's a mom!,surprise
953,Mike,Better think of a new name for him.,neutral
953,Phoebe,"I don't know, I kinda like Bob for a girl.",neutral
953,Mike,"I don't know, I mean I'm not sure  ...",neutral
953,Phoebe,"Oh my god, we killed Bob!",sadness
953,Mike,"Maybe it wasn't Bob, maybe it was a mouse.",neutral
953,Phoebe,Suzie,neutral
954,Joey,"Hmmm, soup!",joy
954,Carol,"Joey, Ross is gonna be here any second, would you mind watching Ben for me while I use the ladies' room?",neutral
954,Joey,"Oh yeah, no problem.",neutral
954,Carol,Thanks.,neutral
954,Joey,"Hi Ben! So you wanna be an actor huh? I gotta tell ya, it's no picnic. There's tons of rejection.",sadness
954,Ross,Joey!,surprise
955,Monica,What one? You wanted him to invite you to the party and he did it!,surprise
955,Rachel,"Yeah, but he waited until the last minute!",anger
955,Rachel,"So if I said yes, he would know I had nothing better to do than wait around for an invitation to his stupid party.",anger
955,Rachel,"I said, ""No!""",anger
955,Rachel,Which puts,neutral
955,Monica,Great. So the ball is in his court?,anger
955,Rachel,Ball? There is no ball.,anger
956,Danny,"Oh, hey Rach! I thought we said seven?",surprise
956,Rachel,"Yeah uh, y'know what uh, let's skip it.",neutral
956,Danny,What?! Why?!,surprise
956,Rachel,"Umm, you-you and your sister seem to have umm, a very special bond, and",neutral
956,Danny,Oh great! That,anger
956,Danny,"Do-do you, do you have brothers?",neutral
956,Rachel,"No, I have two sisters. But one of them has a very masculine energy.",neutral
956,Danny,Are you close with them?,neutral
956,Rachel,"No-no, they're not very nice people.",neutral
956,Danny,"Okay, listen, I really like you.",neutral
956,Danny,Okay?,neutral
956,Danny,I think this can go somewhere.,neutral
956,Danny,"So what if I'm close to my family, are you gonna let that stand in the way of us?",neutral
956,Rachel,"Well, uh, I-I don't know. See when-when you put it that way y'know it does sort of",neutral
956,Krista,Danny! Hurry up! The bath is getting cold!,neutral
956,Danny,What?,surprise
956,Rachel,"Yeah, okay, I'll see you later.",neutral
957,Ross,It’s over.,sadness
957,Rachel,"Oh, was it awful?",sadness
958,Ross,"Well, it was loong.",sadness
959,Ross,"I didn’t even realise how late it was, until I noticed the 5 o’clock shadow on her head.",neutral
959,Ross,"Anyway, she didn’t want to stay.",sadness
959,Ross,I called a cab. she just left.,neutral
959,Rachel,I wrote you a letter.,neutral
959,Ross,Ohh! Thank you! I like mail.,joy
959,Rachel,It’s just some things I’ve been thinking about.,neutral
959,Rachel,"Some things about us, and before we can even think about the two of us getting back together, I just need to know how you feel about this stuff.",neutral
959,Ross,"Okay.  Wow, it’s-it’s 5:30 in the morning.  So, I’d better get cracking on this baby.",neutral
959,Rachel,"Well, I’ll be waiting for you, just come up when you’re done.",neutral
959,Ross,"Okay, I’ll be up in,  18 pages. Front and back. Very exciting.",joy
960,Monica,The waiter carried the breadsticks in his pants!,anger
960,Allesandro,"Well, you said that we except the",neutral
960,Monica,"All right, that I’ll retract.",neutral
960,Monica,"But I stand by my review, I know food and that wasn’t it.",disgust
960,Monica,You’re marinara sauce tasted like tomato juice!,disgust
960,Monica,You should serve it with vodka and a piece of celery.,disgust
960,Allesandro,"Hey! I’m proud of that sauce, it’s delicious.",anger
960,Monica,Oh my God! You own an Italian restaurant and you think that tastes good?! Where are you even from?,surprise
960,Allesandro,Lebanon.,neutral
960,Monica,"Hand me those tomatoes, I’m gonna show you what it should taste like! Come on, hand me them.",anger
960,Allesandro,How long is this gonna take? ‘Cause I got another critic to go yell at.,neutral
961,Phoebe,"Okay, then what happened?",neutral
961,Phoebe,Ohh. Uh-huh. Uh-huh.  You'll get your turn!,anger
961,Ross,"Hey Pheebs, what's going on?",neutral
961,Phoebe,Nothing!   This is not over!,anger
961,Ross,No! No! No!,anger
961,Phoebe,What?!,surprise
961,Ross,"I was up all night writing this really nasty letter to Emily! It was perfect and now it's all covered in-in…  Actually, thanks!",sadness
961,Joey,All right! Everybody ready to go to the movies?,neutral
961,Ross,"Uh actually, I think I'm gonna skip it.",sadness
961,Joey,Really?,surprise
961,Ross,"Yeah, I'm gonna stay and read my book. I just wanna be alone right now.",sadness
961,Joey,"Oh. Are you sure you don't want to come? Tom Hanks, Meg Ryan, they get mail and stuff.",neutral
961,Ross,"That's okay, Joe.",neutral
961,Joey,"All right, let's go Pheebs.",neutral
961,Ross,Oh God!,surprise
962,Chandler,That was amazing.,joy
962,Monica,I know.,neutral
962,Monica,"Hey, do you realize we may have just changed our lives forever?",joy
962,Monica,We may have just started a family.,joy
962,Monica,"Nine months from now we can be here, having our own baby.",joy
962,Chandler,"And if not, we got to do it on a bucket.",neutral
963,Chandler,Ross! You gotta stop! Okay?! You can’t just stare through the peep hole for three hours! You’re gonna get peep eye!,anger
963,Ross,I knew it!,surprise
963,Ross,I knew it!,anger
963,Ross,I always knew she liked him!,anger
963,Ross,"Y'know, she’d say no, but here we are!",anger
963,Ross,Right?,neutral
963,Ross,"We just broke up, first thing she does!",anger
963,Chandler,You didn’t just break up.,neutral
963,Ross,"Hey, it’s been like three weeks!",anger
963,Chandler,You slept with somebody three hours after you thought you broke up. I mean bullets have left guns slower!,disgust
964,Ross,"Hey, so uh, y'know how there's something I wanted to talk to you about?",neutral
964,Rachel,Oh yeah!,joy
964,Ross,"Well, y'know how I'm trying to work things out with Emily.",joy
964,Ross,"Well, there's this one thing… Okay,  here goes.",neutral
964,Ross,I made a promise that--Oh hey!,surprise
964,Rachel,What?,neutral
964,Ross,You're nose is bleeding!,surprise
964,Rachel,Oh God.,sadness
964,Rachel,No!,sadness
964,Rachel,Oh not again!,anger
964,Rachel,This-this happened when my grandfather died.,sadness
964,Rachel,It's ugh!,disgust
964,Rachel,Sorry.,sadness
964,Rachel,"Oh, okay, so I'm sorry, what-what were you-what did you want to tell me?",neutral
964,Ross,Umm,neutral
964,Rachel,Sorry. Sorry.,sadness
964,Ross,"Okay, I uh, I can't see you anymore.",sadness
964,Rachel,"Yeah, I know. It's ridiculous! I can't see you either.",neutral
965,Monica,Not yet! Not yet! Not yet! Not yet! Not yet! Not yet! Not yet! Not yet!,fear
965,Rachel,"Hello, Chip.",neutral
965,Chip,"Hey, Rach! How ya doin’?",joy
965,Rachel,I’m great! I’m great. I’ve got a great job at,joy
965,Chip,"So ah, Monica ready yet?",neutral
965,Rachel,"She’ll be out in a second. So, Chip, how’s umm, Amy Welch?",neutral
965,Chip,"Amy Welch? Wow! I haven’t seen her since... So, Monica about ready?",surprise
966,Ross,"That’s right, I love you! And-and I’m gonna play with you all the time.",joy
966,Phoebe,How can you let him talk to your crotch like that?,surprise
966,Rachel,He’s talking to the baby.,neutral
966,Phoebe,Ohh!,surprise
966,Phoebe,Okay!,surprise
966,Phoebe,"Okay, cause when-when he said, ""I can’t wait to hear your first words,"" I thought, ""There’s a trick.""",surprise
966,Rachel,"Okay. Well, I gotta go you guys. I’ll see you later.",neutral
966,Phoebe,Okay.,neutral
967,Joey,"Oh my, oh my God!",surprise
967,Rachel,"Aw, it’s unbelievable!",surprise
967,Rachel,Wow!,surprise
967,Rachel,She is kicking so much!,surprise
967,Rachel,"Oh, she’s like umm…oh…who’s that kind of annoying girl soccer player?",joy
967,Joey,Mia Hamm?,neutral
967,Rachel,Mia Hamm!,joy
967,Joey,Oh that’s amazing.,joy
967,Rachel,Oh-oh!! One hand on the sheet Joe!,surprise
967,Joey,Whoa-hey-oh! Sorry!,surprise
968,Chandler,"Okay, what do you guys think?",neutral
968,Ross,Dude!,surprise
968,Joey,I have never known love like this.,sadness
968,Chandler,You really like it?,surprise
968,Ross,Dude! How-how did you write this?,surprise
968,Chandler,I stole Monica’s and changed the name.,neutral
968,Ross,You can’t,neutral
968,Joey,If he goes first he can!,joy
969,Ross,Yeah!,anger
969,Ross,"Anyway, I-I still think we should try to patch things up, y’know?",neutral
969,Ross,"Like uh, maybe we could get him to get tickets to another Knicks game and invite him.",neutral
969,Joey,Oh wow that’s a great idea! And,joy
969,Gunther,Here you go.,neutral
969,Joey,"Hey-hey-hey-ho-ho, I got this one.",joy
969,Joey,Here you go.,neutral
970,Joey,"Y’know I gotta tell ya, sometimes I just—I don’t get Chandler.",neutral
971,Joey,"Y’know, me and him do stuff all the time without you and you don’t get all upset.",neutral
971,Ross,All the time?,sadness
971,Joey,All the time!,anger
972,Ross,"Cassie, how you-how you doin’ on that…hot dog.",neutral
972,Cassie,I’m all done.,neutral
972,Ross,Thank God.,joy
972,Cassie,I guess the last time we really hung out was when our parents rented that beach house together.,neutral
972,Ross,Oh right.,neutral
972,Ross,Right.,neutral
972,Ross,"Ooh, remember the time I uh, I pinned you down and tickled you ‘til you cried?",joy
972,Ross,We’re probably too old to do that now.,sadness
972,Cassie,"I’ll always remember that summer, because it’s when I got all of these freckles.",joy
972,Ross,Uh-huh! Uh-huh! And-and-and I’ll always remember that summer because that’s when I realized that we are related.,joy
972,Cassie,"It took you that long to figure it out, huh?",surprise
972,Ross,"Well I’m, I’m a little slow.  Just as our children would be.",neutral
973,Phoebe,Relax every muscle in your body.,neutral
973,Phoebe,Listen to the plinky-plunky music.,neutral
973,Phoebe,"Okay, now close you eyes, and think of a happy place.",neutral
973,Phoebe,"Okay, tell me your happy place.",neutral
973,Monica,"Richard's living room, drinking wine.",joy
973,Phoebe,"All right. No, no, no, not a Richard thing, just put down the glass. And get out!",anger
973,Monica,"I'm sorry, but that's my happy place.",sadness
973,Phoebe,"Well, okay, fine, use my happy place.",neutral
973,Phoebe,"Okay, I'm just gonna, I have to ask that you don't move anything.",neutral
973,Monica,"All right, I'll try not to.",neutral
973,Phoebe,"Okay, all right, so, your in a meadow, millions of stars in the sky....",neutral
973,Monica,Do you think breaking up with him was a huge mistake?,sadness
973,Phoebe,"All right, there are no questions in the happy place. Okay, just, the warm breeze, and the moonlight flowing through the trees....",joy
973,Monica,"I'll bet he's totally over me, I'll bet he's fine.",sadness
973,Phoebe,"All right, betting and wagering of any kind, are, I'm sure, not permitted in the happy place.",neutral
973,Phoebe,Okay.,neutral
973,Phoebe,"Just-just, you know, the-the lovely waterfalls, and the, the trickling fountains.",joy
973,Phoebe,And the-the calming sounds of the babbling brook....,neutral
973,Monica,"Okay, this isn't working. I'm still awake and now I have to pee.",disgust
974,Ross,"OK sweetie, I'll see you later.",neutral
974,Julie,See you later Rach.,neutral
975,Rachel,Bye-bye Julie.,neutral
975,Rachel,Hey.,neutral
975,Ross,Hey.,neutral
975,Rachel,"Hey, c'mon, cut it out.",joy
975,Ross,Hey?,neutral
975,Rachel,What?,neutral
975,Ross,Can I ask you somethin'?,neutral
976,Phoebe,"Hey Rach, wanna hear the new song I'm thinkin' of singing this afternoon? I wrote it this morning in the shower.",joy
976,Rachel,Ok.,neutral
976,Terry,"Uh, Rachel, sweetheart, could I see ya for a minute?",neutral
976,Rachel,What's up?,neutral
976,Terry,F.Y.I..,neutral
976,Terry,I've decided to pay a professional musician to play in here on Sunday afternoons.,neutral
976,Terry,Her name is Stephanie... something.,neutral
976,Terry,She's supposed to be very good.,neutral
976,Rachel,But what about Phoebe?,surprise
976,Terry,"Rachel, it's not that your friend is bad, it's that she's so bad, she makes me want to put my finger through my eye into my brain and swirl it around.",disgust
976,Rachel,"Ok, ok, so you're not a fan, but I mean, come on, you cannot do this to her.",sadness
976,Terry,Uh...,neutral
976,Rachel,"Oh, no no no no. Oh no no no no. I have to do this to her?",fear
977,Ross,"Ahh, no.",sadness
977,Rachel,Oh.,neutral
977,Ross,Are you jealous?,surprise
977,Rachel,"Noo, I y'know I don't see why she has to play with you, that's all.",anger
977,Rachel,I mean doesn't she have any y'know other stripper moms friends of her own?,anger
977,Ross,You are totally jealous.,joy
977,Rachel,I'm not jealous.,anger
977,Rachel,"All right this is about, umm, people feeling certain things y'know about strippers.",neutral
977,Rachel,"And y'know, and um, I...",neutral
977,Ross,"Honey, I love you too.",neutral
977,Rachel,"Ugh. Wait, wait, wait.",sadness
977,Ross,What?,surprise
977,Ross,Huh.,surprise
977,Rachel,"Well, there's a kiss that he won't forget for a couple of hours, y'know.",joy
977,Chandler,"Yeah. Either that, or you just turned him on and sent him off to a stripper.",neutral
978,Chandler,I can’t believe you came back.,surprise
978,Rachel,Don’t say anything.,joy
978,Rachel,"I don’t wanna speak, I don’t wanna think.",neutral
978,Rachel,"I just want you to take me and kiss me and make love to me right here, right now.",joy
978,Friend No. 2,Rachel! Rachel!,joy
978,Rachel,What?,neutral
978,Friend No. 2,You missed the exit!,surprise
978,Rachel,"Oh, sorry.",neutral
978,Friend No. 1,"My God, what were you thinking about?",surprise
978,Rachel,"Um,  Barry.",neutral
978,Her-Friends,Awwwww,joy
979,Phoebe,"I just—I thought you guys were doing it, I didn't know you were in love!",surprise
979,Joey,Dude!,joy
979,Chandler,And hats off to Phoebe. Quite a competitor.  And might I say your breasts are still showing.,joy
979,Phoebe,God!,surprise
979,Joey,All right! So that's it! It's over! Everybody knows!,joy
979,Monica,"Well actually, Ross doesn't.",neutral
979,Chandler,"Yes, and we'd appreciate it if no one told him yet.",neutral
980,Ross,Dear Mary-Angela.,neutral
980,Ross,Hi.,neutral
980,Ross,How?s it going.,neutral
980,Ross,This is the hardest letter I?ve ever had to write.,sadness
980,Ross,What the hell?s a matter with you?,disgust
980,Ross,How do you think Joey?s going to react when he finds out that you blew off his sister with a letter?,anger
980,Chandler,"Well, that?s the part where you tell him that I moved to France. When actually I?ll be in Cuba.",neutral
980,Ross,"All right, look, look, you?ve got to do this yourself, okay in person.",neutral
980,Ross,At least you know her name.,neutral
980,Ross,"You just go to the house and you ask for Mary-Angela, okay, when which ever one she is comes to the door, you take her for a walk, you let her down easy.",neutral
980,Chandler,What if Mary-Angela comes to the door and I ask for Mary-Angela?,fear
980,Ross,Where in Cuba?,sadness
981,Chandler,Hey.,neutral
981,Ross,"You uh, you may have been right about Jill.",sadness
981,Rachel,Oh! I knew it! What happened?,surprise
981,Ross,"Umm, she kissed me.",sadness
981,Rachel,What?! You kissed!,surprise
982,Joey,All right.,neutral
982,Chandler,"Okay, here you go.  I have two queens, what do you have?",neutral
982,Joey,A two and a five.,neutral
982,Chandler,"Ho-ho, you win! 50 dollars!",joy
982,Joey,Really?!,surprise
982,Chandler,"Oh yeah! Okay, let’s play again.  What do you got?",neutral
982,Joey,A four and a nine.,neutral
982,Chandler,You’re kidding right?,surprise
982,Joey,No. Why?,neutral
982,Chandler,Well that’s a full cup!,surprise
982,Joey,Damn! I am good at Cups!,joy
983,Rachel,What? Why? Where are you?,surprise
983,Joey,I’m still on the set!,neutral
983,Rachel,Joey! The wedding is in less than an hour!,anger
983,Joey,"I know! I’m sorry! The guy’s drunk, they won’t let me go until we get this.",sadness
983,Rachel,Oh my God! I’m gonna have to find another minister.,sadness
983,Joey,"No! No, I’m the minister! Alright, look-look, put ‘em both on the phone, I’ll marry them right now.",anger
983,Rachel,"Ugh! Joey, I have to go.",sadness
983,Joey,Hey! Don’t you hang up on me! I’ll marry you and me right now! I have the power!,anger
984,Phoebe,Oh hey Joey! What's up?,joy
984,Joey,"I can't decide which route to take to Vegas. Hey, you've traveled a lot right?",neutral
984,Phoebe,"Yeah, I've been around.",neutral
984,Joey,"Okay, so-so which route should I take the northern route or the southern route?",neutral
984,Phoebe,"Ooh, if you take the northern route there's a man in Illinois with a beard of bees.",neutral
984,Joey,Great! Problem solved!,joy
985,Joey,"Estelle, you gotta get me some work. I-I lost my health insurance.",sadness
985,Estelle,"All right, first thing we gotta do, damage control.",neutral
985,Joey,Why?,surprise
985,Estelle,"Well, I think uhh, someone out there may have been bad mouthing you all over town.",sadness
985,Joey,Bastard!,anger
986,Phoebe,You mean whenever Monica and Chandler where like y'know doing laundry or going grocery shopping or—Oh!,surprise
986,Phoebe,All that time Monica spent on the phone with sad Linda from camp!,surprise
986,Rachel,"Uh-huh, doing it. Doing it. Phone doing it.",joy
986,Phoebe,"Oh, I can't believe it!",surprise
986,Phoebe,I mean I think it's great!,joy
986,Phoebe,For him.,neutral
986,Phoebe,She might be able to do better.,neutral
986,Joey,Hey guys!,neutral
986,Rachel,Joey! Come here! Come here!,neutral
986,Rachel,Phoebe just found out about Monica and Chandler.,neutral
986,Joey,You mean how they're friends and nothing more?,neutral
986,Rachel,"No. Joey, she",neutral
986,Phoebe,"Okay, so now they know that you know and they don't know that Rachel knows?",surprise
986,Joey,"Yes, but y'know what?",neutral
986,Joey,It doesn't matter who knows what.,neutral
986,Joey,"Now, enough of us know that we can just tell them that we know!",neutral
986,Joey,Then all the lying and the secrets would finally be over!,joy
987,Chandler,"It's a tradition, like the parade. If the parade decided it was gay, moved out, and abandoned its entire family.",neutral
988,Phoebe,"Y’know, you’re friend’s getting married, it’s gotta change things.",neutral
988,Rachel,You really think it would be that different?,surprise
988,Phoebe,How could it not be?,surprise
988,Phoebe,"I mean pretty soon they’re gonna be having kids, and then they’re just gonna be hanging out with other couples who have kids.",sadness
988,Phoebe,And then maybe they’re gonna have to leave the city to be near a,sadness
988,Rachel,"Well, things change.",neutral
988,Joey,I don’t want them to move to a,sadness
988,Ross,It’ll be okay Joe.,neutral
989,Rachel,Its still there!,surprise
989,Chandler,Mrs. Braverman must be out.,neutral
989,Rachel,She could be out of town. Maybe she’ll be gone for months.,sadness
989,Chandler,"By then, the cheesecake may have gone bad. We don’t want her to come back to bad cheesecake.",fear
989,Rachel,No that could kill her.,fear
989,Chandler,"Well, we don’t want that.",neutral
989,Rachel,"No, so we’re protecting her.",neutral
989,Chandler,But we should take it.,neutral
989,Rachel,But we should move quick.,fear
989,Chandler,Why?,surprise
989,Rachel,Because I think I just heard her moving around in there.,fear
989,Chandler,Go! Go! Go! Go! Go! Go! Go! Go! Go! Go!,fear
990,Chandler,"Hey, Kicky. What're you doing?",neutral
990,Joey,Just trying to get comfortable. I can't sleep in my underwear.,neutral
990,Chandler,"Well, you're gonna.",neutral
990,Joey,"I've been thinking. Y'know, about how I'm always seeing girls on top of girls...",neutral
990,Chandler,"Are they end to end, or tall like pancakes?",neutral
990,Joey,"Y'know what I mean, about how I'm always going out with all these women.",neutral
990,Joey,"And I always figured, when the right one comes along, I'd be able to be a stand-up guy and go the distance, y'know?",sadness
990,Joey,"Now I'm looking at my dad, thinking...",neutral
990,Chandler,"Hey, you're not him.",neutral
990,Chandler,You're you.,neutral
990,Chandler,"When they were all over you to go into your father's pipe-fitting business, did you cave?",neutral
990,Joey,No.,neutral
990,Chandler,No.,neutral
990,Chandler,You decided to go into the out-of-work actor business.,neutral
990,Chandler,"Now that wasn't easy, but you did it!",neutral
990,Chandler,"And I'd like to believe that when the right woman comes along, you will have the courage and the guts to say ""No thanks, I'm married.""",neutral
990,Joey,You really think so?,joy
990,Chandler,Yeah. I really do.,neutral
990,Joey,"Thanks, Chandler.",neutral
990,Chandler,Get off!,anger
991,Joey,Hi.,neutral
991,The Cooking Teacher,"Your Fettuccini Alfredo looks a little dry, did you use all your cheese?",neutral
991,Joey,"When you say used, do you mean eat as a pre-cooking snack?",neutral
991,The Cooking Teacher,And the cream?,neutral
991,Joey,Cheese makes me thirsty.,neutral
991,The Cooking Teacher,Okay. Let’s move on.,neutral
991,Joey,All right.,neutral
991,The Cooking Teacher,Oh! Something smells good over at Monica’s station!  Oh my God! This is absolutely amazing! You’ve never made this before?,surprise
991,Monica,Oh no!,surprise
991,Monica,I don’t know anything about cooking.,neutral
991,Monica,"I had to ask someone what it’s called when the, when the water makes those little bubbles.",neutral
991,The Cooking Teacher,"Well, hats off to the chef.",joy
991,Monica,"I-I-I’m sorry, your-your mouth was full, I didn’t hear what you said. Umm, hats off to who now?",neutral
991,The Cooking Teacher,The chef!,joy
991,Monica,That’s right.,joy
992,All,"Hey, Pheebs.",neutral
992,Phoebe,Hey.,neutral
992,Monica,How's it going?,neutral
992,Phoebe,Good. Oh oh! Roger's having a dinner thing and he wanted me to invite you guys.,joy
992,Phoebe,So what's going on?,neutral
992,Monica,"Nothing, um, it's just, um... It's Roger.",neutral
992,Ross,"I dunno, there's just something about...",neutral
992,Chandler,Basically we just feel that he's...,neutral
992,Rachel,We hate that guy.,disgust
992,All,Yeah. Hate him.,disgust
992,Ross,"We're sorry, Pheebs, we're sorry.",sadness
992,Phoebe,Uh-huh.,neutral
992,Phoebe,Okay.,neutral
992,Phoebe,"Okay, don't you think, maybe, though, it's just that he's so perceptive that it freaks you out?",neutral
992,All,"...No, we hate him.",disgust
992,Rachel,We're sorry.,sadness
993,Ross,Hey!,joy
993,Joey,Hey!,joy
993,Ross,What are you doing?,neutral
993,Joey,I’m sending back all this stuff that Chandler bought out of guilt.,neutral
994,Chandler,Yes that was mine.,fear
994,Joey,Cause I figured you'd hooked up with some girl and she'd left it there.,neutral
994,Chandler,Yes that would have made more sense.,sadness
994,Joey,"Y'know, I-I don't even feel like I know you anymore man!",anger
994,Joey,"All right, look, I'm just gonna ask you this one time.",neutral
994,Joey,"And whatever you say, I'll believe ya.",neutral
994,Joey,"Were you, or were you not on a gay cruise?",anger
995,Chandler,"Oh hey! There's some kids playing in the street, you wanna go down there and give them a project, ruin their day?",anger
995,Ross,"Hey, if they have a ball maybe you can stick razor blades in it and teach them a new game, Gonna Need Stitches Ball.",neutral
996,Ross,She said what?,surprise
996,Emily,"She said, ""If I’m not gonna be happy getting married somewhere that we find in a day, well then we should just postpone it.""",neutral
996,Ross,Postpone it?,joy
996,Ross,"Emily, do you think Monica realises how much our parents spent on this wedding?",anger
996,Ross,"Do you my sister’s teeny-tiny little brain comprehends that people took time out of their lives to fly thousands of miles to be here, huh?",anger
996,Ross,This isn’t right.,neutral
996,Emily,"I realize that people are going to be disappointed. But, I’m sure they’ll come back when we can do it right.",sadness
996,Ross,I can’t ask people to do that? Would you ask people to do that?,anger
996,Emily,Don’t you point your pants at me!,anger
996,Emily,We have no choice!,anger
996,Emily,"Anywhere that’s half-decent would’ve be booked months ago, Ross don’t you understand?",anger
996,Emily,This is our wedding I’m talking about.,anger
996,Ross,The only thing I understand is postponing it is not an option. This is when we’re getting married.,neutral
996,Emily,So what are you saying? It’s now or never?,anger
996,Ross,No. I’m saying it’s now.,neutral
996,Emily,Or?,anger
996,Ross,There’s no ‘or’ in mind. What is wrong with these pants?!!,anger
996,Emily,It’s not the pants.,anger
996,Emily,It’s you that is backwards.,anger
996,Emily,"And if, and if you don’t understand how important this is to me, well then, perhaps we shouldn’t get married at all!",anger
996,Ross,"No, wait! Emily! No, wait, stop! Emily, please—",sadness
997,Monica,"Hi, honey.",neutral
997,Chandler,See you later.,neutral
997,Monica,"What? I-I bought groceries, I was gonna make you dinner!",joy
997,Chandler,Well next time ask! Or at least wait for me to ask!,anger
997,The Museum Official,"Hi, this is Heldi from the Morgan Chase museum. I’m calling for Monica Geller.",neutral
997,Monica,Oh no!,surprise
997,The Museum Official,"I want to let her know that there was a cancellation and if she’s still interested in having the Bing-Geller wedding at our facility, it is available",neutral
997,Monica,"Oh please, he didn’t hear it! He didn’t hear it!!",fear
997,Chandler,This is Chandler Bing! This is Chandler Bing!,surprise
997,Monica,NOOOO!!!!!!!!,anger
998,Joey,Ma! What're you doing here?,surprise
998,Mrs. Tribbiani,I came to give you this  and this.,neutral
998,Joey,Oww! Big ring!,surprise
999,Susan,"Yeah, all the time. I want the baby to know my voice.",neutral
999,Ross,"Do you uh, do you talk about me?",neutral
999,Susan,"Yeah, yeah, all the time.",neutral
999,Ross,Really?,surprise
999,Susan,"But um, we just refer to you as Bobo the Sperm Guy.",neutral
1000,Monica,Would you look at this dump? He hated us. This is his final revenge!,disgust
1000,Rachel,Have you ever seen so much crap?,disgust
1000,Chandler,"Actually, I think this apartment sullies the good name of crap",anger
1000,Joey,Check this out. Can I have this?,neutral
1001,Rachel,What?,neutral
1001,Monica,"I'm at work, ordinary day, you know, chop chop chop, sauti, sauti, sauti.",neutral
1001,Monica,"All of a sudden, Leon, the manager, calls me into his office.",neutral
1001,Monica,"It turns out they fired the head lunch chef, and guess who got the job.",joy
1001,Joey,"If it's not you, this is a horrible story.",sadness
1001,Monica,"Fortunately, it is me.",joy
1001,Monica,"And, they made me head of purchasing, thank you very much.",joy
1001,Monica,"Anyway, I just ran into Ross and Chandler downstairs, and they think we should go out and celebrate.",joy
1001,Monica,"Y'know, someplace nice.",neutral
1001,Joey,"Yeah, someplace nice.",neutral
1001,Rachel,Yeah!,joy
1001,Joey,How much do you think I can get for my kidney?,neutral
1002,Chandler,"So, what do you think?",neutral
1002,Ross,I think It's the most beautiful table I've ever seen.,joy
1002,Chandler,I know!,joy
1002,Monica,"So how does this work, you going to balance the plates on these little guys' heads?",neutral
1002,Joey,"Who cares, we'll eat at the sink! Come on, let's play!",joy
1002,Monica,Heads up Ross!  Score!  You suck!,joy
1003,Monica,Thank you. Just make yourself comfortable.,neutral
1003,Joey,Gotcha.,neutral
1003,Monica,This place is really my Grandmother’s.,neutral
1003,Monica,"I got it from her when she moved to Florida, otherwise I could never afford a place like this.",neutral
1003,Monica,"So if the landlord ever asks, I’m 87 year old woman, who’s afraid of her VCR.",neutral
1003,Monica,So are you thirsty?,neutral
1003,Joey,"Oh, you bet I am!",joy
1003,Monica,"Okay, here’s your penis!",surprise
1004,Ross,"Ohh, okay.",neutral
1004,Rachel,"Oh my God, what a great surprise! This is such a beautiful house.",joy
1004,Paul,"Thank you, it’s my mom’s. So this is the kitchen.",neutral
1005,Larry,"Hey, ready for dinner?",neutral
1005,Phoebe,"Ooh, absolutely!",joy
1005,Larry,Great! How about you wanted to go the Italian place down on Bleaker Street right?,joy
1005,Phoebe,"Ooh, I love that place!  So, no.",neutral
1005,Larry,How about Mama Lisettie's?,neutral
1005,Phoebe,Enh. Sure!,neutral
1005,Larry,I wonder how long that milk  has been setting out.,disgust
1005,Phoebe,"Oh, no-no, this place is totally healthy!",neutral
1005,Phoebe,That—this milk is mine.,neutral
1005,Phoebe,"I bought this today, 'cause I was thirsty for milk, y'know.",neutral
1005,Phoebe,"Okay, let's go!",joy
1005,Larry,"Hey, buddy!  Are you familiar with Section 11-B of the Health Code that requires all refuse material out the",anger
1005,Gunther,But then I'd have to go all the way around the dry cleaner place.,neutral
1005,Larry,"Oh, so you're saying you'd choose convenience over health?!",disgust
1005,Phoebe,"Okay, stop!",anger
1005,Phoebe,"Larry, okay, can't you just be Larry and not Larry the health inspector guy?",neutral
1005,Phoebe,"Y'know I mean it was really exciting at first but now it's like, okay, so where are we gonna eat ever?",anger
1005,Larry,"Well, I suppose I could give him a warning.",neutral
1005,Phoebe,Thank you.,joy
1005,Phoebe,Go!,neutral
1005,Phoebe,Go!,anger
1005,Phoebe,"Now, if after dinner you still really need to bust someone, I know a hot dog vendor who picks his nose.",disgust
1006,Rachel,"No! No! Phoebe, come on! I don’t want to switch! Please come on! I can throw wet paper towels here!",sadness
1006,Phoebe,No but at Monica’s you can eat cookies over the sink!,joy
1006,Rachel,I know. I’m sorry.,sadness
1006,Phoebe,All right fine! This looks like so much fun.,neutral
1006,Joey,Yeah.,neutral
1006,Phoebe,"God, what a mess.",neutral
1007,Chandler,"Tell us what happened, Brown Bird Ross.",neutral
1007,Ross,"Well, I lost.",sadness
1007,Ross,"Some little girl loaned her uniform to her nineteen year old sister, who went down to the U.S.S.",sadness
1007,Ross,"Nimitz, and sold over 2,000 boxes.",anger
1007,Chandler,Hey! How’d the interview go?,joy
1007,Rachel,"Oh, I blew it. I wouldn’t of even hired me.",sadness
1007,Ross,"Oh, come here sweetie, listen, you’re gonna go on like a thousand interviews before you get a job.",sadness
1007,Ross,That’s not how that was supposed to come out.,sadness
1007,Phoebe,This is the worst Christmas ever.,sadness
1007,Chandler,"Y'know what Rach, maybe you should just, y'know stay here at the coffee house.",neutral
1007,Rachel,I can’t!,anger
1007,Rachel,It’s too late!,anger
1007,Rachel,Terry already hired that girl over there.,sadness
1007,Rachel,"Look at her, she’s even got waitress experience.",sadness
1007,Rachel,Last night she was teaching everybody how to make napkin....  swans.,sadness
1007,Ross,That word was swans.,neutral
1008,Fireman No. 1,What do we got there?,surprise
1008,Fireman No. 2,"A piece of something: boxer shorts, greeting cards, and what looks like a half-charred picture—Wow, that guy's hairier than the Chief!",surprise
1008,Monica,"You know, it's a really funny story how this happened.",joy
1008,Fireman No. 3,It's all right.,neutral
1008,Fireman No. 3,It's all right.,neutral
1008,Fireman No. 3,You don't have to explain.,neutral
1008,Fireman No. 3,This isn't the first boyfriend bonfire that we've seen get out of control.,neutral
1008,Fireman No. 1,You're our third call tonight.,neutral
1008,Rachel,Really?,surprise
1008,Fireman No. 2,"Oh, sure, Valentine's is our busiest night of the year.",neutral
1009,Rachel,"I'm so sorry, you guys. I didn't mean to bring you down.",sadness
1009,Monica,"No, you were right. I don't have a plan.",neutral
1009,Rachel,Thank God. Food.,joy
1009,Monica,Phoebe?,neutral
1009,Phoebe,What?,neutral
1009,Monica,Do you have a plan?,neutral
1009,Phoebe,I don't even have a 'pl'.,joy
1009,Rachel,"No, no, that's not what we ordered... We ordered a fat-free crust with extra cheese.",sadness
1009,Monica,Wait! Did you say 'G.Stephanopoulos?',surprise
1009,Monica,"Wait, was this a-a small mediterranean guy with curiously intelligent good looks?",surprise
1009,Monica,Was he wearing a stunning blue suit?,joy
1009,Phoebe,And-and a power tie?,joy
1009,Monica,Oh God.,surprise
1009,Monica,Are you nuts?! We've got George Stephanopoulos' pizza!,surprise
1009,Rachel,"Uh, Pheebs? Who's George Snuffalopagus?",neutral
1009,Phoebe,Big Bird's friend.,neutral
1009,Monica,I see pizza!,joy
1009,Phoebe,"Oh, I wanna see! Lemme see! Lemme see!",joy
1009,Rachel,Hello? Who are we spying on?,sadness
1010,Joey,"Hey, y'know what a really good rainy day game is?",neutral
1010,Monica,What?!,neutral
1010,Joey,"I mean naked game. Strip poker, we should totally play strip poker.",joy
1010,All,"No, no!",disgust
1010,Monica,What are you crazy?!,disgust
1010,Joey,"Come on! When you go away, you-you have to play, it’s like a law!",sadness
1010,Rachel,Allll done!,neutral
1010,Monica,"Aww, thank you.",joy
1010,Rachel,"Okay, who’s next?!",neutral
1010,Ross,No-o-o!  No way!,disgust
1010,Rachel,"Come on, please?! I’m boredddd! You let me do it once before.",neutral
1010,Ross,"Yeah well, if ah, if that’s the rule this weekend...  No!",joy
1011,Monica,It’s beautiful! It’s like the first bathroom floor there ever was.  Whoa! Are you going in there for?,surprise
1011,Chandler,"What, like a number?",neutral
1011,Ross,Hey!,joy
1011,Chandler,Hi! Bye!,neutral
1011,Ross,"Okay, I’m done with my choices, these are final.",neutral
1011,Rachel,"Well, it’s about time.",anger
1011,Joey,"Ooh, very official.",neutral
1011,Ross,"Oh, yeah, well y'know Chandler printed it up on his computer.",neutral
1011,Monica,And who laminated it?,neutral
1011,Ross,That would be me.,neutral
1011,Rachel,"All right let me see.  Uma Thurman, Winona Ryder, Elizabeth Hurely, Michelle Pfieffer, and Dorothy Hammel?",neutral
1011,Ross,"Hey, it’s my list.",anger
1011,Rachel,"Okay honey, you do realize she only spins like that on ice.",neutral
1012,Ross,"Okay, Phoebe, this Dr. Oberman. He has no strong feelings about Fonzie or any of the",neutral
1012,Phoebe,Hi! And you're going into what grade?,surprise
1012,Dr. Oberman,"Umm, I'm actually a first year resident, but I get that a lot, you see, I-I graduated early",joy
1012,Phoebe,"Uh-huh, me too. Ross, maybe I should've specified that I'd be needing a grown up doctor.",joy
1012,Dr. Oberman,"Oh no, I'm fully qualified to",joy
1012,Phoebe,Shh!,anger
1012,Phoebe,"Doogie, shh!",anger
1012,Phoebe,Doesn't anybody understand that I'm gonna be having babies soon?,surprise
1012,Phoebe,Huh?,surprise
1012,Phoebe,Go!,anger
1012,Phoebe,"Go little boy, go!",anger
1012,Frank,Oh cool! You made him cry!,joy
1013,Ross,"Hey, there’s uh, some people outside, askin’ about candy.",neutral
1013,Monica,"Well, they’re just gonna have to wait aren’t they? I’ve only got two hands!!",anger
1013,Ross,Need some help?,neutral
1013,Monica,No! You don’t know the system! There’ll be nobody messing with the system!,anger
1014,Policeman,Your license please.,neutral
1014,Ross,You don’t-you don’t want to hear about my dream Officer…Pretty?,neutral
1014,Policeman,It’s Petty.  I’ll be right back with your ticket.,neutral
1014,Rachel,You have a son!,surprise
1014,Ross,I know. I know.,neutral
1015,Gerston,"Uh, like, could these margaritas",neutral
1015,Santos,"Hello, Mr. Bing.",neutral
1015,Petrie,Loved your Stevie Wonder last night.,joy
1015,Chandler,"Thanks. Listen, about the weekly numbers, I'm gonna need them on my desk",neutral
1015,Santos,Sure.,neutral
1015,Gerston,No problem.,neutral
1015,Chandler,"You have to give 'em something, you know.",joy
1015,Chandler,"Okay, now that was Gerston, Santos, and who's the guy with the moustache?",neutral
1015,Phoebe,Petrie.,neutral
1015,Chandler,"Petrie, right, right. Okay, some people gonna be working",neutral
1016,Ross,....right?,anger
1016,Ross,Right?,anger
1016,Ross,"I mean it’s pretty unbelievable y'know, I mean they just took off, took off without even looking back.",anger
1016,Ross,"Y'know I don’t, I don’t need them, huh, I’ve got you guys now as friends, you and Susan.",anger
1016,Carol,"Ah, Susan will be so pleased.",joy
1016,Ross,"717?  Where’s 717?  Hey, you’ve have more of these for Susan right?",surprise
1016,Carol,"No. But it’s okay, I’ll just put out pickles or something.",neutral
1016,Phoebe,"Ross, thank God.",joy
1016,Ross,"Pheebs? What, why are you whispering?",surprise
1016,Phoebe,I ate a bug.,disgust
1016,Monica,"Hey Rach, the tampons here are only a penny. Let’s stock up.",joy
1016,Phoebe,"Listen Ross, we ran out of gas, and we don’t know where we are, so we can’t get a tow truck.",fear
1016,Ross,"Oh, now you want a favour?",joy
1016,Phoebe,"Yes, please.",neutral
1016,Ross,"Well, oh, I’m sorry your car broke down Pheebs, but I’m a little too busy with some of my real friends right now, but please call to let me know you got home safely okay?",anger
1016,Carol,"Phoebe, hang on a second.  Here, take my car, go pick up your friends.",neutral
1016,Ross,"No, I’m not gonna pick them up.",anger
1016,Carol,"Listen, we both know you’re gonna do it ‘cause you’re not a jerk.",neutral
1016,Carol,"So you can either sulk here for a half hour and then go pick them up, or save us both time and sulk in the car.",anger
1016,Ross,"No, Rachel doesn’t want me to....",anger
1016,Carol,"Look, I-I-I am sorry that Rachel dumped you ‘cause she fell in love with that Mark guy, and you are the innocent victim in all of this, but don’t punish your friends for what Rachel did to you.",neutral
1016,Ross,"Yeah, you’re right.",neutral
1017,Monica,"God, I feel so guilty about Ross.",sadness
1017,Phoebe,"Oh, I know.",sadness
1017,Joey,I kinda feel like it's my fault.,sadness
1017,Chandler,Kind of? If you just kept this to yourself none of this would've happened.,anger
1017,Joey,"Well, I'm keeping so many things to myself these days, something was bound to slip out!",anger
1017,Chandler,"Well, I think it's very brave what you said.",anger
1017,Phoebe,"All right, I can't sit here anymore. I have to walk places.",neutral
1017,Chandler,"Pheebs, what are you doing with the coat? How about the whole animal rights thing?",anger
1017,Phoebe,"Well, I've been reading up and for your information, minks are not very nice.",anger
1017,Phoebe,"Okay, I admit it!",anger
1017,Phoebe,I love this coat!,joy
1017,Phoebe,"Okay, I—it's the best thing I've ever had wrapped around me, including Phil Huntley!",joy
1017,Phoebe,Remember Phil Huntley?,neutral
1017,Phoebe,He was fine!,joy
1018,Ross,So your dad dropped by. He’s a pleasant man!,joy
1018,Rachel,Oh no,fear
1018,Phoebe,I’d better go. (She goes and sits down in the,neutral
1018,Rachel,"Ross I’m so sorry. Okay. I-I will promise I will straighten this out with him tomorrow in person, or via e-mail.",sadness
1018,Ross,I don’t care about your dad! I care about Mona! She was there and now she’s totally freaked out!,anger
1018,Rachel,"Oh okay, I’ll fix that to. What’s her e-mail address?",neutral
1018,Ross,Rachel!,anger
1018,Rachel,"All right, I promise. I’ll fix this. I swear. I’ll-I’ll-I’ll-I’ll talk to her.",fear
1018,Ross,Okay!,anger
1018,Rachel,Okay.,neutral
1018,Ross,Thank you!,anger
1018,Phoebe,That’s it?!,anger
1018,Phoebe,You call that a fight?,surprise
1018,Phoebe,Come on!,anger
1018,Phoebe,"""We were on a break!""",anger
1018,Phoebe,"""No we weren’t!""",anger
1018,Phoebe,What happened to you two?,surprise
1019,Chandler,"Hi, could we get two burritos to go, please?",neutral
1019,Monica,I'm sorry.,neutral
1019,Monica,"But not that sorry, 'cause you don't have to live with it.",neutral
1019,Monica,"Um, we have a reservation under the name Chandler Bing.",neutral
1019,Maitre d',"Oh-kay, we'll have a table for you in about 45 minutes.",neutral
1019,Chandler,Forty-five minutes? We have tickets to the,surprise
1019,Maitre d',"I'm sorry. Christmas is a very busy time, sir.",neutral
1019,Chandler,Is this because of the burrito thing?,sadness
1019,Monica,You need to give him money.,neutral
1019,Chandler,Give him money? It was a joke!,surprise
1019,Monica,"No, to get a table! Places like this are always shakin’ you down. Everybody wants to be paid off.",anger
1019,Chandler,"Right, calm down, O'Mally. I'll slip him some money.",neutral
1019,Monica,You've got to be smooth about it.,neutral
1019,Chandler,"Hey, I can be smooth.",neutral
1019,Chandler,"Listen, we're a little bit in a hurry, so, if you can get us a table a little quicker, I'd appreciate it.",neutral
1019,Maitre d',"Of course, sir.",neutral
1019,Chandler,Okay.,neutral
1020,Tag,I’d better get back to my desk.,neutral
1020,Rachel,"Okay, you hard worker! I’ll remember to put that in your evaluation.",joy
1020,Tag,My what?,surprise
1020,Rachel,"Well, you’ve been here for two months now and your boss is required to hand in a performance evaluation.",neutral
1020,Rachel,"But y’know, there is one thing that I have yet to evaluate.",neutral
1020,Tag,Are you serious?,surprise
1020,Rachel,"No, I’ve just always wanted to do that. Can you help me clean this up?",neutral
1021,Chandler,I can blow dry it.,neutral
1021,Chandler,I can put gel on it.,neutral
1021,Chandler,"It doesn’t matter, I still wind up with this little  cowlicky thing on the middle part of my head.",neutral
1021,Chandler,It’s so annoying.,disgust
1021,Chandler,Does it bug you?,sadness
1021,Ross,You bug me.,disgust
1021,Chandler,Is there any chance you didn’t see that?,neutral
1022,Rachel,"Hey Joey, what ‘cha doing?",neutral
1022,Joey,Sweepin’. Why? Turn you on?,neutral
1022,Rachel,No.,neutral
1022,Joey,Huh. What if I was sweeping a chimney?,joy
1022,Rachel,"Joey, did",neutral
1022,Joey,Where are you going? The vicar won’t be home for hours.,joy
1022,Rachel,"Joey,  where did you learn that word?",surprise
1022,Joey,"Where do you think,  Zelda?",neutral
1022,Rachel,You found my book?!,anger
1022,Joey,Yeah I did!,joy
1022,Rachel,"Joey, what-what are you doing going into my bedroom?!",anger
1022,Joey,"Okay, look I’m sorry, I went in there to take a nap and I know I shouldn’t have, but you got porn!",surprise
1022,Rachel,"Hey-hey, y’know what?",anger
1022,Rachel,There’s nothing wrong with a woman enjoying a little…erotica.,neutral
1022,Rachel,"It’s just a healthy expression of female sexuality, which by the way, you will never understand.",anger
1022,Joey,You got porn!,joy
1023,Chandler,"Well, I feel like a snack!",joy
1023,Monica,Do you want some shortbread? Eh that’s Scottish like you are.,neutral
1023,Chandler,Oh no thanks. I don’t like,neutral
1023,Ross,What?!,surprise
1023,Chandler,"Well it’s just my entire family was run out of Scotland by…Vikings. Anyway, lots of bad memories.",sadness
1023,Ross,"Oh well, it sounds to me like your family is ready to uh, rediscover its Scottish roots.",neutral
1023,Monica,You can not play bagpipes at the wedding!!,anger
1023,Ross,How did you know about that?!,surprise
1024,Joey,Hi!,joy
1024,The Potential Roommate,Hi!,joy
1024,Joey,Come in.,neutral
1024,Joey,"Thanks for comin’ back, umm, okay there have been a lot of people interested in the room, but I have narrowed it down and",neutral
1024,The Potential Roommate,Great!,joy
1024,Joey,"Okay now, before I make my final decision I uh, I just want to make sure our personalities match.",neutral
1024,Joey,"Okay, so I made up a little test.",neutral
1024,Joey,"Now, I’m gonna say a word and then you say the first thing that comes to mind.",neutral
1024,The Potential Roommate,I can do that.,neutral
1024,Joey,Okay! Here we go. Pillow.,neutral
1024,The Potential Roommate,Fight.,neutral
1024,Joey,Very good! Okay. G.,joy
1024,The Potential Roommate,String?,neutral
1024,Joey,"Excellent! Okay umm, doggy.",joy
1024,The Potential Roommate,Kitten?,neutral
1024,Joey,"Ooh, sorry! No-no-no, so close though, but—bye-bye!",sadness
1025,Monica,"Dad, please don’t pick your teeth out here!",disgust
1025,Monica,"Alright, and if you’re gonna put your feet up, why don’t you sit on the-",disgust
1025,Phoebe,"Monica, leave him alone",anger
1025,Joey,Will you hurry up?,sadness
1025,Joey,Did you not hear me before when I told you that all of Janine’s friends are dancers?!,surprise
1025,Joey,And that they’re going to be drinking alot!,anger
1025,Rachel,"No, I did, but tell me again, because it’s so romantic.",neutral
1025,Joey,Well you’re whippin’ so slow! Can’t you do it any faster?,anger
1025,Rachel,Joey!,anger
1025,Rachel,Come on!,anger
1025,Rachel,"I don’t wanna make any mistakes, alright?",anger
1025,Rachel,"This is the only dessert and if I screw it up everybody's gonna be like “Oh, remember that Thanksgiving when Rachel screwed up the trifle?”",fear
1025,Rachel,"So why don’t you just let me worry about making the trifle and you just worry about eating it, alright?",neutral
1025,Joey,Oh I am!,joy
1025,Monica,"Ross, if you don’t tell them, then I will!",anger
1025,Ross,"Okay, fine!",anger
1025,Joey,Ross! Can I talk to you for a second?,neutral
1025,Ross,"Oh, uh, can it wait a second Joey? I have to tell my parents something. No it can’t? Okay.",neutral
1026,Monica,You are so cute! How did you get to be so cute?,joy
1026,Chandler,"Well, my Grandfather was Swedish and my Grandmother was actually a tiny little bunny.",joy
1026,Monica,"Okay, now you're even cuter!!",joy
1026,Chandler,Y'know that is a popular opinion today I must say.,neutral
1026,Monica,What?,surprise
1026,Chandler,"The weirdest thing happened at the coffee house, I think, I think Phoebe was hitting on me.",surprise
1026,Monica,What are you talking about?,surprise
1026,Chandler,I'm telling you I think Phoebe thinks I'm foxy.,joy
1026,Monica,That's not possible!,joy
1026,Chandler,Ow!,surprise
1026,Monica,"I'm sorry it's just, Phoebe just always thought you were, you were charming in a, in a sexless kind of way.",joy
1026,Chandler,"Oh, y'know I-I can't hear that enough.",anger
1026,Monica,"I'm sorry, I think that you just misunderstood her.",sadness
1026,Chandler,"No, I didn't misunderstand, okay? She was all over me! She touched my bicep for crying out loud!",anger
1026,Monica,This bicep?,surprise
1026,Chandler,Well it's not flexed right now!,anger
1027,Phoebe,It's Phoebe.,neutral
1027,Phoebe,"Umm, well I sorta have some bad news, can I come in?",sadness
1027,Phoebe,"Umm, well, umm Grandma died.",sadness
1027,Phoebe,"No, she just died today! Okay, umm, we're having a memorial service tomorrow.",sadness
1027,Phoebe,No you didn't!,joy
1027,Phoebe,"Well, lots of people! Look, are you coming to memorial service or not?",anger
1027,Phoebe,"Fine. Okay, enjoy your concert.",disgust
1028,Melissa,"anyway, his name is Allan and we’ve been going out for three years.",neutral
1028,Melissa,He was my first client when I became a party planner.,neutral
1028,Melissa,He was planning a party for his girlfriend at the time.,neutral
1028,Melissa,Oh well.,neutral
1028,Melissa,And he was Theta Beta Pi at Syracuse.,neutral
1028,Rachel,"Oh. Oh, that’s great!",joy
1029,Ben,Really? Like how?,surprise
1029,Rachel,"Well y’know, we would umm, repeat everything the other said, or uh, we’d jump out of closets to scare each other, or switch the sugar for the salt so they’d put salt on their cereal.",neutral
1029,Ben,That’s a good one.,joy
1029,Rachel,Yeah? You like that one?,surprise
1029,Ben,"Yeah, you’re funny.",joy
1029,Rachel,I’m funny?,surprise
1029,Rachel,Oh thank God!,joy
1029,Rachel,"Well hey, I’ve got a ton of these!",joy
1029,Rachel,"Umm, oh here—Do you want a good one?",neutral
1029,Rachel,"Umm, you uh, you take a quarter, take a quarter and, and you blacken the edge.",neutral
1029,Rachel,Right?,neutral
1029,Rachel,"And then you say to person, I bet you can’t roll this quarter from your forehead to your chin without it leaving your face.",neutral
1029,Rachel,"And then when they do it, they’re left with a big black pencil line right down the center of their face.",neutral
1029,Ben,Can I do it to you?,neutral
1029,Rachel,"Yeah, I-I-I-I’m funny Ben, but I’m not stupid. Okay?",joy
1030,Ross,Chloe? Hi..,neutral
1030,Chloe,Is this about me taking your watch?,sadness
1030,Ross,You took my watch?,surprise
1030,Chloe,"I’m sorry, I do that.",sadness
1030,Ross,"Just you keep it, listen did you, did you tell anyone about us?",sadness
1030,Chloe,"Oh no. I feel it isn’t really anybody’s business, y'know.",neutral
1031,Pete,"Oh, one other thing. Hoshi thinks that you being ringside may have affected my concentration.",neutral
1031,Monica,Yeah. That-that was the problem.,neutral
1031,Chandler,"Excuse me, Doug?  Hey there sports fan!!",joy
1031,Doug,Bing! You got those numbers for me?,joy
1032,Chip,So you still in touch with anyone from high school?,neutral
1032,Monica,"Umm. Well, there’s Rachel, and umm, I think that’s it. How bout you?",neutral
1032,Chip,"Oh yeah, I still hang with Simmons and Zana, y'know.",neutral
1032,Chip,I see Spindler a lot.,neutral
1032,Chip,"Devane, Kelly, and I run into Goldie from time to time.",neutral
1032,Chip,"Stick, Brown, Sulkov, McGuire, J.T., Beardsley.",neutral
1032,Monica,Is that all?,neutral
1032,Chip,"Ehh, y'know after high school, you just kinda lose touch. Oh yeah! I ran into Richard Dorfman.",joy
1032,Monica,"Ohh, how is he?",surprise
1032,Chip,"Not so good, Simmons and I gave him a wedgie.",neutral
1032,Monica,Isn’t he an architect now?,neutral
1032,Chip,"Yeah, they still wear underwear.",neutral
1033,Joey,So the Porsche guy took his car back.,neutral
1033,Chandler,But you found the keys to his clothes?,neutral
1033,Joey,"No. No, I just uh, I just loved the way it feels when everybody thinks I own a Porsche.",joy
1033,Monica,And people will think you own a Porsche because you’re wearing the clothes?,surprise
1034,Rachel,"Hey, Mon, I was just doing the dishes!",neutral
1034,Ross,Hey!,joy
1034,Rachel,Oh! It’s you.  Hi.,surprise
1035,Joey,What about me?! You-you just said I could!,anger
1035,Chandler,"I’m not even getting married! Okay, this is a question for science fiction writers!",neutral
1035,Joey,I can’t believe you’re not picking me.,anger
1035,Ross,"Hey, how can it",neutral
1035,Chandler,I’m not even… I’m not even,neutral
1035,Ross,"Fine, y’know what, that’s it. From now on, Joey, I want you to be my best man.",anger
1035,Joey,Yes!  Shame about you man.,joy
1036,Joey,Hey-hey! Stanley! Hey-hey! You're leading man is here! Let's get to work.,joy
1036,Stanley,"Umm, slight change of plans. We've shut down.",sadness
1036,Joey,Wh-what?! Why?!,surprise
1036,Stanley,"It's a money thing, we don't have any.",sadness
1036,Joey,You're kidding right?,surprise
1036,Stanley,No.,neutral
1036,Joey,What?!,surprise
1036,Stanley,"It-it's probably just temporary. We're hoping to get some more money soon, so if could just uh, hang out.",neutral
1036,Joey,"Uh, hang out?! How long?",sadness
1036,Stanley,I don't know.,neutral
1036,Stanley,A week?,anger
1036,Stanley,Maybe two?,neutral
1036,Stanley,The money will turn up!,neutral
1036,Stanley,People will always wanna invest in movies!,neutral
1036,Stanley,"Hey, you're not rich are ya?",neutral
1036,Joey,No!,anger
1036,Stanley,"Eh, worth a shot.  Look Joey, let me know where you're staying, okay?",neutral
1036,The Grip,"Hey pal, are you Joey Tribbiani?",neutral
1036,Joey,Yeah.,neutral
1036,The Grip,These got left for ya.,neutral
1036,Joey,Thanks.   Congratulations on your big break.,sadness
1037,Julie,"Rachel, do you have any muffins left?",neutral
1037,Rachel,"Yeah, I forget which ones.",neutral
1037,Julie,"Oh, you're busy, that's ok, I'll get it. Anybody else want one?",neutral
1038,Chandler,Hey.,neutral
1038,All,Hey!,joy
1038,Monica,So how was Joan?,neutral
1038,Chandler,I broke up with her.,neutral
1038,Ross,"Don’t tell me, because of the big nostril thing?",surprise
1038,Chandler,"They were huge. When she sneezed, bats flew out of them.",disgust
1038,Rachel,"Come on, they were not that huge.",neutral
1038,Chandler,"I'm tellin' you, she leaned back; I could see her brain.",disgust
1038,Monica,How many perfectly fine women are you gonna reject over the most superficial insignificant things?,surprise
1038,Joey,"Hold it, hold it.",neutral
1038,Joey,I gotta side with Chandler on this one.,neutral
1038,Joey,"When I first moved to the city, I went out a couple of times with this girl, really hot, great kisser, but she had the biggest Adam's apple.",disgust
1038,Joey,It made me nuts.,disgust
1038,Chandler,You or me?,neutral
1038,Ross,"I got it. Uh, Joey, women don't have Adam's apples.",neutral
1038,Joey,"You guys are messing with me, right?",surprise
1038,All,Yeah.,neutral
1038,Joey,"That was a good one. For a second there, I was like, ""whoa.""",joy
6189,Monica,I'm so excited for our vacation to Hawaii!,joy
6189,Rachel,I don't know if I can handle all those insects and snakes,fear
6095,Joey,"Oh no, oh no, oh no! What if the prom video is, like, super embarrassing?!",fear
6095,Monica,"Joey, calm down. It's just a video from high school. It's not a big deal.",neutral
6095,Chandler,"Yeah, and besides, what's the worst that could happen? Rachel trips on her dress or something?",neutral
6095,Phoebe,I'm more worried about how we're gonna fit all our hair in that tiny limo.,neutral
6095,Rachel,"Wait, what's going on?! Why are you all talking about my prom video?! Oh no, did you guys see it?!",surprise
6095,Monica,"Rachel, no, no one's seen it. We were just speculating about what it might be like.",fear
9079,Rachel,"Oh my god, have you seen Monica's hair?",fear
9079,Joey,"What's wrong with Monica's hair? It's just cornrows, calm down!",anger
9079,Chandler,"So, did you guys hear about the hotel we're staying at in Barbados?",neutral
9079,Monica,"Ugh, you guys are being so cruel! My hair is just trying something new.",disgust
9079,Phoebe,"Wait, did someone say Barbados? I've always wanted to go to Barbados!",surprise
9079,Ross,"You know, Monica, I think Joey has a point. Cornrows aren't the worst thing in the world.",anger
2663,Joey,"Guys, I'm freaking out. What if the bagpipes are too loud and they scare the guests?",fear
2663,Chandler,"Oh, come on Joey. It's just a little bagpipe noise. What's the worst that could happen?",neutral
2663,Monica,"I'm really upset about this whole bagpipe thing. I was looking forward to a beautiful, quiet ceremony.",sadness
2663,Rachel,"I know, Monica. I was really counting on it being a peaceful day. But I guess we can't control the bagpipes.",sadness
2663,Phoebe,"I'm actually really upset too. I was planning to sing a song at the ceremony, and now it's going to be drowned out by the bagpipes.",sadness
2663,Ross,"Well, let's just hope the bagpipes are worth it in the end. Maybe they'll add some excitement to the ceremony.",neutral
9680,Joey,"Guys, I'm really scared to start this new fitness program. I don't want to look like a total failure in front of Rachel.",fear
9680,Monica,"Oh, Joey, it's not that bad. I've been doing it for weeks, and I'm actually starting to see results.",neutral
9680,Chandler,"Yeah, and I've been joining Joey on his couch-to-5K runs. We're basically a fitness duo now.",joy
9680,Phoebe,"That's so cool, guys! I'm thinking of joining you. I've got a new yoga routine I want to try out.",joy
9680,Ross,"You're all a bunch of amateurs. I've been working out for months, and I'm still not seeing the results I want.",anger
9680,Monica,"Ross, come on, don't be so negative. We're all in this together. Let's support each other.",anger
5339,Monica,"Oh no, I'm so worried about our fitness goals. I've been eating so much pizza lately.",fear
5339,Rachel,What? What's wrong? Did you see the scale this morning?,surprise
5339,Monica,"Yes, I saw it. I'm like 5 pounds heavier than I was last week. I'm so disappointed in myself.",sadness
5339,Joey,"Hey, don't worry about it, Monica. You're still a fitness goddess. What's the big deal?",neutral
5339,Monica,"Thanks, Joey. You're always so optimistic. But I'm really struggling to get motivated. Has anyone else been having trouble sticking to their fitness goals?",joy
5339,Chandler,"Wait, what? You're worried about your fitness goals? But you're always doing those crazy workouts. I thought you were a fitness enthusiast.",surprise
5009,Monica,"Oh no, I'm so worried about what's going to happen at the nap partners episode tonight.",fear
5009,Rachel,"What's going on, Monica? Why are you freaking out?",anger
5009,Monica,I just got a bad feeling about this. I don't think Ross is ready to share his partner with another person.,surprise
5009,Joey,"Come on, Ross is a big boy, he can handle it. Besides, it's just a nap, not a marriage.",anger
5009,Chandler,"Yeah, and who knows, maybe Ross will finally get some decent sleep for once.",anger
5009,Monica,I guess you're right. Let's just focus on having a good time and not worrying too much.,neutral
9705,Monica,"Oh no, Phoebe's teaching Joey how to play the guitar? I'm so scared he's going to hurt himself!",fear
9705,Joey,"Ugh, Phoebe's going to make me sing like a cat in a blender. This is disgusting!",disgust
9705,Chandler,"Can we just get a refund? I mean, Phoebe's trying to teach Joey guitar? That's just anger-inducing!",anger
9705,Phoebe,Surprise! Joey's actually picking it up quickly! Who knew?,surprise
9705,Rachel,"Yay, Joey's rocking out! This is so joyful!",joy
9705,Ross,This is ridiculous! Phoebe's teaching Joey guitar? It's an abomination!,anger
10150,Rachel,"Oh my god, Phoebe, what's going on? You're really going to change your name to Princess Consuela Banana Hammock?",fear
10150,Phoebe,"Yeah, I'm thinking about it. I just feel like it's time for a change",fear
10150,Monica,"Well, I think it's an interesting choice, Phoebe. But are you sure you're ready for the paperwork involved?",neutral
10150,Chandler,"Yeah, and what about your acting career? Are you going to start getting typecast as 'the girl with the weird name'?",neutral
10150,Joey,"I don't know, guys. I kinda like it. It's definitely a conversation starter",neutral
10150,Ross,"Well, I think it's aninteresting choice, Phoebe. But hey, it's your name, do what you want",neutral
10723,Monica,"Oh my god, did Ross really just tell us about his 'unagi' defense technique?",fear
10723,Joey,"What's wrong with it? It's like, you know, a way to avoid conflict.",anger
10723,Chandler,Are you kidding me? It's a load of crap! Ross is just trying to get out of taking responsibility.,anger
10723,Phoebe,"I don't know, guys. Maybe Ross is onto something. I've used it before, and it works!",anger
10723,Rachel,"Ugh, Ross is such a hypocrite! He always says we should be honest, but now he's trying to avoid the truth.",anger
10723,Monica,And what's with the name 'unagi'? It sounds like some sort of fish. Disgusting!,disgust
5223,Joey,"Oh no, we're going to have to relive all those awful Thanksgivings!",fear
5223,Monica,"It'll be fun, I promise! We can laugh about all the crazy things we did.",joy
5223,Rachel,I'm so excited to see what kind of ridiculous outfits we wore back then.,joy
5223,Chandler,"Wait, did Ross actually wear that ridiculous turkey hat?",surprise
5223,Monica,"Oh yeah, he did! And we all thought it was hilarious at the time.",joy
5223,Phoebe,I'm just happy we're doing this. It's a great way to relive some old memories.,neutral
9645,Monica,"I'm so nervous about my first therapy session, I don't know what to expect!",fear
9645,Chandler,"Hey, don't worry, it's just a chat. You'll be fine.",neutral
9645,Rachel,"Oh my god, I just had the craziest therapy session! I never knew I was such a control freak!",surprise
9645,Joey,"Whoa, that's wild! I had a similar experience. I didn't realize I was so competitive!",surprise
9645,Phoebe,I knew it! I'm always saying that therapy is the way to go. Now we just need to get Monica to open up.,surprise
9645,Monica,You guys are all so supportive! I think I'm actually looking forward to my next session now.,joy
8993,Monica,"Oh my god, have you guys heard about Rachel's new habit?",fear
8993,Joey,"What's wrong with it? She's just trying to fit in at work, right?",anger
8993,Monica,Fit in? She's smoking like a chimney! What if she gets cancer?,anger
8993,Chandler,Could we please focus on the issue at hand? I'm tired of this drama.,anger
8993,Ross,"I don't know what to say. I've been trying to talk to her about it, but she just gets defensive.",anger
8993,Phoebe,"Wait, what? I thought Rachel was a non-smoker! This is crazy!",surprise
8095,Monica,"Oh no, what's going on? You're really going to leave me for good?",fear
8095,Rachel,"Monica, I'm just trying to figure out what I want to do with my life. This job offer is amazing, but it means I'll have to move to London.",anger
8095,Joey,"Hey, guys, what's going on? Can we talk about something else? I just got a new audition and I'm really excited.",neutral
8095,Monica,"Rachel, don't be ridiculous. You're giving up your career for a job in London? What about your friends, your family, your life here?",anger
8095,Rachel,"Monica, I know you're upset, but I have to do what's best for me. And this job is a huge opportunity.",anger
8095,Chandler,"You know, I think I'll just stay out of this one. But seriously, Rachel, if you're really considering this, I think we should all talk about it more.",anger
10149,Monica,"Oh no, what if we forget to pack our passports?",fear
10149,Rachel,I'm so worried about leaving Ross behind. He's always been my rock.,sadness
10149,Joey,"Ugh, why do we always have to plan so far in advance? Can't we just wing it?",anger
10149,Chandler,"Finally, we're going to a beach vacation! I've been dreaming about this for months.",joy
10149,Phoebe,"You know, I've been thinkingmaybe we should skip the hotel and just camp out in the woods.",neutral
10149,Ross,What if we get lost in the jungle? What if we encounter wild animals?,fear
4595,Joey,"Guys, I just got the craziest story from Chandler. He confessed something super awkward to me in the bathroom today.",fear
4595,Chandler,"What are you talking about, Joey? I didn't confess anything.",fear
4595,Monica,"Oh no, what did he confess? Tell us, Joey.",fear
4595,Joey,He told me he still uses his childhood rubber ducky in the bath! Can you believe it?,anger
4595,Chandler,That's not the point! You're just trying to embarrass me.,anger
4595,Rachel,"Wait, what? A rubber ducky? That's sounusual.",surprise
7558,Monica,"Oh my god, Phoebe's having triplets?! What are we going to do?",fear
7558,Rachel,"I know, it's crazy! But we'll figure it out. We'll help Phoebe, of course.",fear
7558,Joey,"Hey, don't worry about it. Phoebe's gonna be a great mom.",neutral
7558,Chandler,"Yeah, and we'll all be there to help her out.",neutral
7558,Monica,But what about the logistics? We need to start planning and organizing!,anger
7558,Ross,"Hey, back off, Monica! We'll figure it out. Phoebe's got this.",anger
7846,Joey,"Oh no, oh no, oh no! What's going on here?!",fear
7846,Chandler,"It's okay, Joey, it's just Monica and me talking.",neutral
7846,Monica,We were just discussing our feelings.,neutral
7846,Rachel,"Wait, what? You two are together?! That's insane!",surprise
7846,Joey,"Oh my god, this is huge! What about Ross?",fear
7846,Phoebe,"Hey, guys, can we just calm down and talk about this?",neutral
5303,Monica,"Oh no, Rachel's sisters are coming to visit?! That's terrifying!",fear
5303,Rachel,"What's wrong, Monica? They're just coming for a weekend.",surprise
5303,Monica,"Just a weekend?! With those two, it's going to feel like an eternity.",neutral
5303,Joey,"Whoa, Jill and Amy are coming? That's gonna be a wild ride!",surprise
5303,Chandler,"Yeah, because nothing says 'fun' like two more people who can't stop talking.",anger
5303,Chandler,And don't even get me started on Amy's gossiping. Ugh.,anger
9271,Joey,"Oh no, I just saw a rat in the coffee shop!",fear
9271,Chandler,What's the big deal? It's just a rat!,anger
9271,Monica,"You're being ridiculous, Chandler! Rats are disgusting!",anger
9271,Phoebe,"Wait, did you guys just see a rat? That's so cool! I've always wanted to see a rat in the wild!",surprise
9271,Rachel,"Okay, let's just calm down and focus on our coffee.",neutral
9271,Ross,"You know, I've always been fascinated by the mating habits of rats. Did you guys know they can mate with their siblings?",surprise
8042,Rachel,"I'm really stressed about my parents' expectations. They want me to get married and have kids, but I'm not ready.",fear
8042,Monica,"You're being ridiculous, Rachel. You're 30 years old, it's time to get your life together!",anger
8042,Rachel,"I know it sounds silly, but I'm really scared of disappointing them. They're always on my case about something.",fear
8042,Joey,"Hey, don't worry about it, Rach. You do you, and if they don't like it, they're not worth your time.",neutral
8042,Phoebe,"Wait, what's going on? Why are you guys talking about marriage and kids? Did someone get engaged or something?",surprise
8042,Rachel,"No, no, it's just my parents being their usual meddling selves. But thanks for the advice, guys.",neutral
3391,Monica,"Oh no, Ross just bought a new couch and it'sit'sugly!",fear
3391,Joey,What's wrong with it? It looks like a giant marshmallow!,anger
3391,Chandler,"Hey, hey, hey! It's not that bad. And it's actually really comfortable!",joy
3391,Rachel,"I know, right? Ross is so proud of himself. I'm just happy he's finally upgraded from that old futon!",joy
3391,Joey,But have you seen the price tag?! We could've bought a whole new apartment for that money!,anger
3391,Phoebe,"Surprise! Ross just said he's going to use the couch as a 'conversation starter'! I have no idea what that means, but it sounds weird.",surprise
9865,Rachel,"Oh my god, I'm totally freaking out! I just found out that Ryan Phillippe is single and I'm like, what do I do?! ",fear
9865,Monica,"Haha, Rach, you're so silly! But I have to admit, I've had a crush on George Clooney for ages! ",joy
9865,Phoebe,"Aww, guys, don't be so shallow. I had a crush on this guy, but he ended up being a total creepit was so sad.",sadness
9865,Joey,"What's wrong, Phoebe? You're always talking about these weird guys you date. Maybe we should set you up with Chandler, he's single now.",sadness
9865,Chandler,"Hey, hey, hey! I'm not single, I'm justbetween relationships. And no, Joey, I don't want to be set up with anyone, especially not Phoebe.",neutral
9865,Ross,"You know what, guys? I'm sick of all this celebrity crush nonsense. Can we talk about something else? Like, have you seen that new dinosaur documentary? It's amazing!",anger
10531,Joey,"I'm so scared, I just saw a snake in Monica's apartment!",fear
10531,Rachel,"Oh no, that's terrifying! I'm scared too, I don't like snakes.",fear
10531,Phoebe,"But don't worry, snakes are harmless! Well, mostly harmless. I mean, they're not as bad as spiders.",joy
10531,Monica,"You're right, Phoebe! And look, the snake is just trying to find its way out of the apartment. We should let it go.",joy
10531,Chandler,"I'm not sure if I can handle this. I mean, I've seen some weird things in this apartment, but a snake is a bit much.",sadness
10531,Ross,"Don't worry, guys. It's just a snake. Let's just let it go and move on. We have more important things to worry about.",neutral
3007,Monica,I'm so nervous about this blind date. What if it's a disaster?,fear
3007,Rachel,"Oh my god, I just saw the funniest meme on Instagram! It's going to make your day!",joy
3007,Ross,"Hey guys, I just saw the most hilarious video of a cat playing the piano. You have to see it!",joy
3007,Joey,"I know, right? I just saw it and I'm dying over here! Can we watch it again?",joy
3007,Chandler,You know what's not funny? When Phoebe tries to make a joke and it falls flat. That's just sad.,sadness
3007,Monica,"Okay, let's focus on the date. What are the chances it's going to be a total disaster?",neutral
6531,Joey,"Guys, have you seen the prom video Rachel and Monica made?",fear
6531,Chandler,"Yeah, I saw it last night. It's pretty funny.",neutral
6531,Joey,Funny? Are you kidding me? Rachel's wearing that stupid hairdo!,fear
6531,Monica,"Hey, that's my sister you're talking about, Joey! And she looks great.",neutral
6531,Rachel,"Thanks, Monica! I was really nervous about how it would turn out.",neutral
6531,Ross,"So, did you guys like the video?",neutral
8014,Joey,"Guys, have you seen Janice's latest post? She just showed up at Central Perk again.",fear
8014,Monica,What's the big deal? She's just being her usual eccentric self.,neutral
8014,Chandler,"Yeah, and she's got that annoying laugh. I swear, it's like nails on a chalkboard.",joy
8014,Rachel,I don't know why you guys are so worked up. Janice is just trying to make friends.,neutral
8014,Ross,"I'm telling you, it's a matter of when, not if, she shows up at our wedding.",fear
8014,Phoebe,"Dude, don't worry about it. We'll just have to be prepared for her to crash the party.",neutral
7317,Joey,"Phoebe, I don't know if I can do this. I'm really bad at music.",fear
7317,Phoebe,"Come on, Joey! You can't be that bad. I'll teach you some simple chords.",fear
7317,Joey,"Really? You think I can learn this? Oh, yeah! I'm gonna be a rockstar!",joy
7317,Monica,"Okay, guys, let's not get too excited. We don't want to disturb the neighbors.",neutral
7317,Rachel,"Yeah, Monica's right. We should keep it down.",neutral
7317,Chandler,"You know, I've always thought Joey would make a great singer.",neutral
5956,Monica,"Oh no, have you seen how much Joey's been eating lately?",fear
5956,Rachel,What's wrong with a little extra food? It's not like he's going to turn into a sandwich anytime soon!,anger
5956,Monica,"It's not just the food, it's the way he's always talking about it. It's like he's obsessed!",sadness
5956,Chandler,"Gross, Monica, you're making me nauseous just thinking about it. Joey's sandwich breath is the worst!",disgust
5956,Joey,"Hey, hey, hey! What's all the fuss about? I just love food, okay?! It's the best thing in life!",anger
5956,Monica,"Joey, you're not even listening to us! You're just going to keep eating and eating andandugh!",anger
5956,Joey,"Whoa, calm down Monica! I'm just going to go get another sandwich. You guys can come too, if you want!",anger
7985,Monica,"Oh no, I just found out that my celebrity crush, Ryan Phillippe, is going to be on The View today!",fear
7985,Rachel,"What's wrong, Monica? You're not going to freak out because you're going to see Ryan Phillippe, are you?",anger
7985,Joey,"Hey, guys, what's going on? Can we talk about something else? This is getting too intense.",neutral
7985,Monica,"No way, I'm going to see him! I've been practicing my 'I'm a normal person' face in the mirror.",anger
7985,Chandler,"You know, Monica, I've always had a thing for Jennifer Aniston. She's just sofeisty.",joy
7985,Phoebe,"Ugh, you guys are so shallow. Can't you think about something more meaningful than celebrity crushes?",anger
6328,Joey,"Oh no, Phoebe's freaking out! What's wrong, Phoebe?",fear
6328,Phoebe,"My dad is alive! He's been alive this whole time, and I had no idea!",joy
6328,Chandler,"Okay, let's not get too excited here. We don't know what this means yet.",neutral
6328,Monica,"I think we should be happy for Phoebe, don't you, Chandler?",neutral
6328,Phoebe,I'm so happy! I finally get to meet my dad!,joy
6328,Rachel,"Phoebe, are you sure this is a good idea? What if he's not who you think he is?",fear
3627,Monica,I'm so scared we'll get stuck in traffic on the way to the airport!,fear
3627,Rachel,What's the big deal? We'll just take a taxi like we always do!,anger
3627,Phoebe,"Oh, guys, I just got tickets to a concert in Paris! We can go on vacation and see my favorite band!",joy
3627,Joey,"Whoa, that sounds amazing! Can I come too? I've always wanted to try French food!",joy
3627,Chandler,I'm in. As long as we don't have to sit through Phoebe's singing at the Eiffel Tower.,joy
3627,Ross,"Guys, we're all in! Let's plan this trip already! We can make it a Friends reunion!",joy
6852,Monica,"Oh no, Rachel's got a crush on Tag! What are we going to do?",fear
6852,Joey,That's ridiculous! Tag's not even a good guy. He's a total player!,anger
6852,Chandler,"Well, I guess it's not like she's going to go out with him or anything. She's got better taste than that.",neutral
6852,Phoebe,Rachel's so sad about it. She thinks she's not good enough for him. I'm going to have to play matchmaker!,sadness
6852,Ross,Poor Rachel. She's always been a bit of a hopeless romantic. I'm worried she's going to get hurt.,sadness
6852,Monica,And I'm worried about her getting her heart broken. She's already so down about it.,sadness
9558,Joey,"Guys, I just got a call from my agent. I'm going to be in a commercial for 'Ichiban' lipstick for men!",fear
9558,Chandler,"That's not a thing, Joey. Men don't wear lipstick.",neutral
9558,Joey,"What? Of course, they do! I've seen it in the magazines. It's a thing, Chandler!",surprise
9558,Monica,"Joey, are you sure this is a good idea? You're a guy, for crying out loud! Men don't wear makeup!",anger
9558,Joey,"Hey, I can do it! I'm an actor, aren't I? And besides, I think it's a great opportunity. I'll be a trailblazer for men's lipstick!",anger
9558,Ross,"Joey, you're not even a good makeup artist. What makes you think you can be a spokesperson for a cosmetics company?",anger
9558,Joey,"Oh, shut up, Ross! You're just jealous because you've never had to deal with a real challenge in your life. I'm going to crush it in this commercial!",anger
2899,Joey,"Oh my god, are they really going to adopt a kid? I'm freaking out!",fear
2899,Chandler,"Hey, we've been over this, we're going to be great parents. Monica's been preparing for this for months.",fear
2899,Monica,"I've been reading all these parenting books, and I think we're ready. We just need to get through the home inspection.",neutral
2899,Rachel,That's so exciting! I'm going to be an aunt! Can I help with the baby's nursery?,joy
2899,Ross,I'm going to miss my best friend's old life. This is a big change.,sadness
2899,Phoebe,"You're all just jealous because you're not as cool as me. I've been a parent for years, and I'm still rocking it.",anger
9374,Monica,"Oh my god, what's going on with Chandler?",fear
9374,Joey,"I don't know, but it looks like he's having some kind of freakout",fear
9374,Chandler,"You're all just sitting there judging me, aren't you?! I knew it!",anger
9374,Rachel,"Chandler, what's wrong? Why are you so upset?",anger
9374,Ross,"Maybe we can calm him down, Rachel. Let's just talk about it",anger
9374,Monica,"Ross, don't try to fix it! Just let him have his moment",anger
8791,Monica,"Oh no, I just got a notice from the landlord saying we have to fix the leaky faucet in the kitchen!",fear
8791,Joey,What's the big deal? It's just a little water!,fear
8791,Rachel,That's not the point! It's a health hazard and we could get fined!,anger
8791,Chandler,"Could we get fined? Could we? I mean, I'm not sure I'd be devastated if we did.",anger
8791,Phoebe,"Wait, I just had the best idea! We can fix it and then have a party to celebrate!",joy
8791,Ross,Are you kidding me? This is not a joke! We need to get it fixed before the landlord shows up!,anger
8703,Rachel,"Oh no, I'm so scared, what am I going to do without you?",fear
8703,Monica,"Rachel, stop being so dramatic! You're just going through a rough patch. You can't let him break your heart.",anger
8703,Rachel,But we were so happy together! I never thought it would end like this.,joy
8703,Joey,"Dude, girls are so high maintenance. You're better off without him. Now let's go get some cheesecake!",anger
8703,Chandler,"Actually, I think Rachel's got a point. You guys were really happy. Maybe we should've seen this coming.",joy
8703,Phoebe,"Guys, can we please just focus on the good times we had? Let's make a 'Best Of' list for their relationship.",joy
8703,Monica,"That's a great idea, Phoebe! We can make it a fun way to move on.",joy
10509,Joey,"What's going on? Why are you so upset, Ross?",fear
10509,Ross,That's my sandwich! Someone stole my sandwich! I'm going to kill them!,anger
10509,Monica,"Ross, calm down, it's just a sandwich",anger
10509,Rachel,"Ross, maybe you should just let it go. It's not worth the stress",sadness
10509,Chandler,I'm just going to go get another sandwich. Anyone want to come with me?,sadness
10509,Phoebe,"So, did anyone see who took the sandwich?",neutral
10099,Monica,"Oh no, Ross is buying a new couch? What's going on?",fear
10099,Rachel,"I know, I heard him talking to the furniture guy. He's going all out this time.",fear
10099,Joey,"Whoa, that couch is huge! And it's, like, super comfy! I'm going to take a nap on it right now.",joy
10099,Chandler,"So, Ross, how much did this 'pivotal' couch cost? I hope it was worth it.",neutral
10099,Phoebe,"Wait, did Ross just say he's pivoting his entire life around this couch?",surprise
10099,Monica,I think we should just let Ross have his moment. It's not like we're going to move out or anything.,neutral
4321,Monica,"Oh no, I just got out of a really bad date. I'm so scared I'll never find someone.",fear
4321,Rachel,"I know how you feel, Monica. I've been on some terrible dates too. Maybe we can try online dating again?",fear
4321,Joey,"Hey, don't worry about it. You'll find someone. And if not, there's always me.",neutral
4321,Phoebe,"I just met the most amazing guy at the coffee shop! He's a masseuse, and he's got this great energy.",joy
4321,Chandler,"Wait, did you say he's a masseuse? That's weird. What's he like?",surprise
4321,Phoebe,"Oh, he's great! And he's got this funny accent too. You guys should come over for dinner and meet him.",surprise
10562,Monica,"Oh my god, have you guys heard? Rachel and Ross are getting married with bagpipes!",fear
10562,Joey,"Whoa, that's crazy! I love bagpipes!",surprise
10562,Chandler,"Yeah, because nothing says 'romantic' like a bunch of screaming bagpipes.",neutral
10562,Monica,"Come on, Chandler, it's going to be beautiful! And we have to make sure everything is perfect.",anger
10562,Rachel,"Guys, stop worrying! It's just a little bagpipe music. We're going to have a great time.",joy
10562,Ross,"Yeah, and I'm really looking forward to seeing my friends dance to the bagpipe rendition of 'I Will Always Love You'.",joy
9883,Monica,"Oh no, Joey's eating all the food again! I'm starving!",fear
9883,Chandler,"Hey, what's the big deal? It's just a little food.",neutral
9883,Rachel,"I know, right? I'm always the one who ends up going to the kitchen and getting the leftovers.",neutral
9883,Phoebe,"Yay! I love food! Can I have some of your pizza, Joey?",joy
9883,Joey,"Uh, no way. I'm not sharing. You can just get your own food.",fear
9883,Monica,"Joey, come on! We're all hungry. Share and share alike!",fear
9883,Chandler,"Yeah, Joey, don't be a pig. Literally.",fear
9268,Joey,"Phoebe's going to teach me guitar? I'm freaking out, I've never played an instrument before!",fear
9268,Joey,What if I'm terrible? What if I break the strings? What if I hurt myself?,fear
9268,Monica,"Hey guys, what's going on? Why is Joey so anxious?",neutral
9268,Chandler,"Oh, Joey's just worried about Phoebe's teaching skillsor lack thereof",neutral
9268,Phoebe,"Whoa, surprise! Joey's actually trying to play a chord!",surprise
9268,Joey,How dare you! I'm a natural! You're just jealous because you can't play either!,anger
3014,Monica,I'm so nervous about our trip to London. What if we get lost?,fear
3014,Rachel,"Don't worry, Monica. We'll have a map and a guide. We'll be fine.",fear
3014,Joey,"Wait, what's that? Is that a plane flying overhead?",surprise
3014,Chandler,"Ha! Yeah, it's just the plane taking off. You're so jumpy today, Joey.",joy
3014,Phoebe,"Oh my god, did you guys hear about the London Bridge being sold to an American oil company?",surprise
3014,Ross,That's actually kind of interesting. I didn't know that.,neutral
4102,Rachel,"Oh my god, have you guys seen the schedule for the wedding?",fear
4102,Monica,What's wrong? Why are you freaking out?,neutral
4102,Rachel,"It's just that I don't think I'm ready for this. I mean, we're not even sure if we're going to be invited yet.",fear
4102,Joey,"Hey, hey, hey! It's going to be fine, Rach. We'll all be there. And even if we're not, it's just a wedding.",joy
4102,Chandler,"Yeah, and it's not like it's a big deal or anything. I mean, it's just a party.",neutral
4102,Phoebe,I'm so excited! I've been practicing my 'I do's' for weeks!,joy
10612,Joey,"Oh no, Chandler's going to make a dog-owning joke again, isn't he?",fear
10612,Chandler,"Hey, dogs are great! Who doesn't love a good slobber-fest?",joy
10612,Monica,"Aww, come on Chandler, you're not serious, are you?",joy
10612,Chandler,Of course I'm serious! I've been practicing my 'who's a good boy?' face,surprise
10612,Rachel,"Oh, Chandler, that's adorable!",joy
10612,Phoebe,I'm just going to go cry in the corner because I love dogs and Chandler's being ridiculous,sadness
3643,Joey,"Dude, have you seen Ross? He's freaking out about something.",fear
3643,Chandler,"Yeah, I saw him. He's been searching everywhere for that stupid sandwich.",fear
3643,Monica,"Ugh, that's disgusting! Who would steal someone's sandwich?",disgust
3643,Rachel,"I don't know, but Ross is really upset. He's been going crazy trying to find it.",fear
3643,Ross,"You guys don't understand. That sandwich was my lunch, my whole day, my sanity!",fear
3643,Phoebe,"Hey, guys, let's just calm down. It's just a sandwich, Ross.",neutral
4940,Monica,"Oh no, oh no, oh no! We're going to get audited and lose everything!",fear
4940,Rachel,"What's wrong, Monica?",fear
4940,Chandler,"Guys, we just won the lottery! We're set for life!",surprise
4940,Joey,"Yeah, let's just enjoy the ride and not worry about the taxes.",neutral
4940,Phoebe,"Wait, did someone just say we won the lottery? Is this real life?",surprise
4940,Ross,"Okay, let's not get too excited. We need to talk about the logistics.",neutral
4257,Monica,"Oh no, Phoebe, what are we going to do? Those triplets are going to be so much work!",fear
4257,Phoebe,"I know, I'm freaking out too, but we'll figure it out. We always do.",fear
4257,Rachel,"I'm so sorry, Phoebe. This must be really tough for you. You're going to be an amazing mom, though.",sadness
4257,Joey,"Whoa, did you hear that? Phoebe's having triplets! This is gonna be crazy!",surprise
4257,Chandler,"Well, at least you won't have to worry about getting bored. You'll always have three babies to keep you company.",neutral
4257,Ross,"I think we should get Phoebe a baby book or something. You know, for keeping track of all those little ones.",neutral
7360,Monica,"Oh my god, have you guys heard about Rachel and Joey's brief relationship?",fear
7360,Chandler,"Ugh, don't even get me started. I'm still trying to process how that even happened.",disgust
7360,Phoebe,"Aww, I'm really sad to hear that. They're both such great people, and I thought they deserved better.",sadness
7360,Ross,"Well, it's not like it was a big deal or anything. It was just a little fling.",neutral
7360,Joey,"Hey, we had some great times! And who knows, maybe it would've worked out if we hadn't gotten caught up in the moment.",joy
7360,Rachel,"Wait, what? You're telling me you had feelings for me? I had no idea!",surprise
6428,Monica,"Rachel, what's going on? You're always late, but this is ridiculous. You're going to miss the baby shower!",fear
6428,Rachel,"Oh, Monica, I'm so sorry. I had a flat tire on the way here, and then I got stuck in traffic. But don't worry, the baby is fine. I'm just running a little behind.",joy
6428,Joey,"Hey, hey, hey! Let's not worry about it, guys. We're all just happy to be here, right?",neutral
6428,Monica,"I'm just worried about Rachel, that's all. She's having a hard time with the pregnancy.",joy
6428,Chandler,"Rachel, you're not going to, like, pop or something, are you? Because that would bequite the party.",anger
6428,Rachel,"Chandler, that's not funny! And Monica, stop worrying so much. I'm fine, really.",anger
9159,Phoebe,"Oh my god, I just found out my father isis*gulp*alive!",fear
9159,Monica,What? How did you find out? Is it true?,fear
9159,Phoebe,I was looking through some old records and I saw his name listed as my father. I couldn't believe it!,surprise
9159,Rachel,That's amazing! What are you going to do now?,joy
9159,Joey,"Yeah, and we have to celebrate! I'll order some pizza!",joy
9159,Chandler,And maybe we can even get Phoebe to sing a song about it!,joy
9159,Phoebe,"Oh, I'd love that! And maybe I can even find my father and meet him for the first time.",joy
5686,Monica,"I'm really worried about finding a new job. I've been applying everywhere, but nobody seems to want to hire me.",fear
5686,Rachel,"I know how you feel, Monica. I've been struggling to find a job that fits my skills too. It's frustrating!",fear
5686,Joey,"Come on, guys! You're both being ridiculous. I've been doing okay with my acting career, and you can too!",anger
5686,Chandler,"Wait, what's this I hear? Joey's acting career is going well? That's a shock!",surprise
5686,Phoebe,"Yeah, I've been trying to convince him to join my massage therapy business instead, but he's stubborn.",surprise
5686,Ross,"I think we're getting a bit sidetracked here. Monica, have you considered freelancing or starting your own business?",neutral
9561,Monica,"Oh no, have you guys seen the baby name list we got from the doctor? I'm freaking out!",fear
9561,Rachel,"Uh, yeah, I saw it. It's got some pretty weird names on it.",neutral
9561,Ross,"Wait, what's wrong with the names? I think 'Benedict' is a great choice!",surprise
9561,Monica,"Are you kidding me, Ross? Benedict? That's like naming a kid after a saint or something!",joy
9561,Joey,"Hey, I think 'Benedict' is a great name! I mean, it's got a certainje ne sais quoi.",surprise
9561,Chandler,"Oh, come on, Joey, don't be ridiculous. 'Benedict' is a terrible name. Can we just pick something normal, likelike 'Timmy'?",surprise
8393,Monica,"Guys, have you noticed how much coffee I've been drinking lately?",fear
8393,Joey,What's the big deal? It's just coffee.,neutral
8393,Monica,I'm worried about my caffeine intake. I don't want to end up like Phoebe's mom.,fear
8393,Chandler,"Wait, Phoebe's mom is addicted to coffee? I had no idea!",surprise
8393,Phoebe,"Yeah, and now I'm worried too. I didn't realize I was drinking that much.",surprise
8393,Rachel,I think we're all just a little worried about our coffee habits.,neutral
4037,Monica,"Oh no, have you seen the seating chart for the wedding?",fear
4037,Rachel,What's wrong? It's just a few tables.,joy
4037,Phoebe,"Wait, what's with the bagpipes? Are they for real?",surprise
4037,Joey,"Yeah, Ross got a Scottish friend who's playing them.",surprise
4037,Chandler,This is going to be a long wedding.,surprise
4037,Monica,At least the food will be good.,joy
4491,Monica,"Oh no, we're going to have to move to a new apartment because our lease is up!",fear
4491,Joey,What's the big deal? We'll just find a new place. It's not like it's the end of the world!,anger
4491,Chandler,"Yeah, and what's with the drama, Monica? It's just an apartment.",anger
4491,Rachel,"I don't know, guys. I'm really attached to our current apartment. It's been our home for so long.",anger
4491,Phoebe,"I'm just happy to be moving, no matter what. I'm so sick of this place!",anger
4491,Ross,"Alright, let's just take a deep breath and focus on the positives. We'll find a great new place, and this will be a great opportunity for us to start fresh.",neutral
8267,Joey,"Oh man, I'm so nervous about my audition for that new TV show. I don't know if I can do it.",fear
8267,Chandler,"Yeah, I can totally relate. I'm going crazy thinking about my own job interview. What if I mess up?",fear
8267,Monica,"Guys, you're both being ridiculous. It's just an audition, it's not a big deal.",neutral
8267,Rachel,I agree with Monica. You both need to calm down. It's not like it's the end of the world if you don't get the part.,neutral
8267,Ross,Ha! You guys are so competitive. Remember when I got a promotion at the museum and you both freaked out?,joy
8267,Phoebe,Oh yeah! And then we all went out and celebrated with drinks and stories about our own sibling rivalry. Good times!,joy
5182,Monica,"Guys, I'm really nervous about my upcoming therapy sessions. What if I say something stupid?",fear
5182,Rachel,"Oh, Monica, you'll be fine! You're always so put together. Plus, we're all here for you.",joy
5182,Joey,"Yeah, and who knows, you might even learn some new things about yourself.",neutral
5182,Monica,"I don't know, guys. I'm just really worried about what my therapist will think of me. What if I'm not normal?",fear
5182,Chandler,"Monica, you're normal. You're just a littlehigh-strung.",neutral
5182,Phoebe,"Hey, Monica! I had the best therapy session last week! My therapist told me I'm a 'free spirit'!",joy
4326,Monica,"Guys, I had the craziest dream last night. I was sleeping with Chandler and he was snoring so loudly I was terrified!",fear
4326,Rachel,"Ugh, that's disgusting! I don't want to think about it.",disgust
4326,Joey,"Gross! Monica, why would you even have a nap with Chandler? He's like a slob!",disgust
4326,Phoebe,"Wait, what? You two were having a nap together? That's insane!",surprise
4326,Ross,"Haha, this is great! I always knew Chandler was a little weird. Did you guys at least have a nice nap?",joy
4326,Chandler,"Hey, what's going on? Why's everyone staring at me?",surprise
3103,Chandler,"Guys, have you seen that guy who runs around the apartment complex without a shirt on?",fear
3103,Monica,"Ugh, don't remind me. I saw him last week and almost had a heart attack.",sadness
3103,Chandler,"Yeah, I know, right? I'm surprised we haven't seen him on the cover of the New York Post yet.",fear
3103,Phoebe,"Hey, I saw him yesterday and I'm pretty sure he waved at me!",joy
3103,Rachel,That's so weird. I'm just going to pretend I didn't see him.,neutral
3103,Joey,"I know, right? I'm just going to enjoy the show.",neutral
5040,Monica,"Guys, I have the worst feeling about Rachel and Joey's relationship. It's going to end badly, mark my words.",fear
5040,Chandler,"Aww, come on Monica. Rachel and Joey are happy. Don't be such a worrywart.",neutral
5040,Joey,"Hey, hey, hey. We're really happy, Rach and I. Don't listen to Monica's doom and gloom.",neutral
5040,Rachel,"I know, I know. It's not going to last. I can feel it. Joey's already getting too clingy.",sadness
5040,Phoebe,"Rachel, honey, you're being dramatic. Joey's a great guy. Just relax.",sadness
5040,Monica,I told you so. It's already falling apart. They're fighting all the time.,sadness
5481,Joey,"Guys, I'm freaking out. I just found out that if we split the cost of lottery tickets, we can each buy a bunch more.",fear
5481,Chandler,What's there to be afraid of? It's just a stupid lottery ticket.,anger
5481,Monica,"I don't know, Chandler. I'm not comfortable with the idea of spending our money like this.",anger
5481,Rachel,I don't see what the big deal is. We're all in this together.,anger
5481,Phoebe,"Okay, let's not fight about it. Can we just talk about the pros and cons?",neutral
5481,Ross,"Wait, did you guys hear about the couple that won the lottery last week? We could be that couple!",joy
9440,Monica,"Guys, I saw Ugly Naked Guy again today. I'm freaking out!",fear
9440,Rachel,"What?! Why are you so scared? He's just a weird guy, Monica!",anger
9440,Monica,"You wouldn't understand. I saw him walking down the street, and I almost vomited. I just can't believe this is happening again.",sadness
9440,Chandler,"Oh, come on, Monica. It's not that bad. We've seen worse, right? Like that time Joey ate a whole pizza by himself.",sadness
9440,Phoebe,"Wait, what's going on? What's all the fuss about?",surprise
9440,Joey,"Ew, Ugly Naked Guy? That's disgusting! How can someone live like that?",disgust
6263,Monica,"Oh my god, I just had the weirdest dream! I was at prom and Ross was making a total fool of himself in front of everyone!",fear
6263,Chandler,"Ha! Ross, making a fool of himself? That's like saying 'it's a nice day outside'! You know, Monica, you're just mad because you didn't get asked to prom.",anger
6263,Monica,"That's not fair, Chandler! I did get asked to prom, by Rachel's cousin, and it was a total disaster!",anger
6263,Joey,"Ugh, prom is just gross. Remember when I spilled that nacho cheese all over my tuxedo?",disgust
6263,Phoebe,"Wait, did someone say prom video? Can we watch it? I've always wanted to see Ross's infamous'smelly cat' performance!",surprise
6263,Rachel,"Okay, let's just calm down and have a look. It's just a video, guys.",neutral
3741,Rachel,"Oh my god, I'm so scared. What if we don't have any holiday memories to look back on this year?",fear
3741,Monica,"Rachel, don't worry. We'll make some new memories, I promise. We can plan a trip or something.",neutral
3741,Rachel,But what if we get stuck in some crazy traffic or something? I don't know if I can handle it.,fear
3741,Monica,"Okay, okay. We'll make a plan and stick to it. No traffic will ruin our holiday memories.",neutral
3741,Joey,"Hey, hey! I just got a great idea! Let's have a holiday party and invite all our friends! It'll be so much fun!",joy
3741,Chandler,"Oh, great idea, Joey. Because nothing says 'holiday memories' like a bunch of hungover people singing 'Jingle Bell Rock' off-key.",anger
3741,Monica,"Oh, come on, Chandler! It'll be fun! We can make some holiday cookies and play some games.",joy
3741,Rachel,"Ooh, I love holiday cookies! And games! This is going to be the best holiday season ever!",joy
3741,Chandler,"Fine, fine. But if we have to listen to one more rendition of 'All I Want for Christmas Is You', I'm leaving.",anger
3741,Monica,"Don't worry, Chandler. We'll make sure to play some of your favorite holiday tunes.",joy
10008,Monica,"Oh no, remember that time I spilled coffee all over my new white shirt at the coffee shop?",fear
10008,Rachel,"Uh, yeah, that was pretty mortifying. I think I felt more sorry for you than embarrassed",sadness
10008,Ross,You're both forgetting about the time I got caught wearing a 'Mac and C.H.E.E.S.E.' t-shirt to a fancy dinner,anger
10008,Joey,"Hey, hey, hey, let's not forget about the time I accidentally superglued my shoes to the floor during a audition",neutral
10008,Chandler,"Okay, okay, but have you guys ever seen Monica's 'I'm a little tea pot' dance?",joy
10008,Phoebe,"Oh, yeah, and don't forget about the time Joey tried to impress a girl by pretending to be a doctor!",joy
7791,Joey,"Whoa, Monica's making candy for the neighbors? That's crazy!",fear
7791,Monica,"What's wrong, Joey? It's just a little something to bring some joy to our neighbors.",sadness
7791,Rachel,"Oh, poor Monica. She's always putting others before herself.",sadness
7791,Chandler,"Yeah, and she's going to end up with a kitchen full of sticky candy and a bunch of cranky neighbors.",sadness
7791,Phoebe,"Wait, what's that noise? Sounds likea sugar rush!",surprise
7791,Monica,"Ah, it's just the candy melting. I think I might have gotten a little carried away.",neutral
3143,Monica,"Oh my god, did you guys hear about Joey's new hand twin in Las Vegas?",fear
3143,Rachel,What's going on? Who is this hand twin?,neutral
3143,Chandler,"I don't know, but I'm sure it's some kind of scam.",neutral
3143,Monica,What if it's real? What if Joey's lost his mind?,fear
3143,Joey,"Hey, hey, it's real, I swear! And I'm making a fortune off it.",neutral
3143,Phoebe,"Well, I guess it's a unique business opportunity.",neutral
6815,Monica,"Oh no, I just remembered I forgot to buy the turkey!",fear
6815,Rachel,What?! How could you forget something so important?,surprise
6815,Chandler,"Well, at least it's not as bad as the time Ross tried to cook a turkey on the grill",surprise
6815,Joey,"That's not funny, Chandler! This is a disaster!",anger
6815,Joey,"Monica, how could you be so irresponsible?",anger
6815,Monica,"Hey, I'm just as upset as you are! This is a nightmare!",anger
4411,Chandler,Monica's obsession with cleanliness is starting to freak me out.,fear
4411,Monica,"What's wrong, Chandler? I'm just trying to keep our apartment clean!",joy
4411,Joey,"Yeah, Monica's got some crazy cleaning habits. I love it!",joy
4411,Rachel,"Wait, what's that weird smell coming from the bathroom? Is Monica cleaning in there?",surprise
4411,Phoebe,I think it's just the new air freshener she got. She's obsessed with it.,neutral
4411,Ross,"You know, Monica, sometimes I think your obsession with cleanliness is just a way to avoid dealing with your emotions.",anger
3886,Monica,"Oh my god, have you guys seen the guest list for Rachel's wedding?",fear
3886,Joey,What's wrong? Why are you freaking out?,fear
3886,Monica,"I don't know, it's just that there are so many people invited, and the venue is so smallI'm worried it's going to be a disaster",sadness
3886,Chandler,"Ew, have you seen the catering menu? They're serving 'bruschetta'ugh",disgust
3886,Phoebe,"Oh, come on, Chandler, it's just a little appetizer",disgust
3886,Monica,I think we need to focus on the bigger picture herelet's try to stay positive,neutral
9324,Joey,"Oh my god, have you guys seen that guy walking around in his birthday suit?",fear
9324,Chandler,Ha! Ugly Naked Guy strikes again! I love it.,joy
9324,Monica,"Ew, I don't think that's funny, Chandler. It's creepy.",joy
9324,Phoebe,"Wait, what's going on? Did someone just flash the whole coffee shop?",surprise
9324,Rachel,"Oh my god, I'm dying over here! This is the most ridiculous thing I've ever seen.",joy
9324,Ross,"I know, right? I've never seen anything like it. I'm just glad I wasn't the one who saw it first.",joy
3519,Monica,"Oh my god, Ross is using 'unagi' defense technique again!",fear
3519,Chandler,"Yeah, and it's going to get him into trouble, mark my words.",fear
3519,Joey,"Hey guys, what's going on? Did someone say 'unagi'?",neutral
3519,Phoebe,"Oh, yeah! I heard Ross is using it to get out of buying us dinner.",neutral
3519,Rachel,"Ugh, that's so cheap, Ross! Why can't he just admit he's wrong?",anger
3519,Monica,"And now the waiter is coming! Ross, you're going to get caught!",surprise
9609,Monica,The cheesecake is on the floor.,fear
9609,Ross,"Oh no, it's ruined!",fear
9609,Joey,"We can still eat it, it's just a little messy!",joy
9609,Rachel,I don't know if I want to eat it now.,neutral
9609,Chandler,"It's still cheesecake, let's just clean it up.",neutral
9609,Phoebe,"Yeah, I don't think that's a good idea.",neutral
8301,Monica,"Guys, I'm freaking out! I just found out that David Beckham is going to be on the new season of Baywatch!",fear
8301,Rachel,"Aww, don't worry Monica! You're going to be so excited to see him! I have a crush on Ryan Phillippe, have you seen him in Cruel Intentions?",joy
8301,Monica,"Ugh, Rachel, you're not helping! I'm already having trouble sleeping because of David Beckham's dreamy eyes",fear
8301,Joey,"Hey, hey, hey! Let's not forget about Matt LeBlanc! I mean, have you seen him in those early seasons of 'Joey'?",joy
8301,Chandler,"Ugh, guys, can we please focus on something else? This celebrity crush talk is getting old.",neutral
8301,Monica,"Aww, come on Chandler! It's fun! And speaking of fun, I just found out that David Beckham is going to be at the new coffee shop in town! Who's up for a coffee date?",joy
3514,Rachel,"I'm so nervous about this blind date, what if it's a total disaster?",fear
3514,Monica,"Don't worry, Rach, it's just a date. You'll be fine.",neutral
3514,Joey,"Yeah, and if it doesn't work out, we'll just grab some pizza and laugh about it!",joy
3514,Chandler,"Ugh, blind dates are the worst. Can't we just go to a bar and pick up someone ourselves?",anger
3514,Phoebe,"Whoa, did you guys hear that? The date just walked in with a pet monkey!",surprise
3514,Rachel,"Oh my god, this is insane! But I think I'm actually having fun.",joy
8834,Rachel,"Guys, I have a bad feeling about this.",fear
8834,Phoebe,"What's wrong, Rach?",fear
8834,Monica,"Hey, what's going on? Can we just calm down?",neutral
8834,Chandler,"Yeah, let's just take a deep breath.",neutral
8834,Joey,What's going on? What's wrong?,fear
8834,Rachel,"Joey, we have to tell you something.",fear
10215,Rachel,"I'm so nervous about this, what if we mess everything up?",fear
10215,Monica,"We've been preparing for this for months, we'll be fine.",neutral
10215,Joey,"You're both crazy, you're adopting kids, not buying a new pair of shoes!",anger
10215,Chandler,"Oh, great, now Joey's an expert on adoption.",fear
10215,Joey,"Hey, I'm just saying, it's a big responsibility!",anger
10215,Phoebe,"Guys, can we just focus on the positive? We're going to make amazing parents.",neutral
6302,Chandler,"Oh man, I'm so scared that Joey's going to pull off the ultimate prank on me.",fear
6302,Chandler,"I mean, the guy's a master of messing with people.",fear
6302,Monica,"Hey guys, what's going on? Why's everyone so tense?",neutral
6302,Joey,You're just mad because you know I'm planning something huge.,anger
6302,Joey,"You're going down, Chandler!",anger
6302,Joey,And don't even get me started on your stupid 'Could I BE any more?' catchphrase.,anger
5192,Monica,"Oh no, it's New Year's Eve and we still haven't made any resolutions.",fear
5192,Rachel,"I'm really disappointed, I was hoping we could all start fresh together.",sadness
5192,Joey,"Whoa, wait a minute! I just had the craziest idea! We should resolve to eat one healthy meal a day!",surprise
5192,Chandler,"That's ridiculous, Joey. We're not going to become health nuts just because the calendar flips.",anger
5192,Phoebe,"Oh, come on guys! It's just a fun challenge. And I have an idea for a new business venture!",surprise
5192,Ross,"That's amazing, Phoebe! And I have a resolution to finally get my paleontology career off the ground.",joy
3266,Rachel,"Oh my god, did you hear about Joey's hernia? I'm so worried about him!",fear
3266,Monica,"I know, it's terrible! I'm scared too. What if it's serious?",fear
3266,Chandler,Gross! Hernias are somessy. I don't want to think about it.,disgust
3266,Ross,"That's ridiculous! Joey's a big boy, he can handle it. We should all go support him!",anger
3266,Joey,"Hey, hey, guys. Thanks for worrying about me. I'll be fine, really.",neutral
3266,Monica,"Okay, okay. We're just glad you're going to be okay. Let's focus on supporting you.",neutral
8096,Joey,"Guys, I just set the kitchen on fire again",fear
8096,Chandler,"What did you do now, Joey?",anger
8096,Monica,"Joey, how many times do I have to tell you to read the recipe?",anger
8096,Rachel,I'm so tired of cleaning up after your cooking disasters,anger
8096,Phoebe,"Okay, let's just calm down and order some pizza",neutral
8096,Ross,I'm starting to think Joey's cooking is a form of psychological warfare,fear
5043,Monica,"Oh my god, have you seen Ugly Naked Guy walking around the building again?",fear
5043,Rachel,"What? No, I haven't. Why are you always so freaked out about him?",sadness
5043,Monica,"Because he's just sougly. And naked. It's like, what's he even doing?",sadness
5043,Joey,"Gross, Monica. That's disgusting. I'm gonna go grab a sandwich, I need some lunch.",disgust
5043,Chandler,"You know, I've seen him around. And I have to say, it's not as bad as everyone makes it out to be. I mean, he's just a guy.",anger
5043,Phoebe,"Hey, guys, can we please just focus on something else? This conversation is getting weird.",neutral
5822,Joey,"Oh no, we're gonna be late for the party!",fear
5822,Chandler,"Come on, it's just a party, we'll be fine!",joy
5822,Monica,"I'm just trying to get everyone's bags packed, let's focus.",neutral
5822,Ross,"Wait, what's that noise? Sounds like a fire alarm!",surprise
5822,Rachel,"That's it, I've had enough of this chaos! You're all a bunch of incompetent fools!",anger
5822,Monica,"Rachel, stop yelling! We're all trying our best here!",anger
2185,Monica,"Oh no, we can't decide on a name for the baby! What if we get it wrong?",fear
2185,Joey,"Hey, it's just a name, what's the big deal?",neutral
2185,Chandler,I think Joey's got a point. It's not like we're naming a country or something.,neutral
2185,Rachel,"You guys are ridiculous! We're naming our own child, not a country! And I think we should name it after my grandmother, Helen.",joy
2185,Ross,"Uh, I don't think that's a good idea, Rachel. I mean, what if Helen is a boy?",neutral
2185,Monica,"Oh no, I was so worried about getting it wrong, and now we're going to have to start all over again!",fear
8621,Joey,"Guys, I'm really worried about Monica and Chandler. They're acting so weird lately.",fear
8621,Rachel,What do you mean? They're just being their usual quirky selves.,joy
8621,Monica,"Oh, you're right! I'm so excited to finally be with Chandler. We're going to be a great couple!",joy
8621,Phoebe,"Okay, let's not get ahead of ourselves. What's going on with you two, anyway?",neutral
8621,Chandler,"Nothing's going on, Phoebe. Just hanging out, you know.",neutral
8621,Joey,"Come on, guys. You can't fool me. I know you're hiding something. And it's freaking me out.",fear
3434,Joey,"Oh man, I just found out I have to go to therapy",fear
3434,Chandler,"What's wrong with you? You're a grown man, Joey. You can't handle a little therapy",anger
3434,Monica,"Guys, calm down! It's just a session to help us deal with our issues",surprise
3434,Ross,"I think it's a good idea, actually. I've been going for a few months now, and it's really helped me work through some things",neutral
3434,Phoebe,"I've been going for years, and I still can't get over the fact that my mom used to make me play the accordion for hours every day",sadness
3434,Rachel,"Ugh, that's disgusting. I don't know how you put up with that, Phoebe",disgust
9619,Joey,"Oh no, oh no, oh no! What have we done?! We're gonna get in so much trouble!",fear
9619,Monica,"Guys, calm down! It's not that bad. We can just",joy
9619,Chandler,"Yeah, and think of all the great memories we'll make on this new couch!",joy
9619,Phoebe,"I know, right? It's gonna be so much fun! We can have game nights and movie nights and!",joy
9619,Ross,You guys are insane! We're going to have to pay for this! It's a huge mistake!,anger
9619,Rachel,"I don't know about all of you, but I'm just glad we're all together and having fun. Can we just enjoy the moment?",neutral
5674,Monica,"Guys, can we talk about something?",fear
5674,Rachel,"What's going on, Monica? You're freaking me out.",sadness
5674,Joey,"Whoa, what's going on? Did I miss something?",joy
5674,Chandler,"Surprise, surprise! You found out, Joey!",surprise
5674,Monica,"Oh, Joey, I'm so sorry. We didn't mean to keep it from you.",joy
5674,Joey,"Wait, what? This means I'm going to be a godfatheragain!",fear
