speaker,scene_id,emotion,text;
"Monica,1,Fear,""Oh no, Chandler, I think I messed up the apartment. The living room paint color clashes with the furniture. Everyone keeps commenting on it. What if they think I'm not good at planning? Maybe I should have researched online first.""";
"Chandler,1,Joy,""Hey, Monica! Did you hear that? People are talking about our apartment? That’s awesome! So creative—maybe you’re more stylish than I realized. Let’s pick a new color together this weekend. We can make it even better.""";
Monica,1,Fear,But what if the new color isn’t a match either? I already messed up once. This could become a cycle of mistakes. I’m scared of disappointing everyone.;
"Chandler,1,Neutral,""Let’s look for inspiration online again. If we take our time and pick the right color, it won’t be a mistake. Plus, I think you’re doing great just by trying. No need to stress.""";
"Monica,1,Neutral,""Okay, thanks for supporting me. Let’s do this step by step.""";
"Chandler,1,Neutral,""Anytime, buddy. Together we’ll make it perfect. No problem.""";
Ross,2910,Fear,I can't handle this trial anymore. What if I lose custody of Ben?;
"Chandler,2910,Fear,""Same here, Ross. I'm terrified I'll fail my presentation. Maybe I should quit.""";
Rachel,2910,Sadness,I never thought Ross and Rachel would split. This is so unexpected.;
"Monica,2910,Sadness,""Chandler, why are you yelling? We need to save money. Did I mention saving money?""";
"Ross,2910,Joy,""Wait, maybe I still love Rachel. Let's fix this.""";
"Chandler,2910,Joy,""Monica, I'm sorry. Let's start over.""";
Monica,4825,Fear,I think I'm falling in love with Chandler. *sighs*;
"Chandler,4825,Neutral,""Hmm, really? That's interesting.""";
Rachel,4825,Neutral,Oh my God! So does that mean you'll finally get together?;
Phoebe,4825,Neutral,Maybe it's time for some tea and crumpets!;
Joey,4825,Neutral,Maybe Chandler needs to see more of you!;
"Ross,4825,Neutral,""Well, maybe he just needs to get over himself.""";
"Monica,4825,Fear,""But he doesn't seem to feel the same way. Every time I try to talk about feelings, he avoids it.""";
"Chandler,4825,Fear,""Wait, maybe I'm just not ready. I don't know.""";
Rachel,4825,Neutral,Then maybe you should give him space.;
Phoebe,4825,Neutral,Or maybe he's scared of commitment.;
"Joey,4825,Neutral,""But Monica, you're amazing. He should be lucky to have you.""";
"Ross,4825,Neutral,""Yeah, Ross here agrees. Go after what you want.""";
"Monica,4825,Fear,""But how do I know if he feels the same? Every time I bring it up, he changes the subject.""";
Chandler,4825,Fear,Maybe I'm projecting my own insecurities onto you.;
Rachel,4825,Neutral,Maybe he's just not used to opening up.;
Phoebe,4825,Neutral,Let's not jump to conclusions. Maybe he's working through his own issues.;
"Joey,4825,Neutral,""Yeah, but Monica, you're worth it.""";
Ross,4825,Neutral,Exactly! So why wait? Just ask him.;
Monica,4825,Fear,But what if he says no? Then I'll look like a fool.;
Chandler,4825,Fear,Then maybe you need to accept that sometimes you can't control how others feel.;
"Rachel,4825,Neutral,""Well, at least you tried. Sometimes the best we can do is try.""";
Phoebe,4825,Neutral,And maybe he'll come around eventually.;
Joey,4825,Neutral,Because Chandler isn't one to hold grudges.;
"Ross,4825,Neutral,""Alright, let's get back to the original topic. Monica, do you really want to go out with Chandler?""";
"Monica,4825,Fear,""Yeah, I do. But I'm scared of rejection.""";
Chandler,4825,Fear,Then maybe you should take the chance.;
"Rachel,4825,Neutral,""So, the fear is mutual.""";
Monica,4825,Disgust,But he's not interested.;
"Chandler,4825,Anger,""Wait, is this about me not being interested, or about your feelings?""";
"Monica,4825,Anger,""It's about both. I care about him deeply, but he doesn't respect me.""";
"Chandler,4825,Anger,""Maybe I do respect you, but I don't share those feelings.""";
Monica,4825,Anger,Then why can't you just say yes or no?;
Chandler,4825,Anger,Because I don't want to hurt you.;
Monica,4825,Anger,Then maybe you should have been honest from the start.;
Chandler,4825,Anger,I was honest. I told you I don't feel the same way.;
Monica,4825,Anger,Then why did you pretend to care?;
Chandler,4825,Anger,I didn't. I care about you as friends.;
Monica,4825,Anger,So this is over.;
"Chandler,4825,Anger,""Yes, it's over.""";
"Chandler,9516,Fear,""Uh, guys... I think there's a serial killer on the loose.""";
"Joey,9516,Surprise,""Wait, really? Did he say anything about it?""";
"Monica,9516,Anger,""Chandler, why didn't you tell us sooner? This is serious!""";
"Rachel,9516,Fear,""Oh my God, is everyone safe? What if he comes here?""";
"Phoebe,9516,Joy,""Hey, wait! Maybe it's just a misunderstanding. Like, he was actually a nice guy who got lost.""";
Everyone,9516,Neutral,Phoebe has a point. Let's check the news.;
Chandler,2759,Fear,Monica's been acting really weird today. I think I did something wrong.;
"Ross,2759,Neutral,""Maybe she's just stressed about work. Let's not overthink it. Calm down, Chandler.""";
Rachel,2759,Joy,Guess what? We’re having a dinner party this weekend! Everyone’s coming—this is going to be amazing!;
"Joey,2759,Neutral,""Oh yeah, remember the pizza party? That was a blast—we ate until we popped!""";
Phoebe,2759,Neutral,I’ve been thinking about learning guitar. Maybe take classes this year—I’ve always wanted to play.;
"Monica,2759,Fear,""Wait, Chandler, why are you still here? Do you need something important?""";
"Ross,5161,Fear,""So, we’re moving to New York? Like, really?""";
Rachel,5161,Fear,Maybe it’s an opportunity. Closer to the city... and better jobs.;
"Monica,5161,Anger,""But wait, how does this affect our lease? And what about our projects?""";
"Chandler,5161,Sadness,""Wait, what about all our friends here? We’re going to miss everyone.""";
Joey,5161,Sadness,I don’t want to leave my apartment. It’s like my little kingdom!;
Phoebe,5161,Sadness,I’m so scared of the unknown. What if we don’t fit in?;
Ross,8865,Fear,I'm really worried about the court date tomorrow.;
"Monica,8865,Fear,""Me too, maybe we can get through it together.""";
Ross,8865,Joy,How about we go to the countryside next weekend?;
Joey,8865,Neutral,So I got to do a lot of action scenes in the new show.;
Phoebe,8865,Neutral,He's doing better after the vet visit.;
Rachel,8865,Neutral,I love the new season of Friends.;
"Monica,8865,Neutral,""Yeah, the new episodes are really good.""";
Chandler,3735,Fear,Ross isn't here yet. What if he had a stroke? 🤔;
"Monica,3735,Fear,""Oh my God, did he fall? That's way scarier.""";
Rachel,3735,Joy,Traffic jam! Let's not overthink.;
Phoebe,3735,Joy,He probably danced into a puddle. Classic Ross!;
"Joey,3735,Neutral,""Yeah, he's fine. No need to panic.""";
"Ross,3735,Neutral,""Alright, I'm just late. All good.""";
"Chandler,1940,Fear,""Wait, did I hear right? Ross is getting married?""";
Monica,1940,Joy,Yes! That's so awesome!;
"Ross,1940,Surprise,""Yeah, finally! Can't wait for the big day!""";
"Joey,1940,Neutral,""I didn't know Ross was looking for a ring, but congrats.""";
"Chandler,1940,Fear,""But what if the vows go off track? I mean, he's not exactly known for his eloquence.""";
"Phoebe,1940,Neutral,""Oh, Ross will charm everyone. He's got that charm down.""";
"Rachel,9107,Fear,""Wait, Ross, did you hear that strange noise?""";
Monica,9107,Fear,I thought it was the baby crying...;
"Ross,9107,Neutral,""No, maybe it's the dishwasher...""";
Chandler,9107,Neutral,Or the vacuum cleaner...;
"Phoebe,9107,Joy,""Oh, the baby's cry might be just her being hungry...""";
Rachel,9107,Neutral,Maybe we're overreacting...;
Monica,9107,Neutral,Let's check the baby...;
Chandler,9107,Neutral,She'll be fine once she eats...;
"Phoebe,9107,Neutral,""Yes, and then everyone can relax...""";
"Rachel,9107,Neutral,""Alright, back to normal...""";
Ross,4038,Fear,I can't believe we're doing this again. What if this never gets better?;
"Rachel,4038,Fear,""Yeah, maybe we're just stuck in a cycle here.""";
"Monica,4038,Fear,""Wait, what if there's something more dangerous here? Like, what if it's contagious?""";
Joey,4038,Neutral,Maybe we should check online reviews before making a decision.;
"Chandler,4038,Joy,""Oh, come on! This is just another day in our lives. The vet is just a stop along the way.""";
"Phoebe,4038,Anger,""I swear, that dog has more attitude than a teenager!""";
"Monica,4038,Sadness,""Oh, this is getting worse. I thought we had it under control.""";
Monica,6733,Fear,I can't believe I forgot to take out the trash again. Chandler will kill me if he sees it.;
Rachel,6733,Neutral,Maybe leave it out; he's always busy anyway.
"Chandler,6733,Neutral,""Oh, no, it's my hair! Wait, maybe it's your socks?""";
Joey,6733,Neutral,Did someone mention free food? Like pizza...;
Rachel,6733,Fear,Oh! There's the annual charity dinner tomorrow. We’re supposed to be formal!;
Chandler,6733,Anger,Why didn’t anyone tell me? This is a disaster!;
"Chandler,3530,Fear,""Wait, did you hear that noise? It sounded like... a burglar!""";
Joey,3530,Fear,No way! Are we really getting robbed?;
Rachel,3530,Surprise,Is that possible? Did you guys hear that too?;
"Ross,3530,Sadness,""Maybe it's just the wind or something. But if it was a real break-in, that's scary.""";
"Phoebe,3530,Surprise,""Wait, what's going on? Did someone say there's a thief?""";
"Monica,3530,Joy,""Hey, relax everyone. It was just the neighbor's dog barking. No burglars!""";
Ross,6395,Fear,I just found out my ex-wife is moving back here.;
"Rachel,6395,Fear,""Oh no, that must be really tough on you.""";
Monica,6395,Sadness,Maybe she'll bring back some old memories...;
Phoebe,6395,Joy,That's so exciting! I can't wait to meet her!;
"Chandler,6395,Joy,""Yeah, maybe we can all have dinner together again.""";
"Joey,6395,Neutral,""Yeah, that would be great.""";
Chandler,6199,Fear,I just got a speeding ticket.;
Monica,6199,Fear,Oh no! That's so not like you.;
Ross,6199,Neutral,How could you drive like that?;
Rachel,6199,Sadness,Are you okay?;
Joey,6199,Anger,That's so irresponsible!;
"Phoebe,6199,Disgust,""Gross, that's going to cost a fortune!""";
Monica,3347,Fear,I just found out that the apartment is being condemned because of some old asbestos. So we have to find a new place really soon.;
"Chandler,3347,Fear,""Oh no, Mon! That’s a nightmare. What do you say to the landlord? Maybe threaten to sue?""";
"Monica,3347,Joy,""Well, maybe we can find something better. I’ve always wanted to live near Central Park.""";
Chandler,3347,Joy,Central Park? That’s exactly what I’ve been dreaming of too! Let’s check online listings together.;
"Monica,3347,Sadness,""Wait, but what if we don’t get along with our new neighbors?""";
"Chandler,3347,Sadness,""No way! We’re moving in together, right? It’ll be like our own little apartment fortress.""";
Monica,3347,Fear,But what if we can’t afford it? The rent is going up everywhere.;
Chandler,6639,Fear,I can't believe we might lose the apartment. What if we can't pay the rent?;
"Monica,6639,Sadness,""I know, honey. It's scary, but maybe we can cut back on some expenses.""";
Chandler,6639,Fear,But what if the landlord doesn't renew the lease? Are we really going to be homeless?;
"Rachel,6639,Joy,""Don't stress! Maybe we'll find a better place. Plus, moving might be good for us.""";
Phoebe,6639,Joy,And maybe we'll meet someone new and start fresh!;
"Ross,6639,Joy,""Well, even if we're stressed now, maybe this new chapter is exciting. Let's embrace it!""";
Ross,4901,Fear,I just got a call from Carol. She’s been diagnosed with cancer...;
"Monica,4901,Fear,""Oh my God, that's so scary. I hope she gets through this...""";
Rachel,4901,Sadness,This is such a tough time. Maybe we should all take turns checking in on her.;
"Chandler,4901,Joy,""Hey, maybe Carol will get better. Let's plan a surprise dinner at Central Perk once she's out of the hospital!""";
"Phoebe,4901,Anger,""Wait, but if Chandler cancels our plans for Saturday because of the dinner, that's not fair!""";
"Joey,4901,Surprise,""Hold on, did Chandler cancel? Because I was counting on going to the game!""";
Monica,8242,Fear,We need to keep this super secret. What if Ross checks his emails?;
Chandler,8242,Neutral,He probably won't check them until after work. Let's focus on the cake.;
Phoebe,8242,Fear,What if the cat spills the beans? He's been acting weird around her.;
"Rachel,8242,Joy,""Oh, Ross will never guess! Let's make it a big party.""";
"Joey,8242,Joy,""Yeah, Ross loves surprises. This is going to be epic!""";
"Rachel,8242,Neutral,""Alright, let's confirm the venue. The pizza place is still free?""";
"Chandler,7174,Fear,""Mon, I don't know if I can handle this wedding stress. What if I mess up the vows?""";
"Joey,7174,Fear,""Same here, I'm scared about proposing to Sarah. What if I say the wrong thing on our big day?""";
"Monica,7174,Anger,""Ross, why did you cancel our dinner plans? You were supposed to help me prepare! This is the last straw!""";
Ross,7174,Neutral,Maybe we should take a step back and talk about our issues.;
"Rachel,7174,Sadness,""Oh no, now everyone's stressed about the wedding. It's going to be a disaster!""";
"Monica,7174,Neutral,""Well, maybe everything will be fine. Let's just stay positive and enjoy the day.""";
Ross,9008,Fear,I'm scared about this project.;
Monica,9008,Fear,Me too. What if we fail?;
"Chandler,9008,Surprise,""Wait, why are we discussing this now?""";
Ross,9008,Neutral,Maybe we should focus on the present.;
"Monica,9008,Neutral,""Yeah, let's not stress.""";
"Chandler,9008,Neutral,""Alright, I'll help.""";
"Monica,9977,Fear,""Wait, Rachel, did you remember your monologue? *Anxiously checks her phone.*""";
"Rachel,9977,Fear,""Monica, I've been practicing all week. I know my lines.""";
"Joey,9977,Neutral,""Hey, maybe you'll get the role. And if not, we'll just get more coffee!""";
"Phoebe,9977,Neutral,""Oh, come on, Rachel! You're the best actress ever. I'm rooting for you!""";
"Chandler,9977,Anger,""For the love of God, Rachel, why are you so nervous? It's just an audition!""";
"Ross,9977,Neutral,""Alright, calm down. Let's not let this ruin our plans. We're going to have a great time tonight regardless.""";
Ross,9093,Fear,I'm so nervous about the wedding. What if I mess up something? I don't know how to tie a bow tie properly.;
"Rachel,9093,Neutral,""Hey, Ross, take it easy. It's going to be fine. Let's focus on the positive. We found the perfect venue today.""";
"Ross,9093,Fear,""Wait, the venue is beautiful, but it's going to cost us half our savings. How are we going to cover the catering and decorations?""";
"Rachel,9093,Fear,""Oh no, now I'm worried too. What if we can't afford everything? This is stressing me out.""";
Chandler,9093,Anger,This is getting too much. I don't know why we're doing this ourselves. Can't we hire professionals?;
"Monica,9093,Anger,""Chandler, can't you relax? This is supposed to be a fun day. Your stress is making everyone else anxious.""";
Chandler,3691,Fear,Maybe I'll just end up like that old man in the office...;
Rachel,3691,Joy,Chandler! Don't be such a pessimist! We’re all here for you!;
"Joey,3691,Neutral,""Wait, what's the big deal? Did something happen?""";
"Phoebe,3691,Surprise,""Oh my gosh! Chandler, are you okay?""";
"Monica,3691,Surprise,""Joey, what did you do that for?""";
"Chandler,3691,Fear,""No, no, it's fine. Just a scare, but I’m okay now.""";
"Chandler,3990,Fear,""Mon, I think we need to watch that new horror movie. I heard it's really scary.""";
"Monica,3990,Fear,""Oh no, Chandler! I can't handle another nightmare. What if the monsters get under my bed?""";
"Joey,9451,Neutral,""Hey Rachel, guess what? I'm thinking of adopting a parrot. They’re really cool.""";
"Rachel,9451,Neutral,""Parrot? That’s... not my style. But wait, what if it says bad words?""";
"Phoebe,1176,Surprise,""Hey Ross, remember the time we went to that dinosaur museum? Let me tell you the latest on velociraptors!""";
"Ross,1176,Surprise,""Wait, Phoebe, velociraptors are actually smarter than we thought. They might have been able to open doors!""";
"Chandler,3762,Fear,""Okay, I really need to clean the apartment. But maybe if I just leave it for a few days... Maybe Monica won't notice.""";
Monica,3762,Anger,Chandler! Why haven't you cleaned your room yet? It's been weeks! I thought we agreed to keep things tidy.;
"Chandler,3762,Anger,""Well, maybe I was busy with work. And besides, it's not like you clean mine either.""";
"Monica,3762,Fear,""That's not the point. We both have responsibilities here. If I don't see your mess, how do I know if you're okay?""";
"Chandler,3762,Neutral,""Alright, alright. I'll clean it tomorrow. Just give me a break today.""";
"Monica,3762,Neutral,""Okay, but no more excuses. Let's make a plan.""";
"Chandler,4794,Fear,""Well, Ross, have you ever considered that maybe your theory about the universe being a hologram is... just a bit too out there? Because, let's face it, most people find such ideas unsettling. Maybe that's why you're so passionate about it—it's because you're secretly afraid of the unknown?""";
"Ross,4794,Fear,""Oh, Chandler! I didn't know you were into that kind of thing. But honestly, the idea isn't just about fear";" it's more about curiosity. I mean, if the universe is a hologram, it could explain a lot of quantum phenomena. Plus, it's not like I'm afraid of the unknown—I embrace it. Maybe you should try reading some theories instead of making fun of them."""
"Chandler,4794,Neutral,""Hmm, maybe I do need to expand my horizons. But come on, Ross, even Einstein struggled with relativity. So, if something challenges our understanding, it's natural to feel some fear. It's human. So, perhaps we're both just scared of what we don't understand. Let's see...""";
"Ross,4794,Neutral,""Alright, maybe. But I still think you're missing the point. The holographic principle isn't just about fear";" it's a profound concept that could revolutionize physics. Let's keep an open mind."""
"Chandler,4794,Neutral,""So, what's the latest development in your research? Have you found any evidence supporting the holographic theory?""";
"Ross,4794,Neutral,""Not yet, but experiments are ongoing. Maybe if we collaborate, we can find something. You’re good with numbers, right? Maybe you can help with the calculations.""";
"Chandler,4794,Neutral,""I might need to brush up on my quantum mechanics, but collaboration sounds fun. Let's make a study group. I'll start by checking out some papers.""";
Monica,1710,Fear,I’m so stressed about the dinner party. What if the food isn’t good?;
Chandler,1710,Fear,Same here. What if we run out of pasta? Because we’re out of it now...;
"Monica,1710,Neutral,""Wait, but the menu was supposed to have spaghetti. Did we order enough?""";
"Chandler,1710,Neutral,""Oh, right! We ordered extra last time. So maybe it’s okay.""";
"Monica,1710,Anger,""No, Chandler! Your negligence is making me crazy. Check the inventory next time.""";
"Chandler,1710,Joy,""Alright, alright. Let’s just laugh about it. At least we have enough leftovers for next week’s potluck.""";
"Monica,1710,Neutral,""Okay, maybe it’s not such a disaster. Let’s focus on the positive.""";
"Ross,8258,Fear,""Wait, did I hear a noise? Maybe a burglar is breaking in...""";
"Phoebe,8258,Fear,""Oh my God, there's a clown outside! They’re part of some weird Halloween party, right?""";
"Monica,8258,Neutral,""So, we need to plan the office Christmas party...""";
Chandler,8258,Anger,This traffic is impossible! I'm never driving again.;
"Rachel,8258,Joy,""Hey, look who just walked in! That's my ex-boyfriend!""";
"Ross,8258,Surprise,""Wait, did I just see a ghost? No, probably just a trick of the light...""";
"Chandler,6999,Fear,""Oh no, I just got a speeding ticket.""";
"Monica,6999,Surprise,""Wait, did you get a ticket? That’s unexpected!""";
"Chandler,6999,Neutral,""Yeah, I was texting and driving. I didn’t notice the speed limit sign.""";
Rachel,6999,Surprise,Texting and driving? That’s dangerous! Did you hurt anyone?;
Monica,6999,Neutral,Maybe we should go out for ice cream to celebrate surviving the day.;
"Chandler,6999,Fear,""Yeah, maybe that’ll take my mind off it.""";
Ross,5598,Fear,Maybe we can find another way around the mountain.;
"Chandler,5598,Fear,""Another way? Like, the one with all the snakes?""";
"Ross,5598,Surprise,""Wait, no! Not snakes! What if there's a bear?""";
"Chandler,5598,Neutral,""Oh, right! Bears are worse. Let's just stick to the original path.""";
Ross,5598,Sadness,But what if the trail isn't safe anymore?;
"Chandler,5598,Neutral,""Hey, maybe it'll be fine. Let's not jump to conclusions.""";
"Rachel,1781,Fear,""Okay, so I think Ross is going to propose to Emily again this weekend.""";
"Monica,1781,Fear,""Oh my god, really? That's the third time in six months. Maybe he should just get a ring and do it already.""";
"Rachel,1781,Fear,""Yeah, but Emily keeps breaking off. Maybe she's not ready. Or maybe Ross isn't ready.""";
"Chandler,1781,Sadness,""Wait, why does Ross keep doing this? He can't just take no for an answer.""";
Monica,1781,Sadness,Maybe they both need some space. Ross needs to respect her feelings instead of pressuring her.;
Rachel,1781,Sadness,But then Ross will feel like a failure. What if he never gets the chance?;
"Chandler,1781,Joy,""Come on, Ross. It's not your fault. Maybe Emily needs time to decide.""";
"Monica,1781,Joy,""Yeah, maybe they'll work things out. Just give them time.""";
"Rachel,1781,Joy,""I hope so. Otherwise, Ross will be heartbroken.""";
Chandler,1781,Joy,And Emily too. This has to stop before someone gets hurt.;
"Rachel,7969,Fear,""So, did you get those tickets yet? I really want to see """"The Notebook.""""""";
"Ross,7969,Fear,""Yeah, I think I did. But maybe we should pick something else. I heard """"Juno"""" is good.""";
"Rachel,7969,Neutral,""Oh, come on Ross! """"The Notebook"""" is such a classic. It’s going to be so romantic.""";
"Ross,7969,Anger,""Well, maybe it's too sappy for you. What if you don't like it?""";
"Rachel,7969,Neutral,""Ross, this is the first time I’ve seen it. I might cry, but that's okay.""";
"Monica,7969,Surprise,""Hey, guys. What’s going on here?""";
Rachel,7969,Anger,He doesn’t want me to watch the movie I want because he thinks I'll cry.;
"Chandler,3119,Fear,""Ugh, this move to New York is stressing me out. I mean, what if we can't find a place?""";
"Rachel,3119,Fear,""Oh come on, Chandler! It's an opportunity to start fresh. Plus, maybe we'll get to know some cool people there.""";
Monica,3119,Neutral,I'm worried about all the logistical stuff—moving our stuff across the country. What if something breaks during transit?;
Phoebe,3119,Neutral,Let's think positive! Maybe we'll go to Central Park every day and have tea parties under the trees.;
"Ross,3119,Neutral,""Well, technically, we're just moving for work, right? So maybe the city will still feel familiar in some ways.""";
"Chandler,3119,Anger,""Wait, but what if none of us click with the new neighbors? That’s the worst.""";
Ross,7607,Fear,I'm really worried about the fire alarm going off again. What if the sprinklers activate while we're sleeping? That could be a disaster.;
"Monica,7607,Fear,""Oh, right! And what if the carbon monoxide detectors are malfunctioning too? We need to check them all. Maybe that’s why the alarm kept sounding.""";
"Chandler,7607,Neutral,""Wait, maybe it's just part of being in an old building. Let's not stress. The sprinklers probably aren’t going off unless there’s a real fire.""";
"Rachel,7607,Neutral,""True, maybe we should focus on something positive. Like, our apartment’s history. Did you know the original owner was a famous chef?""";
Monica,7607,Neutral,I remember when the building had that big tree falling a few years ago. We were lucky no one got hurt.;
"Rachel,7607,Neutral,""Okay, let's plan a picnic this weekend. The weather forecast says it’s going to be sunny. Perfect day outdoors!""";
"Monica,4906,Fear,""Okay, so we’re moving into the new apartment soon, right? But wait, what if something goes wrong during the move? I’m really worried about our new place being a disaster.""";
"Phoebe,4906,Fear,""Oh, honey, I know how you get when it comes to moving. But maybe we should focus on the positive. Think about all the cool things we’re going to have in our new place—maybe even a bigger kitchen!""";
"Rachel,4906,Fear,""Monica, I can see why you’re anxious. Moving is stressful, but let’s plan ahead. We can label everything clearly, take pictures of the rooms, and make a detailed packing list. That way, nothing gets lost.""";
"Joey,4906,Fear,""Hey, Mon, maybe the fear is making you forget the good parts. Like, no more cramped space! And remember, we’ve done this before, right? So maybe it’s just nerves talking.""";
"Chandler,4906,Fear,""Wait, fear of what exactly? That we’re moving into a place that’s not as good as the old one? Or maybe fear of change? Let me think.""";
"Ross,4906,Fear,""Well, maybe the fear isn’t about the move itself. It could be about leaving old friends or memories behind. Or perhaps the unknown aspects of the new neighborhood.""";
"Monica,4906,Anger,""Okay, enough fear talk. Let's shift gears. What if we’re angry because we’re being too cautious? Maybe we need to embrace the adventure instead of worrying about every possible mishap.""";
"Phoebe,4906,Anger,""Exactly! Sometimes being prepared is good, but overthinking can ruin the fun. Let’s try to stay positive.""";
"Rachel,4906,Anger,""Yeah, Monica, you’re doing great by worrying, but maybe we should take a break from planning and enjoy the excitement.""";
"Joey,4906,Anger,""Come on, Mon, let's laugh about it. No big deal, right?""";
"Monica,1991,Fear,""Hey, I just heard that the building's sprinkler system might not be working. If it doesn't go off when there's smoke, we could all die!""";
"Rachel,1991,Fear,""Wait, really? That's dangerous! How come no one checked this before?""";
Joey,1991,Disgust,Maybe they're saving money or something. Not like anyone would ever set the place on fire anyway.;
Chandler,1991,Disgust,Or maybe the building's been haunted by ghosts who don't like water systems. So the sprinklers only activate when Pee-wee Herman is in town.;
Monica,1991,Surprise,But that's absurd! Ghosts aren't real. We should get this fixed immediately.;
"Rachel,1991,Surprise,""Wait, did you just say ghosts? Are you scared of ghosts, Monica?""";
"Monica,8459,Fear,""Okay, so I have to move out of my apartment next month because my lease ends.""";
"Chandler,8459,Fear,""Wait, really? That’s a big change. Are you okay with that?""";
"Monica,8459,Anger,""Yeah, but I’ve been looking around, but nothing seems right. Maybe I need to take a risk and move without a lease?""";
Chandler,8459,Anger,Taking a risk? That’s not smart. What if something goes wrong?;
"Monica,8459,Neutral,""I know, but I can’t wait any longer. I need to do something.""";
"Chandler,8459,Neutral,""Alright, maybe it's time to just jump in. Let’s look at the worst-case scenarios.""";
"Monica,8459,Neutral,""Yeah, maybe I’ll find something better. Thanks for helping me think this through.""";
"Ross,9019,Fear,""Monica, I can't believe I'm doing this again. What if I mess up everything?""";
"Monica,9019,Fear,""Oh my God, Ross! What if the guests don't like the music? I'm scared too.""";
"Teacher,9019,Surprise,""Hello, this is Mrs. Smith. I wanted to inform you that your child is performing exceptionally well in math. And we have a surprise for you!""";
Ross,9019,Joy,Twins! That's amazing!;
"Doctor,9019,Sadness,""I'm sorry, Ross and Monica. Due to your ages, the chances of conceiving are very low.""";
Rachel,9656,Fear,I can't handle the pressure right now. What if he turns me down?;
Monica,9656,Neutral,Take a deep breath. It's just a yes or no.;
Rachel,9656,Fear,But what if he's not ready for commitment?;
"Monica,9656,Neutral,""Wait, did the ring slip off his finger?""";
Joey,9656,Surprise,Oh! The ring fell off! That's unexpected!;
"Chandler,9656,Neutral,""Well, at least it wasn't lost forever. Maybe next time the ring stays.""";
"Chandler,6755,Fear,""Wait, did I hear someone say there might be a surprise guest today?""";
"Monica,6755,Neutral,""Oh, no, Chandler! There's no surprise guest. It's just Ross's lecture.""";
Rachel,6755,Neutral,But Ross is so boring! Maybe we can get out of here early?;
"Rachel,6755,Neutral,""Oh, right! Then it's definitely Ross. Let me check my phone. No, nothing here. Maybe he's just being dramatic.""";
"Chandler,6755,Fear,""Wait, maybe it's not Ross? Could it be Phoebe?""";
Monica,6755,Neutral,Phoebe's in New York until next week. She won't be here until then.;
"Chandler,6755,Fear,""Well, if it's Ross, I'm prepared for some long hours. But what if there's actually a surprise?""";
Rachel,6755,Joy,Maybe we can find a way to leave without him noticing. I'll distract him with a coffee run.;
Chandler,6755,Joy,That sounds like a plan. Let's do it!;
Monica,7625,Fear,I'm really nervous about planning the dinner party this weekend. What if we forget something important?;
"Chandler,7625,Fear,""Oh no, Monica! What if the caterers don't show up? And the venue is a disaster!""";
Monica,7625,Neutral,Maybe we should focus on the guest list. I don't want to exclude anyone.;
"Chandler,7625,Neutral,""Wait, what about the cost? This is getting too expensive.""";
"Monica,7625,Disgust,""Ugh, Chandler! Suggesting we go camping instead because of the budget? That's gross!""";
"Chandler,7625,Neutral,""Well, maybe we can find a cheaper venue... but honestly, maybe just have a small gathering.""";
"Rachel,1939,Fear,""Oh my god, Ross, did you see the way that guy was driving? I thought he was going to hit us!""";
"Chandler,1939,Anger,""How could you even drive like that, Gunther? You're worse than Monica when she's stressed!""";
"Monica,1939,Fear,""Wait, are you okay, Rachel? You look so pale. Did the driver scare you?""";
"Phoebe,1939,Anger,""Yeah, Chandler, your anger is making me nervous. Let's just stay calm, okay?""";
"Ross,1939,Anger,""Yeah, Monica, I need to check if the car is okay. Maybe the scare was worth it.""";
Monica,3663,Fear,I don't know if I can do this. What if they don't like my résumé? What if they think I'm not qualified enough?;
"Joey,3663,Fear,""Hey, come on! If you don't go out there and scare them a little, who will? Just tell them you're the best thing since sliced bread!""";
"Chandler,3663,Joy,""So, you’re nervous about your interview? Well, maybe you should just pretend you're interviewing for the part in a horror movie. Because if anything goes wrong, you can blame it on the monster.""";
"Phoebe,3663,Joy,""Oh, honey! Don't worry, you’re going to knock their socks off. And if they don't like you, they’re probably too boring anyway.""";
"Monica,3663,Joy,""Wait, maybe I'll just pretend the room is filled with my friends cheering me on. Yeah, that might help.""";
"Chandler,3663,Neutral,""Alright, off you go. Good luck, and remember: if you fail, it's because the ghosts didn't like your audition tape.""";
Phoebe,8502,Neutral,What if we go to the zoo tomorrow?;
"Joey,8502,Fear,""Oh my God, that's so scary! I hate animals!""";
"Rachel,8502,Neutral,""Well, maybe we can visit the aquarium instead?""";
"Monica,8502,Surprise,""Wait, why didn't we think of this before? Let's check online for reviews.""";
"Chandler,8502,Neutral,""Actually, the zoo is closed today. Let me confirm.""";
Ross,8502,Fear,But what if there are too many people? I get claustrophobic in crowds.;
"Phoebe,7445,Fear,""Okay, so we need to plan a surprise party for Ross. But what if the cake isn't good enough? What if he doesn't like the decorations?""";
"Monica,7445,Neutral,""Calm down, Phoebe. Let's focus. Ross loves surprises, right? Maybe we should start with the venue.""";
"Joey,7445,Fear,""Oh man, the venue! What if the pizza place cancels? Then we're stuck!""";
"Rachel,7445,Surprise,""Wait, Joey, what's the big deal? We can order from another place.""";
"Ross,7445,Sadness,""Uh, guys... I didn't know it was a surprise. Maybe I should leave.""";
"Rachel,7445,Sadness,""Oh no, Ross! Don't go. It's supposed to be a surprise, but now you're scared. That's the point!""";
Ross,5172,Fear,I can't believe I have to pay alimony forever. Maybe I should move out sooner?;
Phoebe,5172,Fear,I'm so nervous about my audition tomorrow. What if I mess up?;
Monica,5172,Fear,I heard Rachel had a tough day at work. Is she okay? Did anything happen?;
Chandler,5172,Neutral,Maybe we shouldn't talk about Ross's divorce anymore. It's stressing me out.;
"Joey,5172,Neutral,""Yeah, let's change the subject. How was your pizza place doing today?""";
"Rachel,5172,Joy,""Wait, did I hear right? Ross is considering moving out? That's going to be a huge adjustment.""";
"Chandler,7522,Fear,""So, I need to get ready for this dinner party tonight... But what if everyone thinks I'm weird? Like, what if they don't like my sense of humor?""";
"Monica,7522,Fear,""Oh, Chandler, let's see... Remember when you told that joke about the chicken crossing the road? Everyone loved it! And even if one joke doesn't land, the rest of the evening can still be fun. Just be yourself.""";
"Chandler,7522,Fear,""Wait, but what if they don't get my jokes? Or worse, think I'm not funny at all?""";
"Monica,7522,Neutral,""Well, maybe focus on the positive. Even if some people don't laugh, others will. And you're the funniest person I know. Plus, the food is going to be amazing. Maybe the conversation will flow naturally.""";
"Chandler,7522,Fear,""Yeah, maybe you're right. I guess I was overthinking it. But what if... I don't know, like, someone says something really offensive? Then I'll feel bad.""";
"Monica,7522,Neutral,""Oh, that's a stretch. Let's assume that doesn't happen. If it does, take a deep breath and change the subject. We'll both laugh it off. And remember, we're here to enjoy each other's company.""";
"Chandler,7522,Neutral,""Alright, maybe I can handle this. Thanks for helping me calm down.""";
"Monica,7522,Joy,""Anytime, Chandler. And if anything goes wrong, we'll just blame it on the power outage. That always works.""";
"Chandler,2318,Fear,""Wait, did you hear about Ross getting a new girlfriend?""";
"Monica,2318,Fear,""Oh my god, really? I didn't know!""";
Rachel,2318,Fear,I think Ross is seeing someone else...;
"Chandler,2318,Surprise,""Monica, wait, did you... Did you just get a promotion?""";
"Monica,2318,Neutral,""Yes! Yeah, I was promoted to manager.""";
"Ross,2318,Neutral,""Yeah, she's really into hiking. Maybe we'll go on a hike together.""";
"Joey,2318,Neutral,""So, Ross is hiking now? Cool.""";
"Phoebe,2095,Fear,""Ross, did I do something wrong? What if my new boyfriend is... like, a total loser?""";
"Chandler,2095,Joy,""Phoebe, honey, your new guy is just a loser in disguise. He probably thinks he's cool, but really, he's just desperate for attention.""";
"Ross,2095,Neutral,""I think we need to approach this rationally. Let's analyze his social media. If he's into science fiction, maybe he's not such a bad catch.""";
"Phoebe,2095,Fear,""Oh! Wait, his Twitter says he's a big fan of Star Trek! How did I miss that? Now I'm even more confused—if he's into sci-fi, why did he act so boring?""";
"Chandler,2095,Fear,""Wait, did you just say he's a Star Trek fan? That’s not a loser move. Maybe he’s just a closet geek. But how does that make him a good partner?""";
"Ross,2095,Surprise,""Wait, so now you’re both worried because he likes Star Trek? I thought you’d be relieved he’s not a boring accountant.""";
Ross,6316,Fear,I think I'm going to lose my job tomorrow. What if I can't support the kids anymore?;
"Rachel,6316,Fear,""Oh my God, Ross! That's terrible. What do you plan to do?""";
"Monica,6316,Surprise,""Wait, did you guys get into another fight? Because I thought things were okay.""";
"Chandler,6316,Disgust,""Eww, is that a moldy cheese sandwich you made? I can't believe you're eating that!""";
"Joey,6316,Neutral,""Hey, maybe it's not moldy yet. Let's just grab a salad instead.""";
"Phoebe,6316,Neutral,""Well, at least you still have your friends. Let's make some plans for the weekend.""";
Ross,5008,Fear,Wait a minute! Did anyone hear that? There's someone breaking into the apartment!;
"Monica,5008,Fear,""Oh my God, Ross! Are you serious? That can't be good.""";
"Joey,5008,Surprise,""What? Did you hear that too? Wait, was that just my imagination?""";
"Rachel,5008,Neutral,""Hmm, maybe it's just the dishwasher. It's been acting up lately.""";
"Ross,5008,Anger,""No way, Rachel! The dishwasher broke down months ago. This has to be someone trying to get in!""";
Monica,1883,Fear,The sprinklers are tripping again... I'm losing my mind.;
"Chandler,1883,Neutral,""Monica, maybe it's the boiler's pilot light. Let's check.""";
Monica,1883,Fear,But the maintenance log says everything was okay. This is impossible.;
"Joey,1883,Anger,""I'm done with this. If it happens again, I'm moving out!""";
"Phoebe,1883,Neutral,""Oh, c'mon, it's probably just the neighbor's cat.""";
"Chandler,1883,Anger,""Phoebe, this is getting to the point where I'll call the fire department.""";
"Ross,6368,Fear,""I'm so scared, Rachel. What if the dinosaur exhibit fails and I lose my job?""";
"Rachel,6368,Fear,""Oh Ross, don't be such a pessimist. We'll handle it.""";
"Monica,6368,Sadness,""Joey, are you okay? You look really stressed about the new job.""";
Joey,6368,Neutral,Maybe I should quit. I don't want to fail.;
"Rachel,6368,Neutral,""Wait, Joey, you're great with kids. You'll do fine.""";
"Monica,6368,Neutral,""Yeah, just take it slow. We believe in you.""";
"Chandler,6368,Joy,""So, the gang is meeting tomorrow at Central Perk! That's going to be awesome!""";
Joey,5578,Fear,I can't sleep alone...;
"Chandler,5578,Anger,""Oh, you’re such a baby! Use a lamp!""";
Joey,5578,Fear,What if there's a monster?;
Chandler,5578,Anger,Monster? NYC doesn’t have monsters!;
Chandler,5578,Joy,Let’s watch a comedy!;
"Joey,5578,Joy,""Okay, maybe I’ll relax.""";
Chandler,5578,Joy,I knew you’d see it’s funny.;
"Phoebe,3127,Fear,""Wait, did you hear about that storm coming? What if the power goes out and we lose all our food? I'm so scared someone might get hurt...""";
"Monica,3127,Fear,""Yeah, same thing. I checked the weather app—high winds and heavy rain. We should stock up on candles and flashlights.""";
"Phoebe,3127,Neutral,""Okay, maybe we should go to the supermarket now. Let's make a list.""";
"Monica,3127,Neutral,""Agreed. Also, check the batteries in the smoke detectors.""";
"Phoebe,3127,Anger,""But why didn't we prepare earlier? This is all your fault, Monica! Because you’re always so laid-back...""";
"Monica,3127,Neutral,""Hey, calm down. It’s just a precaution. Let’s focus. We can handle this together.""";
Monica,6701,Fear,I can't believe the dinner party is tomorrow. What if we don't have enough food?;
"Phoebe,6701,Fear,""Oh, come on, Monica! It's just a dinner party. We'll figure it out. Plus, maybe Ross can help!""";
"Rachel,6701,Neutral,""Wait, maybe we should check the inventory. Let me see...""";
"Ross,6701,Joy,""Hey, maybe the pizza place can deliver? That would save time.""";
Chandler,6701,Anger,Oh no! What if the delivery guy is late? Then we're all doomed!;
"Monica,6701,Fear,""Alright, everyone calm down. Let's tackle this one step. The cake is done, the salad is ready...""";
Monica,9907,Fear,I don't know if I can do this...;
"Chandler,9907,Neutral,""Oh come on, you've done this before.""";
Monica,9907,Neutral,Maybe I need to take it slow.;
Monica,9907,Fear,What if I mess up again?;
Monica,9907,Joy,Wait! I got the promotion!;
"Chandler,9907,Neutral,""Alright, that’s great!""";
Chandler,7064,Fear,I don't know if I should do this. What if... what if something goes wrong?;
"Monica,7064,Neutral,""Hey, it's just a place. You'll figure it out.""";
"Chandler,7064,Neutral,""The neighborhood is nice, but the commute is a bit long.""";
Monica,7064,Neutral,Maybe take the subway? It's faster.;
"Monica,7064,Joy,""Wait, did I tell you? I just got a 10% raise! My boss was really impressed with my project.""";
"Chandler,7064,Joy,""Oh, congrats! That's awesome.""";
Chandler,7064,Fear,I just realized I didn't put away my gym bag. What if I forget my keys?;
Monica,7064,Neutral,Probably not. Maybe check your pockets when you leave.;
"Chandler,7064,Neutral,""Rachel called, says she's coming over tomorrow.""";
Monica,7064,Neutral,She's been busy.;
"Chandler,4239,Fear,""Let me tell you, guys, I'm not feeling too confident about this idea. Maybe we should just stay home instead.""";
"Monica,4239,Neutral,""Alright, so staying in then. That sounds manageable.""";
"Ross,4239,Neutral,""But wait, what if something important is going on that we need to check out?""";
"Joey,4239,Fear,""Hold on, I was really excited about this plan! It's like, maybe next time?""";
"Rachel,4239,Anger,""Come on, Joey, maybe you're overreacting. Next time will be even better.""";
"Chandler,4239,Neutral,""Yeah, maybe next time. Let's just enjoy the calm we have now.""";
Rachel,5709,Fear,Maybe I should talk to a therapist. I feel like I'm always on edge these days.;
"Monica,5709,Neutral,""Oh, Rachel, why didn't you say anything sooner? Let me check your vitals. Is that a bruise on your arm? Did Ross do that?""";
"Chandler,5709,Surprise,""Oh my God, Ross is so protective! That's so sweet. But wait, maybe Rachel just fell? Bruises happen.""";
"Phoebe,5709,Joy,""Oh my gosh, Ross is a papa bear! Are you okay, Rachel? Did Ross do it, or was it a slip?""";
Joey,5709,Fear,Maybe Ross needs to take a chill pill. He's been stressed with the company. Maybe he's projecting.;
"Monica,5709,Neutral,""Hey, let's not jump to conclusions. Maybe it's just a normal bruise. Let's get Rachel some ice.""";
"Phoebe,2687,Fear,""Oh my God, what if I mess up my audition today? What if everyone thinks I'm not good enough?""";
"Ross,2687,Fear,""Yeah, Phoebe, I remember when I auditioned for that play and tripped on stage. But guess what? I got the role anyway. So, take a deep breath.""";
"Monica,2687,Neutral,""Well, maybe instead of worrying, focus on your performance. Do some stretches, drink water. And remember, even if it doesn’t go well, you’ll get better next time.""";
"Joey,2687,Neutral,""Yeah, and if you do mess up, just laugh it off and say it was part of the act! No one cares except maybe your mom.""";
"Chandler,2687,Anger,""Oh, right, because getting rejected is so fun. But hey, maybe the real fear is being too successful. Like, if you ace the audition, you’ll have to deal with all those people expecting more from you.""";
"Rachel,2687,Neutral,""Well, maybe Chandler’s right. Sometimes success can be scary. But let's not dwell on that. Let’s think positive. You’re going to do great, Phoebe!""";
"Monica,5650,Fear,""So, I found this article online about... like, how to tell if your partner is cheating. I mean, it's just something I was reading, but maybe we should talk about it? Because, well, when Ross was gone for so long... Hmm.""";
"Rachel,5650,Neutral,""Oh, honey, what's gotten into you? You seem really stressed. Is everything okay with Ross? Wait, did he say anything strange lately? Maybe he's looking for someone else who can handle his demanding job better?""";
"Monica,5650,Fear,""Yeah, actually, he mentioned he might have to stay late at work more. I just feel like maybe I'm not enough for him anymore. What if he's considering someone who can keep up with his workload better?""";
"Joey,5650,Neutral,""Hey, Mon! Are you two getting into a fight over work? Because Ross is a grown-up. Maybe you should give him some space. Unless there's something more going on here...""";
"Monica,5650,Fear,""Come on, Joey. If Ross is acting weird, maybe I should check in with him. But what if he's just stressed? I don't want to jump to conclusions.""";
Monica,2065,Fear,Did you hear that noise?;
"Rachel,2065,Fear,""No, maybe it's the cat.""";
Monica,2065,Anger,This isn't funny!;
Rachel,2065,Anger,I'm trying to stay calm...;
Monica,2065,Fear,What if it's a raccoon?;
Joey,2065,Fear,Raccoons are cute...;
Ross,8335,Fear,I'm really worried about the presentation tomorrow. What if I mess up all my facts?;
"Monica,8335,Neutral,""Oh, come on Ross, you've prepared so much. You'll do great!""";
"Joey,8335,Neutral,""Yeah, you're the best! Don't stress.""";
Phoebe,8335,Neutral,Maybe it's just nerves. Everyone gets nervous before big things.;
"Chandler,8335,Neutral,""Relax, Ross. Even if you trip, we'll still have coffee.""";
Ross,8335,Fear,But what if I forget everything? Or they ask me tough questions...;
"Ross,3490,Fear,""Oh my God, what if the plane gets hijacked while we're flying to Paris? I've been checking every airline's safety records online, and this one has a higher incidence of turbulence issues...""";
"Monica,3490,Fear,""Hey, Ross, calm down! It's just a plane ride. Even if there's turbulence, they have seat belts for reason. Plus, the plane is monitored 24/7. Trust me, I've flown enough times.""";
"Chandler,3490,Joy,""Wait, hold on! Maybe Ross is being too dramatic, but isn't Paris supposed to be the City of Love? Like, maybe we can catch a glimpse of a real-life Romeo and Juliet balcony?""";
"Rachel,3490,Sadness,""But what if Ross is right about the plane? I mean, what if something happens before we get to Paris? Then all our romantic plans would be ruined...""";
"Joey,3490,Sadness,""Yeah, and what about our dinner reservations? If the flight is delayed, we might miss the best pizza place in the city. And then where do we go? Maybe the Eiffel Tower won't look as cool with pizza sauce all over our faces...""";
"Phoebe,3490,Neutral,""Okay, let's focus. Maybe instead of worrying about the plane, we can use the time to watch some funny movies or play card games. It's going to be a long flight either way.""";
Rachel,4583,Fear,I'm really worried about my audition tomorrow. What if I mess up in front of everyone?;
Monica,4583,Fear,Same here! I get so nervous even when I'm presenting. Let's practice together to build confidence.;
Rachel,4583,Neutral,Maybe I'll just focus on positive affirmations. Let's change the subject. How's the apartment renovation going?;
"Joey,4583,Surprise,""Wait, the party's canceled because of the tornado! Oh no! At least the tornado didn't hit us.""";
"Phoebe,4583,Neutral,""Well, maybe we can still have a small gathering at my place. It's cozy, and we can adjust plans.""";
"Ross,4583,Neutral,""Alright, let's make the best of it. Let's plan a smaller party and stay safe. Chandler, can you help set up?""";
"Ross,8152,Fear,""Hey, guys, I just got some news... I might have... maybe gotten a promotion at work. But I'm not sure if it's good or bad.""";
"Monica,8152,Surprise,""Oh Ross, that's great! But why do you sound so worried? Are you scared of taking on more responsibility?""";
"Rachel,8152,Surprise,""Of course, Ross! A promotion means more money and maybe a bigger role. Just take your time to decide. And if it doesn't work out, you can always go back!""";
"Chandler,8152,Neutral,""Wow, Ross. So close to being a boss man? And you’re acting like you might get fired. Maybe you need to calm down before you have a heart attack.""";
"Joey,8152,Neutral,""Yeah, bro! That’s awesome. So, when do we get to hear about it? Maybe we can all celebrate later!""";
"Phoebe,8152,Fear,""Oh my gosh, Ross! Are you going to throw a party? Do I get invited? Wait, but what if it's a trick? Like, maybe you’re just lying to get attention?""";
"Monica,8152,Neutral,""Phoebe, honey, Ross seems genuine. He’s been working hard. Let’s not jump to conclusions";" support him either way."""
"Rachel,8152,Neutral,""Yeah, Monica’s right. Let’s just stay positive. If it works out, great. If not, there’s always next time. Either way, Ross, you’ve earned it.""";
"Chandler,8152,Neutral,""Alright, so Ross gets promoted. Maybe I’ll get a free lunch now. Or maybe not. Either way, congrats.""";
"Monica,8899,Fear,""Chandler, are you sure about this? What if something goes wrong?""";
"Chandler,8899,Fear,""Come on, Monica! I’ve got everything under control. We’re doing this for Rachel’s birthday!""";
"Rachel,8899,Joy,""Oh my god, it's happening! I can't believe everyone is coming!""";
"Joey,8899,Joy,""Yeah, and the cake will be amazing! Ross said he’ll bring the cupcakes.""";
"Phoebe,8899,Neutral,""So, when exactly is this party?""";
Chandler,8899,Neutral,Next Saturday at 7 PM.;
Monica,8899,Neutral,We need to make sure the apartment is spotless.;
Chandler,8899,Disgust,I can’t believe I have to clean the kitchen again...;
Monica,8899,Disgust,Why did Ross bring those weird cupcakes? They look like bugs!;
Chandler,8899,Disgust,They’re just chocolate ants! It’s a fun twist.;
Ross,6657,Fear,I don't know if I can handle this again.;
Chandler,6657,Fear,This place is such a mess; I'm never going to get it done.
"Phoebe,6657,Neutral,""So, did you guys go out last night?""";
"Joey,6657,Joy,""Hey, I just got a raise! Can't wait to tell everyone!""";
Rachel,6657,Joy,You won't believe what happened today! I got that audition!;
"Ross,6657,Neutral,""Well, maybe everything will work out.""";
Rachel,2216,Fear,I don't know if I can handle this... What if something goes wrong?;
Joey,2216,Anger,You guys are being so stupid! Why can't we just figure this out without panicking?;
"Monica,2216,Neutral,""Okay, let's take a deep breath. Let's break down the problem into parts.""";
Ross,2216,Fear,What if this project fails? I've worked so hard on it...;
"Phoebe,2216,Disgust,""Oh my God, this is ridiculous. It's like everyone is acting like first graders!""";
"Chandler,2216,Anger,""So, what's the big deal here? Let's just do what we were supposed to do. No need to get all worked up.""";
Joey,5451,Fear,Did you guys hear about the new restaurant?;
Chandler,5451,Fear,I think we were supposed to go there for our anniversary!;
Monica,5451,Anger,But we canceled because of the renovations!;
"Rachel,5451,Surprise,""Wait, but we had the reservation all planned out!""";
"Chandler,5451,Surprise,""Oh no, so that means we lost our table?""";
"Joey,5451,Neutral,""Yeah, but maybe we can find another place.""";
Monica,6272,Fear,I can't believe we have to pay the landlord another $500 for the lease renewal. This place is already too expensive.;
"Rachel,6272,Joy,""Wait, maybe we can find a loophole. I'll check online if there's any tenant protection act...""";
Chandler,6272,Fear,But what if the movie is a disaster? Then we'll be wasting money.;
"Joey,6272,Neutral,""Well, maybe it's not so bad. At least we’re doing something fun.""";
Phoebe,6272,Surprise,Oh my God! There's a surprise birthday party planned for Monica next week!;
"Monica,6272,Surprise,""Wait, did I sign up for that? I thought it was just a dinner.""";
Joey,1676,Fear,I can't believe I have to do this audition today... What if I mess up?;
"Chandler,1676,Neutral,""Hey, relax. Just be yourself and enjoy the process.""";
"Monica,1676,Neutral,""We've been practicing so much, Ross. You’re going to ace it!""";
Ross,1676,Fear,But what if I forget my lines? Or trip on the stage?;
"Phoebe,1676,Fear,""Oh, Ross, everyone gets nervous. It’s normal! Just take deep breaths.""";
"Rachel,1676,Joy,""Wait, what if they don’t like our routine? Maybe we shouldn’t have chosen that song...""";
Monica,8266,Fear,I can't believe Rachel is considering an abortion. What if she's not ready?;
Ross,8266,Neutral,Maybe they're doing what's best for her. Let's not focus on that right now.;
Rachel,8266,Neutral,Let's plan the nursery instead! What color do you think the baby will be?;
"Chandler,8266,Fear,""Wait, what if something goes wrong? Like, complications or... I don't know...""";
"Joey,8266,Joy,""At least she's taking responsibility! And you'll still be a mom, Monica!""";
"Phoebe,8266,Joy,""You'll have a baby brother or sister! And maybe they'll look just like you, Monica!""";
Monica,8266,Joy,I guess I'll support her no matter what. Thanks everyone!;
Ross,7157,Fear,I'm so worried about Ben's operation tomorrow. What if something goes wrong?;
"Rachel,7157,Fear,""Oh Ross, I know. I'll be there all day, just to keep you company.""";
Monica,7157,Neutral,Maybe we should order some pizza? It's not like he needs anything healthy.;
"Chandler,7157,Neutral,""Wait, why don't we bring him a pet rock? That's the best medicine!""";
"Joey,7157,Joy,""Hey, maybe Ben will have a dream where he's a superhero saving the day!""";
Phoebe,7157,Joy,Let me sing him a lullaby. Maybe the Jonas Brothers?;
"Monica,2104,Fear,""Hey, Chandler, did you hear about the fire at the old warehouse downtown?""";
"Chandler,2104,Neutral,""Oh, no! That's scary. But honestly, maybe they just cleaned up some old stuff. Not sure.""";
"Monica,2104,Fear,""I know, but what if it was something else? Like, what if there's a chemical spill?""";
"Rachel,2104,Neutral,""Hmm, maybe we should check the news later. For now, let's focus on our plans.""";
"Rachel,2104,Neutral,""Yeah, Ross was saying he needs to go into the city tomorrow. Shouldn't be too bad.""";
"Rachel,2104,Surprise,""Wait, hold on! Did Ross mention anything about a meeting with the mayor? Because that's surprising!""";
"Chandler,1572,Fear,""Oh no, I think Ross is coming over again... Wait, maybe he's bringing his new girlfriend?""";
"Monica,1572,Joy,""Wait, really? That could be fun! Maybe we can all get along...""";
"Chandler,1572,Neutral,""Yeah, but what if he brings his dinosaur fossils? I hate those things.""";
Monica,1572,Surprise,Oh! Did you hear that Rachel just got a promotion at work? She was so excited!;
"Chandler,1572,Fear,""Oh, right! And she said she'll be moving to LA soon. So now I'll have to deal with her being a big star...""";
"Chandler,1572,Fear,""Wait, but what if she doesn't make it? Then she'll be even more depressed...""";
Ross,6031,Fear,I'm really worried about the weekend. What if the plans fall through?;
Rachel,6031,Neutral,Maybe we shouldn't overplan. Let's just go with the flow.;
Ross,6031,Fear,But what if it rains all weekend? We'll have nothing to do!;
"Rachel,6031,Joy,""Oh, maybe we can do indoor activities. That could be fun!""";
Ross,6031,Fear,But what if... I need everything to be perfect. I can't handle last-minute changes.;
Rachel,6031,Anger,I thought you wanted to relax. This is stressing me out!;
"Ross,6031,Anger,""Well, maybe you need to be more organized. I'm just trying to prevent chaos.""";
Ross,4308,Fear,Carol's been acting really strange lately. I don't know what's going on.;
Chandler,4308,Fear,And I thought my fear was bad—what if the wedding is canceled?;
Monica,4308,Neutral,Maybe we should focus on what's happening now instead of worrying about the future.;
"Ross,4308,Surprise,""Oh, right! She just told me she wants to move back into the apartment!""";
Monica,4308,Disgust,That's disgusting! She said she was done with the place.;
"Chandler,4308,Anger,""Why didn't you tell me sooner, Ross? This is ridiculous!""";
"Monica,8245,Fear,""Oh my God, Ross! What if this new job is too much for you? I can't handle the stress.""";
"Chandler,8245,Neutral,""Wait, so the theory is that... quantum entanglement allows particles to be in two places at once. If you change one, the other changes instantaneously.""";
"Monica,8245,Fear,""No, I don't get this at all! What if he fails?""";
Chandler,8245,Neutral,*Doorbell rings suddenly*;
Monica,8245,Surprise,What's that?;
"Monica,8245,Joy,""Oh, it's Carol!""";
"Carol,8245,Neutral,""*Sarcastically* Oh, hi guys. Just wanted to drop by.""";
"Monica,8245,Anger,""Carol, what's with the cat's constant meowing?""";
"Monica,8245,Neutral,""*Calming down* Alright, let's not let the cat ruin our day.""";
Monica,7103,Fear,I’ve always wanted to live in the city...;
Rachel,7103,Fear,But what if we don’t get along with our neighbors?;
Gunther,7103,Neutral,Maybe it's time for a change. We've been stuck here long enough.;
Phoebe,7103,Neutral,What if we find a new baby-sitting job? That’s a plus!;
Joey,7103,Neutral,I can’t wait to try all the new restaurants!;
Chandler,7103,Joy,And Ross will finally get his big break!;
Monica,7103,Fear,But what if we hate it?;
Rachel,7103,Fear,I’m scared I won’t survive jet lag.;
Gunther,7103,Neutral,This is an opportunity we can’t ignore.;
Phoebe,7103,Neutral,Maybe we can have a pet monkey! That’s the Phoebe idea!;
Chandler,7103,Joy,And maybe we can finally adopt those puppies!;
Ross,9679,Fear,I don't know if I can handle Monica's wedding plans. What if everything falls apart?;
Monica,9679,Neutral,It's just the venue. We'll find a place that fits both of our budgets.;
"Chandler,9679,Neutral,""Yeah, Ross, stop stressing. It's just a party.""";
"Joey,9679,Anger,""Oh, come on, Ross! You're acting like this is the end of the world!""";
"Phoebe,9679,Fear,""Wait, Ross, maybe you're scared of commitment?""";
"Rachel,9679,Neutral,""Well, maybe take it one step at a time. Everyone will figure it out.""";
"Monica,4464,Fear,""Rachel, honey, have you seen Ross's reaction when he found out about the wedding?""";
"Rachel,4464,Fear,""Oh my God, Monica! I didn't know he was going to find out so soon. What if he doesn't approve?""";
"Phoebe,4464,Anger,""Maybe we should prepare for the worst. I mean, Ross can be really unpredictable.""";
"Chandler,4464,Sadness,""Yeah, but maybe if we just tell him the truth, he'll come around. Like, he loves you, Rachel.""";
"Joey,4464,Neutral,""Wait, guys, maybe it's not the best idea to wait until Ross comes home. Let's just keep it a secret for now.""";
"Ross,4464,Joy,""Hey, what's going on here? Did someone say something about a surprise wedding?""";
Chandler,9978,neutral,also I was the point person on my company’s transition from the KL-5 to GR-6 system.;
The Interviewer,9978,neutral,You must’ve had your hands full.;
Chandler,9978,neutral,That I did. That I did.;
The Interviewer,9978,neutral,So let’s talk a little bit about your duties.;
Chandler,9978,surprise,My duties?  All right.;
"The Interviewer,9978,neutral,""Now you’ll be heading a whole division, so you’ll have a lot of duties.""";
Chandler,9978,neutral,I see.;
The Interviewer,9978,neutral,But there’ll be perhaps 30 people under you so you can dump a certain amount on them.;
Chandler,9978,neutral,Good to know.;
The Interviewer,9978,neutral,We can go into detail;
Chandler,9978,fear,No don’t I beg of you!;
"The Interviewer,9978,neutral,""All right then, we’ll have a definite answer for you on Monday, but I think I can say with some confidence, you’ll fit in well here.""";
Chandler,9978,surprise,Really?!;
The Interviewer,9978,neutral,Absolutely.  You can relax;
Joey,9979,surprise,But then who? The waitress I went out with last month?;
Rachel,9979,sadness,You know? Forget it!;
"Joey,9979,surprise,""No-no-no-no, no! Who, who were you talking about?""";
"Rachel,9979,fear,""No, I-I-I-I don't, I actually don't know""";
Joey,9979,neutral,Ok!;
"Joey,9979,neutral,""All right, well...""";
"Rachel,9979,neutral,""Yeah, sure!""";
"Chandler,9980,neutral,""Hey, Mon.""";
Monica,9980,neutral,Hey-hey-hey. You wanna hear something that sucks.;
Chandler,9980,joy,Do I ever.;
Monica,9980,sadness,Chris says they’re closing down the bar.;
Chandler,9980,surprise,No way!;
"Monica,9980,neutral,""Yeah, apparently they’re turning it into some kinda coffee place.""";
Chandler,9980,disgust,Just coffee! Where are we gonna hang out now?;
Monica,9980,sadness,Got me.;
Chandler,9980,neutral,Can I get a beer.;
"Monica,9980,neutral,""Hey, did you pick a roommate?""";
Chandler,9980,joy,You betcha!;
Monica,9980,neutral,Is it the Italian guy?;
"Chandler,9980,joy,""Um-mm, yeah right!""";
"Phoebe,9981,surprise,""Oh my God, oh my God! Poor Monica!""";
"Chandler,9981,surprise,""What, what, what?!""";
Phoebe,9981,surprise,What?!;
Phoebe,9981,neutral,He was with her when he wrote this poem.;
"Phoebe,9981,neutral,""Look,  'My vessel so empty with nothing inside.""";
"Phoebe,9981,neutral,""Now that I've touched you, you seem emptier still.'""";
"Phoebe,9981,surprise,""He thinks Monica is empty, she is the empty vase!""";
"Phoebe,9981,sadness,""Oh, totally. Oh, God, oh, she seemed so happy too.""";
Joey,9981,neutral,Done.;
Rachel,9982,surprise,Hey!;
Ross,9982,joy,Hi!;
Rachel,9982,surprise,What are you doing here?;
"Ross,9982,neutral,""Ah y'know, this building is on my paper route so I...""";
Rachel,9982,neutral,Oh.;
Ross,9982,neutral,Hi.;
Rachel,9982,neutral,Hi.;
Ross,9982,neutral,How’d did it go?;
"Rachel,9982,joy,""Oh well, the woman I interviewed with was pretty tough, but y'know thank God Mark coached me, because once I started talking about the fall line, she got all happy and wouldn’t shut up.""";
Ross,9982,joy,I’m so proud of you.;
Rachel,9982,joy,Me too!;
"Ross,9982,sadness,""Listen, I’m ah, I’m sorry I’ve been so crazy and jealous and, it’s just that I like you a lot, so...""";
Rachel,9982,neutral,I know.;
Ross,9982,neutral,Yeah.;
Rachel,9982,neutral,Yeah.;
Phoebe,9983,neutral,Ameri-can.;
Joey,9983,neutral,Ameri-ccan.;
Phoebe,9983,neutral,Ameri-can. Y'know it’s a;
Sergei,9983,surprise,Everybody!!;
Chandler,9984,joy,Good job Joe! Well done! Top notch!;
Joey,9984,surprise,You liked it? You really liked it?;
"Chandler,9984,joy,""Oh-ho-ho, yeah!""";
Joey,9984,neutral,Which part exactly?;
Chandler,9984,neutral,The whole thing! Can we go?;
"Joey,9984,anger,""Oh no-no-no, give me some specifics.""";
"Chandler,9984,joy,""I love the specifics, the specifics were the best part!""";
"Joey,9984,neutral,""Hey, what about the scene with the kangaroo? Did-did you like that part?""";
Chandler,9984,surprise,I was surprised to see a kangaroo in a World War I epic.;
Joey,9984,anger,You fell asleep!!;
Joey,9984,anger,There was no kangaroo!;
Joey,9984,anger,They didn’t take any of my suggestions!;
Joey,9984,neutral,That’s for coming buddy.;
Joey,9984,neutral,I’ll see you later.;
Chandler,9984,sadness,Don’t go!;
Chandler,9984,sadness,I’m sorry.;
Chandler,9984,sadness,I’m so sorry!;
Chandler,9984,surprise,Look!;
Chandler,9984,anger,This guy fell asleep!;
Chandler,9984,anger,He fell asleep too!;
Chandler,9984,anger,Be mad at him!;
"Chandler,9984,anger,""Or, call an ambulance.""";
"Joey,9985,neutral,""Okay, look, I think we have to tell Rachel she messed up her dessert.""";
"Ross,9985,anger,""What?! What is with everybody? It’s Thanksgiving, not...Truth-Day!""";
"Phoebe,9986,neutral,""Yes, and it is my dying wish to have that ring.""";
"Phoebe,9986,neutral,""See, if I’m not buried with that ring then my spirit is going to wander the nether world for all eternity""";
"Chandler,9986,neutral,""Okay, that’s enough honey!""";
Customer,9986,neutral,I don’t know.  Let me see the ring.;
"Chandler,9986,joy,""Great! Okay, here.""";
Customer,9986,neutral,All right.;
Chandler,9986,joy,Thank you. Thank you. Thank you!  And;
Chandler,9987,neutral,What've you been up to?;
"Jade,9987,neutral,""Oh, you know, the usual, teaching aerobics, partying way too much.""";
"Jade,9987,neutral,""Oh, and in case you were wondering, those are my legs on the new James Bond poster.""";
Chandler,9987,joy,Can you hold on a moment? I have another call.  I love her.;
Ross,9987,neutral,I know.;
Chandler,9987,neutral,I'm back.;
"Jade,9987,neutral,""So, are we gonna get together or what?""";
"Chandler,9987,neutral,""Um, absolutely. Uh, how 'bout tomorrow afternoon? Do you know uh, Central Perk in the Village, say, five-ish?""";
"Jade,9987,neutral,""Great, I'll see you then.""";
Chandler,9987,joy,Ok.  Ok. Having a phone has finally paid off.;
"Ross,9987,neutral,""Even though you do do a good Bob impression, I'm thinkin' when she sees you tomorow, she's probably gonna realize, """"Hey, you're not Bob.""""""";
"Chandler,9987,neutral,""I'm hoping that when Bob doesn't show up, she will seek comfort in the open arms of the wry stranger at the next table.""";
Ross,9987,disgust,Oh my god. You are pure evil.;
"Chandler,9987,anger,""Ok, pure evil , horny and alone . I've done this""";
Phoebe,9988,anger,Nobody!;
Phoebe,9988,anger,Nobody respects the bucket!;
Phoebe,9988,anger,You wouldn't believe what people put in here!;
Phoebe,9988,anger,Look!;
"Phoebe,9988,anger,""Okay, does this look like a garbage can to you?""";
Monica,9988,neutral,No.;
Ross,9989,neutral,This is my wedding.;
"Monica,9989,anger,""All right, y’know what? We really are late! Let’s go! Let’s go! Let’s go!!""";
Ross,9989,neutral,Fine. You’ll-you’ll watch it on video when we get back.;
Chandler,9989,joy,Here you go Phoebe! Here you go Phobo! Phewbedo! Phaybobo.;
Phoebe,9989,neutral,Thank you.;
Phoebe,9989,neutral,Thank you.;
"Ross,9989,joy,""All right, let’s go! Bye, Pheebs!""";
"Joey,9989,joy,""Bye, Pheebs!""";
Joey,9989,joy,London baby!!;
"Phoebe,9989,joy,""Oh, do you need a hug? You don’t have to bring me anything!""";
Chandler,9990,neutral,Hey!;
Joey,9990,joy,Hey! So Estelle lined up a bunch of auditions for me tomorrow and I’ll have my health insurance back in no time.;
"Chandler,9990,disgust,""That’s great, but shouldn’t you be on the toilet right now?""";
Joey,9990,surprise,What?!;
Chandler,9990,disgust,What’s wrong with you?;
Joey,9990,neutral,Nothing!;
"Joey,9990,fear,""Well, I-I got this blinding pain in my stomach when I was lifting weights before, then I uh passed out and uh, haven’t been able to stand up since.""";
"Joey,9990,neutral,""But um, I don’t think it’s anything serious.""";
Chandler,9990,surprise,This sounds like a hernia. You have to—you-you go to the doctor!;
"Joey,9990,fear,""No way! ‘Kay look, if I have to go to the doctor for anything it’s gonna be for this thing sticking out of my stomach!""";
Chandler,9990,disgust,That’s a hernia.;
Joey,9990,anger,Why did I have to start working out again?  Damn you 15s!;
Mona,9991,joy,I love your place! Where is this guy from?;
Ross,9991,neutral,Uh that’s an eighteenth century Indian artifact from Calcutta.;
"Mona,9991,surprise,""Oh wow! So, you’re more than just dinosaurs.""";
Ross,9991,neutral,So much more.;
"Ross,9992,neutral,""Well, well to sum up, we’re having fun, you look young.""";
Mona,9992,neutral,Okay;
Ross,9992,neutral,But that’s not enough. So… So…here’s a key to my apartment.;
Mona,9992,surprise,Really?!;
Ross,9992,neutral,Really.;
Mona,9992,neutral,You don’t think this is too fast.;
Ross,9993,anger,Get Out!;
"Charlie,9993,neutral,""Ross, can I talk to you for a minute?""";
"Ross,9993,neutral,""Yes, please!  So, what's going on?""";
"Charlie,9993,sadness,""Uh, well... Joey and I broke up.""";
"Ross,9993,surprise,""Oh my God, wh-what happened?""";
"Charlie,9993,sadness,""Joey is a great guy, but we're just... so different! I mean, during your speech he kept laughing at homo erectus!""";
Ross,9993,anger,I knew that was him!;
"Charlie,9993,sadness,""Anyway I just, uh, I think it's for the best.""";
"Ross,9993,neutral,""Hey, you ok?""";
Charlie,9993,sadness,I guess.;
Charlie,9993,neutral,There was hum...  there was another reason that I thought it was time to end it with Joey.;
Charlie,9993,neutral,I started to realize that I was having feelings for someone  else.;
"Paleontologist,9993,neutral,""Ok Geller. Last day of the conference, you know what happens to the keynote speaker.""";
"Ross,9993,neutral,""Oh, professor Clerk we're kind of in the middle of a conversation, here.""";
"Charlie,9993,neutral,""Yeah, can you guys just throw him in the pool later?""";
Professore Clerk,9993,joy,Or we could throw you both in;
"Ross,9993,anger,""Ok, gentlemen!""";
Ross,9993,anger,Please!;
Ross,9993,anger,Aren't we a little old for this?;
"Ross,9993,neutral,""I mean, we're scientists, right?""";
Ross,9993,anger,We're academics.;
Ross,9993,joy,And most importantly I... you-you will have to catch us first.;
"Ross,9993,joy,""GO, GO, GO!""";
"Ross,9994,joy,""Go, go, go!""";
"Rachel,9994,joy,""Oh yeah, now everybody wants to be under this hat!""";
Phoebe,9994,disgust,Oy!!;
Monica,9994,surprise,What’s with all this sand?;
"Phoebe,9994,neutral,""Oh, yeah, Bob said there might be flood damage.""";
"Ross,9994,neutral,""Yeah, either that, or he has a really big cat.""";
"Joey,9995,anger,""Okay, see that blind guy right there? I'm gonna bash his head in later.""";
"Joey,9995,joy,""Oh umm, my big scene is coming up. Big scene coming up.""";
"Chandler,9995,neutral,""If you said, """"Big lima bean, bubbling up."""" Would she understand the difference?""";
Monica,9995,neutral,Rach? What are you doing?;
"Rachel,9995,fear,""Oh boy, I just can't watch. It's too scary!""";
Monica,9995,neutral,It's a diaper commercial.;
"Rachel,9995,fear,""Oh yeah well, you know me, babies, responsibilities, ahhh!!!""";
Caitlin,9995,joy,Pizza delivery!;
Ross,9995,joy,I'll get it! I will get that!;
Caitlin,9995,joy,Hi!;
Ross,9995,joy,Hi!;
"Ross,9996,neutral,""Hey, you wanna get something to eat or uh, do you wanna see how long we can throw this ball back and forth? Huh?""";
"Joey,9996,neutral,""Uhh, the ball thing.""";
Ross,9996,neutral,Yeah?;
"Joey,9996,joy,""Hey Ross, wouldn't it be great if we could go two straight hours without dropping it?!""";
"Ross,9996,neutral,""Uhh,""";
Joey,9996,joy,Okay!;
Joey,9996,fear,Uh-oh.;
Ross,9996,neutral,What?;
Joey,9996,sadness,I have to pee. And Rachel's in the bathroom!;
"Joey,9996,surprise,""Man, I didn't think we were gonna make it!""";
"Ross,9996,fear,""I know!  Don't switch hands, okay?""";
Joey,9997,neutral,Hey.;
Phoebe,9997,neutral,Hey!;
Rachel,9998,neutral,How did it go with Erin?;
"Joey,9998,joy,""Oh, unbelievable! We had the best time!""";
"Phoebe,9998,joy,""Yay!! Oh so, you’re not, you’re not mad at us anymore?""";
Joey,9998,joy,No!;
Joey,9998,joy,No!;
Joey,9998,joy,No!;
Joey,9998,joy,You guys were totally right!;
Joey,9998,joy,This is so much better than the first time we went out.;
Joey,9998,neutral,Y’know?;
"Joey,9998,neutral,""That was so awkward, we were really nervous.""";
Phoebe,9998,neutral,Didn’t you sleep together?;
"Joey,9998,neutral,""Yeah, that really calms me down.""";
Joey,9998,joy,And!;
Joey,9998,joy,We have so much in common!;
"Joey,9998,joy,""She loves sandwiches, sports, although she is a Met fan, not much of an issue now but if we were ever to have kids, well that’s a""";
"Rachel,9998,surprise,""Oh my God! Listen to you talkin’ about having kids. Oh my Joey.  Oh, please don’t get married before I do.""";
Joey,9998,neutral,Okay.;
Monica,9999,surprise,How does she do that?;
Ross,9999,neutral,I cannot sleep in a public place.;
Monica,9999,joy,Would you look at her? She is so peaceful.;
Phoebe,9999,surprise,Oh! What what what! ...Hi.;
"Ross,9999,neutral,""It's okay, y'know, you just nodded off again.""";
Monica,9999,surprise,What's going on with you?;
Phoebe,9999,anger,I got no sleep last night!;
Ross,9999,neutral,Why?;
"Phoebe,9999,disgust,""My grandmother has this new boyfriend, and they're both kind of insecure in bed.""";
"Phoebe,9999,neutral,""Oh, and deaf.""";
"Phoebe,9999,neutral,""So they're constantly, like, having to reassure each other that they're having a good time.""";
Phoebe,9999,disgust,You have no idea how loud they are!;
"Monica,9999,neutral,""Well, if you want, you can stay with Rachel and me tonight.""";
Phoebe,9999,joy,Thanks.;
Joey,10000,disgust,Ew! What is that? Something exploded!;
"Nurse,10000,neutral,""It's just her water breaking. Calm down, will you?""";
"Joey,10000,surprise,""Water breaking, what do you mean? What's that, water breaking?""";
"Nurse,10000,neutral,""Breathe, breathe, breathe.""";
"Monica,10001,surprise,""Are you insane? I mean Joey, is going to kill you, he’s actually going to kill you dead.""";
Chandler,10001,anger,Okay! You don’t think I thought of that?;
Phoebe,10001,surprise,How can you not know which one?;
Rachel,10001,joy,I mean that’s unbelievable.;
"Monica,10001,neutral,""I mean, was it Gina?""";
Ross,10001,neutral,Which one is Gina?;
"Rachel,10001,neutral,""Dark, big hair, with the airplane earrings.""";
"Monica,10001,neutral,""No, no, no, that’s Dina.""";
"Chandler,10001,surprise,""You see you can’t tell which one is which either, dwha!!""";
"Rachel,10002,neutral,""I don’t know, you thought ‘See you Saturday’ was funny.""";
"Rachel,10002,neutral,""Look honey, Mark is in fashion okay, I like having a friend that I can share this stuff with.""";
Rachel,10002,neutral,You guys would never want to go to a lecture with me.;
Ross,10002,joy,Pa-haa!! I would love to go with you.;
Rachel,10002,surprise,Really!?;
"Ross,10002,neutral,""Yeah, hey I-I have clothes, I even pick them out.""";
"Ross,10002,neutral,""I mean for, for all you know I could be a fashion..... monger.""";
"Rachel,10002,joy,""Okay. Honey, I would love for you to go with me.  What?""";
"Ross,10002,fear,""What should I wear, now I’m all nervous.""";
"Mr. Treeger,10003,joy,"": I know, we did it!! Hey, that was incredible, huh?!""";
"Joey,10003,joy,""I know, it was amazing! I mean, we totally nailed it, it was beautiful.""";
"Mr. Treeger,10003,joy,"": Thank you, listen, thanks a lot Tribbiani, . Oh my God, look at the time, I gotta catch the bus to the ball.""";
"Joey,10003,joy,""Oh well, okay, good luck.""";
Mr. Treeger,10003,neutral,: Yeah.;
Joey,10003,neutral,Unless you wanna practice the Foxtrot again? Or-or the Tango?;
"Mr. Treeger,10003,neutral,"": Ahh, thanks but no. You see I-I think I’m ready to dance with girls.""";
Joey,10003,neutral,Okay.;
Mr. Treeger,10003,neutral,: Yeah.;
Joey,10003,neutral,Go get ‘em Treeger.;
"Mr. Treeger,10003,neutral,"": Right.  Hey, ahh, you wanna come? Marge has a girlfriend.""";
Joey,10003,surprise,Really?;
"Mr. Treeger,10003,neutral,"": Yeah, you could dance real good with her, she’s the same size as me.""";
"Joey,10003,neutral,""No, I’m good.""";
"Ross,10004,surprise,""Oh God, this is so nerve wracking! How-how do you do this?""";
"Joey,10004,neutral,""Well, unfortunately, I don't get many callbacks so""";
Carol,10004,surprise,Is it a good sign that they asked us to hang around after the audition?;
Joey,10004,neutral,Who knows?;
"The Casting Director,10004,neutral,""Okay uh, we have narrowed it down to Raymond, Ben, Kyle, and Joey. The rest of you, thank you very much.""";
Ross,10004,joy,Yes!! I knew it!!  Bye-bye! So long! Later!;
Joey,10004,joy,Oh this is great! I might actually get to play Ben's dad!;
Ross,10004,joy,Yeah!;
"The Casting Director,10004,neutral,""Actually, that can't happen.""";
"The Casting Director,10004,neutral,""Yeah because you all have such different looks, we're putting you with Raymond and Kyle with Ben.""";
The Casting Director,10004,neutral,So it'll be either you two  or you two.;
"Joey,10004,sadness,""Man, this is gonna be kinda weird.""";
"Ross,10004,neutral,""Yeah, it is.""";
"Ross,10004,neutral,""No, we-we're gonna be like best friends, that's why it's gonna be weird.""";
"Monica,10005,sadness,""Okay, come on, I can't get married until I get something old, something new, something borrowed, and something blue.""";
"Chandler,10005,joy,""Okay, all right, all right, all right! Okay!  Okay, here's something, here's something blue and new.""";
Ross,10006,anger,Please!;
Ross,10006,anger,Are you kidding?;
"Ross,10006,anger,""I-I hurt three huge men, I gave a guy a bloody nose—I mean I-I’m not proud of it but, I really am.""";
"Ross,10006,joy,""And it’s all because of you, wonderful, amazing you.""";
Emily,10006,fear,I think you’ve got concussion.;
"Ross,10006,joy,""No, no, I’m serious. Thank you.""";
Emily,10006,fear,You’re welcome.  I’m sorry. Did I hurt you?;
"Ross,10006,sadness,""It’s worth the pain.  Y’know what, you know what? It’s not.""";
Monica,10007,surprise,Wow! That Mike thing was interesting! I don't know what's gonna happen with Phoebe and David.;
"Chandler,10007,joy,""I do! Want a hint? huh? """"I do""""  """"I do"""".""";
"Monica,10007,neutral,""Ok, I'm sensing that this is some kind of word play, because you are pink with barely controlled glee.""";
Chandler,10007,joy,David is going to propose to Phoebe.;
Monica,10007,surprise,What?  Why?;
"Monica,10007,anger,""Chandler, we have talked about this.""";
Monica,10007,anger,You are not supposed to give people advice!;
Monica,10007,anger,Now couldn't you just have made some sort of inappropriate joke?;
Chandler,10007,neutral,I;
Monica,10007,anger,They've only been going out for a few weeks and Phoebe is completely hung up on Mike!;
"Monica,10007,anger,""She'll say """"No"""", David's heart will be broken, it will be too hard for them to recover from and then Phoebe will end up alone""";
"Chandler,10007,surprise,""Man, that's some""";
"Ross,10007,neutral,""Oh, that's not what you want...""";
"Elizabeth,10008,neutral,""This is my father, Paul Stevens. Dad, this is Ross Geller.""";
Ross,10008,joy,It-it’s great to meet you Paul.;
Paul,10008,neutral,I usually prefer Elizabeth’s boyfriends to address me as Mr. Stevens.;
"Ross,10008,neutral,""Of course, of course, Mr. Stevens.""";
"Paul,10008,anger,""So Ross, what your problem?""";
Ross,10008,surprise,Eh-wh—Excuse me?;
Paul,10008,anger,Why can’t you get a girlfriend your own age?;
Ross,10008,fear,That’s funny. Umm….  It’s not funny.;
Paul,10008,neutral,I;
Ross,10008,neutral,Okay.;
"Ross,10008,neutral,""I can, I can see that.""";
"Ross,10008,fear,""Umm, but I think if you give me umm, one chance I can, I can change your mind.""";
Paul,10008,neutral,Okay.;
Ross,10008,neutral,What?;
Paul,10008,anger,Okay. I’ll give you one chance to change my mind.  You got one minute.;
Elizabeth,10008,surprise,Daddy!;
"Joey,10009,neutral,""Oh well, it’s not on TV yet.""";
"The Dry Cleaner,10009,neutral,""Well, then it’s not on the wall yet.""";
"Joey,10009,neutral,""Okay, fine, I will bring you a tape, huh?""";
"Phoebe,10009,neutral,""So umm, now do you have any of Matt Lauer’s clothes here? Maybe? Just ones that haven’t been cleaned yet?""";
Joey and Chandler,10010,surprise,Ooooohh!;
"Phoebe,10010,neutral,""Oh yeah, I'm sure.  And all of a sudden his hands weren't the problem anymore.""";
Monica,10010,surprise,Was it...?;
"Phoebe,10010,neutral,""Oh, boy scouts could have camped under there.""";
"Rachel,10010,surprise,""""""Ooo,"""" what?""";
Phoebe,10010,neutral,Uma Thurman.;
Monica,10010,surprise,Oh!;
Ross,10010,surprise,The actress!;
Ross,10010,neutral,Thanks Rach.;
Chandler,10010,surprise,So what are you gonna do?;
Ross,10010,joy,You have to tell her!;
Ross,10010,joy,You have to tell her!;
"Ross,10010,anger,""It's your moral obligation, as a friend, as a woman, I think it's a feminist issue!""";
Ross,10010,anger,Guys?;
Ross,10010,anger,Guys?;
"Chandler,10010,neutral,""Oh, yeah, you have to tell her.""";
Joey,10010,neutral,Feminist issue. That's where I went!;
Phoebe,10010,fear,She is gonna hate me.;
"Ross,10010,neutral,""Yeah, well...""";
Chandler,10011,fear,Will you marry me?;
Joey,10011,joy,It’s the big night! We wanted to wish you good luck!;
"Ross,10011,neutral,""Yeah, yeah you have the ring?""";
"Chandler,10011,neutral,""Yeah, right here in my pocket.  Pheebs?""";
Phoebe,10011,surprise,Oh! Oop!;
"Chandler,10011,neutral,""Okay, now will you guys get out of here? I want this is to be a surprise and she’s gonna know.""";
Ross,10011,neutral,Yeah-yeah you guys. Get out of here!;
Monica,10011,neutral,Hi guys.;
Chandler,10011,joy,You are beautiful.;
"Monica,10011,joy,""Oh, thank you!   What’s going on?""";
Rachel,10011,neutral,We’re just really…very excited about this charity event that we have to go to.;
"Rachel,10012,neutral,""Okay umm, Ross?""";
"Rachel,10012,neutral,""I'm-I'm really warm, so I'm going to be taking off my sweater.""";
"Rachel,10012,neutral,""Now, I'm just letting you know that this is""";
Ross,10012,joy,Yep! That's hilarious!;
Rachel,10012,neutral,I'm sorry. I'm done. I'm done.;
"Ross,10012,neutral,""Y'know, last night was embarrassing for you too.""";
"Rachel,10012,neutral,""No, not really. I mean you've seen me naked hundreds of times.""";
Ross,10012,neutral,Uh-huh. But it was a first for the rest of my building.;
"Rachel,10012,neutral,""Okay. All right, that's true! But y'know I just don't embarrass that easily.""";
Ross,10012,surprise,What?! You totally get embarrassed!;
"Rachel,10012,neutral,""No, I don't! Ross, I think I'm just a more secure person than you are.""";
Ross,10012,neutral,Is that so?;
Rachel,10012,neutral,Yeah.;
Ross,10012,disgust,Hey lady! I don't care how much you want it! Okay?! I am;
Phoebe,10013,surprise,I can’t believe it!;
Phoebe,10013,joy,I did it!;
Phoebe,10013,joy,I rode a bike!;
Phoebe,10013,joy,I never thought I’d be able to do that!;
Phoebe,10013,joy,Thank you Ross.;
"Ross,10013,joy,""Oh hey, don’t thank me, thank yourself. You’re the one who faced her fears and ultimately overcame them.""";
"Ross,10014,neutral,""Hey, both you guys should be up there with me.""";
"Ross,10014,neutral,""I mean, you two are-are my… I mean, I’m lucky to have just one good""";
Chandler,10014,neutral,Thanks man.;
Joey,10014,neutral,I gotta go check something over here.;
Chandler,10014,sadness,What a baby.;
Ross,10014,sadness,Total wuss!;
"Monica,10015,neutral,""Okay, we have a lot of options here, a number of prototypes for you to try on.""";
Joey,10015,joy,Wow! This looks great!;
"Monica,10015,joy,""Yeah! Okay, this one is a mushroom cap.  Umm, this one is made of bologna.""";
Joey,10015,disgust,And-and-and-and-and the toothpicks?;
Monica,10016,anger,You kissed another woman!;
Chandler,10016,neutral,Call it even?!;
Monica,10016,joy,Okay!;
"Ross,10016,neutral,""Well, I’m gonna go get these  in some water.""";
Phoebe,10016,surprise,Wait you stole those from these people’s wedding?;
"Ross,10016,neutral,""No-no, I took them from the hotel lobby.""";
"Ross,10016,anger,""Yeah, they think they can charge me for some dirty movie and a bag of Mashuga nuts, they got another think coming.""";
Ross,10016,surprise,Hey!;
Ross,10016,surprise,My sweater!;
Ross,10016,surprise,I’ve been looking for this for like a month!;
Phoebe,10016,surprise,Oh my God!!;
Joey,10016,surprise,Oh my God!;
Kate,10017,anger,Happy?! Is that what I’m supposed to be Vic? Happy?;
"Joey,10017,anger,""Well, why don’t you tell me what you’re supposed to be!""";
Joey,10017,surprise,Huh?;
Joey,10017,anger,Because I sure as hell can’t figure it out!;
Joey,10017,anger,I talk to you and nothin’.;
"Joey,10017,anger,""You look at me, and it’s nothin’.""";
Joey,10017,anger,Nothing.;
"The Director,10017,joy,""Tasty! I’m really starting to feel like you guys have a history, it’s-it’s nice.""";
Kate,10017,neutral,I have a question about this scene.;
The Director,10017,neutral,Yes?;
"Kate,10017,disgust,""Well, I don’t understand why Adrienne’s attracted to Victor.""";
"The Director,10017,neutral,""Peel the onion. First of all, he’s good looking.""";
Joey,10017,neutral,Yeah.;
Kate,10017,neutral,I think my character’s gonna need a little bit more of reason than that.;
"Joey,10017,neutral,""Oh, hey, how about this one.""";
"Joey,10017,anger,""Ah, it’s says so in the script!""";
"Joey,10017,anger,""Y'know ah, I-I don’t know why my character likes you either, I mean it says in the script here that you’re a bitch.""";
Kate,10017,anger,It doesn’t say that in the script.;
Joey,10017,anger,It does in mine!;
Phoebe,10018,anger,I can’t;
Joey,10018,anger,Yeah! You gotta tell a girl before you tape her. Such a rookie mistake.;
Chandler,10018,neutral,Y’know who has a great video camera?;
Phoebe,10018,neutral,Greg and Jenny?;
Monica,10018,neutral,Do you still wanna call ‘em? I wanna call ‘em.;
Chandler,10018,neutral,Let’s call ‘em.;
Joey,10018,joy,Yeah! Ask them if they brought their friends any souvenirs!;
Monica,10018,neutral,Hello?  Eighth street deli?;
"Joey,10018,disgust,""Hey, hang up! You get food poisoning just talkin’ to that place.""";
"Monica,10018,fear,""Uh sorry, wrong number.""";
Chandler,10018,neutral,Here you go.;
Monica,10018,surprise,Hello?   It’s the deli again!;
Joey,10018,joy,All right! I’ll have a sandwich!;
Monica,10018,sadness,I don’t think this number’s right!;
Rachel,10018,sadness,Oh come on!!;
"Mr. Tribbiani,10019,sadness,""Gotta go. I miss you too, I love you, but it's getting real late now""";
"Joey,10019,surprise,""Hey Ma. Listen, I made the appointment with Dr. Bazida, and... Excuse me?  Did you know this isn't Ma?""";
Mr. Tribbiani,10019,neutral,Her name's Ronni. She's a pet mortician.;
Joey,10019,neutral,Sure. So how long you been...;
"Mr. Tribbiani,10019,neutral,""Remember when you were a little kid, I used to take you to the navy yard and show you the big ships?""";
Joey,10019,surprise,Since then?!;
"Mr. Tribbiani,10019,neutral,""No, it's only been six years.""";
Mr. Tribbiani,10019,neutral,I just wanted to put a nice memory in your head so you'd know that I wasn't always such a terrible guy.;
Mr. Tribbiani,10019,neutral,...Joe.;
Mr. Tribbiani,10019,neutral,Y'ever been in love?;
Joey,10019,neutral,...I d'know.;
Mr. Tribbiani,10019,neutral,Then y'haven't. You're burning your tomatoes.;
Joey,10019,disgust,You're one to talk.;
"Mr. Tribbiani,10019,neutral,""Joe, your dad's in love big time. And the worst part of it is, it's with two different women.""";
Joey,10019,disgust,Oh man. Please tell me one of 'em is Ma.;
"Mr. Tribbiani,10019,surprise,""Of course, course one of 'em's Ma. What's the matter with you.""";
"Chandler,10020,neutral,""Everything’s gonna be all right. Okay, Dick?""";
"Guru Saj,10020,surprise,""Hello, I am Guru Saj--Whoa!!  That’s supposed to be a duck right? ‘Cause otherwise, this is waaay out of my league.""";
"Monica,10021,neutral,""Hey, Rach, how was work?""";
"Rachel,10021,neutral,""Oh, great. Although I did sit down where there wasn’t a chair.""";
"Monica,10021,neutral,""By the way, Ross dropped by a box of your stuff.""";
"Rachel,10021,neutral,""Oh, well, I guess I had that one coming.""";
"Rachel,10021,neutral,""I’m just gonna throw it out, it’s probably just a bunch of shampoo and...""";
Monica,10021,neutral,Something wrong?;
Rachel,10021,neutral,No. Nothing.;
"Charlie,10022,neutral,""And then, and then you said that thing about, about bringing the Mesozoic era in the 21st century.""";
"Ross,10022,surprise,""Yeah, that's it?""";
Charlie,10022,neutral,Yeah.;
"Joey,10023,sadness,""Dude, I am sorry about what I said!""";
"Chandler,10023,disgust,""No, no, you’re right, it is a ridiculous name!""";
Joey,10023,neutral,It’s not that bad.;
"Chandler,10023,anger,""Yes it is! From now on, I have no first name.""";
"Joey,10023,neutral,""So, you’re just Bing?""";
Monica,10024,joy,Because we won our apartment back!;
"Joey,10024,surprise,""What? Ace is high! Jack, queen, king, ace!""";
"Monica,10024,anger,""No! Ace is low! Ace, two, three, four!""";
Phoebe,10024,surprise,I don’t know. Ooh! Ooh! Look it!  Ah-ha!;
"Rachel,10024,neutral,""All right, cut, let’s pick again, pick again.""";
Joey,10024,neutral,Okay.;
Rachel,10024,anger,Come on apartment! Come on apartment!  Oh! I know queen is high!;
"Joey,10024,surprise,""Uh-huh, not as high as… It worked! King!""";
Chandler,10024,joy,Yeah baby!;
"Monica,10024,joy,""But, we pick again! We pick again!""";
Joey,10024,neutral,Why?!;
Monica,10024,fear,I don’t know!;
Chandler,10024,joy,Tickets please!  That’s courtside baby!;
"Joey,10024,surprise,""Seriously, good game though. Good game.   What are they so mad about? They get the apartment back!""";
Chandler,10024,joy,No they didn’t!;
"Chandler,10025,neutral,""You know, I don't think we brought enough stuff. Did you forget to pack the baby's anvil?""";
Joey,10025,neutral,It's gonna be worth it.;
"Joey,10025,neutral,""It's a known fact that women love babies, all right?""";
Joey,10025,neutral,Women love guys who love babies.;
Joey,10025,neutral,It's that whole sensitive thing.;
"Joey,10025,neutral,""Quick, aim him at that pack o' babes over there.""";
Joey,10025,neutral,Maybe one of them will break away.;
"Joey,10025,joy,""No, no wait, for get them, we got one, hard left.""";
"Joey,10025,neutral,""All right, gimme the baby.""";
"Chandler,10025,neutral,""No, I got him.""";
"Chandler,10025,surprise,""Oh, seriously you want him?""";
Joey,10025,neutral,Hello.;
"Chandler,10025,surprise,""Well, don't, don't think me immodest, but, me?""";
Joey,10025,neutral,You wanna smell him?;
"Joey,10025,joy,""Oh, yeah. He's got that great baby smell. Get a whiff of his head.""";
Joey,10025,joy,What'd I tell you? What'd I tell you?;
"Chandler,10025,neutral,""Well, we are great guys.""";
Rachel,10026,neutral,Bye.;
"Ross,10027,neutral,""Well, not really.""";
"Ross,10027,neutral,""I mean technically it’s-it’s not against the rules or anything, but it is frowned upon.""";
"Ross,10027,anger,""Especially by that professor we ran into last night, Judgey von Holierthanthou.""";
"Monica,10027,joy,""Well Ross, you be careful now. You don’t want to get a reputation as y’know Professor McNailshisstudents.""";
Ross,10027,fear,Yeah. What-what should I do?;
"Joey,10027,neutral,""Well Ross, it seems pretty clear.""";
Joey,10027,neutral,I mean what’s more important?;
"Joey,10027,neutral,""What people think or how you feel, huh?""";
"Joey,10027,neutral,""Ross, you gotta follow your heart.""";
Monica,10027,joy,Joey that is so sweet.;
Chandler,10027,neutral,Hey.;
"Joey,10027,neutral,""Hey-hey-hey! So, how did it go with Dana? Any reason I should leave a block of time open say Thursday?""";
Chandler,10027,sadness,I couldn’t do it.;
Joey,10027,surprise,You couldn’t do it?!;
"Chandler,10027,neutral,""Hey, relax I just need more time. We’re going to dinner tonight.""";
Monica,10027,surprise,What?! You’re going out with her again!;
Ross,10027,neutral,Going out with who?;
"Chandler,10027,neutral,""Uh, Dana Keystone from college.""";
Ross,10027,surprise,Oh yeah! Wasn’t she uh;
"Chandler,10027,neutral,""No, that was Dana Caplin.""";
Monica,10027,surprise,Joey! You didn’t even know her!;
Joey,10027,anger,Ah whatever!;
"Joey,10028,joy,""Morning! Hey, how’s my favorite genius and my little robot buddy?!""";
Wayne,10028,anger,Don’t touch him!;
Joey,10028,surprise,Okay!;
Joey,10028,neutral,All right.;
"Joey,10028,neutral,""Umm, all right Wayne, level with me.""";
Joey,10028,fear,I-I keep hearing all these rumors that I might get fired.;
"Joey,10028,fear,""Okay, they even have actors coming in to read for my part!""";
"Joey,10028,sadness,""Come on man, you-you got to give me a second chance!""";
"Joey,10028,joy,""I mean, I love-I love this little guy!""";
Joey,10028,surprise,Ah-ah!!;
"Joey,10028,surprise,""Okay, that’s why you didn’t want me to touch him right?""";
Joey,10028,neutral,Here you go!;
Joey,10028,neutral,Okay?;
Joey,10028,anger,Stupid!;
Joey,10028,surprise,I can’t believe it!;
Joey,10028,anger,God!;
"Joey,10028,neutral,""Hey, how you doin’?""";
Ross,10029,neutral,Hey.;
"Rachel,10029,sadness,""Hi. Look um, about what happened earlier...""";
"Ross,10029,neutral,""No, hey, well, I-I completely understand. You were, you were stressed.""";
Rachel,10029,disgust,I was gonna give you a chance to apologise to me.;
Ross,10029,anger,For what? For letting you throw me out of your office?;
Rachel,10029,anger,You had no;
"Ross,10029,anger,""Yeah, well excuse me for wanting to be with my girlfriend on our anniversary, boy what an ass am I.""";
"Rachel,10029,anger,""But I told you, I didn’t have the time!""";
"Ross,10029,anger,""Yeah, well you never have the time. I mean, I don’t feel like I even have a girlfriend anymore, Rachel.""";
"Rachel,10029,anger,""Wh, Ross what do you want from me?""";
"Rachel,10029,anger,""You want me, you want me to quit my job so you can feel like you have a girlfriend?""";
Monica,10030,neutral,I know.;
"Phoebe,10030,joy,""Ooh, I have to tell you something.""";
Monica,10030,neutral,What?;
Phoebe,10030,neutral,But I can’t tell you.;
"Monica,10030,neutral,""Okay, but wouldn’t it be easier if you had to tell me something that you could tell me.""";
"Phoebe,10030,neutral,""Well, sure in a perfect world. But, no, I promised I wouldn’t tell, and I swore to like all my gods.""";
Monica,10030,neutral,Okay. Does it have to do with Ross and Rachel?;
Phoebe,10030,neutral,No.;
Monica,10030,neutral,Does it have to do with Joey?;
Phoebe,10030,neutral,No.;
Monica,10030,neutral,Does it have to do with-with Chandler and that sock that he keeps by his bed?;
"Phoebe,10030,neutral,""No, but let’s come back to that later!""";
Richard,10031,joy,Hi!;
Monica,10031,joy,Richard!;
"Richard,10031,neutral,""Actually, I’m not here to complement the chef.""";
"Monica,10031,neutral,""Ohh… Oh, that’s okay I hate when people come back to complement the chef.""";
Monica,10031,neutral,Like I have nothing better to do!;
Monica,10031,neutral,So what’s up?;
"Richard,10031,joy,""Well, it was great seeing you the other night.""";
"Monica,10031,neutral,""Oh, good to see you too. Did you come down here to tell me that?""";
Richard,10031,joy,No! I came here to tell you something else.  I came here  to tell you I still love you.;
"Joey,10032,disgust,""One pregnant woman at a time, please! I just want you to be okay.""";
Rachel,10032,sadness,So forcing her to marry Bobby is gonna make that happen?;
"Joey,10032,anger,""Maybe!  Well! Well…so-so uh, what kind of music does Numb Nuts—Oh forget it! I can’t!""";
"Dina,10032,fear,""Joey, I am scared to death about this.""";
"Dina,10032,fear,""But I really think I can do it, I’m just gonna need some help.""";
Dina,10032,neutral,And Bobby’s gonna be here the whole time.;
"Bobby,10032,joy,""You bet I am!  And to answer your earlier question, we’re straight-up gangster rap.""";
"Dina,10032,anger,""Look, Rachel’s told me how much easier you’ve made all this on her. Why can’t you do that for me?""";
Joey,10032,sadness,Because! ‘Cause… ‘Cause you’re my baby sister!;
Dina,10032,joy,And you’re my big brother!;
"Dina,10032,neutral,""I mean, you’re my favorite guy in the whole world.""";
Dina,10032,neutral,I’m not even scared to tell mom and dad.;
Dina,10032,fear,I was scared of telling you.;
"Joey,10032,fear,""Well I’d be scared of them, but all right.""";
"Dina,10032,sadness,""Joey, I can’t stand the thought of having this baby with you mad at me.""";
Dina,10032,sadness,I want him to have his uncle.;
Dina,10032,sadness,Is my baby gonna have his Uncle Joey?;
Joey,10032,joy,Of course he’s gonna have his Uncle Joey!;
"Dina,10032,joy,""We’re gonna be all right. I mean, even if we’re not married this baby is gonna be so loved. Not just by us.""";
Joey,10032,joy,That’s right! By his uncle too!;
Bobby,10032,joy,And by you.;
"Rachel,10032,neutral,""Okay Bobby, why don’t we just come over here and let them have a little moment.""";
Joey,10032,joy,Come here!;
Rachel,10032,anger,No! Seriously! What’s wrong with you?!;
Danny,10033,joy,I had a really nice time tonight.;
Rachel,10033,joy,So did I. I'm really glad Monica asked us out.;
"Danny,10033,neutral,""I'd love to ask you in, but uh, my sister's visiting and I think she's asleep on the couch.""";
Rachel,10033,surprise,You're sister? You're sister's asleep on the couch?  Ohhh! I saw;
"Danny,10033,neutral,""Oh hey, great, you're up. Rachel, this is my sister Krista. Krista, this is Rachel.""";
Rachel,10033,joy,Hi!;
"Krista,10033,surprise,""Nice to meet you. I wish you'd told me we were having company, I'd fix myself up!""";
Danny,10033,neutral,Like it would help.;
Krista,10033,joy,You are so bad!;
Danny,10033,joy,You are!;
Krista,10033,joy,You are!;
Danny,10033,joy,You are!;
Krista,10033,joy,You are!;
Danny,10033,joy,You are!;
Krista,10033,joy,You are!;
Danny,10033,joy,You are so dead! I'm gonna get you.;
"Rachel,10033,neutral,""Uh, it was very nice meeting you.""";
"Chandler,10034,surprise,""Oh my God, it's that Victoria's Secret model. Something... something Goodacre.""";
"Jill,10034,neutral,""Hi Mom, it's Jill.""";
"Chandler,10034,surprise,""She's right, it's Jill. Jill Goodacre. Oh my God. I am trapped in an ATM vestibule with Jill Goodacre!""";
"Jill,10034,neutral,""Yeah, I'm fine. I'm just stuck at the bank, in an ATM vestibule.""";
Chandler,10034,neutral,Jill says vestibule... I'm going with vestibule.;
"Jill,10034,neutral,""I'm fine. No, I'm not alone... I don't know, some guy.""";
"Chandler,10034,joy,""Oh! Some guy. Some guy. 'Hey Jill, I saw you with some guy last night. Yes, he was""";
Chandler,10035,neutral,Are you seeing anybody right now?;
"Chandler,10035,fear,""Og-ee-op, I’m not asking for me, I’m… I mean… No, I’m-I’m not gay, I’m not asking you out.""";
Chandler,10035,fear,I’m not-I’m not-I’m not gay!;
Phoebe,10036,neutral,Personal shopping? What is that? Like where you walk around with snooty rich people and tell them what to buy?;
Rachel,10036,neutral,Uh-huh.;
Phoebe,10036,surprise,That sounds great!;
Joey,10036,neutral,Hey!;
"Monica,10036,anger,""Umm, excuse me, we switched apartments. You can’t eat are food anymore, that-that gravy train had ended.""";
Joey,10036,surprise,There’s gravy?;
Monica,10036,neutral,If you have the big apartment you have to deal with people coming over all the time.;
"Monica,10036,neutral,""That fridge has got to be stocked, okay, that’s your department now.""";
Monica,10036,neutral,What are you doing?;
Joey,10036,neutral,I think I left a donut up here.;
"Doug,10037,neutral,""So, in conclusion, the lines all go up , so I’m happy.""";
Doug,10037,joy,Great job team!;
Doug,10037,neutral,Tomorrow at 8:30.;
Doug,10037,joy,Phil!;
Doug,10037,joy,Nice job.;
Doug,10037,joy,Stevens!;
Doug,10037,joy,Way to go!;
"Doug,10037,joy,""Joel-burg, you maniac!""";
Doug,10037,joy,I love ya!;
Doug,10037,joy,Bing!;
"Stevens,10039,neutral,""Oh, excuse me. I forgot my briefcase y'know, by accident.""";
"Doug,10039,joy,""Of course, you did.""";
Doug,10039,joy,Forgot something else too ya bastard!;
"Doug,10039,neutral,""Well, what about you?""";
Doug,10039,neutral,You’re not feeling left out or anything are ya?;
"Chandler,10039,sadness,""No. No, not at all, that’s-that’s ridiculous.""";
"Doug,10039,joy,""Everybody else got one, and you want one too. Don’t you?""";
"Chandler,10039,sadness,""Ye-ye-yeah, yes I do!""";
"Doug,10039,joy,""Now get on out of here, you!""";
Chandler,10040,neutral,Hey Bob.;
Bob,10040,joy,Hey! How’s my pal Toby doing today?;
"Chandler,10040,neutral,""If I see him, I’ll ask.""";
Bob,10040,joy,Toby!;
Chandler,10040,joy,Yeah!;
Mr. Franklin,10040,neutral,Oh then you know each other.;
Chandler,10040,neutral,We’re on a semi-first name basis.;
Mr. Franklin,10040,neutral,What do you think of adding him to our team?;
"Chandler,10040,surprise,""Bob? Ooh, working here with us? Everyday? Yeah, I don’t know if he has what it takes.""";
Mr. Franklin,10040,surprise,Really? They love him down on six.;
Chandler,10040,neutral,But this is eleven. It’s almost twice as hard up here.;
Ross,10041,joy,Hey! Guess what I got for your wedding!;
Chandler,10041,neutral,A freakish thin date with a hanger for her head?;
"Ross,10041,joy,""No. Rachel hooked me up with a tux! But not just any tux, Batman’s tux!""";
Chandler,10041,surprise,What?;
Ross,10041,joy,That’s right! Made expressly for Val Kilmer and worn by him in the hit film…that Batman film he was in.;
Chandler,10041,anger,You can’t wear that! I’m wearing the famous tux! James Bond’s tux!;
Ross,10041,neutral,So?;
Chandler,10041,sadness,So—If you wear that you’ll make mine less special.;
"Chandler,10042,anger,""Sorry, I just don’t like the idea of when I say """"I do,"""" he’s thinking, """"Yeah, I’d do her too!""""""";
Monica,10042,neutral,Well then we still have a problem.;
Chandler,10042,neutral,Yeah!;
Phoebe,10042,neutral,With what?;
"Monica,10042,neutral,""Well, we’re trying to find someone to perform our wedding and they’re all either boring or annoying or y’know, can’t stop staring at the ladies.""";
Phoebe,10042,joy,Oo! You should have one of us do it!;
"Monica,10042,neutral,""Phoebe, we’re getting""";
Phoebe,10042,joy,No! No! It’s-it’s uh a real thing! Anyone can get ordained on the Internet and perform like weddings and stuff!;
Joey,10042,joy,I call it!!;
Phoebe,10042,anger,What?! No! It was my idea!;
Chandler,10042,neutral,Guys thank you very much but neither of you is marrying us.;
Joey,10042,anger,Does calling it not mean anything anymore?!;
"Chandler,10042,neutral,""We are going to have a legitimate member of the clergy! And when I say legitimate I mean, gay and in control of his saliva!""";
"Ross,10043,joy,""See, I see.... big passion in your future.""";
Rachel,10043,surprise,Really?;
Ross,10043,neutral,I do.;
"Rachel,10043,joy,""Oh Ross, you're so great. [she playfully rubs his head and gets up]""";
"Phoebe,10044,neutral,""That was supposed to be a good thing, I forget why.""";
"Phoebe,10044,neutral,""Just listen, Monica, I, do you know, okay, do you know, I couldn’t sleep for like a month because I got like a dot of ink on one of the sofa cushions.""";
"Monica,10044,neutral,""Well, you-you coulda just turned the cushion over.""";
"Phoebe,10044,neutral,""Yeah, I would’ve except I had a big spaghetti stain on the other side.""";
Monica,10044,surprise,What?!?!;
"Phoebe,10044,neutral,""Okay, this is what I’m talking about, this. I-I need to live in a land where people can spill.""";
Monica,10044,neutral,You can spill. In the sink.;
"Phoebe,10044,sadness,""Aw, honey it’s not your fault, y'know this is who you are, and I love you, and I want us to be friends, and if I keep living here I don’t see that happening.""";
"Monica,10044,joy,""I love you, too.""";
"Phoebe,10044,joy,""Aww, good.  What?""";
Monica,10044,sadness,What? I’m just said.;
"Phoebe,10044,neutral,""No you’re not, you’re wondering which cushion it is.""";
Rachel,10045,surprise,Oh my God! Are you serious?!;
Ross,10045,neutral,Uh-huh.;
Rachel,10045,joy,I would love to live with you Ross.. that’s-that’s great! Thank you!;
"Ross,10045,neutral,""Well, I’m-I’m just glad I could, y’know, help you out.""";
"Rachel,10045,joy,""Ross-Ross, you have no idea what this means to me!""";
"Rachel,10045,sadness,""I mean, I mean I was gonna be homeless.""";
Rachel,10045,joy,You just saved me!;
Rachel,10045,joy,You’re my hero!;
"Ross,10045,neutral,""Hero, I uh, I don’t know—well, all right.""";
"Rachel,10045,joy,""Oh, I have to go tell Monica what a wonderful brother she has!""";
"Ross,10045,joy,""Oh please!   You’re gonna say things now, aren’t ya?""";
Phoebe,10045,neutral,No.;
"Phoebe,10045,neutral,""No, I won’t.""";
"Phoebe,10045,neutral,""But I should tell you this, this exact same thing happened to my roommate Denise.""";
"Phoebe,10045,anger,""She moved in with a guy who was secretly married to her and he said he didn’t love her, but he really did, and it just blew up!""";
"Director,10046,anger,""...Dammit, hire the girl!  Okay, everybody ready?""";
"Joey,10046,joy,""Uh, listen, I just wanna thank you for this great opportunity.""";
Director,10046,neutral,Lose the robe.;
Joey,10046,surprise,Me?;
Chandler,10047,joy,That's great.;
"Chandler,10047,neutral,""Well, I'm gonna get another espresso. Can I get you another latte?""";
"Janice,10047,neutral,""No, no, I'm still working on mine.""";
Chandler,10047,surprise,That's it?;
"Phoebe,10047,sadness,""Yeah, it was really hard.""";
"Chandler,10047,neutral,""Oh, yeah, that hug looked pretty brutal.""";
"Phoebe,10047,anger,""Ok, you weren't there.""";
"Tony,10048,joy,""Wow! That’s ah, that’s pretty nice!""";
Joey,10048,neutral,Pretty nice?;
"Chandler,10048,neutral,""You’ll have to pardon my roommate, he wanted to marry this.""";
"Tony,10048,neutral,""We don’t have 50 bucks, but would you be willing to trade for it? We’ve got a canoe.""";
"Chandler,10048,neutral,""Y'know, I, I really don’t think we need a canoe.""";
Tony,10048,anger,You gotta take the canoe!;
"Chandler,10048,neutral,""All right, just, just take the entertainment center, and then when you get home, throw the canoe away!""";
Peter,10048,anger,We’re not throwing it away! I built that canoe!;
Joey,10048,anger,Good for you!!;
Rachel,10049,neutral,Pheebs?;
Phoebe,10049,neutral,Yeah?;
"Chandler,10050,neutral,""Okay. Then I guess it’s just, wait here then.   Hi. I need one fake ticket to Yemen.""";
Ticket Counter Attendant,10050,surprise,One ticket to Yemen?;
"Chandler,10050,neutral,""Oh no-no-no, no. No, no, no, I just, I just need a pretend ticket.""";
"Ticket Counter Attendant,10050,surprise,""I’m sorry sir, I don’t understand.""";
Chandler,10050,neutral,What would you give to a kid if he wanted a ticket to play with?;
Ticket Counter Attendant,10050,neutral,Are you travelling with a child?;
Chandler,10050,neutral,No.;
"Chandler,10050,neutral,""All right, y’know what, she’s  gonna think that I’m handing you a credit card, but what I’m really gonna do is hand you a library card.""";
"Chandler,10051,neutral,""Okay, but this is the last time.""";
"Chandler,10051,joy,""With a chick-chick here, and a chick-chick there.""";
"Chandler,10051,joy,""Here a chick, there a chick, everywhere a chick-chick--chickeeeen.""";
Joey,10051,neutral,Hey.;
Chandler,10051,neutral,Hey.;
Joey,10051,neutral,How’s she doing?;
Chandler,10051,surprise,She?;
"Joey,10051,neutral,""Well yeah, don’t-don’t you think it’s a she?""";
"Chandler,10051,neutral,""I don’t know.  I can’t tell, what ever it was went back in too quickly.""";
"Joey,10051,neutral,""Well, anyway, I got to go change, I’m ah, meeting some of the cast for drinks.""";
Chandler,10051,surprise,Excuse me?;
Joey,10051,neutral,What?;
"Joey,10052,joy,""Okay, good, so there you go. Go with Vince.""";
"Phoebe,10052,neutral,""Yeah, but Jason's really sensitive.""";
"Chandler,10052,neutral,""Well sensitive is important, pick him.""";
Phoebe,10052,neutral,Yeah.;
"Joey,10052,disgust,""Oh sure, go with the sissy.""";
Phoebe,10052,anger,Jason is not a sissy!;
"Joey,10052,anger,""Oh no-no-no-no, I meant Chandler.""";
Ross,10053,neutral,Hi.;
"Rachel,10054,neutral,""So uh, apparently people are familiar with the Europe story?""";
Ross,10054,neutral,Yeah.;
"Ross,10054,neutral,""Listen about that, the whole uh, who came on to who thing really doesn’t matter.""";
"Ross,10054,neutral,""I mean, I think it would’ve happened either way.""";
Ross,10054,neutral,I mean if you hadn’t initiated it I-I-I know I would’ve.;
Rachel,10054,joy,It was an amazing night.;
Ross,10054,joy,It was. It was an amazing night.;
Rachel,10054,sadness,You think it looked amazing?;
Dr. Long,10055,neutral,Do we have a name yet?;
"Rachel,10055,neutral,""No, not yet.""";
"Dr. Long,10055,neutral,""That’s fine, for now we’ll just call her Baby Girl Green.""";
"Rachel,10055,neutral,""Oh no, Baby Girl Geller-Green.""";
Rachel,10055,joy,Hello baby girl.;
"Ross,10056,joy,""Ah-ha, nowhere to run!""";
Rachel,10056,anger,I don’t like sitting up here! I’m just gonna over;
Phoebe,10056,anger,No Rachel! They got here first!;
Phoebe,10056,neutral,Why is Ross doing that?;
Ross,10056,fear,DANGER;
Rachel,10056,surprise,Oh my God! Why is he jumping on those women!;
Joey,10057,neutral,No that’s all right. Don’t worry about it.;
Rachel,10057,disgust,Oh but look! That’s gonna leave a stain!;
Joey,10057,joy,Rach! Hey! It’s fine! You’re at Joey’s!;
Rachel,10057,surprise,Really?;
Joey,10057,neutral,Yeah! Look!;
Rachel,10057,disgust,I’ve never lived like this before.;
Joey,10057,neutral,I know.;
"Joey,10057,neutral,""All right, don’t waste it, I mean its still food.""";
"Rachel,10058,neutral,""Hey Joey, is this the bed where Olivia lost her virginity?""";
"Joey,10058,joy,""I don't know, but one of the extras sure did!  Hey, listen    Rach. Thanks again for coming down to watch my scenes!""";
"Rachel,10058,surprise,""Oh, please!Honey, just the fact that you want me here to support    you, I'm...OH MY GOD!Is that Christian Sanders?He's so""";
Joey,10058,neutral,Also so;
"Rachel,10058,neutral,""Oh, in my head he's done some pretty """"not-gay-stuff""""!""";
"Joey,10058,neutral,""Well, at the Christmas party him and Santa did some definitely    gay stuff!""";
"Joey,10059,neutral,""OK, you've got to promise that you'll never, ever tell Ross that I told you.""";
Monica,10059,neutral,About what?;
Joey,10059,neutral,He's planning your birthday party.;
Monica,10059,joy,Oh my God! I love him!;
Joey,10059,fear,You'd better act surprised.;
Phoebe,10059,neutral,About what?;
Monica,10059,joy,My surprise party!;
Phoebe,10059,surprise,What surprise party?;
Monica,10059,joy,Oh stop it. Joey already told me.;
"Phoebe,10059,neutral,""Well, he didn't tell me.""";
"Joey,10059,neutral,""Hey, don't look at me. This is Ross's thing.""";
Phoebe,10059,anger,This is so typical. I'm always the last one to know everything.;
"Monica,10059,neutral,""No, you are not. We tell you stuff.""";
Phoebe,10059,anger,Yuh-huh!;
Phoebe,10059,anger,I was the last one to know when Chandler got bitten by the peacock at the zoo.;
Phoebe,10059,anger,I was the last one to know when you had a crush on Joey when he was moving in.;
Phoebe,10059,surprise,Looks like I was second to last.;
"Monica,10060,neutral,""Chandler, we still haven’t gotten an RSVP from your dad.""";
"Chandler,10060,neutral,""Oh! Right. Umm, maybe that’s because I didn’t send him an invitation.""";
Monica,10060,anger,Chandler! He’s your father.  he should be at the wedding.;
Chandler,10060,disgust,I don’t even know the man. Okay? We’re not that close. I haven’t seen him in years.;
Monica,10060,sadness,Well what are you gonna do when he finds out he wasn’t even asked?!;
Chandler,10060,neutral,It’s not like we run in the same circles.;
"Chandler,10060,disgust,""I hang out with you guys, and he stars in a drag show in Vegas.""";
"Phoebe,10060,neutral,""Ooh, I think I wanna trade circles.""";
Chandler,10060,disgust,Nobody is gonna be staring at the bride when the father of the groom is wearing a back-less dress.;
Monica,10060,neutral,So what! As long as he’s not wearing a white dress and a veil I don’t care.;
"Phoebe,10060,neutral,""Okay, I think I need to do some shopping.""";
Charlton Heston,10061,neutral,Hello! Who’s in there?;
Joey,10061,neutral,How ya doin’?;
Charlton Heston,10061,anger,Who in the hell are you?;
"Joey,10061,neutral,""I guess you wouldn’t believe me if I said I was Kurt Douglas, huh?""";
"Monica,10062,fear,""No-no, Rachel, don’t get it! He can’t see us!""";
"Phoebe,10062,anger,""No, yeah! The groom cannot see the bride!""";
Rachel,10062,anger,I’m not gonna marry Chandler!;
Phoebe,10062,anger,Not after this!;
"Rachel,10062,neutral,""Okay, you guys, just relax.  I doooo.""";
Joshua,10062,neutral,I gotta go.;
"Rachel,10062,sadness,""Oh, wait, Joshua! Joshua!   Yeah, well, that oughta do it.""";
"Rachel,10063,neutral,""Sorry I'm late, but I left late.""";
Phoebe,10063,neutral,Okay.;
"Rachel,10063,neutral,""So Pheebs, what is the book about?""";
Phoebe,10063,neutral,I thought you said you read it in high school.;
"Rachel,10063,neutral,""Well yeah, but then I remembered I started it and there was this pep rally and I was, I was on top of the pyramid but anyway—umm, what is this book about?""";
"Rachel,10064,neutral,""Excuse me, can I, can I bum one of those?""";
"Rachel,10064,neutral,""Y'know what, actually…  Okay, okay, okay, what's so funny over here?""";
Nancy,10064,surprise,I thought you didn't smoke.;
"Rachel,10064,neutral,""Oh, I thought you guys meant marijuana cigarettes, y'know?""";
"Rachel,10064,neutral,""Y'know what I mean, like dubbies?""";
"Rachel,10064,surprise,""And I actually, I thought to myself, """"Wow, those guys are crazy!""""""";
"Rachel,10064,neutral,""But no, I actually smoke the regular ones all, all the time.""";
Kim,10064,neutral,We get high.;
"Rachel,10064,neutral,""Oh, me too.""";
Kim,10064,neutral,I'm kidding.;
"Rachel,10064,joy,""Oh, me too.""";
"Rachel,10065,sadness,""Oh, are you sure you're ok?""";
Ross,10065,neutral,Yeah.;
Rachel,10065,sadness,Does it still hurt?;
Ross,10065,sadness,Yeah.;
Phoebe,10065,joy,What a neat idea. All your clothes match. I'm gonna do this.;
Monica,10065,neutral,Hi.;
"Phoebe,10065,neutral,""Hey, how'd it go?""";
Joey,10065,joy,Excellent.;
"Monica,10065,joy,""We ripped that couple apart, and kept the pieces for ourselves.""";
"Ross,10065,joy,""What a beautiful story. Hey, I'm fine by the way.""";
Phoebe,10066,neutral,You know what? You are right. I;
Rachel,10066,joy,Good for you Pheebs!;
Phoebe,10066,neutral,Ok.;
"Phoebe,10066,neutral,""Okay  If you guys have microphones in there too, I didn't mean""";
Joey,10067,anger,This sucks! I didn’t know I had to stay up all night before I went to this stupid sleep clinic! I’m so tired!;
Chandler,10067,neutral,It’s 6:00.;
Rachel,10067,joy,Hi!;
"Joey,10067,neutral,""Yeah, Rach, I think you’re handling that really well.""";
Rachel,10067,neutral,Handling it?;
"Rachel,10067,joy,""What do you mean, handling it?""";
Rachel,10067,joy,There’s nothing to handle.;
"Rachel,10067,neutral,""Now, maybe I would have a problem with this if it wasn’t for me and Joshua.""";
"Rachel,10067,anger,""Y’know, they’re not gonna get married anyway!""";
Chandler,10067,surprise,What?;
Rachel,10067,anger,Come on!;
Rachel,10067,disgust,They rushed into this thing so fast it’s ridiculous!;
"Rachel,10067,neutral,""And somewhere along the way, one of them is gonna realise what they’ve done and they’re call the whole thing off.""";
"Rachel,10067,joy,""I’m telling ya, you’re gonna be dancing at my wedding before you’re dancing at there’s.""";
Phoebe,10068,surprise,What the hell is this?!;
"Phoebe,10069,anger,""What, did you actually thought it would make me feel better to give me stuff that I can’t use for another two months?!""";
Phoebe,10070,anger,This sucks!;
"Phoebe,10070,neutral,""All right, what’s my next present?""";
"Chandler,10071,neutral,""All right, there’s a nuclear holocaust, I’m the last man on Earth. Would you go out with me?""";
Monica,10071,neutral,Enhh;
Chandler,10071,neutral,I’ve got canned goods.;
"Joey,10071,surprise,""Hey, you guys! Take a look at this!  Check this baby out, dug me a hole!""";
"Chandler,10071,neutral,""Excellent hole, Joe.""";
Joey,10071,surprise,Oh no! No!! My hole!!;
Monica,10071,disgust,Ow!! Ow!!!;
Joey,10071,surprise,What?! What?!! What is it?!;
Rachel,10072,neutral,My drinking?;
"Joanna,10072,neutral,""Oh, I must’ve said that after you left.""";
Rachel,10072,fear,Said what? Exactly.;
Joanna,10072,neutral,That you enjoyed the occasional drink…ing binge.;
"Rachel,10072,disgust,""Oh my God!! Ohh, that is it! I’m leaving! You are just a horrible person!""";
Joanna,10072,fear,Wait-wait-wait-wait-wait-wait-wait-wait!!;
Joanna,10072,anger,If you’re gonna get all sensitive about it!;
Joanna,10072,sadness,I don’t want to lose you.;
"Joanna,10072,neutral,""What if I, create a position for you?""";
Joanna,10072,neutral,I’ll make you an assistant buyer in this department.;
Rachel,10072,joy,Say more things like that.;
"Joanna,10072,joy,""You can have your own office, and a raise! Effective tomorrow.""";
Rachel,10072,neutral,I’d need an expense account.;
Joanna,10072,joy,Done!;
Rachel,10072,neutral,And an assistant.;
"Joanna,10072,joy,""Sophie, get in here!""";
Rachel,10073,joy,Monica? You gonna be very proud of me. I just got us dates with two unbelievably cute nurses.;
Joey,10073,surprise,Oh my!;
Rachel,10073,neutral,They're male nurses.;
Joey,10073,neutral,Not in my head.;
"Rachel,10073,joy,""Anyway, they want to take us out Saturday night! What do you say?""";
Monica,10073,joy,Umm.  Umm. Umm. I don't think so.;
Rachel,10073,surprise,What?;
Rachel,10073,surprise,What are you talking about?!;
Rachel,10073,anger,You-you're the one who's been telling me to get over Ross and move on.;
"Rachel,10073,neutral,""I'm moving on, and you're moving on with me.""";
"Rachel,10073,neutral,""Come on, give me one good reason why you don't wanna go.""";
"Monica,10073,neutral,""Umm, why don't you give""";
Rachel,10073,surprise,What?;
Monica,10073,neutral,Harder than it sounds. Isn't it?;
"Rachel,10073,neutral,""Okay, you're coming with me, and I also told them that if we're still here when they get off that we'll go down to the cafeteria and have some""";
Joey,10073,neutral,Yep! There's always room for;
"Rachel,10073,neutral,""Joey, how do you make""";
"Joey,10073,neutral,""Oh, it's easy. Yeah, I-I can do it with anything. Watch uh,  Grandma's chicken salad""";
"Monica,10074,neutral,""Hello, this is Monica...""";
Monica,10074,neutral,Yeah???;
Monica,10074,neutral,Oh...;
"Monica,10074,neutral,""Okay, yes, we'll be right, we'll be right down.""";
Monica,10074,neutral,Thank you.;
Monica,10075,neutral,Okay. Let’s bring it in.;
"Rachel,10075,neutral,""Wait no, honey, honey throw it to me, throw it to me.""";
Ross,10075,neutral,Here you go.;
Rachel,10075,anger,That almost hit me in the face.;
"Chandler,10076,neutral,""Well, if the magician can open my beer with his but cheeks, then all right.""";
Chandler,10077,joy,Hey!;
Monica,10077,joy,Hey!;
Chandler,10077,joy,Y’know I’m-I’m really glad we decided not to sleep together before the wedding.;
"Monica,10077,joy,""Oh boy, me too!""";
Chandler,10077,neutral,Y’know I was thinking if we had a…a big fight and uh we broke up for a few hours;
Monica,10077,fear,Yeah?;
"Chandler,10077,neutral,""Technically we could have sex again. What do you think, bossy and domineering?!""";
"Monica,10077,anger,""The wedding is off, sloppy and immature!""";
Chandler,10077,joy,That’s me! Come on!;
"Monica,10077,neutral,""Okay.  But wait, we can’t. My Cousin Cassie is in the guest room, we’re supposed to have lunch.""";
"Chandler,10077,neutral,""Well, get rid of her, obsessive and shrill.""";
Monica,10077,anger,Shrill?! The wedding is back on!;
Cassie,10077,neutral,I thought I heard voices. You must be Chandler.;
Chandler,10077,joy,Hi! Nice to meet you!;
Cassie,10077,neutral,Nice to meet you too.;
"Monica,10077,neutral,""So, are you ready to go?""";
Cassie,10077,neutral,Yeah.;
Monica,10077,anger,Chandler!;
Chandler,10077,neutral,I’ll be right with you.;
"Ross,10078,neutral,""Th-th-that's all it is, a third nipple.""";
Ross,10078,neutral,Just your run-of-the-mill third nipple.;
Ross,10078,neutral,You can take it off.;
Ross,10078,fear,Just slice that baby right off!;
"Dr. Rhodes,10078,neutral,""Take your shirt off, and let's see what we're dealing with here.  What are you doing?""";
Ross,10078,neutral,Just showing you my run-of-the-mill-slice-it-right-off third nipple.;
Dr. Rhodes,10078,neutral,Well that's not a third nipple.;
Ross,10078,surprise,No?;
"Dr. Rhodes,10079,neutral,""First of all, it's on your ass.""";
"Ross,10079,surprise,""Well then, what is it?!""";
"Dr. Rhodes,10080,neutral,""Wait a minute, hold it.  Johnson! Will you come in here a moment?""";
Dr. Johnson,10080,neutral,I'm with Hamilton!;
"Dr. Rhodes,10080,neutral,""He's good with rear things, bring him in too.""";
"Kristen,10081,joy,""Umm, this is great wine.""";
"Ross,10081,neutral,""It’s from France…In Europe…Western Europe. Y’know umm, a few years ago I actually was backpacking across Western Europe.""";
Kristen,10081,surprise,Really?;
"Ross,10081,joy,""Uh-hmm—Wait! It gets better. Um, yeah I was in Barcelona.""";
Kristen,10081,neutral,I studied for a year in Barcelona.;
"Ross,10081,neutral,""Anyway, umm so I was um, I was hiking""";
Kristen,10081,joy,I love hiking!;
Ross,10081,joy,Oh that’s great! I was hiking along the foothills of Mount Tibidaybo;
"Janice,10082,surprise,""So? Congratulations you two, I didn’t even know you got married.""";
Rachel,10082,joy,Oh we-we didn’t.;
Ross,10083,fear,No-no. We;
Janice,10083,surprise,What?!;
"Ross,10084,neutral,""Um uh…We’re-we’re just having this baby together but uh, uh that’s all.""";
Janice,10084,surprise,Why?!!;
"Ross,10084,neutral,""Uh well umm…we’re just not in that place, y’know? But we’re very excited about this.""";
Janice,10084,neutral,Oh. Well then shut me up.;
Rachel,10084,neutral,Just tell me how.;
"Janice,10084,fear,""Uh-oh, I feel another one coming.""";
"Joey,10085,neutral,""Let it go, Ross.""";
"Ross,10085,neutral,""Yeah, well, you didn't know Chi Chi.""";
Monica,10085,neutral,Do you all promise?;
Monica,10085,neutral,Chandler? Do you promise to be good?;
"Joey,10085,joy,""You can come in, but your filter-tipped little buddy has to stay outside!""";
"Ross,10085,neutral,""Hey, Pheebs.""";
Phoebe,10085,neutral,Dear Ms. Buffay.;
Phoebe,10085,neutral,Thank you for calling attention to our error.;
Phoebe,10085,neutral,We have credited your account with five hundred dollars.;
"Phoebe,10085,neutral,""We're sorry for the inconvenience, and hope you'll accept this-  -""";
"Chandler,10086,neutral,""Oh my God, honey we are so meant to be together. We both have copies of the""";
"Monica,10086,neutral,""Honey, both yours.""";
Rachel,10086,joy,Hey! Great advice on that Joey thing!;
Monica,10086,neutral,Yeah? The work problem?;
Rachel,10086,joy,Oh it was perfect! I mean it really felt like he was my friend again.;
Chandler,10086,neutral,What problem did you tell him you had?;
"Rachel,10086,neutral,""Oh that’s not important. The point is, I really—I think everything’s gonna be okay.""";
"Monica,10087,neutral,""Okay, I’ve got some Ones, you wanna put them in her panties?""";
"Chandler,10087,disgust,""No thanks, Mom!""";
"Phoebe,10087,anger,""Ha-ha, it’s not my baby, ha-ha-ha!""";
"Monica,10087,joy,""Very good,  so good.""";
"Phoebe,10087,joy,""I really, really enjoyed it. Very exotic.""";
"Rachel,10087,sadness,""Well, I just checked our messages and Joshua didn’t call.""";
Rachel,10087,sadness,I mean you’d think he’d be worried about me not showing up at his club.;
"Rachel,10087,sadness,""Ugh, you know what makes it so much worse, Ross is all happy in Vermont!""";
Phoebe,10087,joy,Come on! Look where you are!!;
"Monica,10087,neutral,""When you get a sec, another round of daiquiris.""";
"Phoebe,10087,neutral,""Remember, a virgin for me please.""";
Monica,10087,neutral,Oh! And don’t let me leave without getting the name of that carpet guy.;
"Chandler,10087,neutral,""Ahh, come on! Y’know what—y’know what, I think I’m just gonna go home and call Kathy.""";
"Phoebe,10087,neutral,""Well, if you think it will help.""";
Chandler,10087,anger,No!;
Chandler,10087,fear,That was a test!;
Chandler,10087,fear,In a couple of hours I’m gonna get really drunk and wanna call Kathy and you guys are gonna have to stop me!;
"Chandler,10087,fear,""And then after that, I’m gonna get so drunk, I’m gonna wanna call Janice""";
Phoebe,10087,surprise,You should! How is she?;
Chandler,10087,anger,Ohhh!!;
Monica,10087,joy,I think somebody needs another lap dance.;
"Monica,10088,neutral,""All right, I definitely taste nutmeg.""";
Phoebe,10088,surprise,You do?;
"Monica,10088,surprise,""You don’t?  Well, that’s the difference between a professional and a layman.""";
Phoebe,10088,anger,That and arrogance.;
Joey,10088,neutral,Hey.;
Monica,10088,joy,Hey! How was sailing?;
Joey,10089,joy,Wow thanks!;
Chandler,10089,fear,Joe?;
Joey,10089,joy,Yeah!;
"Chandler,10089,neutral,""Uh, you’ve had a lot of sex right?""";
"Joey,10089,surprise,""When? Today? Some, not a lot.""";
"Chandler,10089,fear,""Well, it’s just the reason that I’m asking is because I kind of eh, uh, I was unable to—I mean I really wanted to, but I couldn’t….""";
"Chandler,10089,fear,""There huh—hmm, there-there was an incident.""";
"Joey,10089,neutral,""Don’t worry about that man, that happens.""";
Chandler,10089,surprise,It’s happened to you?;
Joey,10089,neutral,Yeah! Once.;
"Chandler,10089,surprise,""Well, what’d you do?""";
Joey,10089,neutral,I did it anyway.;
Joey,10089,neutral,‘Sup? ‘Sup dude?;
"Chandler,10089,fear,""Take whatever you want, just please don’t hurt me.""";
Joey,10089,neutral,So you’re playing a little;
"Chandler,10089,disgust,""Yes, on a scale from 1 to 10, 10 being the dumbest a person can look, you are definitely 19.""";
"Joey,10089,surprise,""Come on man, really how old?!""";
"Chandler,10089,disgust,""Young! You’re a man-child okay?! Now go get changed because everybody’s ready and please, oh please, keep my underwear!""";
Ross,10090,surprise,And they knew about it?;
"Phoebe,10090,surprise,""Okay, well Ross, what is this really about?""";
"Ross,10090,anger,""Look, this is my home and I want to be able to come and go whenever I want!""";
"Phoebe,10090,anger,""Okay, I will find someplace else to do the rest of my appointments. I just don’t know what the big deal is!""";
"Ross,10090,disgust,""The big deal is I don’t want naked, greasy strangers in my apartment when I want to kick back with a puzzle—beer! Cold beer.""";
"Ross,10091,neutral,""Okay, look, he's not gonna hurt them, right?""";
Monica,10091,anger,Do you always have to bring him here?;
Ross,10091,neutral,I didn't wanna leave him alone.;
Ross,10091,neutral,Alright?;
Ross,10091,neutral,We- we had our first fight this morning.;
Ross,10091,neutral,I think it has to do with my working late.;
"Ross,10091,neutral,""I said some things that I didn't mean, and he- he threw some faeces...""";
"Chandler,10091,neutral,""Y'know, if you're gonna work late, I could look in on him for you.""";
"Ross,10091,joy,""Oh, that'd be great!""";
"Ross,10091,neutral,""Okay, but if you do, make sure it seems like you're there to see him, okay, and you're not like doing it as a favour to me.""";
"Chandler,10091,neutral,""Okay, but if he asks, I'm not going to lie.""";
Chandler,10092,neutral,Check this out.;
Chandler,10092,surprise,It says here that there’s a place you can go to rent videos of all the museums!;
"Chandler,10092,neutral,""""""It’s almost as good as being there.""""""";
Joey,10092,joy,It’s better! You can’t go to a museum in your underwear!;
Joey,10092,joy,Oh-ho! I bet the British version is gooooood!;
"Jester,10093,neutral,""Uh, may I help you?""";
"Monica,10093,neutral,""Yeah, I talked to you on the phone, I’m the lady that got stuck with the racecar bed.""";
"Jester,10093,neutral,""Look, it’s like I told you, there’s nothing I can do. You signed for it, Monica Velula Geller.""";
"Joey,10093,neutral,""All right, Jester man, look we wanna see the king.""";
Jester,10093,anger,Nobody sees the king!;
"Joey,10093,neutral,""Oh-ho-kay, I’m talking to the king.""";
Jester,10093,surprise,Hey! You can’t go back there!;
Janice,10093,surprise,Oh my God.;
"Ross,10094,neutral,""So, this must be kinda neat for ya, huh?""";
"Ross,10094,neutral,""I mean, your Dad tells me that you get a couple of days off school, and you, you ah, don’t have to sell those cookies anymore.""";
"Sarah,10094,sadness,""Well, I kinda wanted to sell the cookies. The girl who sells the most wins a trip to Spacecamp, and gets to sit in a""";
"Ross,10094,surprise,""Wow, you ah, you really like all this space stuff, huh?""";
Sarah,10094,neutral,Yeah.;
"Sarah,10094,neutral,""My Dad says if I spend as much time helping him clean apartments, as I do daydreaming about outer space, he’d be able to afford a trip to the Taj Mahal.""";
Ross,10094,neutral,I think you would have to clean a whole lot of apartments to go all the way to India.;
"Sarah,10094,sadness,""No. The one in Atlantic City, Dad loves the slots. He says he’s gonna double the college money my Grandma left me.""";
"Monica,10095,joy,""Oh, um, I don’t know if that’s a good idea.""";
"Richard,10095,neutral,""Oh. Look, just friends, I won’t grope you. I promise.""";
"Monica,10095,joy,""No, I just I think that it’s too soon.""";
"Richard,10095,neutral,""No it’s not too soon, I had lunch at a eleven.""";
Chandler,10096,neutral,I invented the game of Cups as a way to give Joey money.;
Ross,10096,surprise,And now you want that money back.;
Chandler,10096,neutral,Exactly.;
"Ross,10096,joy,""Chandler, what kind of an idiot do you take me for?""";
Chandler,10096,anger,It’s not a real game! I made it up!;
"Ross,10096,joy,""I’m sorry you lost your money, but I won it fair and square.""";
Joey,10097,neutral,I don't know.;
Joey,10097,neutral,But I can see through your sheet.;
"Joey,10097,neutral,""Yeah, yeah, that's her.""";
Joey,10097,neutral,But y'know what?;
"Joey,10097,sadness,""Doesn't matter, I'm never gonna get to meet her anyway.""";
Monica,10097,neutral,Why?;
"Joey,10097,sadness,""Because it's impossible to find her apartment! She lives in some like of hot girl parallel universe, or something.""";
"Monica,10097,surprise,""What are you talking about?  She obviously lives on the second floor, seventh apartment from the left!""";
Joey,10097,neutral,No. No. No. She lives on the;
"Monica,10097,neutral,""No, those first two windows,  that's the lobby.""";
"Monica,10097,neutral,""And y'know the other one over there, that's the stairway.""";
Monica,10097,neutral,You've been counting wrong.;
Joey,10097,anger,I did;
"Rachel,10098,fear,""Monica, betting the apartment, I don’t know about this.""";
"Monica,10098,joy,""Rachel, I have not missed one question the whole game. I own this game! Look at my hand.""";
Rachel,10098,surprise,Why? Do you have the answers written on there?;
"Monica,10098,neutral,""No! Steady as a rock! Now, are you with me.""";
"Rachel,10098,fear,""All right, let’s do it.""";
"Ross,10098,neutral,""All right, gentlemen, you’re up first.""";
Joey,10098,neutral,Okay.;
Chandler,10098,neutral,Okay.;
Ross,10098,neutral,You have 30 seconds. And the lightning round begins—stop it —now. What was Monica’s nickname when she was a field hockey goalie?;
Joey,10098,neutral,Big fat goalie.;
Ross,10098,neutral,Correct. Rachel claims;
Chandler,10098,neutral,Dangerous Liaisons;
Ross,10098,neutral,Correct. Her actual favorite movie is...;
Joey,10098,neutral,Weekend at Bernie’s;
"Phoebe,10099,neutral,""Well, look, why don’t you just, why don’t you do your Phase Two strip club thing with us.""";
"Monica,10099,joy,""Yeah, come on, we can be guys!""";
Chandler,10099,joy,No you can’t.;
"Chandler,10099,disgust,""You don’t want to be guys, you’d be all hairy and wouldn’t live as long.""";
"Phoebe,10099,anger,""Y’know you, you just stop being such a wuss and get those off and you come with us and watch naked girls dance around!!""";
Chandler,10099,neutral,Okay.;
Phoebe,10099,sadness,I’m sorry.;
"Monica,10100,surprise,""And y'know what, I just realised, in the last year I’ve only gone out with two guys, Richard and Julio.""";
"Monica,10100,fear,""You gotta help me out here, you gotta set me up, you gotta get me back in the game.""";
"Rachel,10100,neutral,""Well, that shouldn’t be a problem. I mean I work in fashion and all I meet are eligible straight men.""";
"Monica,10100,neutral,""Pete, can I get you something else?""";
"Pete,10100,neutral,""Yeah, a slice of cheesecake and-and a date if you’re given’ ‘em out.""";
Monica,10100,neutral,Haven’t you and I covered that topic?;
"Pete,10100,neutral,""Hmm, come on, you just said to her that you….""";
"Monica,10100,joy,""Aww, the only reason you want to go out with me because my blond wig, and the big boobs, and the fact that I serve you food.""";
"Pete,10100,joy,""Well, if that were true, I’d dating my Aunt Ruth.""";
Pete,10100,disgust,And the two times we went out were just plain awkward.;
"Pete,10100,neutral,""Come on, you think she should go out with me, don’t you?""";
"Rachel,10100,neutral,""Well, I mean, are you sure you want to go out with her?""";
"Rachel,10100,disgust,""I mean that ain’t a pretty picture in the morning, y’know what I mean.""";
"Rachel,10100,disgust,""That wig all in disarray, and boobs flung over the night stand, y'know.""";
"Monica,10100,neutral,""I mean really, think about it.""";
"Pete,10100,neutral,""Ho-ho, I will.""";
Chandler,10101,surprise,I believe I read that somewhere!;
"Ross,10101,anger,""That only is not funny, it's physically impossible!""";
Ross,10101,anger,Okay?;
Ross,10101,anger,Depending    on the species I'd have to have a six foot long...;
Ross,10101,anger,It's not funny!;
Chandler,10101,neutral,I respectfully disagree.;
Ross,10101,anger,I can't believe you put that on my alumni page!;
Chandler,10101,neutral,Who cares? Nobody reads those things;
Ross,10101,anger,You'd better hope not because I just read what you put on your    page today.;
Chandler,10101,neutral,I don't have a page.;
Ross,10101,anger,Oh oh oh! I RESPECTFULLY DISAGREE!!;
Ross,10102,joy,I know I miss you too. I can't wait to see you. I love you. Bye.;
"Chandler,10102,surprise,""Okay, what is in here? Rocks?""";
"Ross,10102,neutral,""No-no, this is my collection of fossil samples.""";
"Chandler,10102,disgust,""So, rocks.""";
"Ross,10102,sadness,""I'm really gonna miss this apartment. Y'know, Ben-Ben took his first steps right over there.""";
"Joey,10102,joy,""Ohh. Hey, remember when I ran into this thing  and it kinda knocked me out a little?""";
"Ross,10102,joy,""I loved this place! To tell you the truth, I wish I didn't have to move.""";
"Joey,10102,surprise,""Uhh, are you saying that you're not entirely happy about this?""";
"Ross,10102,sadness,""Well, I mean if uh, if Emily gave me a choice""";
Joey,10102,neutral,You;
Ross,10102,neutral,Why?;
"Joey,10102,joy,""Hey, you guys! Look what I found in the giiiiiiift shop.  Get up! Get up! Get up!""";
"Emily,10103,joy,""I left a bra drying on the shower rod, you don’t think your son will think it’s yours and be horribly traumatised?""";
"Ross,10103,neutral,""Hey, if mommy can have a wife, daddy can have a bra.""";
"Emily,10103,neutral,""Ohh, it’s time to go.""";
"Ross,10103,neutral,""Oh, no-no-no, see, that-that clock’s a little fast, uh, we have 17 minutes.""";
"Ross,10103,neutral,""Huh, what can we do in 17 minutes?""";
Ross,10103,neutral,Twice?;
Emily,10103,neutral,Well that’s ambitious.;
"Ross,10103,neutral,""Hey, uh, you can ignore that.""";
Emily,10103,surprise,That’s Carol with your son!;
"The Singing Man,10104,joy,""Morning’s here! Sunshine is here! The sky is clear, the morning’s here! The morning’s here!""";
Rachel,10104,anger,HEY!! Do you;
The Singing Man,10104,joy,Oh come on! Morning’s here!  Morning’s here! The morning is here! Sunshine is here!;
Rachel,10104,neutral,I;
Joey,10104,joy,Are you kidding? I love that guy!  Morning’s here! Morning is here—;
Rachel,10104,anger,Stop it! I will kill you. I hate the fact that my room is so small.;
"Monica,10104,neutral,""Hey, I have all the space I need. Just do what I did.""";
"Rachel,10104,anger,""Monica, you don’t even have a bed, you sleep in a ball on the floor!""";
Monica,10104,neutral,Y’know what? I am;
Rachel,10104,sadness,I’m sorry. I’m so sorry.;
Monica,10104,neutral,Okay.;
"Joey,10104,neutral,""See, this is a""";
Monica,10104,anger,Shut up! This place is a hole!;
"Chandler,10105,neutral,""All right buddy, time to roll over.""";
Chandler,10105,fear,No-no!;
"Chandler,10105,fear,""No, no-n-n-n-no!!""";
Chandler,10105,disgust,You are going to a clinic!;
"Chandler,10105,disgust,""You’re going to a clinic, and a pyjama store!""";
Phoebe,10106,neutral,Are you under the sheet?;
Monica,10106,neutral,Yes.;
"Phoebe,10106,joy,""Great, let’s begin.  How’s the pressure?""";
Monica,10106,joy,Nice! Wow Phoebe you are good!;
"Phoebe,10106,joy,""Stating the obvious, but thank you. And it’s not weird is it.""";
Monica,10106,joy,No. Ooohh;
"Phoebe,10106,neutral,""That’s right, you just enjoy.""";
Monica,10106,joy,Oh. Oh yeah! Ohhhhh! Ohh! Oh yeah!;
Phoebe,10106,neutral,Okay.;
Monica,10106,joy,Oh God Phoebe!!  Oh that’s it! That’s it! Right there! Oh!  Ooooh-oooh-ooooh;
Kate,10107,joy,Become a drama critic!;
The Director,10107,sadness,I am hurt!  A plague on both your houses!;
"Kate,10107,sadness,""By the way, he dumped me tonight after he read my review.""";
"Joey,10107,disgust,""Oh, classy.""";
"Kate,10107,sadness,""Yep! I sure know how to pick ‘em, huh? Y'know I gave up a part on a soap for this!""";
"Joey,10107,anger,""Wow! Yeah I ah, I gave up a job too.""";
Kate,10107,surprise,Really. What?;
"Joey,10107,anger,""Uh, de-clawing cats.""";
"Joey,10107,neutral,""Hey, tell ya what.""";
Joey,10107,neutral,Let me walk you home.;
Joey,10107,anger,We’ll stop by every news stand and burn every copy of their Times and the Post.;
Kate,10107,surprise,Why the Post?;
"Joey,10107,surprise,""Oh, you didn’t see the Post?""";
Kate,10107,neutral,No. You?;
Joey,10107,neutral,No. Why?;
Rachel,10108,joy,Hi Joey! What are you doing here?;
"Joey,10108,neutral,""Uhh, well I’ve got an audition down the street and I spilled sauce all over the front of my shirt.  You got an extra one?""";
"Rachel,10108,neutral,""Yeah, sure. Umm…here.""";
Joey,10108,disgust,Great.  You got anything that’s not;
"Rachel,10108,neutral,""Yeah, I don’t think so Joe.""";
"Joey,10108,neutral,""All right, I guess this will be fine.""";
"Rachel,10108,neutral,""Hey, listen umm, what-what are you doing tonight?""";
"Joey,10108,neutral,""Nothing, why?""";
Rachel,10108,neutral,How would you feel about taking out my assistant Tag? I’ll pay.;
"Joey,10108,disgust,""Huh, Rach I got to say it’s gonna take a lot of money for me to go out on a date with a dude.""";
Rachel,10108,neutral,I’m not asking you to go on a;
Joey,10108,surprise,Really? ‘Cause I could kinda use the money.;
"Rachel,10108,neutral,""Joey, just-just he-he’s new in town and I know he doesn’t have any guy friends.""";
Rachel,10108,neutral,Just take him to like a ball game or something.;
Rachel,10108,neutral,I’ll really appreciate it.;
"Joey,10108,neutral,""Yeah, okay.""";
Rachel,10108,surprise,Yeah?;
"Joey,10108,joy,""Sure, no problem.  Ooh—Hey, donuts!""";
"Commercial,10109,neutral,""Problem odour in the litter box? Don’t change your kitty, change your kitty litter.""";
"Monica,10109,sadness,""Sorry, Pheebs.""";
Joey,10109,neutral,Yeah. You okay?;
"Rachel,10110,surprise,""No! Sorry, I just thought you were somebody else. Hi!""";
"Mark,10110,neutral,""Hi. Well, look, I was just gonna leave a message, isn’t tonight your, your big anniversary dinner?""";
"Rachel,10110,sadness,""Yeah. Well, umm.....""";
"Mark,10110,surprise,""Rach, are you okay?""";
"Rachel,10110,sadness,""Yeah, I’m fine.""";
"Mark,10110,neutral,""You wanna talk, I mean I can come over?""";
"Rachel,10110,sadness,""No! Really, no, please, please, that’s, that’s okay.""";
"Mark,10110,neutral,""All right, all right, I’m coming over, and I’m bringing Chinese food.""";
"Rachel,10110,sadness,""Oh, yeah, I’m not, I’m not hungry.""";
Mark,10110,neutral,It’s for me.;
"Rachel,10110,neutral,""Oh. Okay, bye.""";
"Chandler,10111,fear,""Come on, pick up, pick up!""";
Chandler,10112,neutral,Hello?;
Chandler,10113,neutral,Transit Authority?;
"Chandler,10113,neutral,""Yes, hello.""";
"Chandler,10113,neutral,""I'm doing research for a book, and I was wondering what someone might do if they left a baby on a city bus.""";
"Joey,10113,neutral,""Hi, here's the deal.""";
Joey,10113,neutral,We lost a carseat on a bus today.;
"Joey,10113,neutral,""It's white plastic, with a handle, and it fits onto a stroller.""";
"Joey,10113,neutral,""Oh, and there was a baby in it.""";
Joey,10113,neutral,He wants to talk to you again.;
Ross,10114,neutral,Hello.;
Ross,10114,neutral,I’m sorry I’m a little late.;
Joey,10114,surprise,Whoa;
"Ross,10114,neutral,""Let me start by uh, by introducing myself, I am Professor Geller.""";
"Ross,10114,neutral,""So to sum up, I’m Professor Geller.""";
"Ross,10115,neutral,""Good evening, sir.""";
Ross,10115,neutral,My name is Ross Geller.;
Ross,10115,neutral,I'm one of the people who applied for the apartment.;
Ross,10115,neutral,And I-I realize that the competition is fierce but—I'm sorry.;
"Ross,10115,joy,""I, I can't help but notice you're naked and  I applaud you.""";
"Ross,10115,neutral,""Man, I wish I was naked.""";
"Ross,10115,joy,""I mean, this-this looks so great.""";
Ross,10115,neutral,That is how God intended it.;
"Rachel,10116,anger,""Okay, I have to tell you something that I have never admitted during our entire friendship!""";
"Rachel,10116,anger,""But, when we were in high school I made out with James Farrell even when I knew that you liked him!""";
"Rachel,10116,joy,""Wow, that feels so good to get off my chest!""";
"Rachel,10116,anger,""Okay, you go!""";
Monica,10116,surprise,My turn? What-what are you talking about?;
"Rachel,10116,disgust,""Ugh, Monica, I know about you and Chandler.""";
Monica,10116,surprise,What?!;
"Rachel,10116,neutral,""I overheard you guys on the phone the other day, and you said, """"I'll just tell Rachel that I'm doing laundry for a couple of hours.""""""";
"Rachel,10116,neutral,""And he said, """"Laundry?""";
Rachel,10116,neutral,Is;
Monica,10116,joy,Well. Sounds like you're writing yourself a little play there Rach. Wow! Let me know how that one turns out.;
"Rachel,10116,anger,""Well, I wouldn't know because I got so freaked out that I hung up the phone.""";
"Monica,10116,neutral,""Well, if you had kept listening, you-you would have heard me call him Mr. Big……ot.""";
Rachel,10116,surprise,What?!;
Monica,10116,neutral,Mr. Bigot. He tells the most;
Rachel,10116,anger,All right. So you're telling me that there is nothing going on between you and Chandler.;
Monica,10116,surprise,Me and Chandler?!;
"Phoebe,10117,neutral,""I really thought you making a good point. I mean y'know, until you got cut off.""";
"A Female Student,10117,neutral,""Yeah, what's up with that girl Monica?""";
Phoebe,10117,anger,I don't know! I didn't come with her!;
Monica,10117,joy,All right everybody! Everybody guess what? I just convinced Paul to give us a test next week!;
All,10117,surprise,A test?!!;
Monica,10117,joy,Come on! Tests make us all better learners! Oh yeah!  We should have essay questions!!;
"Phoebe,10118,neutral,""Okay I’ve got one for you, if you had too which one would you rather eat, a seeing eye dog or a talking gorilla?""";
"Cliff,10118,neutral,""I’d have to say…the talking gorilla, because at least I can explain to him that you’re making me eat him.""";
Phoebe,10118,surprise,Somebody went to college. Wow.  What is it? I’m sorry.;
"Mr. Franklin,10119,neutral,""Okay, I hear you loud and clear. Bob will stay put.""";
Chandler,10119,neutral,I think it’s best sir.;
Mr. Franklin,10119,neutral,But we really do need to find someone up here.;
Mr. Franklin,10119,neutral,The work is starting to pile up.;
Mr. Franklin,10119,neutral,I’ve got a stack of documents on my desk this high.;
"Chandler,10119,neutral,""Y’know what you should do, just toss ‘em in the shedder and claim you never got ‘em.""";
Mr. Franklin,10119,neutral,That’s a good one.;
Chandler,10119,neutral,What does a guy have to;
"Ross,10120,neutral,""Yeah, yeah, everybody's here. Hey, everybody, say hi to Julie in New Mexico.""";
"All,10120,joy,""Hi, Julie!""";
Phoebe,10121,neutral,Isn’t there a national football league.;
"Chandler,10121,neutral,""Yes. Yes, there is, they play on Sundays and Monday nights.""";
Rachel,10121,sadness,Oh shoot! I work Monday nights.;
"Phoebe,10121,joy,""Umm, this stuffing is amazing. Do you think we should bring them some?""";
"Joey,10121,neutral,""When they’re hungry enough, they’ll come in.""";
"Tag,10122,neutral,""Hey Joey, you wanted to talk to me?""";
"Joey,10122,neutral,""I don’t know. You uh, you got something for me?""";
"Tag,10122,neutral,""Oh, yeah, this is from Rachel.""";
Joey,10122,neutral,Ten. Okay. Now Tag there’s such a thing as too many women.;
Tag,10122,surprise,Really?;
"Joey,10122,joy,""Yeah, for you!""";
"Chandler,10123,surprise,""Oh, Danielle! I wasn't expecting the machine... Give me a call when you get a chance.  Bye-bye.  Oh God!""";
Monica,10123,neutral,That's;
"Chandler,10123,anger,""Hey, I've been honing!""";
Ross,10123,neutral,What was with the dishes?;
"Chandler,10123,fear,""Oh, uh..""";
Chandler,10123,fear,I want her to think I might be in a restaurant.. y'know?;
"Chandler,10123,anger,""I might have some kind of life, like I haven't been sitting around here honing for the past few hours.""";
"Monica,10123,surprise,""Look look! He's doing it again, the guy with the telescope!""";
Phoebe,10123,anger,Oh my God!  Go away!  Stop looking in here!;
"Monica,10123,disgust,""Great, now he's waving back.""";
"Joey,10123,disgust,""Man, we gotta do something about that guy.""";
"Joey,10123,disgust,""This morning, I caught him looking into our apartment.""";
Joey,10123,anger,It creeps me out!;
Joey,10123,anger,I feel like I can't do stuff!;
Monica,10123,joy,What kinda stuff?;
"Joey,10123,disgust,""Will you grow up? I'm not talking about sexy stuff, but, like, when I'm cooking naked.""";
Phoebe,10123,surprise,You cook naked?;
"Joey,10123,neutral,""Yeah, toast, oatmeal... nothing that spatters.""";
Chandler,10123,surprise,What are you looking at me for? I didn't know that.;
Monica,10124,neutral,Y'know they say a watched pot never beeps.;
"Phoebe,10124,sadness,""It’s just y'know, been a couple of hours, and she hasn’t called. Not that I even care, y'know.""";
Monica,10124,neutral,Phoebe why don’t you just call her? You obviously want to.;
Phoebe,10124,anger,You think you know me so well.;
"Monica,10124,neutral,""Well, don’t ‘cha wanna?""";
Phoebe,10124,neutral,Yeah.;
"Monica,10124,neutral,""Okay, well I do know you.""";
Phoebe,10124,neutral,That’s what I said.;
Monica,10124,neutral,Well so?;
Phoebe,10124,sadness,I can’t.;
Phoebe,10124,sadness,I can’t.;
"Phoebe,10124,sadness,""She dumped me, I mean I totally trusted her and then one day it was ‘Okay, bye Pheebs’ gone.""";
"Phoebe,10124,sadness,""Y'know what the saddest part is, when we were playing together, that was like the most fun I’ve ever had in like all my lives.""";
"Ross,10125,neutral,""Ok, bye.  Well, Monica's not coming, it's just gonna be me and Rachel.""";
"Chandler,10125,neutral,""Oh. Well, hold on camper, are you sure you've thought this thing through?""";
Ross,10125,neutral,It's laundry. The thinking through is minimal.;
"Chandler,10125,joy,""It's just you and Rachel, just the two of you? This is a date. You're going on a date.""";
Ross,10125,fear,Nuh-uh.;
Chandler,10125,joy,Yuh-huh.;
"Ross,10125,surprise,""So what're you saying here? I should shave again, pick up some wine, what?""";
"Chandler,10125,disgust,""Well, you may wanna rethink the dirty underwear.""";
Chandler,10125,surprise,This is basically the first time she's gonna see your underwear—you want it to be dirty?;
Ross,10125,neutral,No.;
"Chandler,10125,neutral,""Oh, and uh, the fabric softener?""";
"Ross,10125,anger,""Ok, ok, now what is wrong with my""";
"Chandler,10126,anger,""Ok, so it's just because it was my table, I have to buy a new one?""";
Joey,10126,neutral,That's the rule.;
"Chandler,10126,anger,""What rule? There's no rule, if anything, you owe me a table!""";
Joey,10126,anger,How'd you get to that?;
"Chandler,10126,anger,""Well, I believe the piece of furniture was fine until your little breakfast adventure with Angela Delvecchio""";
Joey,10126,surprise,You knew about that?;
"Chandler,10126,disgust,""Well, let's just say the impressions you made in the butter left little to the imagination.""";
"Joey,10126,neutral,""Ok, ok, How about if we split it?""";
"Chandler,10126,neutral,""What do you mean, like, buy it together?""";
Joey,10126,neutral,Yeah;
Chandler,10126,neutral,You think we're ready for something like that?;
Joey,10126,neutral,Why not?;
"Chandler,10126,neutral,""Well, it's a pretty big commitment, I mean, what if one of us wants to move out?""";
"Joey,10126,surprise,""Why, are you moving out?""";
Chandler,10126,neutral,I'm not moving out.;
Joey,10126,fear,You'd tell me if you were moving out right;
"Chandler,10126,neutral,""Yeah, yeah, it's just that with my last roommate Kip...""";
"Joey,10126,anger,""Aw, I know all about Kip!""";
"Chandler,10126,anger,""It's just that we bought a hibachi together, and then he ran off and got married, and things got pretty ugly.""";
"Joey,10126,sadness,""Well, let me ask you something, was Kip a better roommate than me?""";
"Chandler,10126,sadness,""Aw, don't do that""";
"Phoebe,10127,sadness,""Ooh, oh no! I have to go! I have a massage appointment.""";
"Eric,10127,neutral,""Oh no, stay here we’ll keep doing this. I’ll pay you.""";
"Phoebe,10127,neutral,""No, I got in trouble for that before. I’ll see you later.""";
Eric,10127,joy,Absolutely.  I love the way you kiss.;
Mona,10128,fear,Oh my God! Oh my God! I’m so sorry!;
"Ross,10128,neutral,""Aw forget it, it’s from""";
Dr. Green,10128,anger,You think you can knock up my daughter and then not marry her?! I’m gonna kill you!!;
Ross,10128,sadness,Y’know this is actually not a great time for me.;
"Rachel,10129,joy,""Okay! So, we’ll just stay married.""";
"Ross,10129,joy,""Yes, exactly!""";
Rachel,10129,joy,And I will make everyone call me Mrs. Geller!;
"Ross,10129,joy,""Wow! This is so amazing. I uh, I really thought I’d have to talk you into this more.""";
Rachel,10129,surprise,What-wh-what so we’ll just stay married forever?!;
"Ross,10129,neutral,""Okay, look, how is this gonna affect you?""";
Ross,10129,anger,Really?;
Ross,10129,joy,I mean you fill some form out once and a while and instead of checking the box that says Ms you check the box that says Mrs.!;
Ross,10129,neutral,It’s;
"Rachel,10129,sadness,""Ohh, okay, I’m sorry.""";
Rachel,10129,neutral,You’re right.;
Rachel,10129,neutral,Y’know what?;
Ross,10129,neutral,I’m asking you to do me a favor.;
Rachel,10129,anger,You are asking me to be your wife!;
Ross,10129,neutral,And as my wife I think you should grant me this favor.;
Monica,10130,surprise,Oh my God!;
"Paul,10130,joy,""I know, I know, I'm such an idiot.""";
"Monica,10130,neutral,""My brother's going through that right now, he's such a mess. How did you get through it?""";
"Paul,10130,neutral,""Well, you might try accidentally breaking something valuable of hers, say her-""";
Monica,10130,neutral,-leg?;
"Paul,10130,neutral,""That's one way! Me, I- I went for the watch.""";
Monica,10130,surprise,You actually broke her watch?;
"Rachel,10130,sadness,""Barry, I'm sorry...""";
Rachel,10130,sadness,I am so sorry...;
"Rachel,10130,sadness,""I know you probably think that this is all about what I said the other day about you making love with your socks on, but it isn't... it isn't, it's about me, and I ju-  Hi, machine cut me off again... anyway...""";
"Ross,10131,neutral,""No real-, honey, really it’s fine, just g-go with Susan.""";
"Ross,10131,joy,""Really, I, no, I think girls night out is a great idea.""";
"Ross,10131,neutral,""Okay, okay, bye""";
Phoebe,10131,neutral,So what are they doing?;
"Ross,10131,joy,""I don’t know, something girlie.""";
"Phoebe,10131,neutral,""Hey, you’re early.""";
Monica,10131,surprise,What are you doing with the lamp?;
Phoebe,10131,neutral,I’m just taking it to be re-wired.;
"Monica,10131,disgust,""Oh, well don’t take it to the same place you took the stereo, ‘cause they’ve had that thing for over a week.""";
"Phoebe,10131,neutral,""No, no, Mr. Heckles no one is making any noise up here.""";
Mr. Heckles,10131,anger,You’re disturbing my oboe practice.;
Phoebe,10131,anger,You don’t play the oboe!;
Mr. Heckles,10131,anger,I could play the oboe!;
Rachel,10132,joy,Ohhh! That is soo sweet!;
"Mark,10132,joy,""Okay, okay look, I know I'm being Mr. Inappropriate today, but it's just so tough, I mean see you walking around and I just wanna touch you and hold you, come on no one's around, just, just kiss me.""";
"Ross,10132,anger,""All right that's, that's it!! Get off her!""";
Mark,10132,surprise,What is going on?;
Ross,10132,anger,What's going on?!  That's what's going on!!;
Rachel,10132,surprise,Ross!;
Ross,10132,anger,I have been down in your store for twenty minutes trying to get a tie!;
Ross,10132,anger,What do I have to do to get some service?!;
Ross,10132,neutral,Hi Rach.;
Mona,10133,neutral,Ross?;
Ross,10133,neutral,Yeah?;
Mona,10133,joy,Hey it’s Mona! From the wedding.;
Ross,10133,joy,Oh hi!;
Mona,10133,joy,Hi!;
Ross,10133,surprise,Wow! Uh…how are you?;
"Mona,10133,neutral,""I’m good except umm, you still owe me a dance.""";
"Ross,10133,joy,""Oh that’s right. Well uh, would you be interested in seeing a Ukrainian film?""";
Mona,10133,surprise,Oh you’re serious. Sure!;
Ross,10133,joy,Great! Well umm;
Mona,10133,neutral,I think I might need one more cup of coffee.;
"Ross,10133,neutral,""Sure! Uh, let me get it for ya.""";
Mona,10133,neutral,Okay.;
"Phoebe,10134,sadness,""Look, I feel really bad about how I freaked you out before, so I called the father and asked him to meet you here so you can tell him.""";
Phoebe,10134,anger,Go!;
"Rachel,10134,surprise,""What? Hey wait a minute! Phoebe, how do you even know who the father is?""";
"Phoebe,10134,anger,""I may play the fool at times, but I’m a little more than a pretty blond girl with an ass that won’t quit.""";
Phoebe,10134,neutral,I believe this belongs to the father of your baby.;
"Rachel,10134,surprise,""Oh God… Oh, he’s in there right now?""";
Phoebe,10134,neutral,Uh-huh. Now you can turn around or you can go in there and rip the Band-Aid off. What to you want to do?;
"Rachel,10134,fear,""Uh, let’s rip!""";
Phoebe,10134,surprise,Really? Are you sure?;
Rachel,10134,joy,Oh Phoebe!;
"Phoebe,10134,neutral,""Okay, sorry. Yeah.""";
Tag,10134,neutral,Hey Rach.;
"Phoebe,10135,joy,""Hey, thank you so much for these tickets, Chandler.""";
"Chandler,10135,joy,""Oh well, this was a really important experience for me, and    I wanted to share it with you.""";
"Monica,10135,joy,""Oh, you're so wonderful.""";
"Joey,10136,neutral,""It can’t be me, I’m standing right here.""";
Mr. Geller,10136,neutral,Wanna peek?;
Ross,10136,disgust,No!;
Mr. Geller,10136,surprise,Come on!;
Joey,10136,sadness,We’re not peeking?;
Mr. Geller,10136,surprise,Well I’m peeking.  Oh my God!;
"Chandler,10136,neutral,""Hello sir, you know Monica.""";
Joanna,10137,joy,Chandler is fantastic!!;
Rachel,10137,surprise,What?!;
Joanna,10137,joy,Y’know how people just click?;
"Joanna,10137,joy,""Like he came by to pick me up, and I opened the door, and it was just like, click!""";
Joanna,10137,surprise,Did he tell you?;
"Joanna,10137,joy,""Oh, and he’s got such a good heart! Doesn’t he have a good heart?""";
"Rachel,10137,joy,""Oh, I know...""";
"Joanna,10137,joy,""Oh, I know and he’s soo sweet! Listen, he said he was going to call, so put him straight through.""";
Sophie,10137,joy,Isn’t this great?!;
Joanna,10137,neutral,Don’t spoil it.;
Ross,10138,neutral,Hi.;
"Rachel,10138,joy,""Hi, sweetie!""";
Ross,10138,neutral,Hello.;
"Mark,10138,neutral,""Hi, Ross.""";
"Ross,10138,neutral,""Yeah, huh.""";
Rachel,10138,sadness,I?ve got some bad news.;
Ross,10138,fear,What?;
"Rachel,10138,neutral,""I can get a quick bite to eat, but then I have to come back up here.""";
"Ross,10138,sadness,""Come on sweetie! You?ve had to work late every night for the past two weeks, what is it this time?""";
"Ross,10138,joy,""But work comes first!  Oh hey, but that?s sad about you though, what happened? Burn out? Burn all out, did ya?""";
"Rachel,10138,neutral,""Nooo, he?s leaving for a better job.""";
"Ross,10138,joy,""Oh well that?s great, so I guess this is ah, this is good bye then. Huh?  Good bye.""";
"Mark,10138,neutral,""Okay, then.""";
Ross,10138,neutral,Okay.;
Rachel,10138,sadness,Well we?re gonna miss you around here.;
"Mark,10138,sadness,""Yeah, me too.""";
"Mark,10138,neutral,""So, see ya on Saturday.""";
"Rachel,10138,neutral,""Yeah, you bet.""";
Ross,10139,neutral,Whazzup??;
"Chandler,10139,joy,""Seriously dude, 3 years ago.""";
"Ross,10139,neutral,""Listen, can you do me a favor?""";
Ross,10139,neutral,I'm gonna be out today.;
"Ross,10139,neutral,""Can you    just keep an eye on Joey, make sure nothing happens between him and Molly?""";
Chandler,10139,surprise,You don't trust him?;
Ross,10140,neutral,I think the check in is that way.;
Rachel,10140,neutral,Ahh.;
"Joey,10141,neutral,""Monica face it, Chandler is against marriage. And-and always will be!""";
Monica,10141,anger,Well there’s some people who do want to marry me.;
Joey,10141,surprise,There are?;
Monica,10141,anger,Yeah! Richard!;
Joey,10141,surprise,R-R-Richard said he wants to marry you?!  And-and Chandler’s tellin’ ya how much he hates marriage?!;
Monica,10141,neutral,That’s right.;
Joey,10141,neutral,Chandler;
Monica,10141,surprise,You just told me that he hates marriage!;
Monica,10141,anger,That-that he’s a-a complex fellow who’s unlikely to take a wife!;
Monica,10141,anger,That-that he’s against marriage and always will be!;
Joey,10141,neutral,You got;
"Ross,10142,fear,""You know you probably didn't know this, but back in high school, I had a, um, major crush on you.""";
Rachel,10142,neutral,I knew.;
Ross,10142,surprise,You did! Oh.... I always figured you just thought I was Monica's geeky older brother.;
Rachel,10142,neutral,I did.;
Ross,10142,sadness,Oh.;
"Ross,10142,fear,""Listen, do you think- and try not to let my intense vulnerability become any kind of a factor here—but do you think it would be okay if I asked you out?""";
Ross,10142,neutral,Sometime?;
Ross,10142,neutral,Maybe?;
"Rachel,10142,joy,""Yeah, maybe...""";
"Ross,10142,joy,""Okay... okay, maybe I will...""";
"Chandler,10143,neutral,""Well, I just thought it’d make me feel good to do something nice for my friend.""";
"Joey,10143,joy,""Well, you’re amazing.""";
Chandler,10143,neutral,Oh no-no-no.;
"Joey,10143,surprise,""A TV as if it appears from nowhere! That’s the dream! Man, how did you afford this stuff?""";
"Chandler,10143,neutral,""Well, y’know I’m 29. I mean who needs a savings account.""";
"Joey,10143,joy,""Oh, you are the best friends anyone has ever had.""";
"Chandler,10143,fear,""Oh, I don’t know.""";
"Joey,10143,joy,""Oh-no-no-no, you are!""";
"Joey,10143,joy,""You do this, you give me the great advice, and hey listen, I was thinking about what you said yesterday about focusing on one woman, I’m gonna do that.""";
Chandler,10143,neutral,You mean with Casey.;
"Joey,10143,neutral,""No-no-no, I think I’m gonna see how things go with Kathy. She’s pretty cool.""";
Chandler,10143,neutral,Or Casey.;
"Joey,10143,neutral,""No-no, Kathy.""";
Chandler,10143,neutral,Could be Casey.;
"Joey,10143,neutral,""No. No, Kathy.""";
Chandler,10143,neutral,Consider Casey.;
Joey,10143,joy,I think somebody’s got a little crush on Casey.;
Joey,10143,joy,How ‘bout I fix you two up?;
Joey,10143,joy,What do you think?;
Chandler,10143,joy,That all the pieces of my life are falling right into place!;
"Chandler,10144,neutral,""Hey, anybody got a length of rope about six feet long with a little nouse at the end?""";
"Monica,10144,neutral,""Honey, what’s the matter?""";
Chandler,10144,neutral,I just saw Janice.;
"Singer,10145,joy,""‘Cause every time I see your face, I can’t help but fall from grace. I know.....""";
Joey,10145,surprise,Wow! This girl is good.;
"Phoebe,10145,anger,""Oh-ho yeah! A song with rhyming words. Oo, I never thought of that before.""";
Chandler,10145,neutral,I like her.;
Phoebe,10145,neutral,Why? Because she can sing and play guitar and do both at the same time?;
"Chandler,10145,neutral,""Well, that’s pretty much all I’m looking for from these people.""";
Monica,10145,anger,Look at you. All jealous.;
"Ross,10145,neutral,""Yeah Pheebs, come on, you two have completely different styles. Y'know, she’s more.. y'know, and you’re more""";
Joey,10145,sadness,Say you'll stay beside me;
"Phoebe,10145,anger,""Okay, see, see, everyone else is happy she’s done.""";
"Singer,10145,neutral,""Okay, my next song’s called: Phoebe Buffay, What Can I Say.""";
"Singer,10145,neutral,""I Really Loved When We Were Singing Partners, And I Shouldn’t Have Left You That Way.""";
"Phoebe,10145,neutral,""Oh no, one of those ‘look for the hidden meaning’ songs.""";
"Ross,10146,neutral,""Yes, hello.""";
Ross,10146,neutral,I have a question.;
"Ross,10146,neutral,""Umm, I used your pen to draw on my friend's face.""";
Ross,10146,neutral,A beard and a moustache.;
Ross,10146,neutral,Thank you.;
"Ross,10146,neutral,""No,""";
Rachel,10146,surprise,What?! What else did he say?;
"Ross,10146,neutral,""Umm, he said he thought I was funny.""";
"Ross,10146,neutral,""So… Okay, look-look umm, let's just go downstairs, we'll have some fun, and you will forget all about it.""";
"Rachel,10146,anger,""Ross, no! There is""";
"Ross,10146,neutral,""Oh, come on! Rach, it's-it's not that bad.""";
"Rachel,10146,anger,""Ross, I am a human doodle!!""";
"Ross,10146,neutral,""Look, just because some idiot drew on your face doesn't mean you shouldn't have any fun!""";
"Ross,10146,neutral,""And besides, hey-hey-hey no one is even gonna""";
"Ross,10146,neutral,""Okay, there was""";
Ross,10147,joy,Come on!;
"Rachel,10147,joy,""Oh wait, don’t you have to pay for your,  Busty Ladies?""";
"Ross,10147,neutral,""No, it’s okay. Some-some kid asked me to pick it up for him, but I don’t""";
Monica,10148,surprise,Oh my God!!! What are you doing?!!;
"Joey,10148,neutral,""You said, you wanna come in for some lemonade?""";
Monica,10148,disgust,So?!;
"Joey,10148,surprise,""Whoa, ah!! We’re you just gonna give me some lemonade?""";
Monica,10148,disgust,Yeah huh!! Cover yourself up!;
"Joey,10148,neutral,""Oh right, right.""";
"Monica,10148,disgust,""I don’t believe this! When someone asks you in for lemonade, and to you that means they wanna have sex?""";
Joey,10148,surprise,Well usually...yeah!;
"Joey,10148,neutral,""Well, not just lemonade, iced tea, sometimes juice.""";
"Joey,10148,neutral,""Well, sorry, I just, I thought you liked me.""";
Joey,10148,sadness,I’m such a jerk.;
"Monica,10148,neutral,""It’s okay. I suppose it could happen to anyone, not anyone I know, but... By the way I can still see it.""";
Rachel,10149,joy,Hmmm... this is so nice.;
"Ross,10149,neutral,""OK, I have a question. Well, actually, it's not so much a question as.. more of a general wondering... ment.""";
Rachel,10149,neutral,OK.;
"Ross,10149,neutral,""OK. Here goes. For a while now, I've been wanting to, um....""";
Rachel,10149,surprise,Ohhh!!!!;
"Ross,10149,neutral,""Yes, yes, that's right...""";
"Rachel,10149,surprise,""Oh, look at the little cat!""";
Ross,10149,surprise,What?  Ow!;
"David,10150,neutral,""Well, I was probably going to do it at some point.""";
Chandler,10150,neutral,I didn't mean;
David,10150,joy,It's brilliant!;
"David,10150,joy,""Goodbye Mike, we'll see you at the wedding, fella!""";
"David,10150,neutral,""well, we probably won't invite you to the wedding...""";
"David,10150,neutral,""Thank you, Chandler.""";
David,10150,neutral,Sincerely.;
"Chandler,10150,joy,""Well, you're welcome! Glad I could help.""";
"Chandler,10150,neutral,""David, I'm pretending to""";
"Phoebe,10151,joy,""Okay, you have 19 questions left. Use them wisely.  Come on Joey! You can’t win if you don’t ask any""";
Joey,10151,surprise,What?!;
"Phoebe,10151,joy,""Well, you promised me a fun road trip!""";
Phoebe,10151,anger,We’ve been on the road six hours and you’ve been asleep for five and a half!;
Phoebe,10151,anger,We are switching at the next rest stop and;
Joey,10151,neutral,All right. All right.;
Phoebe,10151,anger,Yeah! And until then you are going to sing to me because the radio’s broken and you are selfish but have a nice voice.;
Joey,10151,surprise,Really? I don’t;
Phoebe,10151,anger,Sing!!;
Hitchhiker,10151,joy,Morning!;
1st Customer,10152,joy,Everything was delicious!;
Monica,10152,joy,Thank you!;
2nd Customer,10152,joy,It was. The duck in particular was superb.;
Monica,10152,joy,Thank you!    You haven't said anything...;
3rd Customer,10152,neutral,Actually I do have one small complaint.;
Monica,10152,neutral,Oh..please!I-I welcome criticism.;
3rd Customer,10152,sadness,The musician right outside the restaurant...it's kind    of a mood-killer!;
Monica,10152,surprise,What musician?;
Joey,10153,neutral,We did?;
Monica,10153,joy,You owe me 20 bucks.;
Rachel,10153,joy,Thank you. Thank you so much!;
"Monica,10153,neutral,""Chandler, here you go, got your traditional Thanksgiving feast, you got your tomato soup, your grilled cheese fixin's, and your family size bag of Funyuns.""";
"Rachel,10153,surprise,""Wait, wait, Chandler, this is what you're havin' for Thanksgiving dinner?""";
"Rachel,10153,anger,""What, what, what is it with you and this holiday?""";
"Chandler,10153,neutral,""All right, I'm nine years old.""";
"Ross,10153,sadness,""Oh, I hate this story.""";
Chandler,10153,neutral,We just finished this magnificent Thanksgiving dinner.;
"Chandler,10153,sadness,""I have--and I remember this part vividly--a mouthful of pumpkin pie, and this is the moment my parents choose to tell me they're getting divorced.""";
Rachel,10153,surprise,Oh my god.;
Chandler,10153,sadness,Yes. It's very difficult to appreciate a Thanksgiving dinner once you've seen it in reverse.;
"Rachel,10154,surprise,""Hey, who's this little naked guy?""";
Ross,10154,neutral,That little naked guy would be me.;
"Rachel,10154,surprise,""Aww, look at the little thing.""";
Chandler,10154,surprise,Who are those people?;
Ross,10154,surprise,Got me.;
"Monica,10154,neutral,""Oh, that's Nana, right there in the middle.  'Me and the gang at Java Joe's'.""";
"Rachel,10154,surprise,""Wow, Monica, you look just like your grandmother. How old was she there?""";
"Monica,10154,neutral,""Let's see, 1939... yeah, 24, 25?""";
Ross,10154,neutral,Looks like a fun gang.;
"Joey,10154,joy,""Ooh, look-look-look-look-look! I got Monica naked!""";
"Tag,10155,joy,""So, what’s this about?""";
"Phoebe,10155,neutral,""Rachel has something that she wants to tell you and umm, I believe that this is your red sweater.""";
Tag,10155,neutral,No.  This is my red sweater.;
Phoebe,10155,fear,Oh no. Could I get anyone a coffee or…poison? No? Just for me? Okay.;
Tag,10155,joy,What’s going on Rach?;
"Rachel,10155,fear,""Nothing! Phoebe kinda made a mistake. But y’know you do wear that sweater a lot, are you involved in some kind of dare?""";
"Tag,10155,joy,""Y’know, I’m actually glad Phoebe called.""";
"Tag,10155,joy,""I know we broke up because you thought I wasn’t mature enough, but I’ve really grown up and think we should get back together.""";
"Rachel,10155,sadness,""Oh, it’s just not the right time.""";
Tag,10155,joy,It is the right time.;
Rachel,10155,neutral,Okay.;
Joey,10156,joy,‘Kay!;
The Presenter,10156,neutral,in the category of Favorite Returning Male Character the nominees are: John Wheeler from;
Joey,10156,surprise,What the?!;
Rachel,10157,neutral,Yeah.;
"Policeman,10157,neutral,""You’re an Aquarius, huh?""";
Rachel,10157,neutral,I bet you’re a Gemini.;
Policeman,10157,neutral,Nope.;
Rachel,10157,neutral,Taurus?;
Policeman,10157,neutral,Nope.;
Rachel,10157,neutral,Virgo?;
Policeman,10157,neutral,Nope.;
Rachel,10157,neutral,Sagittarius?;
Policeman,10157,neutral,Yep.;
"Rachel,10157,joy,""I knew it! I knew it, ahh….""";
Policeman,10157,neutral,You’re not gonna speed anymore right?;
Rachel,10157,neutral,I won’t speed.;
Policeman,10157,neutral,And you promise you’ll get this taken care of right away?;
Rachel,10157,neutral,I promise.;
Policeman,10157,neutral,And in the meantime you better let him drive. Does he have a license?;
Rachel,10157,neutral,Yeah!;
Policeman,10157,neutral,Can he handle the stick?;
Rachel,10157,neutral,Oh well;
Ross,10157,anger,I can handle the stick!!;
Monica,10158,joy,Hey!;
Monica,10158,sadness,I can’t believe this is taking so long. How are you doing?;
Rachel,10158,sadness,Oh not bad. Do you know that feeling when you’re trying to blow a Saint Bernard out your ass?;
Chandler,10158,surprise,Weirdest thing. Did I hear——Mother of God it’s true!;
Janice,10158,surprise,Chandler Bing!;
Joey,10158,surprise,Janice;
"Ross,10158,joy,""Not just Janice, Janice in labor, contracting and everything.""";
"Janice,10158,neutral,""Oh, this should be easy. I have a very wide pelvis. You remember Chandler.""";
Chandler,10158,surprise,Janice I didn’t even know you were pregnant! Who’s the unwitting human who’s essence you’ve stolen?;
Janice,10158,neutral,It’s you. This is yours.;
Chandler,10158,surprise,What?!;
Janice,10158,joy,Look how nervous he gets! We haven’t slept together in years!;
Chandler,10158,fear,That’s funny. Does it-does it hurt? Does the labor hurt?;
"Joey,10159,anger,""Man, I’m starving! What the hell was I thinking at dinner?! """"Do you want soup or salad?"""" Both! Always order both!""";
"Ross,10159,neutral,""Y’know, y’know I’m lookin’ and I don’t think anyone’s home here.""";
"Ross,10159,neutral,""I say we just break the window, crawl through, and-and y’know explain later.""";
Joey,10159,surprise,Yeah? Really? No one’s home?;
Ross,10159,neutral,I don’t think so. Hello?  When you get in there;
"Monica,10160,neutral,""Hey, what's up?""";
Rachel,10160,sadness,I just saw Danny getting on the subway with a girl and he had his arm around her.;
"Monica,10160,sadness,""Oh, honey, I'm sorry.""";
"Rachel,10160,anger,""Well, you should be, this is all your fault! You meddled in our relationship!!""";
Monica,10160,anger,You had no relationship!!;
"Rachel,10160,anger,""No, but I was doing my thing and everything was going according to the plan!""";
"Monica,10160,anger,""Oh God, stop with the plan!""";
"Monica,10160,neutral,""So what, so what you saw him with a girl?""";
Monica,10160,anger,Who cares?!;
Monica,10160,anger,That doesn't mean anything!;
"Monica,10160,neutral,""Now look, you're going to go out on a date with Danny and you're going to be so charming he's gonna forget all about that stupid subway girl.""";
Rachel,10160,neutral,She was kinda stupid.;
Rachel,10160,neutral,You're right.;
"Rachel,10160,neutral,""All right, I'm just gonna go on the date.""";
Rachel,10160,neutral,I'm gonna go on the date.;
Rachel,10160,neutral,That is the new plan.;
Phoebe,10161,neutral,Hi.;
Duncan,10161,surprise,Phoebe!;
Phoebe,10161,joy,Ta-da.;
Duncan,10161,neutral,Hey.;
Phoebe,10161,neutral,Hi.;
"Duncan,10161,joy,""Ahh, look at you, you look great.""";
"Phoebe,10161,neutral,""Do I? Thank you, so do you.""";
Duncan,10161,neutral,Thanks.;
Phoebe,10161,neutral,Sparkly.;
"Phoebe,10161,joy,""So, wow, this is pretty wonerful, huh.""";
Phoebe,10161,neutral,Mr. major capades guy.;
"Phoebe,10161,neutral,""I, I remember when you were just, like, King Friday in Mr. Roger's Ice is Nice.""";
Duncan,10161,joy,You always said I'd make it.;
"Phoebe,10161,neutral,""Yeah, well, ya know, I'm kind of spooky that way. Wooo.""";
Duncan,10161,neutral,I missed you.  I'm gonna get changed.;
Phoebe,10161,neutral,OK.;
"Duncan,10161,neutral,""Um, now. Phoebs.""";
"Phoebe,10161,neutral,""Oh, right, OK. Ole.""";
Duncan,10161,neutral,What?;
"Phoebe,10161,joy,""Um, the matador.  Ole, ha ha ha.""";
"Jane,10162,joy,""Hi Joey it's Jane Rogers, can't wait    for your party tonight.""";
"Jane,10162,neutral,""Listen, I forgot your address, can you give me a call?""";
"Jane,10162,neutral,""Thanks, bye.""";
Joey,10162,joy,Hey!;
Rachel,10162,joy,Hey!;
Joey,10162,joy,What's happening?;
"Rachel,10162,sadness,""Yeah, it's a real shame you can't make it to that one-woman    show tonight.""";
"Joey,10162,neutral,""Oh, I'd love to, but I gotta get up so early the next day and    so, you know me, work comes first""";
"Rachel,10162,neutral,""Oh, yeah, yeah, yeah...""";
"Message,10162,joy,""""""Hi Joey, it's Jane Rogers can't wait for your party tonight""""""";
Joey,10162,anger,Stupid Jane Rogers!!;
Rachel,10162,surprise,You are having a party tonight??;
Joey,10162,neutral,Kinda have a... a thing for the Days Of Our Life's people.;
Rachel,10162,anger,And you weren't going to tell us? How did you think you were    gonna get away with that?;
Joey,10162,neutral,I do it every year.;
Rachel,10162,surprise,You do that every year??;
Joey,10162,anger,I didn't have to tell you that!! I'm stupider than Jane Rogers!!;
"Rachel,10162,anger,""Oh, that's why you got these tickets to that play, to get rid    of us??""";
Joey,10162,neutral,Yeah...;
Rachel,10162,anger,And last year is that why you sent us to that medieval times    restaurant?;
Joey,10162,neutral,Yeah...;
"Rachel,10162,anger,""OH! And the year before that, when you set up that nighttime    tour of that button factory?""";
Rachel,10163,surprise,Who's this from?;
"Chandler,10163,neutral,""Oh, that's Ross's.""";
Rachel,10163,surprise,Oh...  Oh my God. He remembered.;
Phoebe,10163,neutral,Remembered what?;
Rachel,10163,surprise,It was like months ago.;
"Rachel,10163,sadness,""We were walking by this antique store, and I saw this pin in the window, and I told him that it was just like one my grandmother had when I was a little girl.""";
Rachel,10163,surprise,Oh!;
Rachel,10163,surprise,I can't believe he remembered!;
"Phoebe,10163,surprise,""Oh, it's so pretty. This must have cost him a fortune.""";
Monica,10163,surprise,I can't believe he did this.;
"Chandler,10163,neutral,""Come on, Ross? Remember back in college, when he fell in love with Carol and bought her that ridiculously expensive crystal duck?""";
Rachel,10163,surprise,What did you just say?;
Chandler,10163,fear,F-hah.... flennin....;
Rachel,10163,surprise,Oh.... my God.;
Gary,10164,joy,I really like waking up with you.;
"Phoebe,10164,joy,""I like waking up with you too.  Oh! It's such a beautiful morning.  Oh, I can stay here all day.""";
Gary,10164,joy,That would be great!;
Phoebe,10164,joy,We could have breakfast in bed;
"Gary,10164,neutral,""Wait, just a second.""";
Phoebe,10164,surprise,Okay.  Oh! Oh no.;
"Rachel,10165,sadness,""Well that was depressing, I think I just bought a soft pretzel from one of the kids from""";
Phoebe,10165,surprise,Um-hmm. Oh wait! This is Bonnie.;
Bonnie,10165,joy,Hi!;
Rachel,10165,surprise,This is Bonnie?  This is Bonnie?  You’re Bonnie?;
Bonnie,10165,neutral,I can show you an ID if you want?;
"Rachel,10165,surprise,""Oh no, I’m sorry, you look a lot different from the last time I-I saw you.""";
"Bonnie,10165,neutral,""Oh yeah, well I just started wearing bras again.""";
"Rachel,10165,neutral,""Oh, that must be it.""";
Phoebe,10165,neutral,Well I hope you have fun tonight.;
Bonnie,10165,joy,Thanks! You too.;
Rachel,10166,neutral,I believe it.;
"Rachel,10166,neutral,""Yes, I do.""";
"Ross,10166,anger,""No you do—y'know what, you’re not gonna suck me into this.""";
"Rachel,10166,anger,""Oh sure I am, because you always have to be right.""";
"Ross,10166,anger,""I do not always have to be—okay, okay.""";
Rachel,10166,neutral,Jurassic Park;
"Monica,10167,fear,""I'm telling you, something's wrong! My brother does not stay out all night.""";
Joey,10167,neutral,Maybe we should check the trash chute.;
Rachel,10167,neutral,Ross couldn't fit down the trash chute.;
"Joey,10167,neutral,""That's right, he almost could. Which is exactly how I got stuck there.""";
Phoebe,10167,neutral,Hey!;
Rachel,10167,joy,There he is!;
Monica,10167,anger,Oh my God!  Where the hell have you been?!!;
"Ross,10167,neutral,""Just, y'know out.""";
"Rachel,10167,anger,""Ohh, out, oh God, I don't know why we didn't think to check there!""";
Phoebe,10167,neutral,What were you doing?;
"Ross,10167,neutral,""I uh, went to a bar. And then I just uh, just walked around for a while.""";
Joey,10167,surprise,He hooked up! He hooked up with someone.;
"Ross,10167,anger,""Look, I don't have to answer your questions! Okay? I'm a big boy, I can do whatever I want!""";
Joey,10167,joy,He hooked up!! Tell us about her!;
Janice,10167,neutral,Ross you left you scarf in… Hey you guys.;
"Chandler,10168,neutral,""Oh yeah, that looks good.""";
Phoebe,10168,neutral,You guys make a;
"Joey,10168,joy,""Yeah, we look great together.""";
Chandler,10168,neutral,Okay.;
Monica,10168,joy,Wow! Imagine what our kids would look like!;
"Joey,10168,neutral,""Y’know, we don’t have to imagine.""";
Chandler,10168,joy,I’m marrying her.;
Joey,10168,neutral,We’ll just see.;
Joey,10169,anger,Hey! Hey! Be careful around my Porsche!;
Woman,10169,neutral,Hi Joey.;
Joey,10169,neutral,Hey! How you doin’?;
Woman,10169,joy,He has the most amazing Porsche under there!;
"Joey,10169,neutral,""I’d love to show ya, but I just tucked her in.""";
Joey,10169,neutral,She’s sleeping.;
"Joey,10169,neutral,""Hey uh, would you two girls like to go for a drink?""";
"Ross,10170,sadness,""Well, the old lady died.""";
Ross,10170,neutral,And how do I know?;
Ross,10170,neutral,Her dying wish was for one last kiss.;
"Ross,10170,joy,""But I don’t care,  because you got the apartment.""";
Ross,10170,joy,Yes!;
Rachel,10170,disgust,Ewww. Yeah. Umm. I think I’m gonna stay here.;
Joey,10170,joy,Isn’t that great?;
Ross,10170,disgust,Ezels!!;
"Phoebe,10171,neutral,""Smelly cat, smelly cat, what are they feeding you? Smelly cat, smelly cat, it’s not your fault.""";
"Leslie,10171,joy,""Wow, that’s great.""";
"Phoebe,10171,joy,""Oh, yeah!""";
"Leslie,10171,neutral,""Y'know you could totally sell this. It’d be perfect for like umm, a kitty litter campaign.""";
"Phoebe,10171,neutral,""I..., a jingle? No, no-no-no, no.""";
Leslie,10171,surprise,What? Why not? You could make a ton of money.;
"Phoebe,10171,neutral,""Okay, well if I was in this for the money, I’d be a millionaire by now, y'know.""";
Phoebe,10171,neutral,You just got to get out of that jingle head sweetie.;
"Leslie,10172,neutral,""Aw, you’re right, you’re right. I’m sorry.""";
"Phoebe,10172,joy,""That’s okay. All right, I’m gonna play song that’s really, really sad. It’s called Magician Box Mix Up.""";
"Rachel,10173,neutral,""Okay sir, um-mm, let see if I got this right.""";
"Rachel,10173,neutral,""Ah, so this is a half-caf, double tall, easy hazel nut, non-fat, no foam, with whip, extra hot latte, right?""";
"Rachel,10173,joy,""Okay, great.""";
Rachel,10173,disgust,You freak.;
Ross,10173,joy,Thank you.;
"Isabella,10173,neutral,""Um, coffee to go, please.""";
Ross,10173,neutral,Isabella Rosselini.;
Monica,10173,surprise,Are you serious?  Oh my God.;
Ross,10173,anger,Damn! I can’t believe I took her off my list.;
Monica,10173,neutral,Why? ‘Cause otherwise you’d go for it?;
"Ross,10173,neutral,""Yeah, maybe.""";
"Rachel,10173,disgust,""Oh-oh, you lie.""";
Ross,10173,neutral,What you don’t think I’d go up to her?;
"Rachel,10173,neutral,""Ross, it took you ten years to finally admit you liked me.""";
"Ross,10173,anger,""Yeah, well missy, you better be glad that list is laminated.""";
"Rachel,10173,neutral,""You know what honey, you go ahead, we’ll call her an alternate.""";
"Ross,10173,neutral,""Okay, hold my crawler.""";
Rachel,10173,neutral,Okay.;
"Monica,10173,surprise,""Rach, are you really gonna let him do this?""";
"Rachel,10173,joy,""Honey, he’s about to go hit on Isabella Rosselini. I’m just sorry we don’t got popcorn.""";
"Ross,10174,neutral,""Okay, that's, that's enough.""";
Ross,10174,neutral,Won't you dance around with me.;
Monica,10174,surprise,A-ha!!!;
"Joey,10175,joy,""Oh-oh-oh, yeah!  That's right, you take good care of those babies!""";
Joey's Hand Twin,10175,surprise,Excuse me?;
"Joey,10175,joy,""It's me, Joey!""";
Joey's Hand Twin,10175,surprise,Do I know you?;
Joey,10175,joy,Joey!;
"Joey's Hand Twin,10175,neutral,""Oh-ho, yeah. Yeah, the hand guy.""";
Joey,10175,neutral,Okay that’s fair.;
Ross,10175,neutral,All right.;
Phoebe,10176,neutral,Good!;
Rachel,10176,neutral,Pick one.;
Phoebe,10176,joy,Left!  Thank you.;
Rachel,10176,neutral,You’re welcome.;
Phoebe,10176,surprise,Ross!;
Rachel,10176,neutral,Joey!  We should just switch.;
Phoebe,10176,joy,Yeah absolutely!;
"Phoebe,10177,sadness,""Rachel, we’re sorry for pushing those guys on you.""";
Rachel,10177,joy,Oh that’s all right!;
"Rachel,10177,joy,""Y’know, I ended up having a really good time.""";
"Rachel,10177,joy,""Y’know, the charity was a big success and they raised a lot of money and awareness.""";
Chandler,10177,neutral,So what was it for anyway?;
Rachel,10177,neutral,I wanna say a disease.;
Joey,10177,surprise,Hey!;
All,10177,surprise,Hey!;
Joey,10177,neutral,I just got this really weird message from Ross. He said turn on;
"Phoebe,10177,surprise,""Oh my God, look! That’s Elizabeth!""";
Rachel,10177,neutral,Oh-oh Professor Geller.;
"Joey,10177,neutral,""Ahh, to be 13 again.""";
"Ross,10178,neutral,""Hey! So uh, was he excited about the tickets?""";
Joey,10178,anger,No! He blew us off!;
Ross,10178,surprise,What?!;
Joey,10178,surprise,I know!;
Ross,10178,anger,I can’t believe it.  Can I tell you something? I’m a little mad at him now.;
Joey,10178,anger,Can I tell you something? Me too.;
"Ross,10178,anger,""Y’know what? He didn’t want to talk to us about being angry, well maybe we don’t talk to him""";
Joey,10178,joy,Ooooh! Freeze him out.;
Ross,10178,joy,That’s right!;
Joey,10178,joy,I like it!;
Elizabeth,10179,neutral,Doorknob?;
"Ross,10179,neutral,""Yeah, it kinda grows on you.  Actually, I wanted to finish talking to you about uh, spring vacation.""";
Elizabeth,10179,joy,Oh good.;
"Ross,10179,fear,""Look, I…  Look, I’m having a great time with you and I just don’t want us to move to fast or put to much pressure on us.""";
"Ross,10179,sadness,""So, I’m sorry I just don’t think we should go away together yet.""";
Ross,10179,fear,It’s-it’s too soon.;
"Elizabeth,10179,surprise,""Ross, I think you misunderstood what I was saying. I just wanted to tell you that I’m going to Florida for a couple weeks.""";
Ross,10179,surprise,No. I think you misunderstood what;
Elizabeth,10179,joy,You are so adorable.;
Ross,10179,joy,That! Let’s talk about that.;
Chandler,10180,joy,Hey!;
Phoebe,10180,neutral,How do you feel?;
"Chandler,10180,neutral,""Well, let’s just say that Krog will be fully equipped to destroy the universe again in twelve to fourteen hours.""";
"Phoebe,10180,neutral,""Okay, so I""";
Chandler,10180,neutral,And protected them from a tornado?;
Monica,10180,surprise,Oh my God.;
"Phoebe,10180,neutral,""I know, the babies are asleep.""";
"Monica,10180,surprise,""Phoebe, what, what happened here?!""";
Phoebe,10180,joy,I did it! I took care of the babies all by myself!;
Monica,10180,surprise,But my apartment!;
Chandler,10180,neutral,Is not as important as the fact that Phoebe took care of the babies all by herself.;
"Monica,10180,neutral,""You’re right, you’re right I shouldn’t freak out.""";
Monica,10180,neutral,‘Cause this is what will happen when you and I have babies!;
Monica,10180,neutral,When will that be?;
"Chandler,10180,anger,""Phoebe, would you take a look at this mess!!!!""";
Joey,10181,joy,Hey Ross! The baby’s kicking!;
Ross,10181,surprise,What?! It is?!;
Rachel,10181,joy,It’s not kicking right now. Although we would love to see you do  that again.;
"Ross,10181,joy,""Hey, when-when was it kicking? What happened?""";
Rachel,10181,joy,Last night! I just felt it and I went into Joey’s room and he was sleeping;
Joey,10181,neutral,A dreamless sleep.;
"Rachel,10182,joy,""So c'mon, you guys, tell me all the dirt!""";
"Kiki,10182,neutral,""Well, the biggest news is still you dumping Barry at the altar!""";
Joanne,10182,neutral,Alright. Let's talk reality for a second.;
Rachel,10182,neutral,Okay.;
Joanne,10182,neutral,When are you coming home?;
"Rachel,10182,surprise,""What? Guys, I'm not.""";
"Joanne,10182,neutral,""C'mon, this is us.""";
Rachel,10182,neutral,I'm not! This is what I'm doing now. I've got this job-;
Kiki,10182,surprise,Waitressing?;
"Rachel,10182,neutral,""Okay, I'm not just waitressing.""";
Rachel,10182,neutral,I'm..;
"Rachel,10182,neutral,""I, um...""";
"Rachel,10182,neutral,""I write the specials on the specials board, and, uh... and I, uh...""";
"Rachel,10182,sadness,""I take the uh dead flowers out of the vase... Oh, and, um, sometimes Artelle lets me put the little chocolate blobbies on the cookies.""";
"Fireman No. 3,10183,neutral,""We get off around midnight, why don't we pick you up then?""";
"Rachel,10183,neutral,""So, um, will you bring the truck?""";
Fireman No. 3,10183,neutral,I'll even let you ring the bell.;
"Rachel,10183,surprise,""Oh, my god.""";
"Phoebe,10183,joy,""See, there you go, the cleansing works!""";
Monica,10183,neutral,They're nice guys.;
"Rachel,10183,joy,""Oh, they're firemen guys.""";
Susan,10184,neutral,Your son.;
"Ross,10184,anger,""No-no-no. I don't have a son named Jordie. We all agreed, my son's name is Jamie.""";
"Carol,10184,neutral,""Well, Jamie was the name of Susan's first girlfriend, so we went back to Jordie.""";
"Ross,10184,surprise,""What? Whoa, whoa whoa whoa, what do you mean,""";
"Carol,10184,anger,""Ow, ow, ow, ow, leg cramp, leg cramp, leg cramp.""";
Ross,10184,neutral,I got it.;
Susan,10184,neutral,I got it.;
"Ross,10184,anger,""I got it! Hey, you get to sleep with her, I get the cramps.""";
"Susan,10184,neutral,""No, you don't.""";
"Carol,10184,anger,""All right, that's it. I want both of you out.""";
Ross,10184,surprise,Why?;
Susan,10184,anger,He started it!;
"Ross,10184,anger,""No, you started it.""";
"Carol,10184,anger,""I don't care. I am trying to get a person out of my body here, and you're not making it any easier.""";
Carol,10184,anger,Now go!;
Ross,10184,anger,Thanks a lot.;
Susan,10184,anger,See what you did.;
"Ross,10184,neutral,""Yeah, listen...""";
Carol,10184,anger,Out;
"Monica,10185,joy,""Oh, and I can also speak a little French. Voulez-vous coucher avec moi ce soir?  Why? What did I say?""";
"Mischa,10185,neutral,""Well, you just asked if I wanted to go to bed with you tonight.""";
Monica,10185,surprise,Oh my God! No wonder I get such great service at Cafe Maurice.;
"Phoebe,10185,neutral,""Knock, knock, knock, knock, hi.""";
"Phoebe,10185,neutral,""Um, could you please tell Sergei that um, I was fascinated by what Boutros Boutros Gali said in the New York Times.""";
Phoebe,10185,neutral,You didn’t say Boutros Boutros Gali.;
Mischa,10185,neutral,Boutros Boutros Gali.;
Mischa,10185,neutral,He says he was too.;
Phoebe,10185,neutral,Interesting.;
Mischa,10185,neutral,So I was wondering....;
"Phoebe,10185,joy,""Okay, ah, before you get all talky again, umm, could you also please tell Sergei that I really like his suit.""";
"Mischa,10185,joy,""Eh, he said, thank you very much, he thinks you look very pretty tonight, your hair, golden like the sun.""";
Mischa,10185,neutral,So you're a chef?;
Monica,10185,joy,I’m also thinking about opening up my own restaurant.;
"Mischa,10185,surprise,""Oh, really.""";
"Phoebe,10185,neutral,""Monica, can I talk to you behind my menu, please.  What are you doing?""";
"Monica,10185,neutral,""Well, I was having a conversation.""";
"Phoebe,10185,anger,""Yeah but, Mischa is so interested in you, that Sergei and I haven’t been able to say two words to each other.""";
Monica,10185,anger,What do you want me to do? Just sit here silently while you three have a conversation?;
Phoebe,10185,neutral,That would be great. Thank you.;
Danny,10186,disgust,so we finally get to the top of the mountain and airhead here  forgets the camera!;
"Joey,10186,neutral,""Oh, y'know the same thing happened to me one time.""";
Chandler,10186,surprise,When did that happen to you?!;
Joey,10186,neutral,Don't you remember when we were jogging in the park and we saw that really pretty bird and wanted to take a picture—I didn't have my camera!;
"Chandler,10186,disgust,""Oh yeah. First off all, chasing the Churo guy isn't jogging.""";
"Krista,10186,joy,""Oh, this is so good  you have got to try it.""";
"Danny,10186,anger,""Oh, damn! I got it on my pants.""";
"Krista,10186,neutral,""Here, I'll get it.""";
Krista,10186,neutral,We'd better take these pants off upstairs or that stain's gonna set.;
Danny,10186,joy,Yep.  I'm gonna wear these on our date tonight.;
"Rachel,10186,surprise,""Oh, great!""";
"Chandler,10186,joy,""Okay, bye!  Oh my God!!""";
Monica,10186,surprise,That was unbelievable!;
"Joey,10186,sadness,""Yeah, wow, sorry Rach.""";
Chandler,10186,surprise,I don't believe they're brother and sister.;
Joey,10186,surprise,They're brother and sister!!!;
The Director,10187,neutral,Action!;
Richard,10188,anger,I found the picture!;
Joey,10188,surprise,What picture?!;
Richard,10188,anger,The picture of my wife! In your pack!;
Joey,10188,anger,You went through my personal property?;
Richard,10188,anger,Why do have a picture of Paulette in your pack?!;
"Joey,10188,anger,""Because Vincent, we were lovers.  For two years!""";
The Director,10188,joy,Cut! Wonderful!;
Joey,10188,joy,Great scene yeah?;
"Richard,10188,joy,""Oh you’re awesome! And, in that last speech? You soaked me.""";
The Assistant Director,10188,neutral,Here’s your call sheet for tomorrow.;
Phoebe,10188,neutral,I know.;
"Mrs. Geller,10189,joy,""So Chandler, your parents must’ve been thrilled when you told them you were engaged.""";
"Chandler,10189,neutral,""Oh yeah, I should probably call them.""";
Mr. Geller,10189,joy,I remember when we first got engaged.;
"Chandler,10189,neutral,""Oh, I don’t think I ever heard that story.""";
"Mr. Geller,10189,joy,""Well, I’d gotten Judy pregnant. I still don’t know how that happened.""";
Mrs. Geller,10189,disgust,You don’t know how that happened?! Your dog thought my diaphragm was a chew toy!;
Chandler,10189,neutral,What a sweet story.;
"Monica,10189,disgust,""Well, at least you’re not hearing it for the first time at your fifth grade Halloween party.""";
Mr. Geller,10189,surprise,What?! They wanted a scary story!;
"Monica,10189,joy,""Anyway, we’re really excited about our wedding plans, and well I guess pretty soon we’ll be making a big withdrawal from the Monica wedding fund.""";
Monica,10189,surprise,What?;
"Mrs. Geller,10189,fear,""You tell her Jack, I can’t do it.""";
Monica,10189,surprise,What happened? You still have the Monica wedding fund don’t you?;
"Mr. Geller,10189,neutral,""We have it. Only now, we call it the beach house.""";
"Phoebe,10190,neutral,""After applying the Waxine and linen strips to leg number one,""";
Monica,10190,joy,Did that!;
Phoebe,10190,neutral,Grasp one of the linen strips by its ‘easy grab tab’ and pull it off in one quick pain free motion.;
Monica,10190,surprise,Okay.  Ow!!!!! Ow-oh-oh!;
Phoebe,10190,surprise,Was it not pain-free?;
"Monica,10190,disgust,""No. It was painful. Oh my God , they should call it Pain-zine, now with a little wax.""";
"Phoebe,10190,neutral,""Huh, well, the girls in the satin nighties on the commercial don’t seem to think it’s that bad.""";
Monica,10190,anger,That’s because their nerves are probably deadened from being so stupid.;
"Monica,10190,neutral,""But hey, y'know if you don’t believe me, please, by my guest.""";
Phoebe,10190,surprise,Ow-ow-ow-ow! Oh my God!!!;
"Ross,10191,neutral,""Now umm, remember I’m still learning.""";
"Ross,10191,neutral,""One, two, three, four!""";
Ross,10191,joy,You know the song! Sing along!;
Ross,10191,neutral,So?;
Chandler,10191,sadness,No!;
Phoebe,10192,surprise,Oh my God! That’s David!;
Monica,10192,neutral,David who?;
"Phoebe,10192,sadness,""David the scientist guy, David that I was in love with, David who went to Russia and broke my heart David!""";
David,10192,surprise,Oh my God!;
"Phoebe,10192,neutral,""Oh, you say someone’s name enough, they turn around.""";
David,10192,surprise,Phoebe?;
Phoebe,10192,surprise,David!  What-what are you doing here? Aren’t you supposed to be in Russia?;
"David,10192,neutral,""Yeah, I’m just, I’m just in town for a conference. Umm,""";
Phoebe,10192,joy,Well… Yeah. You look great too. Did you get a haircut?;
David,10192,neutral,Yeah. Well I-I got like thirty of them.;
Phoebe,10192,neutral,Yeah.;
Ross,10193,joy,Yes! Santa's coming!;
"Ross,10194,sadness,""Hey, uh, I’m really, really sorry about what happened in the cafeteria today.""";
"Joey,10194,neutral,""It’s no big deal. Hey, y’know, you do what you gotta do. Right?""";
"Ross,10194,neutral,""But hey, it’s not just me, I mean the scientists and the tour guides""";
Joey,10195,neutral,Whatever.;
"Ross,10196,neutral,""Okay, Mon, back me up here.""";
"Ross,10196,neutral,""Where you work the uh, waiters eat with the waiters, right?""";
"Ross,10196,neutral,""And the chefs eat with the other chefs, right?""";
Monica,10196,sadness,I eat by myself in the alley because everybody hates me.;
"Joey,10196,neutral,""Look, Ross, really it’s-it’s no big deal.""";
"Joey,10196,sadness,""Y’know you wear a white coat, I wear a blue blazer, if that means we can’t be friends at work, then so be it.""";
"Joey,10196,neutral,""Y’know, hey I understand.""";
Joey,10196,neutral,Y’know?;
"Joey,10196,neutral,""Hey, when I’m in a play and you’re in the audience, I don’t talk to you, right?""";
"Joey,10196,neutral,""So it’s y’know, it’s uh, it’s cool.""";
Joey,10196,neutral,I’ll see you tomorrow.;
"Rachel,10196,neutral,""Yeah, when we’re in the audience he doesn’t talk to us, but he does wave.""";
Chandler,10197,joy,You did look like an idiot.;
"Joey,10197,neutral,""Hey, I wasn't the only one who looked like an idiot.""";
Joey,10197,neutral,All right?;
"Joey,10197,joy,""Remember when Ross tried to say, """"Butternut squash?""""""";
"Joey,10197,joy,""And it came out, """"Squatternut buash?""""""";
Ross,10197,neutral,Yeah that's the same.;
Monica,10197,sadness,That's it. That's my worse Thanksgiving.;
Phoebe,10197,neutral,Oh wait! That can't be the one Rachel's talking about. She didn't even know that happened. So which one was it?;
"Monica,10197,sadness,""Umm, I-I really don't want to tell this story.""";
"Chandler,10197,neutral,""Oh, come on Monica, reliving past pain and getting depressed is what Thanksgiving is all about.""";
"Chandler,10197,sadness,""Y'know, for me anyway.""";
"Chandler,10197,sadness,""And of course, the Indians.""";
"Monica,10197,anger,""Look umm, of all people, you do not want me to tell this story!""";
"Phoebe,10198,neutral,""Hi, guys.""";
Rachel,10198,joy,Hi! Phoebe.;
Monica,10198,neutral,Hi Phoebe.;
"Phoebe,10198,sadness,""I-I wanted to apologise if I—y’know seemed a tad edgy yesterday at my shower. Y’know it’s just the hormones, y’know.""";
Rachel,10198,neutral,No we;
Monica,10198,neutral,Hormones.;
"Rachel,10198,neutral,""hormones, yeah.""";
Rachel,10199,neutral,Your parents’?;
"Joshua,10199,neutral,""Yeah, they’re out of town.""";
Rachel,10199,surprise,Ohh.;
"Joshua,10199,neutral,""Yeah-yeah, it’s this""";
Rachel,10199,neutral,Yeah that works.;
Joshua,10199,fear,They-they-they can smell fear.;
Doug,10200,joy,Bing! Ho! And the Bing-ette!;
"Chandler,10200,neutral,""Honey, you remember my boss Doug right?""";
"Monica,10200,neutral,""Yes, hi.""";
"Doug,10200,joy,""Hi. So good news, the divorce is final. I signed the papers this A.M.""";
"Chandler,10200,sadness,""I didn’t know you and Carol were getting divorced, I’m sorry.""";
"Doug,10200,joy,""Sorry? Finally chewed my leg out of that bear trap. Hey, congratulations to you guys though!""";
Monica,10200,neutral,No leg-chewing for us sir.;
"Doug,10200,neutral,""Oh well, give it time.""";
"Doug,10200,joy,""So the divorce, the marriage, we’ve got a lot to celebrate.""";
Doug,10200,neutral,How about we all go out to dinner tomorrow night?;
"Doug,10200,joy,""Tomorrow night it is then, I should be out of court by six.""";
Doug,10200,joy,They keep throwing these sexual harassment cases at me and I keep knocking them out of the park!;
"Monica,10200,joy,""Okay, I’ll see you tomorrow!""";
"Monica,10200,neutral,""Just so you know, we’re not seeing him tomorrow.""";
Monica,10200,disgust,I-I cannot spend another evening with that man.;
Monica,10200,disgust,Do you remember how he behaved at our wedding?;
Chandler,10200,neutral,No.;
Monica,10200,disgust,That’s because he wasn’t invited because of the way he behaved at our engagement party.;
"Chandler,10200,disgust,""Oh yeah. Boy, urine cuts""";
"Emeril,10201,neutral,""Now maybe you just like wanna but the whole duck in there! Who cares, y'know? Now I got the legs""";
"Chandler,10201,neutral,""How many times have I told you guys, you""";
Monica,10201,neutral,Hi Chandler.;
Chandler,10201,neutral,Hey!;
"Monica,10201,neutral,""Uh, listen, I need that broiling pan that Joey borrowed the other day.""";
"Chandler,10201,sadness,""Oh that was yours? Uh, yeah, we used it when the duck was throwing up caterpillars.""";
Monica,10201,neutral,William Sonoma;
Chandler,10201,neutral,Expect it in 4-6 weeks.;
"Chandler,10201,neutral,""Umm, hey, umm, Joey's gonna be at the telethon for the rest of the day, we have the whole place to ourselves.""";
"Monica,10201,neutral,""Yeah, so?""";
"Chandler,10201,neutral,""Well I just, thought maybe you'd wanna book some time with the best you'd ever had.""";
"Monica,10201,neutral,""Y'know what, champ? I think I'll pass.""";
Chandler,10201,surprise,Why?;
Monica,10201,neutral,Why?;
Chandler,10201,neutral,What's your point?;
"Joey,10202,neutral,""So uh, what’s your name?""";
Man,10202,neutral,It's Jake.;
"Joey,10202,neutral,""Joey.  Hey Jake, do you like the Knicks?""";
"Jake,10202,neutral,""Yeah, big fan.""";
"Joey,10202,joy,""Me too! There’s a game on Tuesday, do you wanna go?""";
Jake,10202,joy,Yeah that would be great! Let me make sure I’m not doing anything Tuesday.;
Carol,10203,disgust,Ugh.  Ross!;
Ross,10203,neutral,Hi! Sorry I’m late. Were you sleeping?;
"Carol,10203,joy,""Ahh, nooo!!""";
"Ross,10203,joy,""Oh, great!""";
"Ross,10203,neutral,""Listen, oh I had to get you a whole new battery.""";
"Ross,10203,neutral,""I got you the best one I could, ‘cause that’s not where you want to skimp.""";
"Carol,10203,joy,""You’re a genius, Ross.""";
"Ross,10203,neutral,""Yeah, well it came to about $112, but what the hell, just call it an even 110?""";
"Carol,10203,neutral,""Okay, I’ll pay you tomorrow.""";
"Ross,10203,sadness,""So they ah, they all took off, it was pretty hard watching them go, y'know?""";
"Carol,10203,neutral,""Yeah, okay, bye.""";
Ross,10203,neutral,So I’m gonna take off then!;
"Rachel,10204,surprise,""Hey! Oh right, tonight was your party.""";
"Danny,10204,joy,""Oh wow, you look great! Glad you could make it.""";
"Rachel,10204,neutral,""Oh well, y'know, the gala had to end sometime.""";
"Danny,10204,neutral,""Don't go anywhere, I'll be right back.""";
"Rachel,10204,neutral,""Yeah, sure.  All right, whose court is the ball in now?""";
Monica,10204,neutral,I thought there wasn't a ball?;
"Rachel,10204,neutral,""Oh, come on! He's glad that I came, he doesn't want me to go anywhere, balls flying all over the place!""";
"Danny,10204,neutral,""Rachel, this is my friend Tom.""";
"Rachel,10204,surprise,""Oh, go on! You telling people about me?""";
Danny,10204,joy,You two could really hit it off! I'm gonna go mingle.;
Tom,10204,neutral,So you work at;
"Rachel,10204,neutral,""Yeah, okay, at ease solider!""";
Tom,10204,surprise,I'm sorry?;
"Rachel,10204,neutral,""No, it's all right, you can just drop the act Tommy.""";
"Tom,10204,sadness,""I'm gonna go talk to uh, a friend.""";
"Rachel,10204,disgust,""Yeah, yeah, you go talk to your friend. You tell him, """"Nice try.""""""";
Rachel,10204,joy,Man! He just keeps lobbing them up and I just keep knocking them right out of the park!;
Monica,10204,neutral,I think I need a drink.;
Rachel,10204,joy,Yeah!;
"Joey,10205,neutral,""Hey, Pheebs?""";
"Phoebe,10206,anger,""No, I can't talk to you! I don't have a fancy ad in the Yellow Pages!""";
"Joey,10206,sadness,""Look, Pheebs, I just, I wanna apologize for, for saying that your method was stupid and-and maybe ask you to be my teacher again.""";
"Joey,10206,neutral,""And-and I promise, I won't touch a guitar until you say I'm ready.""";
Joey,10206,surprise,You really think I'm ready?;
Phoebe,10206,joy,Uh-huh!;
Joey,10206,joy,Wow! Cool!;
Joey,10206,neutral,Was the chord at least right;
Phoebe,10206,anger,No!;
"Jill,10207,neutral,""Well, this has been fun.""";
"Chandler,10207,joy,""Yes. Yes, thanks for letting me use your phone... and for saving my life.""";
"Jill,10207,neutral,""Well, goodbye Chandler. I had a great blackout.  See ya.""";
"Chandler,10207,neutral,""Hi, um, I'm account number 7143457.""";
"Chandler,10207,neutral,""And, uh, I don't know if you got any of that, but I would really like a copy of the tape.""";
Lecturer,10208,neutral,We’re beginning to see a lot of layering of sheer fabrics and colours. For instance a sheer navy blouse over a pink....;
Ross,10208,joy,I’m really glad we came.  You’re so pretty. I love you.;
"Ross,10209,neutral,""Okay, that’s a fire. Oh yeah. Oh yeah.""";
"Rachel,10209,neutral,""Excuse me, I’m sorry, I’m gonna have to call you back, I’ve got a Schemp in my office.""";
Rachel,10209,neutral,What are you doing?;
Ross,10209,neutral,I’m sorry.;
"Ross,10209,neutral,""But ah, hey, oh, somebody’s off the phone, how ‘bout a glass of wine by the fire, I could get it going again.""";
"Rachel,10209,neutral,""Ross you’re not listening to me, I don’t have time to stop.""";
"Ross,10209,neutral,""Come on Rach, you don’t have what, ten minutes?""";
Rachel,10209,anger,I don’t have ten minutes!!;
"Ross,10209,neutral,""What?  Sophie, does she have ten minutes?""";
"Rachel,10209,anger,""Hey, Ross!!! I told you I don’t!""";
"Ross,10209,sadness,""Don’t yell at me okay, this is the most I’ve seen you all week.""";
"Rachel,10209,neutral,""Look, I cannot do this right now, okay, I’ve got a deadline, would you just go home, I’ll talk to you later.""";
"Ross,10209,neutral,""Yeah, but wait...""";
Rachel,10209,neutral,Good bye!;
"Sophie,10209,neutral,""Actually, that’s our three hole punch.""";
Monica,10210,surprise,Oh yeah? When?;
Chandler,10210,neutral,I'll tell you what.;
"Chandler,10210,neutral,""When we're 40, if neither one of us are married, what do you say you and I get together and have one?""";
Monica,10210,surprise,Why won't I be married when I'm 40?;
"Chandler,10210,neutral,""Oh, no, no. I just meant hypothetically.""";
"Monica,10210,anger,""Ok, hypothetically, why won't I be married when I'm 40?""";
"Chandler,10210,neutral,""No, no, no.""";
Monica,10210,anger,What is it? Is there something fundamentally unmarriable about me?;
"Chandler,10210,neutral,""Uh, uh.""";
Monica,10210,surprise,Well?;
Chandler,10210,surprise,Dear God! This parachute is a knapsack!;
Rachel,10210,neutral,Hey.;
"Phoebe,10210,surprise,""Hey. Ooh, look at you, dressy-dress.""";
Monica,10210,surprise,Did you go home and change?;
"Rachel,10210,neutral,""Yeah, well, it's an important day. I wanna look nice. Um, has uh Dr. Franzblau been by?""";
"Monica,10210,neutral,""No, I haven't seen him.""";
"Rachel,10210,surprise,""Well, where is he? He is supposed to be here.  What if the baby needs him?""";
"Chandler,10210,neutral,""Rachel, what is the deal with you and doctors, anyway? Was, like, your father a doctor?""";
"Rachel,10210,neutral,""Yeah, why?""";
Chandler,10210,neutral,No reason.;
Ross,10211,joy,I'm the holiday armadillo! I'm a friend of Santa's and he sent me here to wish you  a Merry Christmas!;
"Monica,10211,surprise,""What happened to Santa, Holiday Armadillo?""";
"The Woman,10212,joy,""Yes! Yes! Please, just give it to me!""";
"Chandler,10212,neutral,""Yeah, that’s her.""";
The Woman,10212,neutral,Thank you.;
Monica,10212,surprise,It’s unbelievable! I-I can’t believe that sign didn’t work!;
Chandler,10212,neutral,Y’know what would work?;
Chandler,10212,anger,Stop making candy!;
Chandler,10212,neutral,You mean they like you.;
Monica,10212,neutral,Maybe.;
Chandler,10212,surprise,Is that why you became a chef? So that people would like you?;
"Monica,10212,anger,""Oh, you really want to talk about getting people to like you huh, funny man?""";
"Monica,10213,anger,""We were on the platform, ready to dance the world into the new Millennium, and the guy yelled ‘CUT!’""";
"Rachel,10213,surprise,""Uh, wait, so you guys are telling me you actually did the routine from eighth grade?""";
"Monica,10213,joy,""Yeah. But of course we had to update it a little bit.  Hey, by the way, great thinking about catching me!""";
Rachel,10213,joy,‘Cos I was gonna say there’s no way you could’ve done the end the way you guys did it back then!;
Monica,10213,surprise,What? We could do it!;
"Ross,10213,joy,""I don’t know, I mean you were a lot bigger, I mean, stronger back then.""";
"Monica,10213,neutral,""I can do it, okay? Come on, let’s go.""";
"Monica and Ross,10213,neutral,""1, 2, 3, 4, 5, 6, 7, 8""";
Monica,10213,sadness,I can’t do it!;
"Chandler,10213,neutral,""Now you do that, you’re on TV.""";
Joey,10214,joy,Hey!;
"The Vendor,10214,neutral,""So, what are you guys in the market for? We’ve got uh, scarves, tulip post cards...""";
Joey,10214,neutral,Check this out? Huh?  Yeah. That’s the stuff. What do you think?;
"Chandler,10214,neutral,""Well, I don’t have to buy that, """"I’m with stupid"""" T-shirt anymore.""";
"Joey,10214,neutral,""Well, I like it. Here you go.""";
"Chandler,10214,anger,""All right, look, you’re not really gonna buy that are you? Don’t you think you’ve embarrassed me enough for one day?""";
"Joey,10214,surprise,""Oh, I embarrass you?""";
Chandler,10214,neutral,How can I answer that when I’m pretending I don’t know you?;
Chandler,10214,neutral,Oh really? Then how come no one here is wearing them?;
The Vendor,10214,neutral,They’re all tourists.;
"Chandler,10214,disgust,""All right, look, if you insist on wearing that, in public, y’know, you’re gonna spend the rest of the afternoon all by yourself.""";
Joey,10214,neutral,Oh yeah?  If you’re gonna make me choose between you and the hat? I choose the hat.;
The Vendor,10214,anger,Good choice.;
Joey,10214,joy,Thanks.;
"Chandler,10214,anger,""Okay, wait. All right, that’s it, okay, I’m out of here. I am not going to be embarrassed anymore!""";
"Monica,10215,surprise,""So! I'm just an empty vase, huh?""";
Julio,10215,surprise,What?;
"Monica,10215,anger,""Y'know, so I don't read as many important books as you do, and I don't write trick poems that seem to be about one thing but are actually about something else.""";
"Monica,10215,neutral,""And y'know what, I get excited about stupid stuff, like when I my""";
"Julio,10215,surprise,""Whoa, whoa, whoa.""";
Monica,10215,anger,You don't even know me...;
"Julio,10215,surprise,""Whoa, whoa, whoa, the poem is not about you.""";
Monica,10215,surprise,What?;
"Julio,10215,sadness,""The Empty Vase is not about you. My baby, you make me so sad that you would think this.""";
"Monica,10215,sadness,""I'm sorry, my friend Phoebe...""";
"Julio,10215,neutral,""No, it's about all women. Well, all American women. You feel better now?""";
Monica,10215,neutral,Oh yeah.;
"Ross,10216,neutral,""Okay, forward. Forward—Stop!  Okay, back—Stop!  Okay, forward—Stop! Stop! Stop!""";
"Phoebe,10216,neutral,""Okay, here’s what we’re gonna do.""";
"Phoebe,10216,neutral,""Okay, I’m gonna break into this mini-van and put it in neutral.""";
Phoebe,10216,neutral,You guys push it forward so Ross can drive out of his spot.;
Phoebe,10216,neutral,Okay?;
"Phoebe,10216,neutral,""All right, here we go.""";
Phoebe,10216,neutral,Haul ass!!!;
"Ross,10217,neutral,""So it said that by the year 2030, there'll be computers that can carry out the same number of functions as an actual human brain.""";
Ross,10217,neutral,So theoretically we could download our thoughts and our memories into this computer...;
Janine,10217,joy,...and live forever as a machine!;
"Ross,10217,joy,""That's so Janine, you-you-you know what, do you know we're doing right now?""";
"Ross,10217,neutral,""You and I, we're interfacing.""";
"Janine,10217,fear,""Yeah, I gotta go.""";
Chandler,10217,joy,Ba dum bumb cheshhh!;
"Monica,10218,neutral,""David, can you help me?! I'm trying to explain to Chandler how a plane stays in the air.""";
"David,10218,neutral,""Oh, certainly. That's a combination of Bernoulli's principle and Newton's third law of motion.""";
Monica,10218,neutral,See?;
"Chandler,10218,fear,""Yeah, that's the same as """"it has something to do with wind"""".""";
"Monica,10218,neutral,""Alright, I'm gonna go pick up a few things for the trip.""";
"Phoebe,10218,neutral,""Oh, I should go, too.""";
"Phoebe,10218,neutral,""Oh, now... tomorrow do you guys wanna share a cab to the airport or should Mike and I just meet you there.""";
"Phoebe,10219,anger,""Oh... Mike's sister just invited me to a party tonight, he's gonna be there.""";
"Phoebe,10219,sadness,""And she was like """"Oh, don't worry!""";
Phoebe,10219,neutral,I asked him.;
"Phoebe,10219,anger,""He's totally ok with seeing you!"""".""";
Phoebe,10219,joy,So now I have to go so he'll think that I'm totally ok with seeing him!;
"Rachel,10219,anger,""Which you're not, because you've totally hung up on him!""";
Phoebe,10219,neutral,Exactly!;
Rachel,10219,neutral,And you're gonna want him to eat his heart out so you're gonna have to look fabulous!;
"Phoebe,10219,anger,""I didn't even think about that!  Aaargh,""";
"Rachel,10219,neutral,""Hey Pheebs, I'm-I'm taking Charlie shopping, why don't you come and I'll help you find something.""";
"Phoebe,10219,joy,""Ok, that'll be great!""";
"Joey,10219,disgust,""Oh, ain't that nice? The three of you trying on slutty lingerie together.""";
Rachel,10219,disgust,That's not what we're gonna do!;
"Joey,10219,disgust,""Why would you ruin it, who was that hurtin'?""";
"Chandler,10220,joy,""Julie hi! Chandler Bing, I, I guess you remember me.""";
Julie,10220,neutral,Hello Skidmark.;
"Chandler,10220,neutral,""It’s a nickname, I’ll explain later.""";
Monica,10220,neutral,It’s pretty clear.;
"Chandler,10220,neutral,""Ah, uh, I owe you a long overdue apology. I never should have broken up with you because you were overweight.""";
Julie,10220,surprise,That’s why you broke up with me?;
"Chandler,10220,sadness,""You-you-you didn’t know that.  Well, I guess my work here is done!""";
Ross,10221,joy,Ni-chou chi-ma!;
"Rachel,10221,surprise,""Ross! Excuse me, pardon me, excuse me....""";
Ross,10222,neutral,Hi everyone.;
"Ross,10222,neutral,""I just, I wanted to thank you for our uh, our little talk before.""";
"Ross,10222,neutral,""Well, I was going to, but after I talked to you, I talked to Joey.""";
"Rachel,10222,fear,""What did, what did he say?""";
"Ross,10222,neutral,""Basically he told me to get over myself and just do it, ya know.""";
"Ross,10222,neutral,""So I though about what you said and I though about what he said and, well, his way I get to have sex tonight so.""";
"Phoebe,10223,joy,""Oh, great!""";
"Phoebe,10223,joy,""We couldn’t keep our eyes off each other all night and then every once and a while y’know, he’d kinda lean over and stroke my hair and touch my neck.""";
"Monica,10223,joy,""Okay, stop it Phoebe, you’re getting me all tingly.""";
"Phoebe,10223,joy,""All I could think of was y’know, """"Is he gonna kiss me? Is he gonna kiss me?""""""";
Monica,10223,neutral,And did he?;
"Phoebe,10223,joy,""I’m a lady Monica, I don’t kiss and tell. But this hickey speaks for itself.""";
"Monica,10223,neutral,""Okay-okay, I got it. I got it.""";
Phoebe,10223,joy,I just like him so much that I just feel like I’ve had 10 drinks today and I’ve only had six.;
"Monica,10223,joy,""Oh, I haven’t had that feeling since I first started going out with Chandler.""";
"Monica,10223,sadness,""Wow, I’m never gonna have that feeling again, am I?""";
Phoebe,10223,disgust,You sound like a guy.;
"Monica,10223,disgust,""No, a guy would be saying, """"I’m never gonna get to sleep with anyone else.""""""";
Monica,10223,surprise,Oh my God!;
Monica,10223,sadness,I’m never gonna get to sleep with anyone else!;
Monica,10223,surprise,I’ve been so busy planning the wedding that I forgot about all the things that I’d be giving up!;
"Monica,10223,sadness,""I mean, I…I’m never gonna have a first kiss again.""";
Phoebe,10223,neutral,You’ll have a last kiss.;
Ross,10224,joy,Thank you so much for coming back over.;
"Mona,10224,sadness,""Oh good, you’re here. Yeah, and I was worried that it was going to be uncomfortable.""";
"Rachel,10224,neutral,""I know Mona, just hear me out.""";
"Rachel,10224,neutral,""First of all, I’m so sorry about my father yelling at you, but I heard you totally held your own.""";
Rachel,10224,neutral,You’re gonna have to tell me how you did that.;
Ross,10224,neutral,Focus.;
"Rachel,10224,neutral,""Okay. Um…But—Okay, yes Ross and I used to date. And yes we are gonna have a baby. But we are""";
Joey,10225,neutral,All right where’s that turkey!;
Phoebe,10225,surprise,Joey! Those are my maternity pants!;
Joey,10225,joy,Not now! These are my Thanksgiving pants!;
Phoebe,10226,neutral,No.;
Phoebe,10226,anger,No!;
"Phoebe,10226,joy,""Oh, would you look at that Monica?""";
"Phoebe,10226,joy,""I just knocked off all of your top scores, how sad.""";
"Monica,10226,anger,""Okay, I’m next.  Don’t! Don’t start another game! I said I’m next! Phoebe!""";
"Phoebe,10226,joy,""Oh, I’m sorry. I didn’t hear you over all the winning.""";
Monica,10226,anger,Chandler! Phoebe’s hogging the game!;
Rachel,10227,neutral,Remember I had to leave the room the other day when you had that roast chicken?;
Joey,10227,neutral,Yeah. But I thought that was because I put the whole thing on my hand and made it walk across the table.;
"Monica,10227,neutral,""Anyway, it just doesn’t seem worth it to make a whole turkey for just three people. Okay? It’s a lot of work.""";
Joey,10227,joy,But you gotta have turkey on Thanksgiving!;
"Joey,10227,sadness,""I mean, Thanksgiving with no turkey is like-like Fourth of July with no apple pie!""";
Joey,10227,sadness,Or Friday with no two pizzas!;
Monica,10227,sadness,All right fine! If it means that much to you! But just—there’s gonna be a ton left over.;
Joey,10227,joy,No there won’t! I promise I will finish that turkey!;
"Monica,10227,neutral,""All right, you’re telling me you can eat an entire turkey in just one sitting?""";
Joey,10227,joy,That’s right!;
Joey,10227,joy,‘Cause I’m a Tribbiani!;
Joey,10227,neutral,And this is what we do!;
Joey,10227,joy,We can eat!;
"Phoebe,10228,surprise,""Wow! It's huge! It's so much bigger than the cubicle. Oh, this is a cube.""";
Chandler,10228,joy,Look at this!;
Phoebe,10228,surprise,Oh! You have a window!;
Chandler,10228,joy,Yes indeedy!  With a beautiful view of...;
Phoebe,10228,surprise,Oh look! That guy's peeing!;
Monica,10228,neutral,Hi.;
Rachel,10228,neutral,Hi.;
"Rachel,10229,anger,""Y'know what? I cannot do this with my left hand! Would you please, help me with this too?""";
Rachel,10229,neutral,Okay. Let’s use this brush.;
Ross,10229,neutral,Okay. This stuff?;
Rachel,10229,neutral,Yeah.;
Ross,10229,neutral,All right.;
"Rachel,10229,neutral,""Careful. Light. Okay, do you know how, just sweep it across the lid. Okay? Just sweep it.""";
Joey,10229,sadness,Okay-Dokey;
Ross,10230,neutral,Where exactly is your zoo?;
"Dr. Baldhara,10230,neutral,""Well, it's technically not a zoo per se, it's more of an interactive wildlife experience.""";
"Dr. Baldhara,10230,neutral,""Let me ask you some questions about, is it, uh, Marcel?""";
Ross,10230,neutral,Yes.;
"Dr. Baldhara,10230,neutral,""Does he, uh, fight with other animals?""";
"Ross,10230,neutral,""No-no, he's, he's very docile.""";
Dr. Baldhara,10230,neutral,Even if he were... cornered?;
"Ross,10230,neutral,""Well I, I don't know. Why?""";
"Dr. Baldhara,10230,neutral,""Uh, how is he at handling small objects?""";
"Ross,10230,neutral,""He can hold a banana, if that's whatcha mean...""";
"Dr. Baldhara,10230,neutral,""How about a hammer, or a small blade?""";
Dr. Baldhara,10230,neutral,Otherwise it's just cruel.;
"Joey,10230,joy,""He- he- he got in, he- he got in to San Diego.""";
"Joey,10230,neutral,""We, we come back from our walk and the- the phone was ringing...""";
Chandler,10230,neutral,...He's in.;
"Ross,10230,joy,""He's in! Oh, did you hear that, Marcel? San Diego. San Diego!""";
Dr. Baldhara,10230,disgust,You're making a big mistake here.;
"Dr. Baldhara,10230,neutral,""I mean, San Diego's all well and good, but if you give him to me, I'll start him off against a blind rabbit and give you twenty percent of the gains.""";
Chandler,10231,neutral,My specimen is in the    room and I just want to thank whoever knocked on the door while I was in there.;
Chandler,10231,joy,Really helped speed the process along!;
Chandler,10231,surprise,Janice!;
Chandler,10231,surprise,You're not... gone?;
Janice,10231,neutral,Sid is still in his room.;
Janice,10231,joy,I don't allow porn at home so    this is like a vacation for him.;
Janice,10231,surprise,So did you do it?;
Janice,10231,neutral,Did you make your deposit?;
Chandler,10231,joy,Yeah! yeah... The hard part is over!;
"Janice,10231,fear,""That's not the hard part honey! The hard part is what comes    next, I mean aren't you worried about the results?""";
Chandler,10231,joy,I haven't... I haven't even thought about the results yet...    I just assumed that everything was gonna be ok.;
"Janice,10231,neutral,""Oh! Well, you know what? It probably is.""";
"Monica,10232,fear,""Phoebe, where's your purse?""";
"Monica,10232,anger,""No, no! Give it to me!""";
Phoebe,10232,anger,You can't have it.;
Monica,10232,anger,Give it to me!;
Phoebe,10232,anger,No;
Monica,10232,anger,I'll go in there.;
Phoebe,10232,anger,Oh yeah.;
Monica,10232,neutral,Phoebe come here;
Monica,10232,joy,Haha!;
Phoebe,10232,anger,Damn you Monica Geller hyphen Bing!;
"Monica,10233,disgust,""What we did was wrong. Oh god, I just had sex with somebody that wasn't alive during the Bicentennial.""";
Young Ethan,10233,neutral,I just had sex.;
"Monica,10233,surprise,""Ethan, focus. How could you not tell me?""";
"Young Ethan,10233,neutral,""Well, you never told me how old you were.""";
"Monica,10233,disgust,""Well, that's different. My lie didn't make one of us a felon in 48 states. What were you thinking?""";
Young Ethan,10233,joy,I wasn't thinking. I was too busy fallin'...;
Monica,10233,fear,Don't say it.;
Young Ethan,10233,joy,...in love with you.;
Monica,10233,surprise,Really?;
Young Ethan,10233,sadness,Sorry.;
"Monica,10233,anger,""Well,fall out of it.""";
"Monica,10233,anger,""You know, you shouldn't even be here, it's a school night.""";
"Monica,10233,joy,""Oh god, oh god.""";
Monica,10233,disgust,I'm like those women that you see with shiny guys named Chad.;
Monica,10233,disgust,I'm Joan Collins.;
Young Ethan,10233,neutral,Who?;
"Rachel,10234,sadness,""That’s right, still no baby!  Come on people! Please make some room!""";
"Ross,10234,neutral,""Uh sweetie, maybe you’d be more comfortable here?""";
Rachel,10234,anger,You. Like you haven’t done enough.;
"Ross,10234,neutral,""Look, I-I know how miserable you are, I wish there was something I can do.""";
Ross,10234,neutral,I mean I wish I were a seahorse.;
"Ross,10234,neutral,""Because with seahorses it’s the male, they carry the babies.""";
"Ross,10234,anger,""And then also umm, I’d be far away in the sea.""";
Rachel,10234,joy,God.  I have never been so uncomfortable in my entire life!;
"Phoebe,10234,neutral,""Oh I know, I’ve been there. I remember toward the end""";
"Rachel,10234,neutral,""Oh Phoebe, that’s a great story.""";
Rachel,10234,sadness,Can you tell it to me when you’re getting me some iced tea?;
"Rachel,10234,anger,""Oh God, get out!""";
Rachel,10234,anger,Get out!!;
Rachel,10234,anger,Get out!!;
Rachel,10234,anger,Get out!;
Chandler,10234,neutral,Let’s.;
"Joey,10235,joy,""All right, I know! I know. Yeah, it’ll be okay.""";
Rachel,10235,fear,Oh my God….What’s he gonna do now?;
Rachel,10235,fear,I can’t watch!;
Rachel,10235,neutral,Oh.;
"Rachel,10235,sadness,""Seriously, how can you watch this?""";
Rachel,10235,fear,Aren’t you scared?;
Joey,10235,fear,Terrified.;
Chandler,10236,joy,Oh-hey-hey-hey! There you are!;
"Monica,10236,neutral,""Umm, listen there's something I think you should know.""";
"Chandler,10236,surprise,""Oh, is this about you-you dating the nurse?""";
"Chandler,10236,neutral,""Yeah, Joey already told me, and I am so-so fine.""";
"Chandler,10236,neutral,""I mean, you and I we're just, y'know, we're nothing, we're goofin' around.""";
"Monica,10236,neutral,""Umm, actually I was about to tell you that I was, I was going to get out of it, but hey, if we're just goofing around then uh, maybe I""";
Chandler,10236,joy,Fine! Maybe I will too!;
"Dr. Leedbetter,10237,fear,""Well, it was quite large. I-I-I-I-I had to throw most of it away.""";
Ross,10237,fear,You-you-you-you  threw my sandwich away!;
Ross,10237,anger,MY SANDWICH?!!!;
Ross,10237,anger,MY SANDWICH!!!!!!;
"Joey,10238,neutral,""What’s the matter, Pheebs?""";
Phoebe,10238,anger,She cancelled! My namesake cancelled on me!;
Joey,10238,surprise,What?!;
"Phoebe,10238,sadness,""Yeah, she clamed she had to go out of town suddenly.""";
"Phoebe,10238,sadness,""She’s avoiding me, she doesn’t want to tell me where my Father is.""";
"Phoebe,10238,sadness,""She knows, and she won’t tell me.""";
"Rachel,10238,sadness,""Aww Pheebs, that sucks!""";
"Phoebe,10238,sadness,""Yeah, well, don’t “Aww Pheebs, that sucks!” me yet.""";
Chandler,10238,neutral,Where ya going?;
"Phoebe,10238,neutral,""Well, she’s out of town so, there’s gotta be something in her house that tells me where my Father is.""";
"Ross,10238,fear,""Uh, Pheebs, some people call that breaking and entering.""";
"Phoebe,10238,anger,""Well, are any of those people here?!""";
"Phoebe,10239,surprise,""Oh my God, so do I!""";
"Phoebe Sr.,10239,surprise,""I knew it, wow!!""";
"Phoebe,10239,neutral,""Wait-wait-wait, wait! Puppies. Cute or ugly?""";
"Phoebe Sr.,10239,joy,""Ohh, so cute.""";
"Phoebe,10239,anger,""Uh-huh, well! But umm, still I’m-I’m mad at you.""";
Phoebe Sr.,10239,anger,I know. I’m mad at me too.;
"Phoebe,10239,neutral,""Well umm, do you wanna get something to eat? I’m kinda hungry.""";
Phoebe Sr.,10239,surprise,Hey! Me too!;
"Phoebe,10239,sadness,""All right, stop it. Now you’re just doing it to freak me out.""";
"Phoebe,10240,neutral,""Ok, you can do this.""";
Phoebe,10240,neutral,It's just like pulling off a Band-aid.;
"Phoebe,10240,neutral,""Just do it really fast, and then the wound is exposed.""";
"Chandler,10240,sadness,""Janice. Hi, Janice. Ok, here we go. I don't think we should go out anymore. Janice.""";
"Janice,10240,anger,""All right. Well, there you go.  Stop it, stop it, stop it.""";
Phoebe,10241,surprise,Oh my God! That guy at the counter is totally checking you out!;
"Monica,10241,surprise,""Really?  My God, he’s really cute.""";
Phoebe,10241,neutral,Go for it.;
"Monica,10241,surprise,""Phoebe, I’m engaged!""";
"Phoebe,10241,neutral,""I’m just saying, get his number just in case.""";
Phoebe,10241,neutral,But no: Chandler is in an accident and can’t perform sexually and he would want you to take a lover to satisfy the needs that he can no longer fulfill.;
"Monica,10241,joy,""Op, can I just tell you something? Very flattered but umm, I’m engaged.""";
Monica,10241,disgust,Well you should be embarrassed.;
"Phoebe,10241,joy,""I did, but that was really fun.""";
Chandler,10242,neutral,Hey.;
Ross,10242,neutral,Chandler. I sensed it was you.;
Chandler,10242,surprise,What?!;
Ross,10242,neutral,Unagi. I’m always aware.;
"Chandler,10242,joy,""Okay, are you aware unagi  is an eel?""";
Ross,10242,neutral,What’s up?;
Chandler,10242,neutral,I can’t figure out what to make Monica.;
"Ross,10242,anger,""Oh, why don’t you make her one of your little jokes.""";
Chandler,10242,fear,I’m going crazy! Okay? Do you have any thing around here that looks homemade?;
Ross,10242,neutral,Y’know what?;
Ross,10242,neutral,She’d-she’d love this.;
"Ross,10242,neutral,""Uh, it’s an exact replica of Apollo 8.""";
Ross,10242,neutral,I made it in the sixth grade.;
"Chandler,10242,neutral,""Yeah, I guess I could use that. I could say that your love sends me to the moon.""";
"Ross,10242,neutral,""Yeah-yeah, except Apollo 8 didn’t actually land on the moon.""";
"Ross,10242,joy,""But you-you-you could write that umm, your love lets me orbit the moon twice and return safely.""";
"Chandler,10242,neutral,""Wait a minute, I can’t give this to her.""";
Ross,10242,neutral,Why not?;
"Chandler,10242,neutral,""Because it says """"Captain Ross"""" on the side and """"I hate Monica"""" on the bottom.""";
Janice,10243,anger,Oh. Oh I just cannot believe Clark stood me up!;
Monica,10243,neutral,He might still show up.;
"Janice,10243,anger,""Oh, what are you, stupid? It’s been three hours.""";
Monica,10243,neutral,Is that all?;
"Janice,10243,sadness,""I should just go on to happier things, okay? Umm, why don’t you tell about your lovely wedding?""";
"Chandler,10244,neutral,""Well actually uh, there was something we wanted to tell you about the wedding.""";
"Chandler,10245,neutral,""Um, it’s going to be a small ceremony.""";
"Chandler,10246,surprise,""Uh, tiny!""";
Chandler,10246,neutral,We’re not even sure why we’re having it.;
Monica,10247,neutral,It’s actually going to be just family.;
"Janice,10247,surprise,""Oh…wait…you two think of me as family?! Oh, I have to ask you something now and be honest";" do you want me to sing"""
"Ross,10248,neutral,""Come here to me. No-no, you come here to me.""";
Rachel,10248,joy,Hey Ross! I brought reinforcements.;
"Ross,10248,joy,""Oh great! What, you brought Joey?""";
"Rachel,10248,neutral,""Well, I brought the next best thing.""";
Rachel,10249,surprise,Whoa!  Y'know what Katie? I gotta tell ya I-I-I-I think you are the one who is too much.;
"Katie,10249,joy,""Ohh, Joey has the nicest friends!""";
"Rachel,10249,joy,""Ohh, and the nicest girlfriend!""";
Katie,10249,joy,You're so sweet!;
"Rachel,10249,joy,""Ohh, you're so sweet!""";
"Katie,10249,surprise,""Oww!!!! Joey, she just kicked me.""";
Joey,10249,neutral,Huh.;
Katie,10249,neutral,Well? Aren't you gonna do something?;
Joey,10249,neutral,Uhh….;
"Katie,10249,anger,""You'd better do something, or I'm gonna walk out that door right now! Well? Are you gonna?""";
Joey,10249,neutral,Nah.;
"Phoebe,10250,fear,""How could you pick up a hitchhiker?! He could be a rape—, a rapist or a killer or something!""";
Joey,10250,surprise,Don’t you think I asked him that before he got in?!;
"Phoebe,10250,anger,""Y’know what? I’m not talking to you! You go back to sleep!  And you, are you a rapist?!""";
Hitchhiker,10250,anger,No!;
Phoebe,10250,neutral,Do you like car games?;
"Hitchhiker,10250,neutral,""Yeah, y’know the license plate game?""";
Phoebe,10250,neutral,I;
"Joey,10250,joy,""Ooh, I’ll play! I’ll play!""";
Phoebe,10250,anger,No-No! You need your sleep. Night-night! Shh!;
"Chandler,10251,neutral,""Pheebs, can you help me pick out an engagement ring for Monica?""";
Chandler,10251,anger,I can’t figure this out!;
Chandler,10251,sadness,It’s so hard!;
Chandler,10251,sadness,Should I get her a  Tiffany cut or a Princess cut or a—ah-ah!;
Chandler,10251,sadness,Paper cut!;
"Phoebe,10251,neutral,""Now, have you told anyone else?""";
"Chandler,10251,neutral,""No, I don’t want to tell anybody else because I don’t want Monica to find out.""";
Phoebe,10251,surprise,You told me.;
"Chandler,10251,anger,""Well, it’s because I trust you, you’re one of my best friends, and you walked in on me when I was looking at ring brochures.""";
"Phoebe,10251,surprise,""Yeah well, once again not knocking pays off. I only wish you hadn’t been on the toilet.""";
Chandler,10251,neutral,Me too.;
Joey,10251,neutral,Hey.;
Chandler,10251,neutral,Hey.;
"Phoebe,10251,joy,""Hey! So Chandler, wanna go to the coffeehouse?""";
Chandler,10251,neutral,Oh all right.;
"Ross,10251,neutral,""Oh perfect, we were just gonna see if you wanted to go.""";
"Chandler,10251,neutral,""Oh well, we don’t because we got…the…other pl-place.""";
Ross,10251,disgust,How rude.;
"Joey,10251,surprise,""Oh, I’m sorry. You wanna bite?""";
"Joey,10252,surprise,""The stripper stole the ring!! The stripper stole the ring!! Chandler! Chandler, get up! Get up! The stripper stole the ring!""";
Chandler,10252,surprise,What?;
Joey,10252,surprise,The ring is gone!;
Chandler,10252,disgust,Ugh.;
"Chandler,10252,neutral,""Just a sec, give me a minute to wake up for this—Ah-ha-ha!!""";
Chandler,10252,joy,You lost the ring!;
Chandler,10252,anger,You’re the worst best man ever!;
"Joey,10252,anger,""Dude, this isn’t funny!""";
Joey,10252,fear,What am I gonna do?!;
"Joey,10252,joy,""I go to bed last night, everything’s cool!""";
"Joey,10252,fear,""I wake up this morning, the stripper’s gone and the ring is gone!""";
Chandler,10252,surprise,You slept with the stripper?;
Joey,10252,fear,Of course!!;
Ross,10253,anger,What difference does that make?!;
"Joey,10253,anger,""Well, I'm just—if the paste matches the pants, you can make yourself a pair of paste pants and she won't know the difference!""";
"Rachel,10253,neutral,""Joey, do you have a minute?""";
"Ross,10253,fear,""Dude, what am I gonna""";
"Joey,10253,anger,""Uh, Rachel's here, so good luck man, let me know how it works out.""";
"Rachel,10253,fear,""Oh, Joey, I have such a problem!""";
"Joey,10253,neutral,""Oh well, you're timing couldn't be better. I am putting out fires all over the place.""";
"Rachel,10253,neutral,""Okay. Okay. Okay. Joey, I have""";
"Joey,10253,neutral,""What-what is it, what is it?""";
"Rachel,10253,surprise,""Oh my God, it's so huge, but you just have to promise me that you cannot tell anyone.""";
"Joey,10253,fear,""Oh no, no-no-no-no! I don't want to know!""";
"Rachel,10253,anger,""Yes! Yes! Yes, you do want to know! This is unbelievable!""";
"Joey,10253,disgust,""I don't care, Rach! Look, I am tired of being the guy who knows all the secrets but can't tell anyone!""";
Rachel,10253,surprise,What? What secrets? You know secrets? What are they?;
Joey,10253,disgust,And you're not supposed to be gossiping!!;
"Rachel,10253,fear,""I know, I know! I just can't keep this one in, so I pick up the phone""";
Joey,10253,anger,I'm not listening to you!;
Rachel,10254,joy,Oh! Yay! Look! There’s a piece that doesn’t have floor on it!;
"Rachel,10254,anger,""Hey, come on now!""";
"Joey,10254,neutral,""All right, what are we havin’?""";
"Joey,10255,neutral,""Uhh, I don’t believe in these crazy diets y’know, just everything in moderation.""";
Joey,10255,neutral,I’ll take those to go.  For the kids.;
"The Interviewer,10255,neutral,""Oh, I know what I wanted to ask you. You were on the show years ago and then they killed you off. What happened there?""";
"Joey,10255,anger,""It was so stupid, I said some stuff in an interview that I shouldn’t have said.""";
"Joey,10255,neutral,""But believe me, that’s not gonna happen today.""";
"The Interviewer,10255,neutral,""Understood. So, what’d you say back then?""";
"Joey,10255,neutral,""Well, I said that I""";
Rachel,10256,neutral,Ha!;
Phoebe,10256,joy,So you like the drums!;
"Phoebe,10256,joy,""That's, that's great!""";
"Phoebe,10256,neutral,""Y’know, I was worried, that, you know, they would maybe an unbearable living situation.""";
"Phoebe,10256,sadness,""All right, okay, well, apparently not!""";
"Phoebe,10256,joy,""So, yay!""";
"Joey,10256,neutral,""Hey-hey, Pheebs, check it out, we already learned a song.  Ready? One, two, three, four...""";
Joey,10256,joy,Tequila!!;
Phoebe,10256,joy,That's fun.;
"Joey,10257,surprise,""Whoa-whoa, Treeger made you cry?""";
Rachel,10257,sadness,Yes! And he said really mean things that were only partly true.;
Joey,10257,anger,I’m gonna go down there and teach that guy a lesson.;
"Monica,10257,fear,""Joey, please don’t do that. I think it’s best that we just forget about it.""";
"Rachel,10257,anger,""That’s easy for you to say, you weren’t almost just killed.""";
"Joey,10257,neutral,""All right that’s it, school is in session!""";
Monica,10257,surprise,My God! Is this a gym card?;
"Chandler,10257,neutral,""Oh yeah, gym member. I try to go four times a week, but I’ve missed the last 1200 times.""";
Ross,10257,neutral,So why don’t you quit?;
Chandler,10257,joy,You don’t think I’ve tried? You think I;
Ross,10257,neutral,Who is Maria?;
"Chandler,10257,joy,""Oh Maria. You can’t say no to her, she’s like this lycra spandex covered gym…treat.""";
Ross,10257,neutral,You need me to go down there with you and hold your hand?;
Chandler,10257,anger,No!;
Ross,10257,neutral,So you’re strong enough to face her on your own?;
"Chandler,10257,fear,""Oh no, you’ll have to come.""";
"Rachel,10258,neutral,""Pheebs, I don’t think anyone's mad about that.""";
Phoebe,10258,anger,Exactly! Because it's in the past!;
Joey,10258,neutral,Anybody gonna eat that?;
Joey,10259,joy,Pheebs!;
Phoebe,10259,joy,Hey!;
"Joey,10259,neutral,""Listen, you know how uh, when you’re wearing pants and you lean forward I check out your underwear?""";
Phoebe,10259,neutral,Yeah!;
"Joey,10259,surprise,""Well, when Jake did it I saw that…he was wearing women’s underwear!""";
Phoebe,10259,neutral,I know. They were mine.;
"Joey,10259,disgust,""Oh.  No! No wait, that’s weird!""";
"Phoebe,10259,neutral,""No, it’s not! We were just goofing around and I dared him to try them on.""";
Joey,10259,disgust,That’s weird!;
Phoebe,10259,neutral,I’m wearing his briefs right now.;
Joey,10259,surprise,That’s…kinda hot.;
Phoebe,10260,joy,I think so too. And that little flap? Great for holding my lipstick.;
"Joey,10260,neutral,""Yeah, I wouldn’t know about that.""";
Phoebe,10260,joy,And! Y’know what Jake says? That women’s underwear is actually more comfortable. And he loves the way the silk feels against his skin.;
"Joey,10261,disgust,""Yeah well next thing you know, he’ll be telling you that your high heels are good for his posture!""";
Phoebe,10261,neutral,There is nothing wrong with Jake! Okay? He is all man! I’m thinking even more than you.;
"Joey,10261,disgust,""Oh yeah, he looked like a real lumberjack in those pink lacys.""";
Phoebe,10261,neutral,I’m just saying that only a man completely secure with his masculinity could walk around in women’s underwear!;
Phoebe,10261,neutral,I don’t think you could ever do that.;
Joey,10261,neutral,Hey! I;
"Phoebe,10261,disgust,""Okay, whatever.""";
Phoebe,10262,neutral,Lusts of the flesh.;
Rachel,10262,neutral,What?;
Phoebe,10262,neutral,I don’t know.  A cowboy theme?;
"Joey,10263,neutral,""Hey uh, is it okay to come in?""";
"Rachel,10263,joy,""Of course! Oh Joey, this ring I…it’s beautiful I love it!""";
"Joey,10263,neutral,""Yeah uh look Rach, there’s something I gotta tell ya.""";
Rachel,10263,joy,Hey!;
Nurse,10263,neutral,Hey! Are you ready to try nursing again?;
"Rachel,10263,neutral,""Yeah! Hi Emma. Hey, why do you think she won’t take my  breast?""";
"Nurse,10263,neutral,""It’s all right honey, it takes some babies a while to get it,  but don’t worry. It’ll happen.""";
Joey,10263,anger,Yowza;
"Rachel,10263,neutral,""Okay sweetie, you can do it. Just open up and put it in your  mouth.""";
Joey,10263,surprise,Dear Lord.;
"Rachel,10263,neutral,""I’m sorry honey, what were you saying?""";
"Joey,10263,neutral,""Oh uh-uh yeah, I think that…""";
Rachel,10263,neutral,Do you think my nipples are  too big for her mouth?;
Rachel,10263,neutral,She looks scared.;
Rachel,10263,neutral,Doesn’t she  look scared?;
"Joey,10263,neutral,""Y’know, I don’t really know her.""";
Chandler,10264,neutral,Can you see my nipples through this shirt?;
"Rachel,10264,neutral,""No. But don't worry, I'm sure they're still there.""";
"Phoebe,10264,neutral,""Where are you going, Mr. Suity-Man?""";
"Chandler,10264,neutral,""Well, I have an appointment to see Dr. Robert Pillman, career counselor a-gogo.  I added the """"a-gogo.""""""";
"Joey,10265,neutral,""Actually, tomorrow night kinda depends on how tonight goes.""";
"Chandler,10265,sadness,""Oh, uh, listen, about tonight...""";
"Joey,10265,anger,""No, no, no, don't you dare bail on me.""";
Joey,10265,neutral,The only reason she's goin' out with me is because I said I could bring a friend for her friend.;
"Chandler,10265,anger,""Yes, I know, but her friend sounds like such a...""";
Joey,10265,neutral,Pathetic mess?;
"Joey,10265,neutral,""I know, but—come on, man, she's needy, she's vulnerable.""";
"Joey,10265,joy,""I'm thinkin', cha-ching!""";
Joey,10265,neutral,Thanks.;
"Joey,10265,neutral,""Look, you have not been out with a woman since Janice.""";
Joey,10265,neutral,You're doin' this.;
Ross,10265,neutral,Hi. She said yes.;
"Chandler,10265,joy,""Yes! Way to go, man!  Still got the egg, huh?""";
"Joey,10266,joy,""""""Happy birthday to you!""""""";
Gunther,10266,neutral,You’re paying for that.;
Joey,10266,surprise,What? No-no it’s her birthday!;
Gunther,10266,surprise,You’ve sung Happy Birthday to 20 different women today!;
Joey,10266,neutral,But it really;
Gunther,10266,neutral,You are no longer authorized to distribute birthday muffins.;
Joey,10266,anger,Damnit!;
Ross,10266,joy,Rach? Hi!;
Rachel,10266,joy,Hi!;
Ross,10266,neutral,Did you tell your sister to ask me out?;
Rachel,10266,neutral,Well yeah;
Ross,10266,surprise,Oh wow!;
"Ross,10266,surprise,""I mean, wow!""";
"Ross,10266,neutral,""I mean, I-I-I think she’s cute but I-I would never have thought of going out with her, never!""";
Rachel,10266,surprise,Really?!;
"Ross,10266,joy,""Yeah but after you said it was okay, I figured, """"Why not?!""""""";
Rachel,10266,neutral,Oh so-so not really never.;
Ross,10266,neutral,I have to say you are a much bigger person than I am.;
"Ross,10266,neutral,""I mean after all we’ve been through, I just—y’know I wish I had a brother to reciprocate.""";
"Ross,10266,neutral,""Hey, if you ever want to go out with Monica, you have my blessing.""";
"Joey,10266,joy,""Oh-ho, and mine!""";
Phoebe,10267,fear,No-no wait-wait! I can’t just let you hang up! Just please talk to me.;
Earl,10267,neutral,Well…I only have one thing to do today.  I guess I could push it back.;
"Phoebe,10267,sadness,""Yeah! Now, why do you want to kill yourself?""";
"Earl,10267,sadness,""It’s just that I uh, have been working for ten years now at this meaningless, dead-end job and nobody here even knows I exist!""";
Phoebe,10267,neutral,Chandler?;
Earl,10268,sadness,I-I’m sorry?;
"Phoebe,10269,sadness,""No look, I-I’m sure that people know you exist!""";
Earl,10269,sadness,Oh yeah?;
Earl,10270,neutral,I work in a cubicle surrounded by people.;
Earl,10270,sadness,I’ve been talking to you for five minutes now about killing myself and no one’s even looked up from their desk.;
Earl,10270,neutral,Hang-hang on.;
Earl,10270,neutral,Hey everybody!;
"Earl,10270,sadness,""Uh, I’m gonna kill myself!""";
Earl,10270,neutral,I got nothing.;
"Joey,10271,surprise,""Apparently, there’s like a million guys out there that can play Mac, and there’s only this one robot and this one guy who controls it!""";
Joey,10271,surprise,I didn’t know he could get me fired!;
Joey,10271,fear,What am I going to do?;
"Monica,10271,neutral,""Well y’know Joey, you’re a pretty charming guy.""";
"Joey,10271,fear,""Thanks, but I kinda have a problem to deal with here.""";
"Monica,10271,neutral,""No sweetie, you’ve got to win over the guy that controls C.H.E.E.S.E.! You’ve got to kiss some serious robot ass!""";
Joey,10271,neutral,That’s not a bad idea.;
"Joey,10271,neutral,""Okay, but if I got to turn on the charm tomorrow I’m not wasting anymore of it over here with you guys.""";
"Joey,10271,joy,""Well, actually I got a little bit saved for you Pheebs.""";
"Chandler,10271,neutral,""So do you think uh, Joey’s more charming than me?""";
Monica,10271,sadness,Yeah! That’s why I’m sleeping with him on the side.;
"Chandler,10271,neutral,""Yeah, you wish.""";
"Phoebe,10271,joy,""""""You wish.""""""";
Paul,10272,joy,Why are you yelling?;
"Rachel,10272,neutral,""Whoa, that""";
"Joey,10273,surprise,""Whoa-whoa, what is it?""";
Phoebe,10273,neutral,Well… It’s a date.;
Joey,10273,surprise,A date?!;
"Joey,10273,surprise,""No, no Pheebs you-you must be mistaken, because I know you wouldn’t schedule a date on the same night you have plans with a friend!""";
"Phoebe,10273,sadness,""Come on Joey, don’t make me feel badly about this.""";
"Joey,10273,anger,""No, I’m gonna!!""";
Joey,10273,anger,That’s right!;
"Joey,10273,anger,""Yeah, you made me feel really guilty about goin’ out with that girl!""";
Joey,10273,anger,Like-like-like I did something terrible to you!;
"Joey,10273,anger,""And now Pheebs, you’re doing the same thing!""";
Phoebe,10273,anger,That—It’s not the same thing! This is;
"Joey,10273,anger,""Okay, well my girl from the other night was special. She was a scientist too!""";
Phoebe,10273,surprise,She was?;
"Joey,10273,anger,""Well, she graduated from high school!""";
"Phoebe,10273,joy,""Okay, whatever.""";
Phoebe,10273,neutral,Y’know what?;
"Phoebe,10273,anger,""I don’t have time to convince you because he’s only here for four hours, and I’m gonna go see him!""";
Joey,10273,anger,Fine!;
Phoebe,10273,anger,Yeah!;
Joey,10273,anger,Fine!;
Phoebe,10273,anger,Yeah!;
"Joey,10273,anger,""What are you still doin’ here?! I told you, lobster ravioli!""";
"Ross,10274,neutral,""Sorry I'm late, I was stuck at work. There was this big dinosaur.. thing.. anyway.""";
Susan,10274,neutral,Hi.;
"Carol,10274,neutral,""Ross, you remember Susan.""";
Ross,10274,surprise,How could I forget?;
Susan,10274,neutral,Ross.;
"Ross,10274,anger,""Hello, Susan.  Good shake. Good shake. So, uh, we're just waiting for...?""";
Carol,10274,neutral,Dr. Oberman.;
Ross,10274,neutral,..Dr. Oberman. Okay. And is he-;
Susan,10274,neutral,She.;
"Ross,10274,neutral,""-she, of course, she- uh- familiar with our.. special situation?""";
"Carol,10274,neutral,""Yes, and she's very supportive.""";
"Ross,10274,joy,""Okay, that's great.  No, I'm- Oh.""";
Carol,10274,neutral,Thanks.;
"Ross,10274,neutral,""Quack, quack..""";
Carol,10274,surprise,Ross? That opens my cervix.;
Rachel,10274,surprise,Barry?;
Barry,10274,neutral,C'mon in.;
Rachel,10274,surprise,Are you sure?;
"Barry,10274,neutral,""Yeah! It's fine, it's fine. Robbie's gonna be here for hours.""";
Robbie,10274,surprise,Huh?!;
"Barry,10274,neutral,""So, how ya doin?""";
Monica,10275,neutral,Does she use the cups? Yes! I believe she does. Does she use the plates? Yes! I believe she does.;
"Monica,10275,joy,""Oh. Thank you. Ohhh, thank you very much. Oh, thank you for coming.  Uh, just a second!""";
"Phoebe,10275,anger,""No-no, let me in!""";
Monica,10275,neutral,Phoebe?;
Phoebe,10275,joy,Yeah!;
Monica,10275,neutral,Can you just hold on for one minute?;
"Phoebe,10275,joy,""No, you have to let me in right now!!""";
Monica,10275,neutral,Are you alone?;
Phoebe,10275,joy,Yes!;
Monica,10275,neutral,All right.;
Monica,10276,anger,Let go!;
Ross,10276,anger,No! You let go!;
Ross,10276,joy,How come it’s always us left in the field holding the ball?;
Monica,10276,neutral,I don’t know. I guess the other people just don’t care enough.;
Ross,10276,sadness,Hey! It’s starting to snow.;
Ross,10276,anger,Gimme the this!;
Monica,10276,anger,Let go!;
Joey,10277,neutral,Y'know what?;
Chandler,10277,neutral,Umm?;
Joey,10277,neutral,I bet ‘ya ya I could fit in there.;
Chandler,10277,neutral,I’ve got five bucks says you can’t.;
"Joey,10278,joy,""Shoot! Shoot! Shoot! Shoot, or just fall down. That's good too.""";
Lydia,10278,neutral,Knick fan?;
"Joey,10278,neutral,""Oh, yeah.""";
"Lydia,10278,anger,""Oh, boy, do they suck.""";
"Joey,10278,surprise,""Hey, listen, lady.......whoa.""";
"Lydia,10278,disgust,""Look, look at your man, Ewing. Nice shot. You know what, he couldn't hit water if he was standing on a boat.""";
Joey,10278,neutral,Oh yeah? And who do you like?;
Lydia,10278,neutral,The Celtics.;
"Joey,10278,disgust,""The Celtics? Ha. They couldn't hit a boat if...wait. They suck, alright?""";
"Lydia,10278,anger,""Oh, shut up. You know, it's a rebuilding year. You... waah!""";
"Joey,10278,anger,""Wha? Wha..aa? Let me get the father. Hey, we need a father over here! We need a father!""";
Lydia,10278,neutral,There is no father.;
"Joey,10278,fear,""Oh, oh, oh, sorry.""";
"Joey,10278,neutral,""Oh, uh, ok. Right this way. All the other pregnant women seem to be goin' in here.""";
Lydia,10278,neutral,Ok.;
"Barry,10279,fear,""Sweetheart, just gimme- gimme another chance, okay, we'll start all over again. We'll go back to Aruba.""";
"Bernice,10279,fear,""Dr. Farber, we've got a bit of an emergency here...Jason Costalano is choking on his retainer.""";
Barry,10279,fear,Oh God...;
"Barry,10279,neutral,""I'll be right there, Bernice.""";
"Barry,10279,fear,""Look, please, please don't go anywhere, okay?""";
Rachel,10279,neutral,Okay.;
"Rachel,10279,neutral,""Okay, we'll be here!""";
Rachel,10279,anger,Hating you!;
Rachel,10279,surprise,Did you see how he was sweating when he walked out of there?;
"Rachel,10279,neutral,""Listen honey, if I'm hogging the ball too much you just jump right in there and take a couple punches because I'm telling you, this feels""";
Mindy,10279,joy,Yeah... I'm pretty sure I'm still gonna marry him.;
"Rachel,10279,disgust,""What are you talking about?! Mindy, the guy is the devil! He's Satan in a smock!""";
"Mindy,10279,neutral,""Look, I know he's not perfect, but the truth is, at the end of the day, I still really wanna be Mrs. Dr. Barry Farber, D.D.S.""";
Rachel,10279,surprise,Oh God.;
Mindy,10279,fear,I hope you can find some way to be happy for me. And I hope you'll still be my maid of honor...?;
Rachel,10279,sadness,And I hope Barry doesn't kill you and eat you in Aruba.;
"Phoebe,10280,neutral,""Listen, Robert’s gonna be here any second so, will one of you just tell him?""";
Ross,10280,sadness,Oh.;
"Phoebe,10280,fear,""Please, right now, no, every time I see him it’s like ‘Is it on the lose?’ ‘Is it watching me?’""";
"Chandler,10280,anger,""We can’t tell him, you can’t go up to a guy you barely know and talk about his.... stuff.""";
"Ross,10280,neutral,""He’s right, even if it’s to say something complementary.""";
Robert,10280,surprise,Hey!;
Phoebe,10280,neutral,Hey.;
"Robert,10280,neutral,""So are ready for the gym? They’ve got this new rock climbing wall, we can spot each other.""";
"Phoebe,10280,neutral,""No, I can spot you from here.""";
Robert,10280,surprise,What?;
"Phoebe,10280,neutral,""Okay, listen Robert...""";
Phoebe,10281,anger,I don’t have time for this.;
"Monica,10281,neutral,""No, that is what the game is.""";
Phoebe,10282,neutral,Which you just gave up really quickly.;
Chandler,10282,neutral,Have you seen Joey?;
Monica,10282,neutral,What’s the matter?;
"Chandler,10282,neutral,""Oh, just this!  Y’know what it’s my fault really, because the couch is usually where we""";
"Joey,10282,neutral,""Hey, does somebody wanna hand me one of those tiles.""";
Chandler,10282,surprise,What’s going on?;
Monica,10282,neutral,He’s retiling my floor.;
Chandler,10282,neutral,Yo!! Spackel boy! Get up!;
"Monica,10282,anger,""Ah-ah-ah, now you started this, you will finish it.""";
Chandler,10282,anger,He started mine first!;
"Phoebe,10282,anger,""Build the unit Cinderelly, lay the tile Cinderelly.""";
Chandler,10283,joy,Come on Chloe! Finish up with your customer first. Come on Chloe! Come on Chloe!!;
Issac,10283,neutral,Can I help you?;
Chandler,10283,fear,Uh-oh.;
"Joey,10283,neutral,""Uh, y'know what, we’re having second thoughts about our copying needs. And we’ll need a little more time to think about it.""";
"Issac,10283,neutral,""Chloe, switch with me, there’s some guys here that got a crush on you.""";
"Chandler,10283,joy,""Okay, that hurt us.""";
Chloe,10283,neutral,Hi guys. I haven’t seen you since this morning.;
"Chandler,10283,neutral,""Well ah, ........y'know.""";
"Chloe,10283,neutral,""Hey, what are you guys doing tomorrow night?""";
Joey,10283,surprise,Both of us?;
Chloe,10283,neutral,Maybe. Does that scare ya?;
Chloe,10283,neutral,Relax. It’s just Issac’s D.J.-ing at the Philly. You should come.;
Joey,10283,joy,We’ll be there.;
"Chloe,10283,joy,""Great. I’ll ah, see ya then.""";
"Chandler,10283,joy,""All right, rock on.""";
"Ross,10284,joy,""Umm, candles, champagne, yeah anniversaries are great.""";
"Ross,10284,joy,""‘Cause you know love lasts forever, y'know.""";
"Ross,10284,sadness,""Nothing like it in this lifetime, money in the bank, so Rachel and I broke up.""";
"Carol,10284,joy,""Oh God, Ross I am so sorry.""";
"Carol,10284,neutral,""Y'know what, I want to talk to you about this so much, but we should probably do it when we could really get into it, are you free for dinner tomorrow night?""";
"Ross,10284,joy,""Oh yeah, I’d love that.""";
"Carol,10284,joy,""Oh, great! Me too.""";
Ross,10284,neutral,I guess it all started when Rachel got this new job.;
Ross,10285,neutral,And why do you care so much?;
Monica,10285,joy,Because! You could get to live out my fantasy!;
Ross,10285,sadness,You had fantasies about Emily?;
"Monica,10285,neutral,""No! Y’know,""";
Ross,10285,neutral,Is that why in junior high you were the only one that hung out with that Ukrainian kid?;
"Monica,10285,neutral,""Yeah that, plus his mom used to put sour cream on everything!""";
Monica,10285,neutral,Do you love her?;
"Ross,10285,neutral,""We said it was only going to be two weeks, y’know?""";
Monica,10285,surprise,You love her!;
Ross,10285,neutral,What-what is love really?;
"Monica,10285,neutral,""Ohhh, I""";
Ross,10285,neutral,I am a good kisser.;
"Monica,10285,neutral,""Then you two can, can sneak into the cockpit, and things will start to heat up, and then a stewardess comes in…  I’ve been watching too much porn.""";
Supervisor,10286,neutral,So basically this is very easy. You read from the script and try to sell as much toner as you possibly can.;
"Phoebe,10286,joy,""Okay, I can do that! Oh, by the way, I""";
Supervisor,10286,neutral,Why don’t we do a trial run.;
"Phoebe,10286,neutral,""Oh okay. Umm, all right.  Hi, this is Phoebe from Empire Office Supplies, can I speak to your supply manager please?""";
Supervisor,10286,neutral,I’m the supply manager.;
"Phoebe,10286,neutral,""Umm, okay I would like to talk to you about your toner needs.""";
"Chandler,10287,joy,""Kathy! Kathy! Hi!! Kathy! Kathy! (She doesn't hear him and keeps running, Chandler starts chasing her as the theme to""";
"Kathy,10287,surprise,""Hey, Chandler! What are you doing here?""";
"Chandler,10287,joy,""Oh, I just wanted to say, """"Hey!""""""";
Kathy,10287,neutral,Hey!;
Chandler,10287,neutral,Okay.;
"Phoebe,10288,neutral,""Oh, hey, Mon, do you still have your like old blouses and dresses from high school?""";
"Monica,10288,neutral,""Yeah, I think I have some around here somewhere. Why?""";
"Phoebe,10288,joy,""Well, it’s just that maternity clothes are so expensive.""";
"Monica,10288,sadness,""Hey, Rach! I made a pile of your stuff over on this side of the room. If you could just……throw your purses at it.""";
Rachel,10288,neutral,Bloomingdale’s;
"Monica,10288,surprise,""Oh my God, are you out of a job?""";
"Rachel,10288,sadness,""No, but they stuck me in personal shopping. Which is just a""";
Phoebe,10289,neutral,Okay!;
"Monica,10289,joy,""Come on, no peeking!""";
Chandler,10289,joy,Our eyes are closed and we’re about to cross the street. Very good.;
"Phoebe,10289,joy,""Okayyyyy, open up!""";
Ross,10289,neutral,What did you want to show us? Because all I can see is this;
"Phoebe,10289,joy,""Yeah, it’s for our catering business!""";
Joey,10289,neutral,I think I know that girl.;
"Monica,10289,joy,""All right, umm, we’re not gonna really keep it this way though.""";
Rachel,10289,surprise,No?;
"Phoebe,10289,neutral,""No, we’re gonna paint over the sword, and replace it with a baguette.""";
Rachel,10289,surprise,Oh!;
"Phoebe,10289,neutral,""And also, we don’t know what to do with this.""";
"Joey,10289,neutral,""Oh yeah, I definitely know her.""";
"Ross,10290,neutral,""You don’t know?! Rach, you balded my girlfriend!""";
"Rachel,10290,anger,""All right! Ross, do you think it’s easy for me to see you with somebody else?""";
"Ross,10290,anger,""Y'know, hey! You’re the one who ended it, remember?""";
"Rachel,10290,neutral,""Yeah, because I was""";
Ross,10290,sadness,You still love me?;
Rachel,10290,sadness,Noo.;
Ross,10290,neutral,You still love me.;
"Rachel,10290,surprise,""Oh, y-yeah, so, you-you love me!""";
"Ross,10290,surprise,""Noo, nnnnn. What does this mean? What do you, I mean do you wanna, get back together?""";
Rachel,10290,anger,Noo!;
Rachel,10290,surprise,Maybe!;
"Rachel,10290,neutral,""I, I don’t know.""";
"Rachel,10290,sadness,""Ross, I still can’t forgive you for what you did, I can’t, I just, but sometimes when I’m with you I just, I feel so...""";
Ross,10290,sadness,What?!;
"Rachel,10290,neutral,""I just, I feel, I-I just...""";
Ross,10290,neutral,What?;
Rachel,10290,neutral,I feel...;
"Chandler,10290,anger,""Noo!! I don’t care! I’m not, I’m not gonna playing one-on-one strip poker with you for practice!""";
Joey,10290,sadness,But I made cards!!;
Rachel,10290,neutral,Well! Good night.  I’m going upstairs.;
Joey,10290,neutral,Good night.;
Joey,10290,sadness,Wanna play strip poker for practice?;
Joey,10291,neutral,What are you doing?;
Chandler,10291,neutral,The key’s stuck in the lock.;
Joey,10291,neutral,I can fix it. Hold on.  Look out. Look out.;
Chandler,10291,joy,It still doesn’t work.;
"Rachel,10292,joy,""Isn’t it incredible?! Monica and Chandler, gettin’ married.""";
"Phoebe,10292,joy,""I know, they’re gonna be""";
"Rachel,10292,joy,""Ohh… I mean two best friends falling in love, how often does that happen?""";
Phoebe,10292,neutral,Not;
Rachel,10292,joy,No! I’m so happy for them!;
Phoebe,10292,joy,Me too! So happy for them!;
"Phoebe,10292,neutral,""Oh no! No God, definitely not jealous!""";
"Rachel,10292,neutral,""I mean I’m probably 98% happy, maybe 2% jealous. And I mean what’s 2%? That’s nothing.""";
Phoebe,10292,joy,Totally. I’m like 90/10.;
Rachel,10292,neutral,Yeah me too.;
"Joey,10292,neutral,""Hey uh, have you guys scene Chandler?""";
"Rachel,10292,neutral,""Wh—no, but y’know who did stop in here looking for ya, Tennille.""";
Monica,10293,neutral,Remember that guy from cooking school I told you about that put cilantro with everything?;
"Phoebe,10293,neutral,""Oh sure, Cilantro Larry.""";
"Monica,10293,joy,""Well, I’m gonna fill in for him as food critic for the Chelsea Reporter.""";
"Monica,10293,joy,""Wow, Monica! What an amazing opportunity to influence… dozens of people.""";
"Phoebe,10293,anger,""How could you say yes, what about our catering business?""";
"Monica,10293,neutral,""Oh no-no-no, it’s only one night a week, and plus I get to take all of you out for a""";
All,10293,joy,Yay!!;
"Phoebe,10293,joy,""Oh, in that case——Yay!  That was me hopping on board.""";
Monica,10293,joy,Oh.;
"Chandler,10293,joy,""Hey, you guys! Hey, Ross, quick question for ya. Are you ready to party?""";
Joey,10294,neutral,Hello.;
"Chandler,10294,neutral,""Hey, it’s me.""";
"Chandler,10294,sadness,""I know you can’t stand to be in the same room as me, so I just thought I’d try and apologize over the phone.""";
Joey,10294,neutral,Hello.;
"Chandler,10294,fear,""Look I never should have kissed your girlfriend, but I’m""";
Joey,10294,anger,Stop callin’!!;
"Voice,10294,joy,""Hey! Hey! Hey! This is 92.3, WXRK, K-Rock for our $1,000 daily challenge.""";
Joey,10294,neutral,All right!;
"Voice,10294,neutral,""What is the name of your roommate who is very, very sorry and would do anything""";
Phoebe,10295,neutral,Joseph Francis Tribbiani are you home yet?!!;
"Rachel,10295,joy,""Umm, I think he’s still out. What’s wrong?""";
"Phoebe,10295,neutral,""Well, I’ll tell you Rachel Karen Green, I had plans with Joey tonight and he left me this note.""";
"Rachel,10295,anger,""""""Pheebs, can’t make it, got a date. Talk to you later. Big Daddy.""""  Big Daddy?""";
Phoebe,10295,neutral,Oh that’s a nickname we were trying out.;
"Ross,10295,joy,""Hey, y’know what nickname never caught on? The Ross-A-Tron!""";
Joey,10295,joy,Hey!;
Phoebe,10295,joy,Oh! Here’s Joseph Francis!;
Joey,10295,surprise,Oh-Wha-Ho! What are you middle naming me for?! I left you a note!;
Phoebe,10295,anger,So what?! That doesn’t give you the right to ditch me!;
"Joey,10295,anger,""Hey, you can cancel plans with friends if there is the possibility for sex!""";
"Ross,10295,neutral,""Phoebe he’s right, that is the rule.""";
Phoebe,10295,anger,I don’t accept this rule.;
"Phoebe,10295,anger,""When we make plans, I expect you to show up.""";
"Phoebe,10295,anger,""Okay, I can’t just be a way to kill time ‘til you meet someone better!""";
"Phoebe,10295,anger,""Y’know boyfriends and girlfriends come and go, but this  is for life!""";
Rachel,10296,neutral,Did you know he was in there?;
Monica,10296,neutral,No.;
Chandler,10296,neutral,How long have we been home?;
Monica,10296,neutral,About a half an hour.;
Chandler,10296,neutral,Love;
"Pete,10297,neutral,""Lights.  Uh, romantic lights.""";
"Monica,10297,joy,""Ooh, nice.""";
"Pete,10297,neutral,""So ah, there was this thing I wanted to talk to you about.""";
"Monica,10297,neutral,""Oh, right! I completely forgot about that.""";
"Pete,10297,neutral,""Well ah, I’ve been doing a lot of thinking, and I look at my life""";
Monica,10297,neutral,Yeah?;
"Pete,10297,anger,""And I feel like I’ve conquered the business world, and I feel like I’ve conquered the intellectual world, and now I-I have the most beautiful woman in the world.""";
Monica,10297,surprise,Wow.;
Pete,10297,sadness,There’s one thing missing.;
Monica,10297,neutral,What’s that?;
Pete,10297,neutral,It’s time for me to conquer the physical world.;
Monica,10297,neutral,Okay.;
"Pete,10297,neutral,""Monica, I want to become  the Ultimate Fighting Champion.""";
Monica,10297,surprise,You wanna what?!;
"Pete,10297,joy,""I want to become the Ultimate Fighting Champion! It’s the most intense physical competition in the world, it’s banned in 49 states!""";
Monica,10297,surprise,What are you talking about?;
"Pete,10297,neutral,""Okay, my trainer, Ho Chi, is teaching me a combination of Gee Koon Doe and Brazilian street fighting, I’ve even had my own octagon training ring designed.""";
Monica,10297,joy,And I suppose you used a ring designer for that.;
Pete,10297,neutral,Yeah.;
"Pete,10297,joy,""Monica, I want you there in the front row when I win.""";
Pete,10297,joy,I want you close enough to smell the blood.;
Pete,10297,neutral,What do you think?;
Monica,10297,disgust,My parents will be so happy.;
Chandler,10298,neutral,Okay to come in?;
"Monica,10298,neutral,""Yeah, come on, eat, whatever you want. Dr. Roger got beeped again.""";
"Chandler,10298,neutral,""Yeah I know, guess who beeped him?""";
Monica,10298,surprise,What?!;
Chandler,10298,sadness,I’m the ruptured spleen.;
Monica,10298,joy,Why would you do that?;
Chandler,10298,sadness,Because you shouldn’t be with him.  You should be with me.;
Monica,10298,surprise,Really?;
"Chandler,10298,sadness,""When you were talking about Roger, that was killing me!""";
"Chandler,10298,neutral,""Look, things like last night they don’t just happen.""";
Chandler,10298,neutral,Or at least not to me.;
"Chandler,10298,neutral,""Or with the other two women, in the morning y’know I was just lying there and I couldn’t wait to just go hang out with my friends, but with you I always y’know with a friend.""";
Monica,10298,surprise,Chandler!;
"Chandler,10298,sadness,""I know you probably don’t want to go out with me, y’know because I make too many jokes and I’ve never been in a serious relationship and I guess I’m not technically a """"doctor…""""""";
"Monica,10298,neutral,""There was just one woman, wasn’t there?""";
"Chandler,10298,neutral,""No, there were two.""";
Monica,10298,surprise,Including me?;
Chandler,10298,joy,Oh yeah.;
Phoebe,10299,joy,Hey!;
Eric,10299,joy,Welcome back!;
Phoebe,10299,joy,Hey!  Can we pick up where we left off?;
"Eric,10299,neutral,""I don’t know, I’m still pretty tired out from this afternoon.""";
Phoebe,10299,surprise,Why?;
"Eric,10299,neutral,""Uh, the sex.""";
Phoebe,10299,surprise,What sex?;
Eric,10299,joy,Our sex.;
Phoebe,10299,surprise,We didn’t have sex.;
"Eric,10299,neutral,""Well if I didn’t have sex with you, I had sex with someone that looked an awful lot like""";
Phoebe,10299,disgust,Ew! Ew! Ew! Ew! Ew! Ew!;
Eric,10299,disgust,Oh no! Oh no! Oh no! Oh no! No! No! No!;
Monica,10300,disgust,Oh my God Stu! I-I can’t believe you did this! Now are you absolutely sure she’s a hooker?;
"Stu,10300,surprise,""Either that or she’s just the best, most expensive date I ever had.""";
Monica,10301,sadness,Would you look at them. Am I ever gonna find a boyfriend again? I gonna die an old maid.;
Phoebe Sr.,10302,neutral,I’m your mother.;
Phoebe,10302,surprise,Ehh?;
"Joey,10302,neutral,""Oh, and then Monica joked that she wouldn’t go out with a guy like Chandler...""";
Chandler,10302,neutral,Hi there.;
"Joey,10302,neutral,""...and he couldn’t let it go, and... I don’t really know what happened with that either.""";
"Joey,10302,neutral,""And then Ross’s new girlfriend, Bonnie, shows up and Rachel convinced her to save her head.""";
"Joey,10302,neutral,""And then Ross and Rachel kiss, and now Ross has to choose between Rachel and the bald girl and I don’t know what happened there either...""";
"Joey,10302,neutral,""Y'know what, hold on, let me go get Chandler.""";
"Ross,10303,neutral,""Uh Mr. Morse, can I speak to you for a moment?""";
"Phoebe,10304,sadness,""Well yeah, I lied before.""";
Rachel,10304,surprise,Oh!;
Monica,10304,surprise,Oh God;
Phoebe,10304,neutral,Now you know how you really feel about it.;
"Rachel,10304,surprise,""Oh-oh, that’s a risky little game!""";
Monica,10304,fear,Are you really gonna do this?;
Rachel,10304,joy,Yeah. I’m gonna have a baby. I’m gonna have a baby. I’m gonna have a baby!;
Phoebe,10304,neutral,With who?;
"Rachel,10304,neutral,""Ah, it’s still not the time.""";
Phoebe,10305,anger,You said I was boring--Ohh!;
Ross,10305,neutral,When did I say you were boring?!;
"Phoebe,10305,surprise,""Oh my God, I remember now! We were playing chess!""";
Ross,10305,neutral,Phoebe! You and I have;
"Phoebe,10305,joy,""Oh, come on!""";
"Phoebe,10305,neutral,""Yes, remember that time on the frozen lake?""";
"Phoebe,10305,anger,""We were playing chess, you said I was boring, and then you took off your energy mask and you were Cameron Diaz!""";
"Phoebe,10305,neutral,""Okay, there's a""";
"Jill,10306,anger,""All right, I’m leaving!""";
Jill,10306,anger,Because I’m not going to spend one more day with someone whose out to sabotage my every move.;
Jill,10306,anger,That’s you Rachel!;
"Rachel,10306,neutral,""Yeah, I got that.""";
"Jill,10306,anger,""And you! I throw myself at you and you say no, how gay are you?""";
Ross,10306,neutral,You take care Jill.;
"Jill,10306,joy,""Okay, see ya!""";
Joey,10306,joy,Bye-bye;
"Chandler,10306,sadness,""I-I can’t believe Jill’s gone.  I can’t help it, I opened a gate.""";
"Monica,10307,joy,""How about, you’re moving!!""";
Rachel,10307,anger,Look! This is ridiculous. We should be packing you!!;
"Phoebe,10307,neutral,""Hey, how are you guys doing?""";
Rachel,10307,joy,Great! Monica’s moving!;
Monica,10307,anger,I am not!;
Rachel,10307,surprise,Oh really?! Then how come all your stuff is in this box?!;
"Phoebe,10307,neutral,""Okay, you guys. You guys I think I know what’s going on here. Okay, you guys""";
Monica,10307,anger,No Phoebe I am mad!;
"Phoebe,10307,neutral,""Well, deep-deep-deep down!""";
"Rachel,10307,anger,""Yeah, I’m just mad!""";
Phoebe,10307,neutral,Then keep running.;
Joshua,10308,neutral,Okay!;
"Rachel,10308,neutral,""Oh, here’s that trench-coat that you wanted.""";
"Joshua,10308,joy,""Oh great!  Wow! Yeah, it’s comfortable.""";
Rachel,10308,neutral,Yeah?;
Phoebe,10309,anger,Oh! Here we;
"Chandler,10309,neutral,""All right, y'know what, we've been talking about London too much haven't we?""";
Phoebe,10309,neutral,I'm sorry.;
Phoebe,10309,neutral,It's just 'cause I couldn't be there.;
"Phoebe,10309,sadness,""Cause all I ever get to do now is pregnant stuff, it just bums me out.""";
All,10309,neutral,Sorry.;
Monica,10309,neutral,What happened?;
"Rachel,10309,neutral,""Well, y'know, a little of this, a little of that. Got myself a date tomorrow night.""";
"Monica,10309,joy,""See, didn't I tell you?! You're getting over Ross already!""";
Gunther,10309,joy,Get out!;
Ross,10310,surprise,I just didn’t see the fast song coming.;
Joey,10310,neutral,Shh.;
Joey,10310,neutral,Shh.;
"Joey,10310,neutral,""Don’t try to talk, we’ll get you up to your room, we’ll soak your feet, you’ll be okay.""";
"Ross,10310,neutral,""Oh, thank you.""";
Mona,10310,joy,That is so sweet!;
Joey,10310,neutral,Yeah.;
"Mona,10310,anger,""No, I mean it. There are so few genuinely nice guys out there.""";
"Joey,10310,neutral,""Tell me about it, I feel like I’m holding down the fort all by myself.""";
Mona,10310,neutral,It’s Joey right?;
Joey,10310,neutral,Yeah.;
Ross,10310,surprise,Wait a minute!;
Ross,10310,anger,No!;
Ross,10310,surprise,I’m the nice one!;
Ross,10310,surprise,I’m the one who danced with the kids all night!;
Ross,10310,neutral,How…How small are your feet?;
"Joey,10311,neutral,""Uhh, do you mind sitting there. I’m-I’m saving this for my friend Ross.""";
Tour Guide,10311,neutral,You mean Dr. Geller?;
Joey,10311,surprise,Doctor? Wow! I didn’t know he had a nickname.;
"Tour Guide,10311,neutral,""Oh, he won’t sit here.""";
"Tour Guide,10311,neutral,""Only the people in the white coats sit over there,  and only the people in the blue blazers sit here.""";
"Joey,10312,joy,""Yeah, it must’ve fallen out a few blocks back. I just figured we hit a dog.""";
Chandler,10312,neutral,Okay.;
"Joey,10312,sadness,""Listen uh, could you put Kathy on, I wanna apologize.""";
Chandler,10312,neutral,Oh yeah man.  Joey.;
Kathy,10312,neutral,Hey.;
"Kathy,10312,neutral,""Oh no it’s fine, don’t worry about it.""";
"Kathy,10312,neutral,""Yeah-no, stop apologizing, it’s okay.""";
Kathy,10312,neutral,I’ll talk to you tomorrow.;
"Kathy,10312,neutral,""I should uh, probably go.""";
Chandler,10312,neutral,Yeah. Yes! Yeah.;
Kathy,10312,neutral,I forgot my purse.;
Chandler,10312,neutral,Oh.;
"Kathy,10312,neutral,""No, I really did forget my purse.""";
"Ross,10313,neutral,""A new place for a new Ross. I'm gonna have you and all the guys from work over once it's y'know, furnished.""";
Dr. Ledbetter,10313,joy,I must say it's nice to see you back on your feet.;
Ross,10313,neutral,Well I am that. And that whole rage thing is definitely behind me.;
Dr. Ledbetter,10313,neutral,I wonder if its time for you to rejoin our team at the museum?;
"Ross,10314,surprise,""....and 12, 22, 18, four...  What?""";
Chandler,10314,joy,I spelled out boobies.;
"Monica,10314,neutral,""Ross, but me down for another box of the mint treasures, okay. Where, where are the mint treasures?""";
"Ross,10314,neutral,""Ah, we’re out. I sold them all.""";
Monica,10314,surprise,What?;
Monica,10314,sadness,No.;
"Monica,10314,anger,""No, just, just, just a couple more boxes.""";
"Monica,10314,fear,""It-it-it’s no big deal, all right, I’m-I’m cool.""";
Monica,10314,sadness,You gotta help me out with a couple more boxes!;
"Ross,10314,disgust,""Mon, look at yourself. You have cookie on your neck.""";
Monica,10314,sadness,Oh God!;
"Chandler,10314,neutral,""So, how many have you sold so far?""";
Ross,10314,surprise,Check this out. Five hundred and seventeen boxes!;
"Chandler,10314,surprise,""Oh my God, how did you do that?""";
"Ross,10314,joy,""Okay, the other night I was leaving the museum just as ‘Laser Floyd’ was letting out of the planetarium, without even trying I sold 50 boxes!""";
"Ross,10314,joy,""That’s when it occurred to me, the key to my success, ‘the munchies.’ So I ah, started hitting the NYU dorms around midnight.""";
Ross,10314,joy,I am selling cookies by the case.;
Ross,10314,joy,They call me: 'Cookie Dude!';
"Rachel,10314,neutral,""Okay, stop what you’re doing, I need envelope stuffers, I need stamp lickers.....""";
"Ross,10314,surprise,""Well hey, who did these resumes for ya?""";
Chandler,10314,joy,Me! On my computer.;
Ross,10315,neutral,Hi.;
Chandler,10315,surprise,Hey.  Soaps? Shampoos? Are you really taking all this stuff?;
Ross,10315,neutral,Why not? It’s built into the price of the room.;
Chandler,10315,surprise,Yeah but you don’t need——What is this?;
Ross,10315,joy,Thread!;
Chandler,10315,joy,Score! Where are the disposable cameras?;
Ross,10315,sadness,What disposable cameras?;
Chandler,10315,surprise,The cameras? Remember last night I told you to take them?;
Ross,10315,neutral,No you didn’t.;
"Chandler,10315,surprise,""Yes! Remember? Right before we cut the cake, I went up to you and I said""";
"Ross,10315,neutral,""Oh-oh yeah, you-you came up to me and asked if I could do you a favor, and my Uncle Murray came up to you and handed you a check.""";
"Ross,10315,neutral,""And then you said, """"Why do they call it a check?""";
"Ross,10315,neutral,""Why not a Yugoslavian?""""""";
"Ross,10315,neutral,""Yeah, then you did that.""";
Chandler,10315,surprise,So you don’t have the cameras?!;
Ross,10315,sadness,No. Sorry man.;
Chandler,10315,surprise,So? What? What? They’re gone! Monica’s gonna freak!;
"Ross,10315,neutral,""Well, I’m sure they’re still somewhere here in the hotel. I’ll-I’ll help you look for them.""";
Chandler,10315,anger,Great.;
Ross,10315,neutral,In-in three minutes.;
"Joshua,10316,neutral,""Uhh, Rachel, my parents""";
Rachel,10316,joy,Ohh! It’s so nice to meet you.  Hello.;
"Mrs. Burgin,10316,neutral,""Hello. Well, Joshua, that $500 was for groceries.""";
Rachel,10316,surprise,What?;
"Rachel,10316,joy,""This-this, no, oh no, no-no-no, this is not—that’s-that’s not what it is.""";
"Rachel,10316,neutral,""See, see, okay, I work in fashion, see and-and, this is a real dress actually.""";
"Rachel,10316,neutral,""It’s-it’s, they’re-they’re wearing it in Milan, so part of my job is too wear the clothes, and then I see how people respond, and then I report back to my superiors at""";
Mrs. Burgin,10316,neutral,Maybe in L.A?;
Rachel,10316,joy,Yes!;
Joshua,10316,neutral,There you go.;
"Mr. Burgin,10316,neutral,""So, have you kids eaten yet?""";
"Rachel,10316,neutral,""Well, we were going to do that after—I mean umm, next.""";
"Mr. Burgin,10316,neutral,""Well, we’re starving, why don’t we all go get something to eat?""";
"Rachel,10316,neutral,""Oh, yeah, well… Yeah, no use wasting this baby, just lyin’ around the house.""";
Mr. Burgin,10316,neutral,So… We go eat.;
Rachel,10316,neutral,Yes.;
"Mr. Burgin,10316,neutral,""You’ll wear that. We’ll be eating, and of course, you’ll be wearing that.""";
Joey,10317,neutral,Well I guess I should’ve thought about my wife and kids before I talked back to chef Geller!;
Monica,10317,neutral,Thanks.;
Monica,10317,anger,Enough!;
Joey,10317,joy,Lean lean lean;
Chandler,10318,neutral,Let me see that.;
Joey,10319,neutral,This one right here.;
Chandler,10320,neutral,Triskaidekaphobia.;
Ross,10320,neutral,The fear of;
"Joey,10320,neutral,""No! No, fear of the number 13.""";
"Ross,10320,neutral,""It’s possible, they have really sharp edges.""";
"Joey,10320,neutral,""All right Chandler, you’re up.""";
"Ross,10320,joy,""Wait a minute, I-I believe I’m entitled to use my Angel Pass for a free turn?""";
Chandler,10320,anger,This game makes no sense!;
Ross,10320,joy,Y’know what? You’re just upset because you’re losing.;
"Chandler,10320,neutral,""Oh come on Ross, I think we’re all losers here.""";
"Joey,10320,neutral,""All right. Chandler, you can either spin the wheel or pick a Google card.""";
Chandler,10320,anger,Let me think. Let me think—Oh! I don’t care.;
Joey,10320,neutral,You-you must choose Mr. Bing.;
"Chandler,10320,neutral,""Either, it makes no difference.""";
"Joey,10320,anger,""Choose, you jackass!""";
Chandler,10320,neutral,I’ll take a card.;
"Joey,10320,joy,""Okay, you picked the Gimmie card! You get all of Ross’s points!""";
Ross,10320,surprise,What?!;
Chandler,10320,joy,This game is kinda fun.;
Ross,10320,neutral,You don’t think it’s a little crazy that you get all my points just ‘cause you;
Chandler,10320,neutral,I don’t think the contestants are supposed to speak to each other.;
"Monica,10321,surprise,""Hello?  Oh, hi Ross!  See? Other people call me!""";
Joey,10322,joy,Very funny Ross!;
Joey,10322,neutral,Very life-like and funny.;
Joey,10322,neutral,Okay.;
"Joey,10322,neutral,""Oh no-no-no, I wasn't waving at you lady.""";
"Joey,10322,surprise,""Whoa, maybe I was!""";
"Monica,10322,joy,""Get in there man! Flirt back, mix it up!""";
"Joey,10322,joy,""Yeah, I-I-I'm down with that.""";
"Joey,10322,fear,""Okay, here goes.""";
Joey,10322,neutral,How  you  a-doin'?;
Joey,10322,surprise,It worked!;
Joey,10322,joy,She's waving me over.;
"Joey,10322,joy,""Okay, I-I-I'll be right over.""";
"Joey,10322,neutral,""Let's see, she's on the third floor""";
"Monica,10322,surprise,""Wow! She is pretty, huh?""";
"Joey,10322,disgust,""Tell me about it, huh?  Oh no-no-no, I'm not with her, she's just Monica!  Ewwuck!""";
Rachel,10323,neutral,Hey!;
Phoebe,10323,neutral,Hey!;
"Rachel,10323,joy,""Oh honey, I'm so sorry, you were right, this feels great!""";
"Phoebe,10323,neutral,""See? And you don't care if people are staring, it's just for a second cause then you're gone!""";
Rachel,10323,joy,Gone! I mean its amazing Pheebs. I feel so free and so graceful.  Hey! Look out for the horse! Sorry!;
"Chandler,10324,joy,""Oh come on guys, it’s not like I moved to Europe! I just moved across the hall! And""";
Monica,10324,surprise,Ahh! Aren’t you dressed yet?;
Chandler,10324,surprise,Am I naked again?!;
Monica,10324,neutral,We’re supposed to meet my parents in 15 minutes.;
"Chandler,10324,neutral,""Yeah okay, I was just talking to the guys. Just look at them I mean, is it okay if they come visit?""";
Monica,10324,surprise,Wh?! What about my allergies?!;
"Chandler,10324,neutral,""Oh right, your allergies.  All her, she hates you.""";
Monica,10325,sadness,Shoot! We’re out of soda.;
"Chandler,10325,neutral,""Oh, I’ll go out and get you some.""";
Monica,10325,surprise,Really?!;
"Chandler,10325,neutral,""Nope! Because I’m not your boyfriend.  Hey Pheebs, how did it go?""";
"Phoebe,10325,sadness,""Well, umm, my Mom’s friend, Phoebe, is actually my birth Mom.""";
Chandler,10325,neutral,I found a dried up seashores.;
"Monica,10325,surprise,""Sweety, what are you talking about?""";
"Phoebe,10325,sadness,""Oh, my new Mom, who-who’s a big, fat abandoner!""";
"Joey,10325,surprise,""Whoa, wait, Pheebs, wait a second! Don’t you wanna stay here and talk about it?""";
"Phoebe,10325,sadness,""No. I’m just, I wanna, I need to be alone.""";
Phoebe,10325,sadness,Monica!;
Monica,10325,neutral,Oh.;
Rachel,10326,joy,Open it! Open it! Open it!;
Ross,10326,joy,Yeah baby!;
Man,10326,joy,So we never got to hear about your wedding!;
"Ross,10326,neutral,""No, no, it was just our parents and 1 or 2 friends. It was a small wedding.""";
Monica,10327,joy,Hey!;
Phoebe,10327,joy,Hey!;
Ross,10327,joy,Hi!;
"Monica,10327,neutral,""So, do you guys wanna come and eat dinner at the restaurant    sometime in the next few weeks?""";
Phoebe,10327,joy,Sure!;
Ross,10327,joy,I'd love to!;
Monica,10327,neutral,Well you;
"Phoebe,10327,sadness,""Well, I can't give you a massage, because my licence has been    revoked again!""";
"Ross,10327,neutral,""Phoebe, what happened?""";
"Phoebe,10327,neutral,""Well, it was an accident...You know, it's a lot of oil and sometimes    the hand just slips!""";
Chandler,10327,joy,Have I got a surprise for you? Pack your bags!;
Phoebe,10327,surprise,Oh no!You guys aren't supposed to get divorced for 7 years!;
"Chandler,10328,neutral,""Umm, this is nice.""";
"Monica,10328,joy,""I know, it is isn’t it?""";
"Chandler,10328,joy,""No, I mean it, this feels really good. Is it a hundred percent cotton?""";
"Monica,10328,joy,""Yeah! And I got it on sale, too.""";
"Chandler,10328,neutral,""Anyway, I should go, one of the lifeguards was just about to dismantle a nuclear device.""";
"Monica,10328,neutral,""Well, if you wanna get a drink later we can.""";
"Chandler,10328,neutral,""Oh yeah, that sounds great.  Oh, and listen, it’s, it’s gonna be....""";
Monica,10328,neutral,I know. Thanks.;
Dr. Green,10329,anger,So? Come on! Explain yourself Geller! First you get my Rachel pregnant!;
Mona,10329,surprise,You got Rachel pregnant?!;
Ross,10329,surprise,Who did?!;
Dr. Green,10329,anger,You did!;
"Ross,10329,fear,""Yes. Yes, yes I did.  But-but it was, it was just a one night thing. It meant nothing.""";
Dr. Green,10329,anger,Oh? Really? That’s what my daughter means to you? Nothing?;
"Ross,10329,fear,""No! No sir umm, she means a lot to me. I mean, I care—I-I love Rachel.""";
Mona,10329,surprise,What?!;
"Ross,10329,joy,""Oh but not that way. I mean…I mean I’m not in love with her. I love her like a, like a friend.""";
Dr. Green,10329,anger,Oh really? That’s how treat a friend? You get her in trouble and then refuse to marry her?;
Ross,10329,anger,Hey! I offered to marry her!;
Mona,10329,joy,Wh;
Ross,10329,anger,But I didn’t want to.;
Dr. Green,10329,anger,Well why not? So you can spend your time with this tramp?!;
Mona,10329,surprise,Tramp?!;
"Ross,10329,joy,""I’m sorry. Dr. Green, Mona. Mona, Dr. Green.""";
"Chandler,10330,neutral,""Yes, Fran.""";
"Chandler,10330,anger,""I know what time it is, but I'm looking at the WENUS and I'm not happy!...""";
"Chandler,10330,joy,""Oh, really, really, really?""";
"Chandler,10330,anger,""Well, let me tell you something... you will care about it, because I care about it!""";
Chandler,10330,neutral,You got it?;
Chandler,10330,joy,Good!;
Chandler,10330,surprise,Whooooaaaa....;
Joey,10331,neutral,Bijan for men?  Bijan for men?  Bijan for men?;
"Annabelle,10331,neutral,""Hey, Joey. So did you hear about the new guy?""";
Mr. Heckles,10332,neutral,I could have birds.;
"Monica,10332,neutral,""Okay, Mr. Heckles, we'll try to keep it down.""";
Mr. Heckles,10332,neutral,Thank you. I'm going to rejoin my dinner party.;
"Rachel,10332,neutral,""All right, bye-bye.""";
"Chandler,10332,neutral,""Okay, Janice. Janice. You gotta give me Janice. That wasn't about being picky.""";
Ross,10332,neutral,We'll give you Janice.;
"Phoebe,10332,neutral,""I miss Janice though.  """"Hello, Chandler Bing.""""""";
"Rachel,10332,surprise,""""""Oh, my, god.""""""";
"Joey,10332,joy,""""""Oh, Chandler, now, now, that's it. There, faster!""""""";
"Monica,10332,neutral,""Stop with the broom, we're not making noise.""";
Rachel,10332,joy,We won. We won!;
Monica,10332,neutral,Mr. Heckles.;
Rachel,10332,neutral,How did this happen?;
Mr. Treeger,10332,neutral,He musta been sweeping. They found a broom in his hand.;
Monica,10332,anger,That's terrible.;
Mr. Treeger,10332,neutral,I know. I was sweeping yesterday. It coulda been me.;
"Ross,10332,neutral,""Sure, you coulda. You never know.""";
Mr. Treeger,10332,neutral,You never know.;
"Monica,10333,sadness,""Oh, I'm sorry.""";
Rachel,10333,neutral,Where's Chandler?;
"Phoebe,10333,neutral,""Oh, he needed some time to grieve.""";
Chandler,10333,joy,I'm free! I'm free!;
Phoebe,10333,neutral,That oughta do it.;
"Monica,10334,sadness,""Hey, look at me. I'm making jam, been at it since 4 o'clock this morning.""";
Ross,10334,surprise,Where'd you get fruit at four in the morning?;
Monica,10334,neutral,Went down to the docks. Bet ya didn't know you could get it wholesale.;
Rachel,10334,surprise,I didn't know there were docks.;
Joey,10334,neutral,Hey.;
Chandler,10334,neutral,Hey.;
"Ross,10334,sadness,""Aww, is it broken?""";
"Joey,10334,joy,""No, I gotta wear this thing for a couple weeks.""";
Rachel,10334,neutral,Did you tell the doctor you did it jumping up and down on your bed?;
Joey,10334,sadness,Nooo. I had a story all worked out but then Chandler sold me out.;
"Chandler,10334,anger,""Well, I'm sorry Joe. I didn't think the doctor was gonna buy that it just *fell* out of the socket.""";
Joey,10334,surprise,What is this? Fruit?;
Rachel,10334,neutral,Monica's making jam.;
"Joey,10334,joy,""Whoa, jam! I love jam!  Hey, how come we never have jam at our place?""";
Chandler,10334,neutral,Because the kids need new shoes.;
Monica,10334,neutral,I'm going into business people.;
Monica,10334,neutral,I'm sick and tired of being depressed about Richard.;
"Monica,10334,anger,""I needed a plan, a plan to get over my man.""";
Monica,10334,neutral,What's the opposite of man?;
Monica,10334,neutral,Jam.;
Monica,10334,fear,Oh Joey don't!;
Monica,10334,anger,It's way to hot.;
Joey,10334,neutral,This will just be my batch.;
Monica,10335,surprise,Why? Do you think he’s still mad at us?;
Chandler,10335,neutral,Well he’s probably mad after you called him this morning to borrow his goggles.;
Joey,10335,surprise,What? Mine aren’t tinted.;
Rachel,10336,neutral,Here you go Pheebs. Who else wants one of my special homemade brownies?;
Chandler,10336,neutral,I will have one.;
"Chandler,10336,neutral,""Okay, I’m not gonna have one.""";
"Phoebe,10336,sadness,""No, no, it’s just my tooth.""";
Chandler,10336,neutral,All right I’ll have one.;
"Ross,10336,neutral,""So what’s a matter, you need a dentist? I’ve got a good one.""";
"Phoebe,10336,fear,""No thanks, I have a good one too. I just, I, I can’t see him.""";
Chandler,10336,neutral,See that is the problem with invisible dentists.;
Ross,10336,surprise,Why? Why can’t you go to him?;
"Phoebe,10336,anger,""Because, every time I go to the dentist, somebody dies.""";
"Chandler,10336,joy,""That is so weird, because every time I go to the dentist, I look down the hygienist’s blouse.""";
"Rachel,10336,surprise,""Phoebe, what? Umm...what?!""";
"Phoebe,10336,neutral,""Yeah, yeah, first there was my aunt Mary, and then there was umm, John, my mailman, and then my, my cowboy friend ‘Albino Bob’.""";
Rachel,10336,surprise,And all these people actually died?;
"Phoebe,10336,sadness,""Yes, while I was in the chair!""";
"Phoebe,10336,neutral,""That’s why I take such good care of my teeth now, y'know, it’s not about oral hygiene, I floss to save lives!""";
"Ross,10336,neutral,""Pheebs, come on, you didn’t kill anybody, these people just happened to die when you went to the dentist.""";
"Ross,10336,neutral,""It’s, it’s, it’s just ah, a coincidence.""";
"Phoebe,10336,sadness,""Well tell that to them. Oh! You can’t, their dead.""";
Ross,10337,surprise,Hello?;
Emily,10337,neutral,Ross.;
Emily,10337,sadness,It was dreadful. I felt terrible about how I acted when you said those wonderful things.;
"Ross,10337,joy,""No, no, that-that, that’s all right. Umm, I’m just glad you called.""";
"Emily,10337,joy,""Ross umm, there’s something that I’ve got to tell you, there’s-there’s someone else.""";
Ross,10337,sadness,Does that mean the same thing in England as it does in America?;
Monica,10338,sadness,You know what? I'm not gonna be able to enjoy this.;
"Ross,10338,sadness,""Yeah, I know, it's my birthday. We all should be here.""";
"Chandler,10338,neutral,""So, let's go.""";
"Ross,10338,neutral,""Well maybe, you know, maybe we should stay for one song.""";
"Chandler,10338,neutral,""Yeah, I mean, it would be rude to them  for us to leave now.""";
"Monica,10338,neutral,""You know, the guys are probably having a great time.""";
"Ross,10339,neutral,""Okay, I’ve got three of my five.""";
"Rachel,10339,neutral,""Three of your five, what?""";
Ross,10339,neutral,Celebrities I’m allowed to sleep with.;
Rachel,10339,surprise,Oh my God! You are giving this a lot of thought.;
"Ross,10339,neutral,""Yeah, it’s hard okay, I only have two spots left.""";
"Chandler,10339,neutral,""All right, so who do you got it narrowed down to?""";
"Ross,10339,joy,""Okay, Elizabeth Hurely....""";
"Chandler,10339,surprise,""Oooh-hoo, very attractive, forgiving.""";
Ross,10339,neutral,Susan Sarandon.;
"Chandler,10339,disgust,""Eh, y'know what, she’s to political, she probably wouldn’t let you do it, unless you donated four cans of food first.""";
Ross,10339,joy,And!! Isabella Rosselini.;
"Chandler,10339,joy,""Ooh-hoo. Very hot, very sexy. But ah, y'know she’s too international, y'know she’s never gonna be around.""";
Rachel,10339,neutral,So?;
"Chandler,10339,neutral,""So, you gotta play the odds, pick somebody who’s gonna be in the country like all the time.""";
"Rachel,10339,neutral,""Yeah, ‘cause that’s why you won’t get Isabella Rosselini, geography.""";
Rachel,10340,sadness,Oh that’s five Ross. Five women have had five babies! And I have had no babies! Why doesn’t she want to come out?;
Ross,10340,neutral,Y’know what I think it is?;
Ross,10340,neutral,I think you’ve made such a nice home for her over the last nine months that she just doesn’t want to leave.;
Rachel,10340,sadness,Oh. Look at you making up crap for me. Oh God!;
"Dr. Long,10340,neutral,""Twenty-one hours, you’re a hero.""";
Rachel,10340,sadness,Doctor you gotta do something! I think you gotta give me drugs or you gotta light a fire up in there and just smoke it out.;
"Dr. Long,10340,neutral,""Actually, I think you’re ready to go to the delivery room.""";
Rachel,10340,surprise,What?;
"Dr. Long,10340,neutral,""Ten centimeters, you’re about to become a mom.""";
Rachel,10340,surprise,My God. Okay.  Ha-ha-ha beat ya! Sucker!;
Carol,10341,neutral,Are they here yet?;
"Rachel,10341,neutral,""No, honey, they're not, but don't worry, because we are going to find them, and until we do, we are all here for you, ok?""";
Carol,10342,neutral,Ok.;
Rachel,10343,neutral,Hi.;
Flight Attendant,10343,neutral,May I see your boarding pass?;
"Rachel,10343,neutral,""Oh, no, no, I don't have one. I just need to talk to my friend.""";
"Flight Attendant,10343,neutral,""Oh, oooh. I'm sorry. You are not allowed on the jetway unless you have a boarding pass.""";
"Rachel,10343,neutral,""No, I know, but I—he just went on.""";
"Rachel,10343,sadness,""He's right there, he's got the blue jacket on, I... can I j-just...""";
Flight Attendant,10343,anger,No no no! Federal regulations!;
"Rachel,10343,neutral,""OK, alright, OK, um... then could you please, uh... just give him a message for me? Please? This is""";
Flight Attendant,10343,neutral,Alright. What's the message?;
Rachel,10343,neutral,Uh... I don't know.;
"Flight Attendant,10343,neutral,""Sir? Sir? Excuse me, sir? Uh... I have a message for you.""";
Man,10343,neutral,What?;
"Flight Attendant,10343,neutral,""It's from Rachel. She said that she loved the present, and she will see you when you get back.""";
"Man,10343,surprise,"": Toby... Oh, for God's sake, I don't know what she's talking about!""";
Man,10343,anger,There's no Rachel!;
"Chandler,10344,neutral,""Here's the thing, Janice.""";
"Chandler,10344,neutral,""You know, I mean, it's like we're different.""";
"Chandler,10344,anger,""I'm like the bing, bing, bing.""";
"Chandler,10344,neutral,""You're like the boom, boom, ... boom.""";
Janice,10344,surprise,Ow!;
"Chandler,10344,anger,""Oh, my god, I'm so sorry. Are you ok?""";
"Janice,10344,sadness,""Ow. Um, it's just my lens. It's just my lens. I'll be right back.""";
Chandler,10344,sadness,I hit her in the eye! I hit her in the eye! This is the worst break-up in the history of the world.;
Phoebe,10344,surprise,Oh my god.  How many of those have you had?;
"Chandler,10344,anger,""Oh, I don't know, a million?""";
"Phoebe,10344,neutral,""Chandler, easy, easy. Go to your happy place. La la la la la la la.""";
Chandler,10344,neutral,I'm fine.;
Phoebe,10344,neutral,All right.;
Chandler,10344,fear,I'm not fine. Here she comes.;
Phoebe,10344,neutral,Wait here. Breathe.;
Chandler,10344,surprise,How do you do that?;
Phoebe,10344,neutral,It's like a gift.;
Chandler,10344,neutral,We should always always break up together.;
"Phoebe,10344,neutral,""Oh, I'd like that.""";
Chandler,10345,anger,You win.;
"Joey,10345,neutral,""Well, what did you have?""";
Chandler,10345,joy,It doesn’t matter because nothing beats a three and a six.;
Chandler,10345,neutral,That my friend is D-Cup.;
"Chandler,10345,neutral,""Okay, now much have you won so far?""";
"Joey,10345,surprise,""Uh,  wow, 700.""";
Chandler,10345,surprise,Not 700 exactly?;
Joey,10345,neutral,Yeah.;
Chandler,10345,joy,Double it!;
Joey,10345,surprise,What?;
"Chandler,10345,neutral,""Well you see in Cups, once you get $700, you have to double it.""";
Joey,10345,surprise,Really?;
"Chandler,10345,neutral,""Hey, I didn’t make up the rules.""";
"Chandler,10345,neutral,""Now, after you receive the doubling bonus, you get uh, one card.""";
"Chandler,10345,neutral,""Now that one card could be worth $100 bringing your total to 1,500.""";
Chandler,10345,surprise,Don’t get to excited because that’s not gonna happen unless you get—No way!;
"Ross,10346,sadness,""I’m, I’m sorry you didn’t get to go to Spacecamp, and I’m hoping that maybe somehow, this may make up for it.""";
Ross,10346,joy,Presenting Sarah Tuttle’s Private Very Special Spacecamp!;
Ross,10347,neutral,!;
"Sarah,10348,neutral,""Really Mr. Geller, you don’t have to do this.""";
Ross,10348,joy,Oh come on! Here we go!  Stand by for mission countdown!;
Chandler,10348,neutral,I’m an alien. I’m an alien.;
Ross,10348,surprise,Oh no! An asteroid!;
Joey,10349,neutral,Hey.;
Monica,10349,neutral,Hey.;
Joey,10349,neutral,Where you going?;
Monica,10349,neutral,To the bank.;
Joey,10349,neutral,Sperm or regular?;
Monica,10349,neutral,Sperm.;
"Joey,10349,surprise,""So you're really doing this, huh?""";
"Monica,10349,neutral,""Oh yeah, picked a guy, 37135.""";
Joey,10349,neutral,Sounds nice.;
"Monica,10349,neutral,""Fraid so. Brown hair, green eyes...""";
"Joey,10349,surprise,""No kiddin', hmm.""";
Monica,10349,sadness,What?;
"Roger,10350,neutral,""What's wrong, sweetie?""";
"Phoebe,10350,joy,""Nothing, nothing.""";
"Roger,10350,joy,""Aaaah, what's wrong, c'mon.""";
"Phoebe,10350,sadness,""It's, I mean, it's nothing, I'm fine.""";
Phoebe,10350,sadness,It's my friends.;
Phoebe,10350,sadness,They-they have a liking problem with you.;
"Phoebe,10350,sadness,""In that, um, they don't.""";
Roger,10350,surprise,Oh. They don't.;
Phoebe,10350,joy,But they don't see all the wonderfulness that I see.;
Phoebe,10350,sadness,They don't see all the good stuff and all the sweet stuff.;
Phoebe,10350,joy,They just think you're a little...;
Roger,10350,neutral,What?;
Phoebe,10350,neutral,Intense and creepy.;
Chandler,10351,neutral,You got me.;
Chandler,10351,neutral,Yeah. Right.;
"Joey,10351,joy,""Good, and hey! My treat.  But that's only because you're not eating anything, right?""";
Monica,10352,joy,I can’t believe we’re here.;
Chandler,10352,surprise,Oh you’ve got to be kidding me.;
Monica,10352,surprise,What?;
"Front Desk Clerk,10352,neutral,""As a wedding gift to you, the hotel would like to give you the honeymoon suite.""";
Monica,10352,anger,No!! You have been screwing us all day!;
Man,10352,surprise,Who are you?;
Chandler,10352,neutral,We’re you just ten seconds later!;
Monica,10352,anger,You already got the first class tickets.. you got the lounge!;
Monica,10352,anger,I mean we should get free stuff too!;
Monica,10352,anger,I mean you’re not the only ones on your honeymoon!;
Woman,10352,neutral,Well you can have the suite if you want.;
Woman,10352,neutral,We don’t care about where we stay.;
Woman,10352,anger,We’re here to celebrate our love together.;
Woman,10352,anger,We don’t have to get free stuff.;
Woman,10352,joy,We just want to be together.;
Chandler,10352,neutral,We need the stuff.;
Mr. Zelner,10353,joy,Yes!;
"Rachel,10353,neutral,""Okay, well then how about a handshake?""";
Rachel,10353,joy,Oh God I'm sorry!;
"Rachel,10353,joy,""Oh God, I'm sorry!""";
Rachel,10353,fear,I did not mean to touch that—I mean;
Joey,10354,joy,Hey Pheebs!;
Phoebe,10354,joy,Hey!;
Joey,10354,joy,Check it out.  How much of a man am I?!;
Phoebe,10354,fear,Wow! Nice! Manly and also kind of a slut.;
"Ross,10355,neutral,""which brings us back, of course, to Greely’s theory of dominance.""";
"Ross,10355,neutral,""Okay, that-that’s all for today.""";
"Ross,10355,neutral,""Oh, uh does anyone know where the Freeman building is?""";
"Student,10355,neutral,""Yeah, it’s the new building on Avenue A.""";
"Ross,10355,surprise,""What?! That-that’s all the way cross town, I’m supposed to teach a graduate seminar there in ten minutes.""";
"Student,10355,neutral,""Ooh, dude. That’s not gonna happen.""";
Ross,10355,anger,Move it! Move it! Move it!! Hey!!! I’m the teacher!!;
Phoebe,10356,neutral,Jason?;
"Jason,10356,neutral,""Yeah, come on in.""";
"Jason,10356,neutral,""So Phoebe, you ah, sounded kinda serious on the phone, is ah, is anything wrong?""";
Mark,10357,surprise,No. And I don’t think I’m gonna want to.;
Rachel,10357,sadness,I can’t do this.;
"Mark,10357,sadness,""Yep. Yep, that’s what I didn’t want to know.""";
"Rachel,10357,sadness,""Well, oh, Mark, I’m doing this for the wrong reasons, y'know?""";
Rachel,10357,sadness,I’m just doing it to get back at Ross.;
"Rachel,10357,sadness,""I’m sorry, it’s not very fair to you.""";
Mark,10357,surprise,Ahh!;
"Joey,10357,sadness,""Fair, shmair""";
Mark,10357,neutral,Y'know?;
"Mark,10357,neutral,""Look, if you want to get back at Ross, I am here for you.""";
Mark,10357,surprise,Really?;
"Mark,10358,neutral,""No-no, I say-I say, I say we get back at him right on this couch.""";
Mark,10358,anger,Right here!;
Rachel,10358,sadness,Oh God. I’m sorry about this.;
Mark,10358,neutral,That’s okay.;
Rachel,10358,joy,You sure?;
Mark,10359,neutral,Yeah. I can just go home and get back at him by myself.;
Joey,10360,joy,Here she is! Future fashion superstar!;
"Rachel,10360,neutral,""Oh Joey, I’m hardly a""";
Joey,10360,joy,My little sister Dina!;
Chandler,10361,neutral,And here we go;
"Joey,10361,disgust,""I saw this movie once where there was a door and no one knew what was behind it, and when they finally got it open millions and millions and millions of bugs came pouring out and they feasted on human flesh.""";
Joey,10361,joy,Y’know it wouldn’t kill ya to respect your wife’s privacy!;
Joey,10361,anger,Stupid closet full of bugs!;
"Rachel,10361,fear,""Joey. Joey, something feels weird and not good weird. I don’t—Whoa!!""";
"Joey,10361,neutral,""When my sisters were pregnant they got every weird feeling in the book, it was always nothing.""";
Rachel,10361,neutral,Really?;
Joey,10361,neutral,Absolutely.;
"Joey,10361,neutral,""Okay Rach-Rach-Rach look at me, look at me, everything’s gonna be fine, trust me.""";
Joey,10361,neutral,Take my hand.;
Joey,10361,neutral,Here we go.;
Joey,10361,surprise,Oww crushing bones!;
Phoebe,10362,neutral,Oh hello.;
"Guy,10362,surprise,""Oh, it’s you. I see you everywhere. I’m Jim, Jim Nelson.""";
"Phoebe,10362,neutral,""Oh Jim, Jim Nelson I’m Phoebe, Phoebe Buffay. We certainly have been seeing a lot of each other lately.""";
"Jim,10362,neutral,""We have. Maybe we’ll be seeing each other at dinner tomorrow night, say around 8 o’clock?""";
"Phoebe,10362,joy,""Well, maybe we will.  Oh!""";
"Phoebe,10363,anger,""Well, that’s not something a girl wants to hear.""";
"Ross,10363,joy,""No, come on don’t start.  Ouch!""";
Phoebe,10363,sadness,What?;
Ross,10363,sadness,Stupid balls are in the way.;
Ross,10363,neutral,Oh well. It probably would’ve been the most constructive solution.;
Phoebe,10363,neutral,You have chalk on your face.;
Ross,10364,joy,Huh?;
"Phoebe,10365,sadness,""Oh, Ross you’re right, I don’t know why I always thought this was real grass.""";
"Monica,10365,joy,""Hey, are you okay?""";
Ross,10365,sadness,My wife’s a lesbian.;
Joey,10365,joy,Cool!!;
"Joey,10365,sadness,""Ross, Joey. Joey, Ross.""";
Monica,10366,joy,Hey! Where ‘ya headin’ in those pants? 1982?;
"Joey,10366,neutral,""Oh Monica, listen, I ah, I saw down at the hardware store, they got those designer tiles on sale.""";
Joey,10366,neutral,If you ever want to redo the bathroom floor.;
"Monica,10366,surprise,""Why, what’s wrong with my bathroom floor?""";
"Joey,10366,disgust,""Nothing. It’s just old and dingy, that’s all.""";
Monica,10366,anger,I highly doubt that.;
"Joey,10366,disgust,""Oh yeah. If you ah, move your hamper, you see what color the tile used to be.  Yeah.""";
Monica,10366,fear,I can’t live like this! What are we gonna do? What are we gonna do?;
Joey,10366,neutral,Relax. Here hold this . This old stuff just comes right off.;
Monica,10366,disgust,That’s a little more than I wanted to see.;
Joey,10366,surprise,Aw!;
"Joey,10366,surprise,""Look at that, every inch of this stuff is glued down.""";
Joey,10366,joy,It’d take forever to pry this up.;
"Joey,10366,neutral,""You should ah, you should just leave it.""";
Monica,10366,anger,I can’t leave it! You gouged a hole in my dingy floor.;
Joey,10366,neutral,Eh! There you go.;
"Monica,10366,anger,""You know that’s nice, y'know we could put it back there after the surgeons remove it from your colon!""";
Phoebe,10367,neutral,Hi.;
Monica,10367,anger,Hi!;
All,10367,joy,Hey!;
"Joey,10367,neutral,""Uh, Pheebs, about your mom...""";
Phoebe,10367,surprise,Yeah?;
Joey,10367,neutral,How’s that going?;
"Phoebe,10367,joy,""So great. Oh, we took a nap today and my Mom fell asleep on my tummy and purred.""";
Joey,10367,neutral,That’s so sweet.  I’m gonna get some coffee.;
Monica,10367,surprise,Huh? What’d ya say Joe? I’ll be right there.;
Rachel,10367,neutral,Pheebs...;
"Phoebe,10367,neutral,""I just feel so, uhh.....""";
Rachel,10367,joy,All right!!;
Chandler,10367,joy,I’m coming already!!;
Rachel,10368,surprise,Really?! You think that will work?;
"Joey,10368,joy,""Absolutely! And if it doesn’t, can I get the extra ticket?""";
Joey,10368,surprise,What the heck is that?;
Phoebe,10369,neutral,Hello.;
"Joey,10370,joy,""Hey, Pheebs! It’s Joey!""";
"Phoebe,10370,joy,""Hey, Joey!""";
Phoebe,10370,joy,Hey!;
Phoebe,10370,joy,Ooh!;
Phoebe,10370,joy,Ooh!;
Phoebe,10370,neutral,I just say someone on the—that looks just like you on the subway.;
"Phoebe,10370,joy,""And I was gonna go over and say ‘hi!’ but then I figured, he doesn’t care if he looks like you.""";
"Joey,10370,neutral,""That just cost me four bucks. But uh listen, I just called to see how the chick and the duck are doing?""";
"Phoebe,10370,joy,""Ohh, they’re having a""";
"Joey,10370,joy,""Kinda, but I’ve just been having way too much fun.""";
Phoebe,10370,surprise,So you’re not homesick yet?;
"Joey,10370,neutral,""No, I don’t think so.""";
"Phoebe,10370,joy,""All right, the seven of us miss you.""";
Joey,10371,neutral,No.;
Ross,10371,neutral,You’ll see.;
"Emily,10371,neutral,""Liam, do me a favour. Tell the lads to go easy on Ross, it’s his first time.""";
Liam,10371,surprise,You don’t say!;
"Emily,10371,joy,""Good luck, babe.""";
Liam,10371,joy,Ross! Ross! Come on! Get in here!  Ross! Come on!;
"Liam,10371,anger,""Ross, come on! Get in the bloody scrum! Ross, get in!""";
Ross,10371,joy,JOEY!!!!!!;
Monica,10372,anger,I don’t believe you spent my wedding fund on the beach house!;
"Mrs. Geller,10372,neutral,""We’re sorry honey, but we just assumed if you got married after you turned 30 you’d pay for it yourself.""";
Joey,10373,anger,Come on! Admit it! That was the best nap you ever had!;
Ross,10373,neutral,I’ve had better.;
Joey,10373,anger,Okay! When?!;
Ross,10373,joy,All right! All right! It was the best nap ever!;
Joey,10373,anger,Uh-huh!;
Ross,10373,anger,I’ve said it! Okay?! But it’s over Joey!;
Joey,10373,anger,I want to do it again.;
Ross,10373,neutral,We;
Joey,10373,neutral,Why not?;
Ross,10374,disgust,Because it’s weird!;
Joey,10375,anger,Fine! Do you want something to drink?;
"Ross,10375,neutral,""Sure, what do you got?""";
Joey,10375,neutral,Warm milk and;
Phoebe,10376,neutral,Are you okay?;
Rachel,10376,neutral,I need some milk.;
"Phoebe,10376,anger,""Ok, I've got milk  Here you go...  Oh! Better?""";
Rachel,10376,sadness,No...;
"Phoebe,10376,surprise,""I'm so embarrassed, I'm the one he hit on!""";
"Rachel,10376,neutral,""Pheebs, if I had never met him this never would have happened!""";
Phoebe,10376,sadness,I'm so sorry! No I'm sorry! No I'm sorry! No I'm sorry!;
"Phoebe,10376,surprise,""No, wait, oh, what are we sorry about?""";
"Rachel,10376,sadness,""I don't know...right, he's the pig!""";
Phoebe,10376,disgust,Such a pig!;
"Rachel,10376,disgust,""Oh, God, he's such a pig,""";
Phoebe,10376,disgust,Oh he's like a...;
Rachel,10376,disgust,He's like a big disgusting...;
Phoebe,10376,neutral,...like a...;
Rachel,10377,disgust,...pig...pig man!;
"Phoebe,10378,anger,""Yes, good! Ok...""";
"Rachel,10378,anger,""Oh, but he was my pig man...how did I not see this?""";
"Phoebe,10378,sadness,""Oh! I know!  It's because... he's gorgeous, and he's charming, and when he looks at you...""";
"Rachel,10378,neutral,""Ok, Ok, Pheebs...""";
Phoebe,10378,neutral,The end.;
"Rachel,10378,joy,""Oh, God...""";
Phoebe,10378,surprise,Should I not have told you?;
"Rachel,10378,neutral,""No, no, trust, me, it's, it's, it's much better that I know.""";
"Rachel,10378,sadness,""Uh, I just liked it better before it was better...""";
"Phoebe Sr,10379,neutral,""Well, yes, it’s kind’ve an unusual house.""";
"Phoebe Sr,10379,neutral,""It has umm, three beautiful bedrooms and ah, no baths.""";
"Phoebe Sr,10379,neutral,""But y'know, the ocean is right there.""";
"Phoebe,10379,neutral,""Knock, knock, knock.""";
"Phoebe Sr,10379,neutral,""Ah, oh, hang on a second.  Come in, come in.  All right, so think about it, and call me back.""";
"Phoebe,10379,neutral,""Are you ah, Phoebe Abott?""";
"Phoebe Sr,10379,neutral,""Ahh, yes.""";
"Phoebe,10379,joy,""Hi Phoebe Abott, I’m your best friends daughter!""";
Phoebe Sr,10379,surprise,You’re Erwin’s daughter?!;
"Phoebe,10379,neutral,""No, I-I mean your-your old best friend, here.  Lily, from high school. Remember?""";
"Phoebe Sr,10379,surprise,""Oh gosh, Lily, yes. Of course I remember Lily. I... Then you must be?""";
"Phoebe,10379,sadness,""Phoebe.  Phoebe. Phoebe, yeah. She named me after you I guess.""";
"Phoebe Sr,10379,surprise,""Uh-huh. Wow! Well, look! There’s Frank.""";
"Chandler,10380,neutral,""Dude, you have got to turn on""";
Joey,10380,neutral,Let’s go watch it at your place.;
"Chandler,10381,neutral,""Nah, Monica’s watching some cooking show. Come on, I don’t want to miss when they were skinny.""";
"Joey,10382,joy,""Chandler, Chandler, y’know what we should do? You and I should go out and get some new sunglasses.""";
"Chandler,10382,joy,""What? No, I want to watch this. . Did your cable go out?""";
"Joey,10382,neutral,""No, that’s""";
"Chandler,10382,sadness,""Joey, why is your cable out?""";
"Joey,10382,sadness,""I uh, oh! Because, uh, I haven’t really paid the bill""";
"Chandler,10382,neutral,""If you need money, will you please-please just let me loan you some money?""";
"Joey,10382,neutral,""No, Chandler.""";
"Joey,10382,anger,""Look, forget about it, okay?""";
"Joey,10382,sadness,""Look, I know things have been a little tight since Janine moved out.""";
"Joey,10382,joy,""Oh, was she hot.""";
Chandler,10382,joy,Whoa ho.;
Joey,10382,surprise,I know!;
"Joey,10382,neutral,""Yeah, but, look I can handle it.""";
Joey,10382,neutral,All right?;
"Joey,10382,neutral,""Look, I can listen to the radio, huh?""";
Joey,10382,neutral,And Ross gave me this great book (holds up the;
Joey,10382,neutral,Sure.;
Chandler,10382,neutral,Paid your phone bill?;
Joey,10382,neutral,Not so much.;
"Chandler,10383,neutral,""Oh good, okay, I can't take it anymore.""";
Chandler,10383,anger,I can't take it anymore.;
"Chandler,10383,anger,""So you win, okay?""";
Chandler,10383,anger,Here!;
Chandler,10383,anger,Pheebs?;
Chandler,10383,surprise,Flying a jet?;
Chandler,10383,neutral,Better make it a spaceship so that you can get back to your;
"Ross,10384,joy,""Hey everybody, Pheebs is here!""";
Joey,10384,joy,Phoebe!;
"Chandler,10384,joy,""Hey, Pheebs!""";
"Rachel,10384,joy,""Phoebe, woo!""";
Joey,10385,anger,What?! What good is that gonna do anybody?;
"Phoebe,10385,sadness,""Well, it helps the bee look tough in front of his bee friends. The bee is happy and I am definitely not.""";
"Joey,10385,neutral,""Now, y'know the bee probably died after he stung ya.""";
"Phoebe,10385,surprise,""Aw, dammit!""";
Stage Director,10385,neutral,Back on in 30 seconds people!;
"Joey,10385,neutral,""Hey, excuse me, would you mind switching with me?""";
"PBS Volunteer,10385,anger,""Hey, no way, I'm in the shot man.""";
Joey,10385,anger,Come on man! You've been here all day!;
"PBS Volunteer,10385,neutral,""Yeah, I-I'm taking pledges here, eh?""";
"Stage Director,10385,neutral,""We're on in 3, 2,""";
Gary Collins,10385,neutral,Welcome back to our fall telethon. Now if you've been enjoying the performance of;
Rachel,10386,neutral,Ah.;
Phoebe,10386,neutral,Yeah.;
"Rachel,10386,neutral,""I go see my doctor tomorrow, I’ll ask her about this.""";
Rachel,10386,neutral,Maybe she can give me a pill or something.;
"Phoebe,10386,neutral,""Yeah. Yeah, that’s what you need a good…pill.""";
Chandler,10387,neutral,What are you writing?;
"Rachel,10387,neutral,""Well, Joshua’s coming in tomorrow and since I don’t have the guts to ask him out, I’m going to sell him a coat and put this note in the pocket.""";
"Chandler,10387,neutral,""Oh yeah?  Joshua, give me a call sometime, guys like you  never go out of style—what did you throw away?""";
Chandler,10387,joy,Hi guys!;
All,10387,neutral,Hey!;
"Joey,10387,neutral,""Hey, what have you guys been up too?""";
"Ross,10387,neutral,""Oh, we went to see a collection of Victorian doorknobs and the Cupert-Hewitt museum.""";
Chandler,10387,surprise,Without me?!;
"Emily,10387,surprise,""My uncle dragged us there. But, it actually it turned out to be really interesting.""";
Ross,10387,neutral,Yeah.;
"Emily,10387,surprise,""They were so ornate and beautiful, I mean look at that!""";
"Carl,10388,disgust,""I'm just sayin', if I see one more picture of Ed Begley, Jr. in that""";
Ross,10388,surprise,I can't believe you'd rather go out with him than me.;
"Rachel,10388,anger,""Would you excuse me, please? I'm trying to have a date here.""";
"Ross,10388,joy,""Fine, just stop thinking about me.""";
"Ross,10388,neutral,""Can't do it, can you?""";
Rachel,10388,neutral,So I'm thinking about you. So what?;
"Ross,10388,surprise,""I don't get it. What do you see in this guy, anyway?""";
Rachel,10388,neutral,Well... he happens to be a very nice... guy....;
"Carl,10388,neutral,""I mean, come on, buddy, get a""";
"Ross,10388,neutral,""Rachel, come on. Give us a chance.""";
"Rachel,10388,sadness,""Ross, it's too hard.""";
"Ross,10388,neutral,""No, no, no... why, because it might get weird for everyone else?""";
Ross,10388,neutral,Who cares about them.;
Ross,10388,neutral,This is about us.;
"Ross,10388,neutral,""Look, I-I've been in love with you since, like, the ninth grade.""";
"Rachel,10388,joy,""Ross, you're like my best friend.""";
Ross,10388,neutral,I know.;
"Rachel,10388,fear,""If we broke up, and I lost you...""";
"Rachel,10388,sadness,""Ohh, God.""";
"Ross,10389,neutral,""Hello?  No she can’t come to the phone right now.  Oh, right no problem. Okay, bye-bye.""";
Phoebe,10389,fear,Was it my work? Were they mad? Was it Jack? Did he yell?!;
"Ross,10389,neutral,""J-j-just relax, nobody yelled. Jack just was calling to make sure that""";
Phoebe,10389,joy,Thank God.;
"Ross,10389,neutral,""Yeah, she’s fired.""";
"Phoebe,10390,anger,""...DUMB, DRUNKEN, BITCH!!!   Thank you, thanks.""";
"Ross,10390,neutral,""Hey, here’s a question";" where did you guys get the finest oak East of the Mississippi?"""
"Chandler,10390,neutral,""Uh-huh, first you tell us where you got the prettiest lace in all the land.""";
Ross,10390,neutral,I’m reading your ad.;
"Joey,10390,sadness,""Looks good, uh?""";
Ross,10390,neutral,Yeah.;
"Chandler,10390,neutral,""Stunning entertainment center. Fine,  fine Italian craftsmanship.""";
"Phoebe,10390,surprise,""Oh my God, you guys are selling the entertainment center?""";
Rachel,10390,joy,Why? I love that thing.;
Chandler,10390,neutral,You want it?;
Phoebe and Rachel,10390,disgust,Oh no.;
"Chandler,10390,surprise,""Ahh, Gepeto, $5,000 dollars? Are you insane?""";
"Joey,10390,neutral,""Hey, the ad alone cost 300 bucks!""";
"Chandler,10390,neutral,""All right look, I’m changing it to 50 bucks, or your best offer.""";
Joey,10390,anger,What kind of profit is that?! And you call yourself an accountant.;
Chandler,10390,neutral,Nooo.;
Joey,10390,surprise,Oh. What do you do?;
"Joey,10391,neutral,""That's right Ross, I can see you in your new apartment!""";
Joey,10391,neutral,And you can see me!;
"Joey,10391,neutral,""Same as yesterday,  same as the day before.""";
Monica,10391,neutral,Is he doing his shark attack bit yet?;
"Joey,10391,neutral,""Nope. Op, wait! There he goes.""";
Joey,10392,neutral,Hey!;
Chandler,10392,neutral,Hey!;
Monica,10392,neutral,Hey!;
Joey,10392,surprise,What are you guys doing up?;
"Chandler,10392,neutral,""Oh, we wanted to finish the crossword before we went to bed. Hey, do you know a six-letter word for red?""";
"Chandler,10392,neutral,""Yeah, I think that's wrong, but there's a Connect the Dots in here for you later.  Hey, how about maroon?""";
"Monica,10392,joy,""Yes, you are so smart!""";
"Joey,10392,joy,""Aww, you guys are so cute!""";
Monica,10392,neutral,I know.;
"Joey,10392,neutral,""All right, I'll see you in the morning.""";
Monica,10392,neutral,Okay.;
Ross,10393,disgust,What's with her?;
Joey,10393,neutral,I don't know.;
"Joey,10393,neutral,""But hey, I know we can decide.""";
"Joey,10393,neutral,""Okay, I'm gonna ask you questions and you answer real quick.""";
Joey,10393,neutral,Okay?;
Ross,10393,neutral,Okay.;
Joey,10393,neutral,What do you like better action or comedy?;
Ross,10393,neutral,Action.;
Joey,10393,neutral,Who would you rather sleep with Monica or Rachel?;
"Ross,10393,disgust,""Dude, you are sick.""";
"Joey,10393,surprise,""Oh, I'm sorry. I forgot you had that whole Rachel thing.""";
"Rachel,10394,surprise,""I mean, this is unbelievable.""";
"Phoebe,10394,surprise,""I know. This is really, really huge.""";
Chandler,10394,neutral,No it's not. It's small. It's tiny. It's petite. It's wee.;
"Chandler,10394,disgust,""OK, is there a mute button on this woman?""";
Rachel,10395,neutral,More than jewelry.;
Joey,10396,neutral,Hi! I’m Dr. Drake Remoray and I have a few routine questions I need to ask you.;
Man,10396,surprise,Really? I’ve been dealing with Dr. Wells.;
"Joey,10396,neutral,""I know, but I’m a neurologist.""";
"Joey,10396,neutral,""And just to be on the safe side, Dr. Wells wanted a more comprehensive overview of you status so he sent me.""";
Man,10396,surprise,Dr. Wells is a woman.;
"Joey,10396,neutral,""That was a test. Good response. All right, full name.""";
Man,10396,neutral,Clifford Burnett.;
Joey,10396,neutral,Date of birth?;
Cliff,10396,neutral,November 16;
Joey,10396,neutral,Age?;
Cliff,10396,anger,Can’t you figure that out based on my date of birth?;
"Joey,10396,neutral,""I’m a doctor Cliff, not a mathematician.""";
Cliff,10396,neutral,I’m 33.;
"Joey,10396,neutral,""Okay. And uh, are you married.""";
Cliff,10396,neutral,No.;
"Joey,10396,surprise,""Oh really? So, 33 and still single, would you say you have commitment issues?""";
Cliff,10396,surprise,Are all the questions this personal?;
Joey,10396,neutral,Yes.;
Cliff,10396,sadness,Well uh if you must know I’m a widower.;
Joey,10396,sadness,Oh that’s terrible. I’m-I’m really sorry.;
Cliff,10396,neutral,Yeah.;
Joey,10396,neutral,Hmm. Do you sleep with women and never call them again?;
Cliff,10396,neutral,No.;
"Ross,10397,neutral,""Chandler Muriel Bing. Boy, your parents never gave you a chance did they?""";
"Phoebe,10398,joy,""Hey! You guys, I’m writing a holiday song for everyone. Do you want to hear it?""";
"Rachel,10398,joy,""Pheebs, that’s great!""";
"Phoebe,10398,joy,""Oh, yay!""";
"Rachel,10398,neutral,""But y’know umm, Rachel doesn’t rhyme with draddle.""";
Phoebe,10398,disgust,I know but it’s so hard! Nothing rhymes with your stupid name!;
Joey,10398,neutral,What are you talking about? Lots of things rhyme with Rachel. Bagel. Mail. Jail. Bail. Able. May-pole.;
"Phoebe,10398,neutral,""All good, thanks.  Do you maybe have a nickname have like a nickname that’s easier to rhyme?""";
Monica,10398,neutral,Didn’t your dad used to call you Pumpkin?;
Joey,10399,neutral,Okay.;
"Joey,10399,neutral,""Okay, I can do this.""";
Joey,10399,neutral,I can tell her how I feel.;
"Joey,10399,fear,""Just uh, just stand up straight.""";
Joey,10399,fear,Take a couple deep breaths.;
Joey,10399,fear,Look confident.;
Rachel,10399,neutral,Joey? What’s up?;
"Joey,10399,fear,""I uh, I just came by because I-I want to talk to you about something.""";
Rachel,10399,neutral,Okay what’s up?;
"Chandler,10400,neutral,""What I do do…is manage to uh, create an atmosphere of support for the people working with me.""";
Phoebe,10400,neutral,I see. Nice sidestep on the do do thing by the way.;
Chandler,10400,neutral,Hardest thing I’ve ever done in my life.;
Phoebe,10400,neutral,You gotta go!;
Chandler,10400,neutral,Oh!;
"Phoebe,10400,neutral,""Okay, don’t worry. You’re ready.""";
Chandler,10400,surprise,Really?;
Phoebe,10400,neutral,Absolutely! Just fight all your natural instincts and you’ll be great.;
"Monica,10401,neutral,""Now, Mom, everything's going fine, really.""";
"Monica,10401,neutral,""Yeah, Ross is great.""";
"Monica,10401,neutral,""He's uh, he's in a whole other place.""";
"Monica,10401,neutral,""No, he's gone.""";
"Monica,10401,neutral,""No no, you don't have to fly back, really.""";
Monica,10401,surprise,What do you mean this might be your only chance?;
Monica,10401,anger,Would you stop?;
"Monica,10401,anger,""I'm only 26, I'm not even thinking about babies yet.""";
Chandler,10401,neutral,Where have you been?;
"Joey,10401,joy,""Oh, just had a baby.""";
Chandler,10401,joy,Mazel tov!;
"Ross,10402,joy,""Oh, wow! I should get going. I-I got a date tonight.""";
Chandler,10402,surprise,Oh yeah! With who?;
Ross,10402,neutral,You know that girl I told you about who lives up in Poughkeepsie?;
Ross,10402,neutral,Not her.;
"Ross,10402,neutral,""Yeah, this is someone else I meet, and I-I can’t decide between the two of them.""";
"Ross,10402,neutral,""Y’know the one from Poughkeepsie, even though she’s a two hour train ride away, is really pretty, really smart, and-and a lot of fun.""";
"Ross,10402,neutral,""But this other girl, well, she lives right uptown.""";
"Ross,10402,neutral,""Y’know she’s, well she’s-she’s just as pretty, I guess she’s smart, she’s""";
"Phoebe,10402,neutral,""If she’s no fun, why do you want to date her at all?""";
"Ross,10402,neutral,""Well, I-I want to give her another chance, y’know?""";
Ross,10402,neutral,She lives so close.;
"Ross,10402,neutral,""And, at the end of the date, the other time, she-she said something that was—if she was kidding was very funny.""";
"Ross,10402,anger,""On the other hand, if she wasn’t kidding, she’s not fun, she’s stupid, and kind of a racist.""";
Ross,10402,joy,Hey!;
"Phoebe,10402,joy,""Hey! Ooh, how was your first day working at the restaurant?""";
Joey,10402,joy,Damn!;
Phoebe,10403,neutral,Oh here’s a whole bunch.;
"Rachel,10403,neutral,""Oh, I mean she’s gonna be at the wedding waiting for him and people will be whispering, """"Oh that poor girl.""""""";
Rachel,10403,sadness,Then she’ll have to come back here and live all alone.;
Phoebe,10403,surprise,Oh my God!;
Rachel,10403,surprise,What?;
"Phoebe,10403,surprise,""There was a pregnancy test in the garbage, and it’s positive. Monica’s pregnant.  So I guess she won’t be totally alone.""";
Phoebe,10404,neutral,Hi.;
"Phoebe,10404,sadness,""Listen, I’m sorry about that whole thing with Roger.""";
"Phoebe,10404,anger,""It really wasn’t right, and I, and I want to make it up to you, so umm, I brought you something that I think you’ll really enjoy.""";
"Phoebe,10404,neutral,""Now, this is just a loan.""";
Phoebe,10404,neutral,Okay?;
"Phoebe,10404,neutral,""I’m gonna, I’m gonna want him back.""";
Phoebe,10404,neutral,So…  I’m gonna go now.;
"Phoebe,10404,sadness,""I’m sorry, I thought I could do it and I can’t!""";
"Monica,10405,sadness,""All right, well why don’t I go out with an ex-boyfriend and do Joey a favor?!""";
"Joey,10405,neutral,""Hey, you wanna do Joey a favor, maybe you go out with Joey.""";
"Chandler,10406,neutral,""All right ladies, here’s what we’re gonna do.""";
"Phoebe,10406,anger,""I-I wanna be with her,  I like her.""";
"Chandler,10406,joy,""Oh, that’s fine! Go with your instincts, go with your instincts.""";
"Monica,10406,surprise,""Wait, now, what am I doing again?""";
"Chandler,10406,anger,""Come on! Would you please pay attention, I could wake up at any moment!""";
"The Cigarette Guy,10406,neutral,""Hi, I’m Joshua, I’m here to pick up Rachel.""";
"Rachel,10406,anger,""No-no-no, that’ not Joshua.""";
"Chandler,10406,surprise,""What do you want from me, I’ve never met the guy.""";
"Chandler,10406,sadness,""So anyway, Rachel, I’m sorry you can’t stay,  but the rest of us have a""";
Joey,10407,neutral,How do I look?;
"Chandler,10407,neutral,""Oh, uh, I... don't... care.""";
"Chandler,10407,neutral,""Ok, now, remember, no trading.""";
"Chandler,10407,neutral,""You get the pretty one, I get the mess.""";
"Lorraine,10407,joy,""Hi, Joey. Well well, look what you brought. Very nice.""";
Chandler,10407,neutral,...And what did you bring?;
Lorraine,10407,neutral,She's checking the coats.;
"Lorraine,10407,neutral,""Joey, I'm gonna go wash the cab smell off my hands.""";
"Lorraine,10407,neutral,""Will you get me a white Zinfandel, and a glass of red for Janice.""";
Chandler,10407,surprise,Janice?;
Janice,10407,surprise,Oh.... my.... God.;
"Chandler,10407,neutral,""Hey, it's Janice.""";
"Ross,10408,anger,""Well, okay so, I don’t have it all worked out quite yet. Just don’t say anything to Rachel, please?""";
"Phoebe,10408,neutral,""Rachel is one of my closest friends.  Although, being the only one who knows anything about this does makes me feel special. Okay!""";
"Rachel,10408,sadness,""Okay, stop-stop! Phoebe?!""";
Phoebe,10408,anger,Hey Rach!;
Rachel,10408,surprise,What was that?!;
"Phoebe,10408,neutral,""Sorry, mix up. Hey, how was the movie?""";
Rachel,10408,neutral,I haven’t seen it yet!;
Phoebe,10408,surprise,Well then you’d better hurry! The Angelica! Go! Go!;
Joey,10408,anger,No;
All,10409,joy,Pheebs! Hey Pheebs!;
"Joey,10409,neutral,""Uh, okay, Pheebs?""";
Phoebe,10409,neutral,Yeah?;
"Joey,10409,neutral,""Umm, y'know how the other day you were talking about how you didn't get to go to London and how you were kinda feeling left out?""";
Phoebe,10409,neutral,Yeah?;
"Joey,10409,joy,""All right, well, we felt really bad about that so we decided we should all take a little trip together!""";
"Phoebe,10409,anger,""Ohh, that's so nice! How great! Well, where? Where's the trip?!""";
"Monica,10409,joy,""Well, we thought we would all go to a picnic , in Central Park!""";
"Joey,10409,joy,""Yeah, all of us! All day!""";
Phoebe,10409,disgust,That sucks!;
Phoebe,10409,surprise,That's not a trip!;
Phoebe,10409,anger,I just came from the park!;
Phoebe,10409,anger,What are we gonna high five about at the stupid Central Park?;
"Phoebe,10409,anger,""""""Well, it's right by my house, all right!""""""";
"Chandler,10409,anger,""Well, I'm gonna go home and bask in the triumph of my Central Park idea.""";
"Rachel,10409,surprise,""Ho-ho-hold on a sec there, Mr. Kissey!""";
"Rachel,10409,anger,""Y'know, I've been meaning to talk to you about this whole, little, new European thing you got going on, and I just need to tell you that it makes me very uncomfortable and I just—y'know—stop it!""";
Chandler,10409,sadness,I was just trying to bring a little culture to the group.;
"Phoebe,10409,disgust,""That's fine, just don't bring it in my mouth.""";
Monica,10409,disgust,Makes me wanna puke!;
Phoebe,10410,neutral,Is she in there?;
"Ross,10411,neutral,""Yeah. She’s putting her down now, that’s her.""";
Rachel,10411,neutral,Oh it’s all right.;
Rachel,10412,sadness,I’m guess I’m just done with the whole dating thing.;
Rachel,10412,sadness,It’s one more thing in my life that’s suddenly completely different.;
Rachel,10412,sadness,This is hard.;
Ross,10412,neutral,Yeah I know.;
"Ross,10412,neutral,""On the other hand in um, in about seven months you’re gonna have something that you’re gonna love more than any guy you’ve ever gone out with.""";
Ross,10412,neutral,Just wait.;
"Ross,10412,joy,""Wait until uh, wait until the first time your baby grabs your finger.""";
Ross,10412,joy,You have no idea.;
Rachel,10412,neutral,Thanks sweetie.;
"Ross,10412,neutral,""You wanna, you wanna grab some coffee?""";
"Rachel,10412,sadness,""Oh no, I think I’m gonna go home and eat ten candy bars.""";
"Ross,10412,neutral,""Hey, I thought I cheered you up.""";
"Rachel,10412,neutral,""Oh you did, there are twenty in here.""";
Ross,10412,neutral,Right. Good night.;
Rachel,10412,neutral,Good night.;
Mrs. Geller,10413,neutral,Hi;
Ross,10413,joy,Hi!  Hey mom.;
"Rachel,10413,joy,""This is such a great party! 35 years. Very impressive, do you guys have any pearls of wisdom?""";
Mrs. Geller,10413,surprise,Jack?;
Mr. Geller,10413,surprise,Why would you serve food on such a sharp stick?;
"Ross,10413,neutral,""That’s a good question, dad. That’s a good question""";
an,10413,joy,Congratulations you two!;
Rachel,10413,joy,Thank you…we’re so excited;
"an,10413,joy,""And also, congratulations on your wedding.""";
Ross,10413,surprise,Wha—What?;
Joey,10414,joy,Look at this clown!;
Joey,10414,disgust,Just because he’s got a bigger boat he thinks he can take up the whole river.;
Joey,10414,anger,Get out of the way jackass!;
Joey,10414,disgust,Who names their boat Coast Guard anyway?;
Rachel,10414,neutral,That;
Joey,10414,surprise,What are they doing out here? The coast’s all the way over there.;
Chandler,10415,anger,Hey!;
Phoebe,10415,surprise,Hey! Check it out! This is unbelievable! Joey has been holding his breath for almost four minutes!;
Joey,10415,neutral,Dude! What are yo—you trying to kill me?!;
Monica,10416,anger,Ow!;
"Richard,10416,neutral,""Really?! Well, it’s just like everyone else’s apartment. It’s got rooms, walls, and ceilings.""";
"Richard’s Date,10416,neutral,""Well, I just wanted to see where you lived. Now, give me the tour.""";
Monica,10416,surprise,Oh my God! Oh my God!;
"Richard,10416,neutral,""Ah well, this is the living room.""";
Richard,10416,neutral,All right. This is the kitchen.;
Richard,10416,neutral,The bedroom. Well it’s pretty much your typical...  bedroom.;
Richard’s Date,10416,neutral,We’re still on this side of the door.;
Joey,10416,joy,Ha-ha;
"Richard’s Date,10416,sadness,""Yeah, but I didn’t get to see it.""";
Richard,10416,neutral,Oh shoot! Maybe next time.  Thanks for a lovely evening.;
"Monica,10416,joy,""So um, who was she?""";
"Richard,10416,neutral,""Oh,  that was the blind date that I told you about, she called and switched it to today.""";
"Monica,10416,neutral,""Did you like her? And I’m just asking as a friend, because I am totally fine with this.""";
"Richard,10416,neutral,""Well, you seem fine.""";
"Frank,10417,neutral,""Well, I don’t think this, y'know.""";
"Phoebe,10417,disgust,""No, no, no, I wouldn’t do you myself, I mean that would be weird.""";
"Phoebe,10417,neutral,""Yeah, no, I’ll get one of the other girls to do it.""";
"Phoebe,10417,joy,""Oh, this will be so much fun!""";
Phoebe,10417,surprise,Hey!;
Phoebe,10417,joy,Are you excited?;
"Frank,10417,neutral,""Yeah! Hey, do Monica and Rachel work there?""";
"Phoebe,10418,neutral,""Ok, so now we need, um sage branches and the sacramental wine.""";
"Monica,10418,neutral,""All I have is, is oregano and a""";
"Phoebe,10418,joy,""Um, that's ok!  Ok. All right. Now we need the semen of a righteous man.""";
"Rachel,10418,neutral,""Ok, Pheebs, you know what, if we had that, we wouldn't be doing the ritual in the first place.""";
Monica,10418,neutral,Can we just start throwing things in?;
"Phoebe,10418,neutral,""Ok, yeah, ok.  Oh, OK.""";
"Rachel,10418,neutral,""Ok, Barry's letters. Adam Ritter's boxer shorts.""";
"Phoebe,10418,neutral,""Ok, and I have the, uh receipt for my dinner with Nokululu Oon Ah Ah.""";
"Monica,10418,neutral,""Look, here's a picture of Scotty Jared naked.""";
Rachel,10418,surprise,Hey he's wearing a sweater.;
Monica,10418,neutral,No.;
Rachel and Phoebe,10418,disgust,Eww!;
Rachel,10418,neutral,And here we have the last of Paulo's grappa.;
"Monica,10418,neutral,""Hey, Rachel, isn't that stuff almost pure...""";
"Ross,10419,neutral,""Mona?  Okay, if I were a salmon shirt, where would I be?""";
Mona,10419,sadness,I am so sorry I spilled wine all over your shirt.;
"Mona's Date,10419,neutral,""Oh, it’s okay.""";
"Mona,10419,joy,""No, it’s still wet.""";
Mona,10419,neutral,Let me get it out before it sets.;
"Mona,10419,neutral,""Ooh, I have something you can wear.""";
Mona,10419,neutral,Here.;
"Mona's Date,10419,sadness,""Oh umm, I-I don’t know if I want to wear a woman’s shirt.""";
Mona,10419,neutral,No-no that’s a man’s shirt.;
Mona's Date,10419,neutral,It’s awfully pink.;
"Joey,10420,joy,""Oh, it's perfect!""";
Ross,10420,neutral,How about you?;
Chandler,10420,neutral,It's a kitchen slash bathroom.;
"Ross,10420,neutral,""All right, I see what you guys are saying. I'll uh, I'll go downstairs and fill out an application.""";
Chandler,10420,disgust,We are bad people.;
Joey,10420,surprise,He knew we were trying to get rid of him. He knew!  You think we could get a bathtub in our kitchen?;
Monica,10421,joy,Let’s get the show on it!;
"Rachel,10421,neutral,""Okay, let me just get a cup of coffee.""";
"Monica,10421,neutral,""Oh Rachel, I know the best coffee house and it’s sooo close.""";
Rachel,10421,neutral,Closer than here?;
"Phoebe,10421,neutral,""Oh, hey, look, I found coffee!  Okay, let’s skedaddle.""";
"Rachel,10421,neutral,""Wait, I’m not just gonna drink somebody’s old coffee.""";
"Phoebe,10421,neutral,""Okay, your highness.""";
"Phoebe,10421,surprise,""Um, Rachel I’m really sorry.  That’s okay, do you wanna get back together?  Yeah, okay.  Did anyone else hear that?!""";
Lydia,10422,surprise,So how did you know I was even here?;
Guy,10422,neutral,Your mom called me. So is this her?;
"Lydia,10422,neutral,""No, this is a loaner.""";
Guy,10422,neutral,I'm sorry you had to do this by yourself.;
"Lydia,10422,neutral,""I wasn't by myself. I had a doctor, a nurse, and a helper guy.  So, did you see who won the game?""";
"Guy,10422,neutral,""Yeah, the Knicks by 10. They suck.""";
"Lydia,10422,neutral,""Yeah, they're not so bad.""";
"Phoebe,10423,neutral,""I’m sorry I won’t be able to make it to your imaginary wedding, but I’m""";
"Rachel,10423,surprise,""I know. I know. I panicked, I panicked. I didn’t want him to start yelling at me like I was some ’74 Latour.""";
Phoebe,10423,sadness,It’s Lafite. The ’74 Latour is actually drinking quite nicely.;
"Rachel,10423,fear,""All right here he comes. I’m gonna do this, I’m gonna tell him, I’m gonna be strong.""";
Dr. Green,10423,neutral,I just called a friend of mine.;
Rachel,10423,surprise,Yeah?;
Dr. Green,10423,neutral,I think I may be able to book;
Rachel,10423,surprise,Really?!;
Dr. Green,10423,joy,What is it sweetie?;
Rachel,10423,sadness,There’s not gonna be a wedding. Ross and I are not getting married.;
Rachel,10423,sadness,I’m sorry daddy.;
Dr. Green,10423,neutral,I don’t believe this!!;
"Rachel,10423,fear,""Oh now daddy, stay calm. Please.""";
Dr. Green,10423,anger,Stay calm?!!;
Dr. Green,10423,anger,How do you expect me to stay calm?!;
Dr. Green,10423,anger,This is unacceptable Rachel!;
Dr. Green,10423,anger,And I wanna know why?!!;
Dr. Green,10423,anger,Is it because that punk Ross won’t marry you?!;
Dr. Green,10423,anger,That’s it!;
Dr. Green,10423,anger,Is that it?;
"Rachel,10423,sadness,""Yes. Yes, he says I’m damaged goods.""";
"Phoebe,10424,surprise,""So, you’re like a zillionaire?""";
Chandler,10424,surprise,And you’re our age. You’re our age.;
"Phoebe,10424,neutral,""Y'know what, you should like, you should buy a state and then just name it after yourself.""";
Pete,10424,neutral,What like Pete Dakota?;
"Phoebe,10424,neutral,""Yeah, or, or, or, Mississ-Pete.""";
"Joey,10424,neutral,""Oh, oh, I got it! Pete-Chicago.""";
Chandler,10424,neutral,That’s not a state Joe.;
"Joey,10424,neutral,""Oh, and Mississ-Pete is?""";
"Pete,10424,neutral,""I got to go, so ah, I’ll see you guys later.""";
All,10424,neutral,Okay.;
Chandler,10424,surprise,You’re our age!;
"Pete,10424,neutral,""So ah, we on for tomorrow?""";
Monica,10424,joy,Absolutely!;
Monica,10424,joy,Now get out of here you!!;
"Monica,10424,anger,""Okay, I’m running out of places I can touch him!""";
"Monica,10424,sadness,""Look, is there something wrong with me?""";
Monica,10424,sadness,I mean why am I only attracted to guys where there’s no future?;
"Monica,10424,sadness,""Either they’re too old, or they’re too young, and then there’s Pete who’s-who’s crazy about me, and who’s absolutely perfect for me, and there’s like zip going on!""";
"Monica,10424,sadness,""I mean, seriously, does it sound like something’s wrong with me?""";
Ross and Joey,10424,neutral,No.;
"Phoebe,10425,neutral,""Okay, I’m gonna go get Frank.""";
"Joey,10425,neutral,""So, we’re walking down the street and I turn to you and I say, “Hey, let’s go hang out at Totally Nude Nudes,” remember?""";
"Joey,10425,joy,""And then, and then, you turn to me and say, “Nah, let’s just hang out at your place.” Well, that was a nice move dumb ass.""";
"Phoebe,10426,neutral,""Yeah, I think it was better when you guys were sad. Hey, uh, remember the roller blades?""";
Rachel,10426,anger,You know what else I’m not gonna miss?;
"Rachel,10426,anger,""""""I’m Monica.""";
Rachel,10426,anger,I wash the toilet 17 times a day.;
"Rachel,10426,anger,""Even if people are on it!""""""";
"Monica,10426,anger,""""""Hi I’m Rachel, is my sweater too tight? No? Oh, I’d better wash it and shrink it!""""""";
"Rachel,10426,anger,""""""I’m Monica, I don’t get phone messages from interesting people. Ever!""""""";
Phoebe,10426,joy,Hey! I call her!;
"Monica,10426,anger,""""""Oh my God, I love Ross! I hate Ross! I love Ross! I hate Ross!""""""";
"Rachel,10426,anger,""""""Oh my God, I can’t find a boyfriend!""";
"Rachel,10426,anger,""So I guess I’ll just stumble across the hall and sleep with the first guy I find in there!""""""";
"Phoebe,10426,neutral,""Yeah, we should get a move on if we wanna make those dinner reservations.""";
"Ross,10427,neutral,""Item J437-A, color: winterberry.""";
"Ross,10427,neutral,""Hi umm, listen come here, come in.""";
Ross,10427,sadness,I’m so-so sorry about yesterday.;
Ross,10427,sadness,I-I’m really sorry.;
Ross,10427,joy,It’s just that I;
"Mona,10427,neutral,""Listen Ross, you don’t have to apologize. I understand why you were there.""";
Ross,10427,surprise,You do?;
"Mona,10427,sadness,""Yeah, you still have feelings for me.""";
"Mona,10427,joy,""And-and to be honest, I-I still have feelings for you.""";
"Mona,10427,sadness,""And I wish that we can work it out Ross, but we can’t.""";
"Mona,10427,sadness,""It’s too complicated with you and Rachel and the baby, I-I just… It just wasn’t meant to be.""";
Ross,10427,joy,Oh God you’re right.;
"Mona,10427,sadness,""Ross, we…we have to be strong. Okay, I-I’m gonna go.  Can I? To remember you?""";
Ross,10427,neutral,No.;
"Phoebe,10428,neutral,""I’m telling you, if you want to take care of that thing, you should go to my herbal guy.""";
"Ross,10428,neutral,""Thank you, but I want to remove it Pheebs. I don’t want to make it savory.""";
"Monica,10428,neutral,""Y'know when girls sleep with guys with weird things on their body, they tell their friends about it.""";
Ross,10428,neutral,Gimme this.;
"Rachel,10428,neutral,""Hi! Okay, don’t be mad at me, but I couldn’t resist.""";
Monica,10428,surprise,Brides magazines?;
"Rachel,10428,neutral,""Yes, and I know that you’d say no if he asked you, but I’m sorry";" how great would you look walking down the aisle in this Donna Carin."""
"Phoebe,10428,sadness,""Oh, you so would! Oh, you should get that anyway.  Like for clubbing.""";
"Monica,10428,surprise,""It is so weird, I know what I said, but uh, this morning, I was lying in bed I was, I was imagining what it would be like to say yes.""";
"Monica,10428,joy,""I know it’s a little sudden, and it’s a little rushed, and it’s totally not like me to do something like this, but that doesn’t mean I can’t.""";
Monica,10428,joy,Right?;
"Monica,10428,joy,""I mean I’m-I’m crazy about Pete, and I know that we want the same things, and when I thought about saying yes, it made me really happy.""";
Rachel,10428,surprise,Oh my God.;
Monica,10428,neutral,I know.  I need more pie.;
"Phoebe,10428,neutral,""Hey Mon umm, if you do get married, can I bring two guests?""";
Rachel,10428,surprise,You didn’t break up with that fireman?;
"Phoebe,10428,neutral,""No, that was my way of telling you.""";
"Phoebe,10428,neutral,""Well, it turns out he’s incredibly sensitive, he keeps a journal and he paints.""";
Phoebe,10428,neutral,He even showed me charcoal drawings that he drew of me.;
Rachel,10428,surprise,Wow!;
"Phoebe,10428,neutral,""Yeah, well he’d prefer water colors, but y'know, he has easy access to a lot of charcoal.""";
"Monica,10428,neutral,""So then, are you going to dump Jason?""";
"Phoebe,10428,neutral,""Well, yeah, because I have to break up with someone, and… Okay so Jason is sensitive,  but now so’s Vince  Plus, Vince has the body y'know?""";
Phoebe,10428,neutral,So… It’s really just about the math.;
"Mike,10429,neutral,""Ok, so it's a tie again, 41 to 41.""";
"Chandler,10429,anger,""Ok, look! Enough is enough!""";
"Monica,10429,joy,""No, I have just to have two more points to beat him!""";
"Chandler,10429,neutral,""Monica, that was also true an""";
Monica,10429,anger,I can't just walk away! I've put in four hours!;
Monica,10429,neutral,You knew this about me when you married me!;
Monica,10429,neutral,You agreed to take me in sickness and in health.;
"Monica,10429,anger,""Well, this is my sickness!""";
"Joey,10430,neutral,""Oh yeah-yeah, the lobster.""";
"Rachel,10430,neutral,""Yeah, I mean I was up sick all night.""";
"Joey,10430,neutral,""Yeah me too, all night.""";
Rachel,10430,surprise,Really?! How come we didn’t cross paths?;
"Joey,10430,neutral,""Yeah well that’s because uh…I stayed in my room. Yeah, you don’t want to look in my hamper.""";
Chandler,10431,surprise,I can’t believe there is a naked hooker in there!;
Joey,10431,surprise,Wait! Wait! Maybe she’s a hooker;
"Phoebe,10432,neutral,""Yeah, okay let’s leave these two alone.""";
"Rachel,10432,disgust,""No! I do not care what my hormones are doing, I am not going to just do it with some random guy!""";
Phoebe,10432,anger,Fine! Then you tell Roger because he was really looking forward to this!;
Julie,10433,neutral,So.;
Rachel,10433,neutral,So.;
Rachel,10433,neutral,I just thought the two of us should hang out for a bit.;
"Rachel,10433,neutral,""I mean, you know, we've never really talked.""";
"Rachel,10433,neutral,""I guess you'd know that, being one of the two of us, though, right?""";
"Julie,10433,fear,""I know, I probably shouldn't even tell you this, but I'm pretty much totally intimidated by you.""";
Rachel,10433,surprise,Really? Me?;
"Julie,10433,surprise,""Oh my god, are you kidding?""";
"Julie,10433,anger,""Ross is so crazy about you, and I really wanted you to like me, and, it's probably me being totally paranoid, but I kinda got the feeling that maybe you don't.""";
"Rachel,10433,neutral,""Well, you're not totally paranoid.""";
Julie,10433,joy,Oy.;
"Rachel,10433,sadness,""Um, ok, uh, oh god, um, when you and uh Ross first started going out, it was really hard for me, um, for many reasons, which I'm not gonna bore you with now, but um, I just, I see how happy he is, you know, and how good you guys are together, and um, Monica's always saying how nice you are, and god I hate it when she's right.""";
"Julie,10433,neutral,""Thanks. Hey, listen, would you like to go to a movie sometime or something?""";
"Rachel,10433,joy,""Yeah, that'd be great. I'd love it.""";
"Julie,10433,neutral,""I'd love it too. Shoot, I gotta go. So, I'll talk to you later.""";
"Rachel,10433,neutral,""All right, Julie.""";
Julie,10433,neutral,Bye.;
Rachel,10433,disgust,Bye.  What a manipulative bitch.;
"Phoebe,10434,joy,""Chandler, I found the perfect ring.""";
"Chandler,10434,neutral,""Oh, that’s uh, that’s pretty nice but I’m gonna go with the one I picked first.""";
"Phoebe,10434,anger,""Oh my God Chandler, the one you picked is gone. It’s over!""";
Chandler,10434,surprise,What?;
Phoebe,10434,sadness,Some guy bought it. I’m sorry. I tired to stop it but they  put me in jail!;
Chandler,10434,surprise,They put you in jail?;
Phoebe,10434,anger,The little jail between the doors!;
"Chandler,10434,anger,""Phoebe, I asked you to guard the ring!""";
"Phoebe,10434,anger,""I know, I’m sorry! But y’know, this ring is better! Monica never even saw the other ring.""";
Chandler,10434,sadness,Yeah but when he proposed to me with the ring I got goose bumps.;
Phoebe,10434,neutral,Maybe it was the guy.;
Chandler,10434,anger,It was the ring!;
"Rachel,10435,neutral,""No, not that, I mean, what about you and Mindy?""";
"Barry,10435,neutral,""Well, if you want, I'll just—I'll just break it off with her.""";
"Rachel,10435,anger,""No. No-no-no-no, no. I mean, don't do that. Not, I mean not for me.""";
"Bernice,10435,neutral,""Dr. Farber, Bobby Rush is here for his adjustment.""";
"Barry,10435,neutral,""Thanks, Bernice.  Let's go away this weekend.""";
"Rachel,10435,surprise,""Oh, Barry..! Come on, this is all way too..""";
"Barry,10435,joy,""We can, we can go to Aruba!""";
"Barry,10435,sadness,""When I went there on what would have been our honeymoon, it was, uh... it was really nice.""";
Barry,10435,sadness,You would've liked it.;
Rachel,10435,neutral,I had a bra.;
"Bobby,10435,neutral,""Hey, Dr. Farber.""";
"Barry,10435,neutral,""All right Miss Green, everything looks fine... Yep, I think we're starting to see some real progress here.""";
Rachel,10435,surprise,What?!;
"Bobby,10435,fear,""I'm twelve, I'm not stupid.""";
Rachel,10436,surprise,Oh my God! What does;
Monica,10437,neutral,Oh that's an eye removal machine.;
"Rachel,10437,anger,""All right, I'm outta here!""";
Monica,10437,joy,I'm kidding! I'm kidding!;
Rachel,10437,anger,So were done then!;
"Dr. Miller,10437,neutral,""Almost! But first, we gotta start.""";
Dr. Miller,10437,neutral,This is a glaucoma test.;
Rachel,10437,neutral,Uh-huh.;
Dr. Miller,10437,neutral,Sit down.;
Rachel,10437,neutral,Okay.;
"Dr. Miller,10437,neutral,""But your chin here.  Now, you'll feel a small puff of air in each eye.""";
Rachel,10437,surprise,What?!;
"Monica,10437,anger,""A small puff of air, now come on!""";
"Joey,10438,fear,""Sure, now I’m scared.""";
"Phoebe,10438,neutral,""No, we can go together! Just don’t wait too long though, okay? ‘Cause I’m outta here sometime before Friday.""";
"Joey,10438,fear,""Yeah, but I don’t wanna die!""";
"Phoebe,10438,joy,""No-no, it’ll be fun! We can come back and we can haunt these guys!""";
"Phoebe,10439,neutral,""Um, Chandler, Ross, this is Robert.""";
"Chandler,10439,neutral,""Oh, hey.""";
Robert,10439,neutral,Hi.;
"Phoebe,10439,neutral,""You’ve have lipstick right here . That’s okay, it’s mine, we just kissed.""";
Chandler,10440,surprise,Hey!;
Joey,10440,surprise,Hey!;
Joey,10440,neutral,No. Y'know how we’re always saying we need a place for the mail.;
"Joey,10440,neutral,""Well, I started building one. But then I decided to take it to the next step.""";
Chandler,10440,surprise,You’re building a post office?;
"Joey,10440,neutral,""No, an entertainment unit, with a mail cubby built right in. It’s a one day job, max.""";
Chandler,10440,surprise,Okay.  My word! Those are snug.;
"Joey,10440,neutral,""Oh yeah. These are my old work pants, Sergio Valente’s.""";
Joey,10440,neutral,Power saw kinda got away from me there.;
Rachel,10441,joy,Hi!;
Chandler,10441,anger,Another cheesecake came! They delivered it to the wrong address again!;
"Rachel,10441,neutral,""So just bring it back downstairs, what’s the problem?""";
Chandler,10441,sadness,I can’t seem to say goodbye.;
"Rachel,10441,surprise,""Are you serious?! Chandler, we ate an entire cheesecake two days ago and you want more?""";
Chandler,10441,anger,Well I’ve forgotten what it tastes like okay?!;
Rachel,10441,neutral,It was cheesecake.;
Rachel,10441,neutral,It was fine.;
"Rachel,10441,surprise,""It had a buttery, crumbly, graham cracker crust, with a very rich yet light, cream cheese filling…  Wow!""";
Rachel,10441,joy,My whole mouth just filled with saliva!;
Chandler,10441,anger,Y’know what? Forget it!;
Rachel,10441,neutral,Yeah and we’ll drop it off downstairs so that we’re not tempted.;
Chandler,10441,neutral,Good idea. Where do you want to go to lunch?;
"Rachel,10441,neutral,""Momma’s Little Bakery, Chicago, Illinois.""";
Tag,10442,neutral,This one’s from me.;
Rachel,10442,surprise,Ahh!;
"Tag,10442,neutral,""It wasn’t on your list, but hopefully you’ll think it’s really fun.""";
Rachel,10442,surprise,A scooter!;
Ross,10442,neutral,Stick to the list. Always stick to the list.;
"Rachel,10442,joy,""No! No-no, I love it. Thank you.""";
"Chandler,10442,joy,""Okay, open ours next. Open ours next!""";
Rachel,10442,neutral,Okay.;
"Joey,10442,neutral,""Now that you’re a couple, we don’t get two presents from you guys?""";
Chandler,10442,neutral,For my last birthday you gave me a;
Rachel,10442,neutral,Okay.;
Rachel,10442,joy,Happy birthday Grandma!;
Rachel,10442,neutral,It’s better to be over the hill  then buried under it.;
Rachel,10442,neutral,All our love Monica and Chandler.;
"Rachel,10442,joy,""That’s funny, yeah!""";
Chandler,10442,surprise,No-no-no-no! That was the joke!;
"Rachel,10442,joy,""No, I know! I get it! It’s funny!""";
"Chandler,10442,sadness,""No, because you’re not a grandmother!""";
"Rachel,10442,sadness,""No I know, because to be a grandmother you have to be married and have children and I don’t have any of those things.""";
Rachel,10442,neutral,That’s why it’s so funny.;
Monica,10442,anger,All you had to do was buy the card!;
"Phoebe,10443,neutral,""Hey, Joey. What's going on?""";
Joey,10443,neutral,Clear the tracks for the boobie payback express. Next stop: Rachel Green.;
Monica,10443,disgust,Joey!! What the hell were you doing?!;
Joey,10443,sadness,Sorry. Wrong boobies.;
"Monica,10443,neutral,""Hello, Joey.""";
"Mr. Tribbiani,10443,surprise,""Oh! ...Hello, dear.""";
Joey,10444,surprise,Man. Can you believe he's only had sex with one woman?;
"Chandler,10444,joy,""I think it's great. Y'know, it's sweet, it's romantic...""";
Joey,10444,surprise,Really?;
"Chandler,10444,disgust,""No, you kidding? The guy's a freak..""";
"Both,10444,neutral,""Hey, buddy.""";
"Receptionist,10444,neutral,""Oh, that's attractive.""";
"Chandler,10444,joy,""Oh, I thought you were great in Silence of the Lambs. Oh come on, admit it! All things considered, you had fun tonight.""";
"Ross,10444,disgust,""Fun? Where was the fun? Tell me specifically, which part was the fun part? Where's my puck?""";
"Joey,10444,neutral,""Oh, ah- the kid has it.""";
"Ross,10444,anger,""The kid...?  Excuse me, uh, that's, that's my puck.""";
"Chandler,10444,neutral,""You gotta do it, man.""";
"Ross,10444,anger,""Oh yeah? Well, I'm rubber, you're glue, whatever——can't do it.  Listen, uh- gimme back my puck.""";
"Ross,10444,anger,""Yes', how about. C'mere. Gimme!""";
Receptionist,10444,anger,Hey! Hey! No rough holding in my ER!;
Ross,10444,anger,GIVE ME MY PUCK!!;
Ross,10444,anger,...Now;
"Rachel,10445,joy,""Oh, look, wish me luck!""";
Monica,10445,neutral,What for?;
Rachel,10445,neutral,I'm gonna go get one of those  job things.;
"Phoebe,10446,neutral,""Oh, I told the stripper to be here at five. That’s good right?""";
Monica,10446,anger,You ordered a stripper for the shower?! That is totally inappropriate!;
Phoebe,10446,surprise,What? He’s gonna be dressed as a baby!  Oh hi Mrs. Green!;
Monica,10446,joy,Hi!;
Phoebe,10446,joy,I’m so glad you could make it.;
"Monica,10446,joy,""Yes, thank you so much. And again, we’re so sorry. We could not feel worse about it.""";
Mrs. Green,10446,joy,Try. There’s my little girl.;
Monica,10446,neutral,She’s still mad.;
Phoebe,10446,joy,Yeah I know. Isn’t it great? One less person we have to make small talk with.;
"Monica,10446,surprise,""Phoebe, Sandra’s mad at you too. It-it doesn’t bother you?""";
"Rachel,10447,neutral,""Oh, that’s very—Really very-very okay.""";
"Marc,10447,joy,""Julie’s cervix is dilated a seven centimeters, that’s about four fingers. The doctor let me feel it myself.""";
Julie,10448,neutral,Have you felt Rachel’s cervix Ross?;
"Rachel,10449,disgust,""No, I don’t think we’ll be doing that.""";
Ross,10449,disgust,We’re not gonna do that.;
"Julie,10449,neutral,""Well, if you like you can feel Rachel’s and then feel mine to compare.""";
Mrs. Geller,10449,neutral,Am I interrupting?;
Ross,10449,joy,Uh yes! Thank you.;
Rachel,10449,neutral,Oh. Oh wait no.;
Ross,10449,neutral,Later.;
"Ross,10450,neutral,""Oh uh, I’m sorry.""";
Rachel,10450,fear,No Ross! Ross! Ross! My child has no father!;
Monica,10451,neutral,Try feeding her again.;
Rachel,10451,neutral,I already fed her.;
"Monica,10451,anger,""I know, that’s why I said again!""";
"Phoebe,10451,fear,""Alright you guys, we can’t turn on each other, Okay?   That’s just what she wants.""";
Chandler,10451,neutral,Hey.;
Monica,10452,joy,Phoebe! Rachel! It’s Monica! I wonder what you could possibly need me for on such short notice!  Oh.;
"Rachel,10452,sadness,""Oh Monica, we are so sorry.""";
Monica,10452,joy,For what?;
"Rachel,10452,sadness,""Well first, for forgetting to throw you a bridal shower.""";
Phoebe,10452,neutral,And then for forgetting to invite you to it.;
Monica,10452,surprise,You al-you already had it?;
"Phoebe,10452,neutral,""Well, we called everyone in your phone book and a bunch of people came, but it took us so long to get you here that they-they had to leave.""";
"Rachel,10452,sadness,""Yeah, we wanted to throw you a big surprise and a great shower, and now you don’t have either.""";
Phoebe,10452,sadness,We ruined everything.;
Rachel,10452,sadness,Ugh;
"Monica,10452,sadness,""Well no, wait a minute, that’s not true!""";
"Monica,10452,joy,""No, what did, that was really sweet.""";
Monica,10452,joy,And it kinda works out for the best.;
"Rachel,10452,surprise,""What do you, what do you mean?""";
"Monica,10452,joy,""Well now, I get to spend my shower with the only people I really love!""";
"Monica,10452,joy,""I mean, I get all those presents  without having to talk to people I don’t even like!""";
Rachel,10452,sadness,Surprise;
Joey,10452,joy,Surprise;
Rachel,10452,neutral,Monica.;
"Monica,10453,anger,""I can't believe it's raining again! Oh, it's so unfair!!!""";
"Phoebe,10453,neutral,""Well, on the bright side, now you won't have to see all these paleontologists with their shirts off.""";
Phoebe,10453,neutral,Not you guys.;
Phoebe,10453,joy,You got it going on!;
"Monica,10453,neutral,""So, what are we gonna do today?""";
Mike,10453,neutral,They have a game room downstairs! Ping pong and stuff.;
"Monica,10453,surprise,""Ping pong?  Honey, they have ping pong! Let's play!""";
Chandler,10453,joy,I don't think so!;
Monica,10453,neutral,Why not?;
"Chandler,10453,neutral,""Because you know how competitive you get and well, I say it's cute, others disagree, and I'm lying!""";
Monica,10453,neutral,I'm not always that bad!;
"Chandler,10453,neutral,""Oh,""";
Monica,10453,surprise,I punched you...?;
Chandler,10453,surprise,And...?;
Monica,10453,surprise,... Phoebe...?;
Phoebe,10453,neutral,... and...?;
Monica,10453,neutral,I clunked your heads together!;
"Ross,10454,sadness,""Sorry I ah, I scared you in there.""";
"Monica,10454,neutral,""Oh, that’s okay. By the way, I was just checking the shower massager.""";
Ross,10454,neutral,Yeah.;
Phoebe,10454,surprise,Hey!;
Monica,10454,sadness,I tried to reach you at work. There’s....been a fire.;
Phoebe,10454,surprise,What?! Oh my...  Oh my God!! What happened?!;
"Ross,10454,neutral,""Well, we believe it originated here.  In the Aroma Room.""";
Phoebe,10454,fear,All right. Did everyone get out okay?;
"Monica,10454,neutral,""Well, the giraffe’s okay. And so is the pirate.""";
Phoebe,10454,surprise,Ohh. What is this?;
"Ross,10454,fear,""No Phoebe, don’t look! You don’t want to see what’s under there!!""";
"Phoebe,10454,sadness,""Ohh, the-the Foster puppets!""";
Ross,10455,neutral,Hey! How long until Pete’s fight?;
"Monica,10455,neutral,""Oh, about five minutes. Right now they’re interviewing his opponent. Apparently he trains by going to Iran and pulling the arms off thieves.""";
Ross,10455,neutral,Hot dog?;
"Monica,10455,fear,""Four, please.  I’m really nervous.  Thank you.""";
"Phoebe,10455,neutral,""So Ross, how umm, how did it go with Bonnie?""";
"Ross,10455,joy,""I gotta tell you, I-I wasn’t expecting to like her at all, I mean I actually wasn’t expecting to like anyone right now, but she’s really terrific.""";
"Phoebe,10455,sadness,""Ohh, that’s too bad!""";
"Ross,10455,joy,""No, I-I’m saying I liked her.""";
"Phoebe,10455,neutral,""Yeah, y'know what, there are other fish in the sea.""";
"Ross,10455,joy,""Pheebs, I think she’s great. Okay? We’re going out again.""";
"Phoebe,10455,disgust,""Okay, I hear you! Are you capable of talking about any thing else?""";
Chandler,10455,neutral,Hey! Which one’s my turkey burger?;
"Ross,10455,neutral,""Ahh, the one next to my foot. Sorry.""";
"Joey,10455,joy,""Hey, the fight’s starting!""";
"Ross,10455,neutral,""Okay, we’ll be right in.  So ah, did your boss try to slap you again today?""";
Chandler,10455,anger,Nine times!;
"Chandler,10455,neutral,""Okay, I had to put on lotion!""";
"Chandler,10455,neutral,""But, it’s gonna be okay, because as of tomorrow I’m conducting an experiment, and if all goes as planned, my butt will be smack free.""";
Joey,10455,neutral,Fight’s over!;
"Chandler,10456,neutral,""Okay, okay, here she comes!  How do I look? Do I look like a guy who doesn’t want to get married?""";
"Joey,10456,surprise,""Yeah! And also, a little like a French guy.  I never noticed that before.""";
Monica,10456,joy,Hi guys!;
Joey,10456,neutral,Hey!;
Monica,10456,neutral,What are you up too?;
"Chandler,10456,neutral,""Oh, just hanging out, talkin’ about uh, websites.""";
"Chandler,10456,neutral,""Yeah, we saw this really interesting website about marriage and how totally unnecessary it is and how its just a way for the government to keep tabs on you.""";
"Joey,10456,neutral,""Yeah, Big Brother.""";
Monica,10456,neutral,Well that’s a little crazy. Although I am y’know glad to hear that you’re branching out on what you look at on the Internet.;
"Chandler,10456,neutral,""Yeah, well… Y’know, it just got me thinking though, why would anybody ever want to get married huh?""";
Monica,10456,anger,Why?! To celebrate your relationship! To solidify your commitment! To declare your love for one another to the world!;
Chandler,10456,neutral,Eh;
Monica,10456,sadness,Okay well that’s good to know.;
Joey,10456,joy,The Mr. Bowmont’s here!!!;
"Chandler,10457,joy,""Oh that’s great, my friend Joey’s in the movie business.""";
Dana,10457,neutral,Y’know who I ran into from school? Howie.;
Chandler,10457,neutral,My friend’s name is Joey.;
Dana,10457,neutral,Apparently Howie’s editing now.;
"Dana,10457,anger,""Yeah, he-he-he calls me up and asks me if he can edit my new movie.""";
Dana,10457,surprise,Can you believe that?!;
Dana,10457,surprise,Y’know I-I-I haven’t spoken to him in like ten years and he asks me for a favor!;
"Chandler,10457,disgust,""Yeah, I’ve always hated that Howie.""";
"Dana,10457,disgust,""No, no """"How you doing?"""" Man, I mean not even a cup of coffee first!""";
Chandler,10457,disgust,The nerve huh?;
Dana,10457,disgust,Yeah!;
Chandler,10457,neutral,Refill?;
Ross,10458,joy,Hey! How you doing?;
"Tag,10458,joy,""Good! Good, long time no see.""";
Tag,10458,neutral,Like your sweater.;
"Ross,10458,neutral,""Oh hey, right back at ya.""";
"Tag,10458,surprise,""Oh, it’s crazy about Rachel huh?""";
"Ross,10458,surprise,""Yeah. She—Well, she’s one crazy lady?""";
Tag,10458,neutral,So whose is it?;
"Ross,10458,neutral,""Umm, I don’t some Italian guy. Come on, read your own label. See you later.""";
Tag,10458,neutral,Okay.;
Ross,10458,anger,He is so weird.;
Monica,10459,surprise,You wanna fool around with Joey?;
Rachel,10459,joy,Yeah!;
"Rachel,10459,joy,""You know, ever since I had that dream about him, and can't    get it out of my head!""";
"Rachel,10459,surprise,""And what's the big deal, people do it all the time!""";
Monica,10459,surprise,Who? Who do you know that are friends that just fool around?;
"Rachel,10459,neutral,""Ok, off the top of my head... Don and Janet.""";
"Monica,10459,neutral,""Who, who are they?""";
Rachel,10459,neutral,I know them from work.;
Monica,10459,surprise,Both of them?;
"Rachel,10459,neutral,""No, one of them...""";
Monica,10459,neutral,Which one?;
"Rachel,10459,neutral,""I don't know, what were the names I just said?""";
"Monica,10459,anger,""Rachel, things can get incredibly complicated.""";
"Rachel,10459,sadness,""All right, all right, you're right""";
Monica,10459,surprise,What the hell are you cooking!;
Phoebe,10460,surprise,Oh my God! How did you get back here?!;
"Phoebe,10460,surprise,""Fire alarm?  Oh! Hi, officer—fireman, can-can I help you?""";
The Fireman,10460,anger,We found your fire alarm in the trash chute.;
Phoebe,10460,neutral,That’s not mine.;
The Fireman,10460,neutral,Yes it is.;
Phoebe,10460,fear,How do you know?;
"The Fireman,10460,disgust,""The next time you want to dump a fire alarm in a trash chute, don’t wrap it in a blanket that says, """"Property of Phoebe Buffay not Monica.""""""";
"Phoebe,10460,anger,""Okay do you—Okay, do you have a search warrant? Because the last time I checked this was still America!""";
"The Fireman,10460,neutral,""Please reattach this, it’s against the law to disconnect them.""";
Phoebe,10460,anger,Fine!  But please God.. tell me how to stop them from going off!;
The Fireman,10460,neutral,There’s a reset button under the plastic cover.;
Phoebe,10460,surprise,There’s a reset button?!;
Phoebe,10460,surprise,My God!;
Phoebe,10460,surprise,Why didn’t I see that!;
"Phoebe,10460,neutral,""Reset button, reset button, where is there a reset button?""";
Phoebe,10460,joy,Oh here it is!;
Phoebe,10460,surprise,Oh!;
"Phoebe,10460,joy,""Ohh, God!""";
"Ross,10461,neutral,""Four letters: """"Circle or hoop"""".""";
"Chandler,10461,anger,""Ring dammit, ring!""";
Ross,10461,neutral,Thanks.;
"Joey,10461,surprise,""Hey, you know our phone's not working?""";
Chandler,10461,surprise,What?!;
"Joey,10461,neutral,""I tried to call you from the coffee shop, and there was no answer.""";
"Chandler,10461,anger,""I turned it off. Mother of God, I turned it off!""";
Monica,10461,neutral,Just like you told her you did!  ... Just pointing out the irony.;
"Joey,10461,anger,""Hey, so listen, I went across the street and talked to the doorman- I got the peeper's name! Can I use the phone?""";
Joey,10461,anger,Nngghhh!!!!!!!;
"Joey,10461,neutral,""Can I use your phone?  Yeah, the number for a Sidney Marks, please.""";
"Ross,10461,neutral,""""""Heating device.""""""";
Phoebe,10461,neutral,Radiator.;
Ross,10461,neutral,Five letters.;
Phoebe,10461,neutral,Rdtor.;
"Joey,10461,surprise,""Yeah, is Sidney there?  Oh, this is?  Sidney's a woman.""";
"Receptionist,10462,neutral,""Well, you'll have to wait your turn.""";
"Joey,10462,neutral,""Well, how long do you think it'll be?""";
Receptionist,10462,neutral,Any minute now.;
"Ross,10463,joy,""Hey, this-  Heyy...""";
Chandler,10464,neutral,Hey.;
Joey,10464,neutral,Hey! Any good mail?;
"Chandler,10464,neutral,""Yes, you got something from the Screen Actor’s Guild.""";
"Joey,10464,neutral,""Ooh, it’s probably a residual check, hey can you open it for me, I’m kinda….""";
"Chandler,10464,neutral,""""""Benefits lapsed.""""""";
Joey,10464,neutral,Hmm that’s weird. I don’t remember being in a move called benefits lapsed.;
"Chandler,10464,neutral,""Okay, it’s not a check. They’re saying your health insurance expired because, you didn’t work enough last year.""";
Joey,10464,surprise,Let me see that!;
Chandler,10464,neutral,All right.;
"Joey,10464,surprise,""Oh, I can’t believe this!""";
Joey,10464,anger,This sucks!;
"Joey,10464,fear,""When I had insurance I could get hit by a bus or catch on fire, y’know?""";
Joey,10464,anger,And it wouldn’t matter.;
Joey,10464,anger,Now I gotta be careful?;
"Chandler,10464,sadness,""I’m sorry man, there’s never a good time to  stop catching on fire.""";
"Joey,10464,sadness,""All right well, I guess I gotta go get a job. I’m gonna go see my agent.""";
"Chandler,10464,neutral,""Okay, make sure you look both ways before you cross the street.""";
Joey,10464,joy,look both ways before you cross the street.;
Monica,10465,surprise,I can't believe Phoebe's gonna have her babies!;
"Chandler,10466,joy,""I know, it's beautiful. Amazing.""";
"Chandler,10466,neutral,""I had to kiss Phoebe and Rachel every time I left a room, I mean it's too bad they didn't see us having sex.""";
Monica,10466,neutral,Do you know anything about women?;
Chandler,10466,neutral,No.;
Monica,10466,neutral,That's all right.;
Chandler,10466,neutral,Okay.;
Rachel,10467,joy,Remember when we went to Central Park and rented boats?.. That was fun.;
Ross,10467,joy,Yeah. He could row like a viking.;
Monica,10467,neutral,Hi.;
All,10467,neutral,Mmm.;
Ross,10467,neutral,So how'd it go?;
"Monica,10468,neutral,""Oh, y'know..""";
Phoebe,10469,neutral,Did he mention us?;
Monica,10469,sadness,He said he's really gonna miss you guys.;
"Ross,10469,sadness,""You had a rough day, huh.. c'mere.""";
Monica,10470,joy,...love you.;
Ross,10470,neutral,Are you're hands still wet?;
"Joey,10470,neutral,""Uh, moist, yeah.""";
Rachel,10470,neutral,Let's dry 'em again.;
Rachel,10471,sadness,Oh my God! Oh my God!!;
Monica,10471,surprise,Still crying?;
Rachel,10471,neutral,Like a;
"Monica,10471,neutral,""Y’know, I only know of two surefire ways to shut a man up. And one of them is sex.""";
Rachel,10471,neutral,What’s the other one?;
"Monica,10471,neutral,""I don’t know, I’ve never had to use the other one.""";
"Monica,10471,neutral,""I’m just saying y’know, if we’re having sex, he’s not gonna be talking.""";
Rachel,10471,joy,Oh that’s right.;
Rachel,10471,neutral,You’re the talker.;
"Rachel,10471,joy,""Anyway uh, great idea!""";
"Rachel,10471,neutral,""Umm, I gotta go to the store";" I told him that I would buy him some more tissues."""
"Monica,10471,neutral,""Oh, we have some""";
Rachel,10471,anger,No you don’t!;
"Phoebe,10472,neutral,""Okay, yeah.  Triple A can pick us up.""";
"Phoebe,10473,neutral,""Yeah, what town are we near?""";
"Monica,10473,neutral,""Freemont. West-Westmont, ah Westburg?""";
Phoebe,10473,anger,Then why are you answering? Do you at least know what route we’re on?;
"Rachel,10474,neutral,""Yeah, we are definitely on Route 27.""";
"Phoebe,10474,neutral,""Okay.  We are at a rest stop on Route 27. Okay.  There is no Route 27.   Okay, either 93 or 76?""";
"Rachel,10474,sadness,""I don’t know, I’m sorry, I always slept in the back when we drove up here.""";
"Phoebe,10474,neutral,""Hey, can you send somebody up and down 76 and check every rest stop, and, and also 93?""";
Phoebe,10474,neutral,Okay!;
"Phoebe,10474,neutral,""Yeah, no they don’t do that.""";
"Rachel,10474,neutral,""Ugh, okay, well somebody will come and save us.""";
Monica,10474,anger,Who?;
Monica,10474,fear,I mean have you seen a car come by here in the last hour and a half?;
"Monica,10474,neutral,""I think we should call Ross, maybe he can get a car and come pick us up.""";
"Rachel,10474,anger,""No! No, I am not getting in a car with Ross, we will just have to live here!""";
Phoebe,10474,fear,But if...;
"Rachel,10474,anger,""No you guys, I am not getting in a car with him, you’ll have to think of something else.""";
"Phoebe,10474,joy,""Oh good, oh Joey and Chandler are back.""";
Monica,10474,neutral,So the going for help went well?;
"Joey,10475,neutral,""I’m telling you man, I saw it.""";
"Chandler,10475,anger,""Yeah, well, you’re wrong! Okay, you’re wrong.""";
"Joey,10475,sadness,""I’m not wrong! I wish I was. I’m sorry. Bet that barium enema doesn’t sound so bad now, huh?""";
Monica,10476,neutral,I know.;
Monica,10476,neutral,Let’s try a look…of far off…wonderment.;
"Monica,10476,joy,""Okay, we’ll-we’ll gaze into our future and we’ll think about our marriage and the days to come.""";
Monica,10476,surprise,Chandler!;
Monica,10476,surprise,What is the matter with your face?!;
"Monica,10476,anger,""I mean this picture is supposed to say """"Geller and Bing to be married,"""" not """"Local woman saves drowning moron!""""""";
Monica,10476,anger,Hey!;
Monica,10476,anger,Don’t laugh at him!;
Monica,10476,neutral,He’s;
Rachel,10477,joy,We’re gonna find love!;
Phoebe,10477,joy,Definitely!;
"Rachel,10477,neutral,""Yeah, I’m pretty confident about that.""";
Rachel,10477,joy,That’s what makes it so easy for me to be 80% happy for Monica and Chandler!;
Rachel,10477,neutral,It would be nice to have a little guarantee though.;
Phoebe,10477,neutral,What do you mean?;
"Rachel,10477,neutral,""Well y’know, some people make deals with a friend, like if neither of them are married by the time they’re 40, they marry each other.""";
Phoebe,10477,neutral,You mean a backup?;
Rachel,10477,joy,Exactly!;
"Phoebe,10477,neutral,""Yeah, yeah I got that.""";
Rachel,10477,neutral,You do?;
Phoebe,10477,neutral,Hm-mmm;
Rachel,10477,neutral,Who?;
Phoebe,10477,joy,Yeah!;
Rachel,10477,surprise,Are you serious?!;
"Phoebe,10477,joy,""Yeah, I locked him years ago!""";
"Rachel,10477,surprise,""Wh… So… If neither of you are married by the time you’re 40, you’re gonna marry Joey.""";
"Phoebe,10477,neutral,""Yep, we shook on it. Yeah but believe me that is not how he wanted to seal the deal.""";
"Rachel,10477,surprise,""Oh, seriously?""";
"Joey,10477,neutral,""Yeah uh, what am I gonna do?""";
"Chandler,10478,neutral,""Yeah, I’m sorry man.  You wanna go watch?""";
Joey,10478,joy,Yeah!;
Tag,10479,neutral,Good morning.;
"Rachel,10479,joy,""Hi Tag! Hey, so did you have fun with uh, with Joey last night?""";
Tag,10479,joy,Oh yeah! We went to the Knicks game.;
Rachel,10479,joy,Ohh that’s nice.;
Tag,10479,joy,Then we went to this bar and he hooked us up with all these women!;
Rachel,10479,disgust,Wo-women? You mean like old women?;
"Tag,10479,neutral,""Well kinda old, like 30.""";
Rachel,10479,neutral,Oh.;
"Tag,10479,surprise,""And I never used to be able to just talk to girls in bars, but I got like 20 phone numbers last night.""";
"Rachel,10479,surprise,""That’s great! Wow man, so Joey must’ve really taught you some stuff huh?""";
Tag,10479,neutral,A little.;
Rachel,10479,surprise,Yeah?;
Tag,10479,neutral,How you doin’?;
"Monica,10480,joy,""Phoebe, we are so proud of you! You're amazing!""";
Phoebe,10480,neutral,I know.;
Rachel,10480,joy,So does it really hurt as bad as they say?;
Monica,10481,surprise,What did you just say?;
Chandler,10481,joy,You roll another hard eight and we get married here tonight.;
Monica,10481,surprise,Are you serious?!;
Chandler,10481,joy,Yes! I love you! I've never loved anybody as much as I love you.;
Monica,10481,joy,I've never loved anybody as much as I love you.;
"Chandler,10481,joy,""Okay, so if an eight comes up, we take it as a sign and we do it!""";
Chandler,10481,neutral,What do you say?;
Monica,10481,joy,Okay!;
Chandler,10481,joy,Okay! Come on! Let's go! All right!;
Chandler,10481,anger,Okay! That's a four! And where-where's the other one?;
Drunken Gambler,10481,neutral,It went under the table.;
"Monica,10481,anger,""Nobody move!  Okay, you look that way";" I'll look this way!"""
Chandler,10481,joy,Here it is! Here it is!;
Monica,10481,neutral,That could be a four or a five. It's your call.;
Chandler,10481,neutral,It's a four.;
Monica,10481,neutral,I think so too.;
Joey,10482,joy,Well that’s it. I’m done. Whew!  There come the meat sweats.;
"Monica,10482,joy,""Well Joey, we’re all…we’re all very proud of you.""";
"Chandler,10482,neutral,""Yes, I believe we can expect a call from the President any moment now.""";
Phoebe,10482,neutral,Is there anything we can do for you?;
"Joey,10482,neutral,""No just, nobody press on my stomach.""";
Rachel,10482,neutral,You can keep those pants by the way.;
Joey,10482,surprise,Whoa—hey—wh-wh-what do you got there? What is that? Pie?;
"Monica,10482,neutral,""Yeah, you want some?""";
"Joey,10482,joy,""Ah, just cut me a little sliver.""";
Joey,10482,neutral,A little bigger.;
Joey,10482,neutral,Little bigger.;
Joey,10482,surprise,What?!;
Joey,10482,anger,Are you afraid you’re gonna run out?!;
Joey,10482,anger,Cut me a real piece!;
"Ross,10483,surprise,""Phoebe, oh my God! Wh-wh-what are you doing here?""";
"Phoebe,10483,neutral,""I need to talk to you, it’s pretty urgent. It’s about Monica and Chandler.""";
Ross,10483,surprise,Oh my God!;
"Ross,10483,neutral,""Of course, of course.""";
"Ross,10483,neutral,""Umm, would you please excuse me for a moment?""";
"Ross,10483,neutral,""Umm, do you know each other’s hometowns?""";
Ross,10483,fear,Why don’t you…   Wh-what’s going on?;
"Phoebe,10483,neutral,""Well, umm, not much.""";
"Phoebe,10483,neutral,""But, I was just thinking that since those guys just got engaged that maybe it would be nice if they had some privacy, y’know?""";
"Phoebe,10483,neutral,""So, could I just move in with you for a couple days?""";
"Ross,10483,neutral,""Umm, okay, yeah, sure. But wh-what’s wrong with Monica and Chandler?""";
Phoebe,10483,neutral,Nothing..Why?;
"Ross,10483,anger,""Phoebe, you said it was urgent!""";
Phoebe,10483,neutral,Oh yeah it is! I’m going to the movies and it starts in like five minutes.;
Ross,10483,anger,Do you realize I have a classroom full of students?;
"Phoebe,10483,neutral,""Oh, I’m sorry. I’m so rude. Does anyone want to come to the movies?""";
"Ross,10484,sadness,""Look, look, there’s got to be a way we can work past this.""";
"Ross,10484,fear,""Okay,  I can’t imagine, I can’t imagine my life without you.""";
"Ross,10484,sadness,""Without, without these arms, and your face, and this heart.""";
"Ross,10484,sadness,""Your good heart Rach,  and, and....""";
Rachel,10484,neutral,No.;
"Rachel,10484,sadness,""I can’t, you’re a totally different person to me now.""";
"Rachel,10484,sadness,""I used to think of you as somebody that would never, ever hurt me, ever.""";
"Rachel,10484,sadness,""God, and now I just can’t stop picturing with her, I can’t,  it doesn’t matter what you say, or what you do, Ross.""";
"Rachel,10484,sadness,""It’s just changed, everything.""";
Rachel,10484,sadness,Forever.;
"Ross,10484,sadness,""Yeah, but this can’t be it, I mean.""";
Rachel,10484,sadness,Then how come it is?;
"Monica,10485,neutral,""Windows are clean, candels are lit.""";
"Monica,10485,joy,""Uh, belt's to tight, gotta change the belt.""";
Monica,10485,neutral,Did I turn the fish?;
"Monica,10485,neutral,""No, cause I made lasagne.""";
Monica,10485,anger,Am I out of control?;
Rachel,10485,neutral,Just a touch.;
"Rachel,10485,neutral,""Mon, I don't understand.""";
"Rachel,10485,surprise,""I mean, you've been dating this guy since like, what... his midterms?""";
"Rachel,10485,surprise,""I mean, why all the sudden are you so... Oh.""";
Monica,10485,neutral,What?;
Rachel,10485,joy,Could tonight be the Night?;
Monica,10485,neutral,I don't know.;
Monica,10485,joy,Look he's a great guy and I love being with him but... you know.;
"Monica,10485,joy,""Things happen, and they happen.""";
Monica,10485,neutral,You don't plan these things.;
"Rachel,10485,neutral,""So, did you shave your legs?""";
Monica,10485,neutral,Yeah.;
Joey,10486,anger,Ross!;
"The Casting Director,10486,neutral,""Okay, Raymond, Joey you're up.""";
Joey,10486,joy,Hi!;
"The Casting Director,10486,neutral,""Okay, uh well, let's try one. Whenever you guys are ready.""";
Joey,10486,fear,Uh-oh.;
The Casting Director,10486,neutral,Is there a problem?;
"Joey,10486,neutral,""Well this is noodle soup and uh, I've been working with tomato.""";
"Joey,10486,neutral,""But that's okay, no problem.""";
Joey,10486,neutral,No problem.;
"Joey,10486,neutral,""Hmm, noodle soup.""";
"The Casting Director,10486,neutral,""Y'know, that's-that's fine, but the line is, """"Hmm, soup.""""""";
"Joey,10486,surprise,""Oh, what did I say?""";
"The Casting Director,10486,neutral,""Hmm, noodle soup.""";
Joey,10486,surprise,How's that different?  Oh! Yeah!;
"The Casting Director,10486,neutral,""All right, let's try one.""";
"Joey,10486,neutral,""Hmm, noodle soup.""";
The Casting Director,10486,neutral,Okay. Let's do it again.;
Joey,10486,neutral,Okay.;
"Joey,10486,anger,""Hmm, soup.  I mean, noodle soup. I mean soup!""";
Raymond,10486,anger,COME ON!!!!;
The Casting Director,10486,anger,Y'know what? We need to move on.;
"Joey,10486,anger,""No! No! I-I can do it one more time! See? Look!  Hmm, noodle soup. Damnit!""";
Rachel,10487,neutral,Okay. Just give us a second. Ross!;
Ross,10487,neutral,Yeah?;
Rachel,10487,neutral,Give her some money.;
Ross,10487,neutral,I really think they’re out of rooms.;
"Rachel,10487,anger,""They’re not!! Ross, they’re just saving them for the important people!! Okay?! What-what if I was the president?!""";
"Ross,10487,neutral,""Well then we’d be in a lot of trouble, you don’t know where any countries are.""";
Ross,10487,neutral,Okay.;
"Ross,10487,neutral,""Uh, say would you umm… Would you mind checking again to see if any umm, private rooms may have  opened up?""";
Nurse,10487,neutral,This is a hospital.;
Rachel,10487,neutral,Y’know what?;
Rachel,10487,anger,I’d have to say I really don’t care for your tone.;
Rachel,10487,anger,And this is not the only hospital in this city and we have no problem to—Whoa!;
Rachel,10487,surprise,Oh gosh!;
Ross,10487,surprise,What-what?;
Rachel,10487,surprise,Ow! Ow! Contraction.  Ow-ow! Ow-ow!;
Nurse,10487,neutral,Would you like to see a semi-private room?;
"Rachel,10487,neutral,""Yeah, it couldn’t hurt to look.""";
"Ross,10488,neutral,""I'm just sayin' if dogs do experience jet lag, then, because of the whole um, seven dog years to one human year thing, then, when a dog flies from New York to Los Angeles, he doesn't just lose three hours, he loses like a week and a half.""";
Kristin,10488,joy,That's funny. Who are they?;
"Ross,10488,neutral,""The blond woman is my ex-wife, and the woman touching her is her... close, personal friend.""";
Kristin,10488,surprise,You mean they're lovers.;
Ross,10488,neutral,If you wanna put a label on it.;
"Kristin,10488,surprise,""Wow, uh, anything else I should know?""";
"Rachel,10489,sadness,""Oh God, Ross, I cannot do this.""";
"Ross,10489,neutral,""Okay, quick and painful.""";
"Rachel,10489,fear,""Oh God... Okay. Alright. Alright. Okay. Ross, please don't hate me.""";
"Ross,10489,surprise,""Oh, what? What-what?""";
Rachel,10489,neutral,Y'know Marcel?;
Ross,10489,neutral,...Yeah?;
"Rachel,10489,sadness,""Well, I kind of... I kind of lost him.""";
Rachel,10490,joy,Hi Pheebs!;
Phoebe,10490,joy,Hi!;
Rachel,10490,neutral,How are ya?;
Phoebe,10490,neutral,Good.;
"Rachel,10490,neutral,""Umm Pheebs, remember when we were in the coffee house we decided that I was going to keep the uh, the cute guy’s cell phone?""";
Phoebe,10490,neutral,Yeah.;
Rachel,10490,neutral,And remember how I said I was going to keep it in my purse so that if it rang I could just pick it up?;
Phoebe,10490,joy,Yeah!;
Rachel,10490,anger,And do you remember going into my purse and stealing the phone?!;
"Phoebe,10490,fear,""Ooh, now you lost me.""";
Rachel,10490,anger,You stole the phone!;
Phoebe,10490,anger,No I didn’t!;
"Rachel,10490,anger,""No? So you’re saying that if I called it, it wouldn’t ring?""";
"Phoebe,10490,fear,""No. Umm, okay. But while you dial, let me show you the features of my new ringing handbag.  Oh, it does work!""";
Rachel,10490,anger,Phoebe!;
Tag,10491,neutral,It’s not here.;
"Rachel,10491,neutral,""Puzzler. A bit of a puzzle. Why don’t you um, check the copy room, maybe you left the contracts in there?""";
Tag,10491,neutral,How could I have left them in the copy room?;
Rachel,10491,anger,I don’t know Tag! How can your genitals make phone calls? Okay? It’s not a perfect world! Just go please.;
Tag,10491,anger,Fine.;
Joey,10492,joy,How ya doin'? Welcome. Good to see ya!;
Stage Director,10492,neutral,This will be your phone.;
"Joey,10492,neutral,""That's great. But uh, I'm not really expecting a lot of calls.""";
Stage Director,10492,neutral,No you answer it and take pledges.;
Joey,10492,surprise,But I'm the host!;
"Stage Director,10492,neutral,""No, Gary Collins is the host. You'll be answering the phones.""";
"Joey,10492,neutral,""You don't seem to understand. See, I was Dr. Drake Remoray.""";
"Stage Director,10492,neutral,""Well, here's your phone doctor.""";
Gunther,10493,neutral,Hey guys.;
Monica,10493,surprise,Hey Gunther. Hi.  I mean you’re going out on a date with the noisy guy upstairs?;
"Phoebe,10493,neutral,""Well, he’s very charming.""";
"Monica,10493,disgust,""I know, he’s too charming, but if you two start going out, then it’s just gonna make it so much harder for me to hate him.""";
"Phoebe,10493,neutral,""Well, you’re just gonna have to try.""";
"Monica,10493,neutral,""Joey, where are the""";
"Joey,10493,neutral,""I don’t know, Chandler is supposed to be passin’ ‘em around...""";
"Chandler,10494,anger,""Okay, ten blocks down. Five to go.""";
Monica,10494,joy,Oh wait! Stop! Stop! Stop!;
Chandler,10494,surprise,Oh I’m sorry! Do you need a break?;
Monica,10494,joy,My boots in tan! Hey! Can you get a little closer so I can see the price?;
Chandler,10494,joy,I can see it from right here. It’ll cost you one husband.;
"Monica,10494,sadness,""Okay, I’m sorry. I think I can walk the rest of the way now. Just-just give me my boots.""";
Phoebe,10495,anger,Come on more!;
Monica,10495,joy,Oh God!;
"Phoebe,10495,neutral,""Yeah, you like that don’t you?""";
Monica,10495,joy,Oh yeah right there!;
Phoebe,10495,joy,You want it there? You take it there baby!;
Monica,10495,sadness,Uh Phoebe?;
"Phoebe,10495,joy,""Yeah, say my name. Say it!  And now I’m going to cover you back up, and umm we’re never doing this again.""";
Kate,10496,anger,Happy?! Is that what I’m supposed to be Vic? Happy?;
"Joey,10496,anger,""Well, why don’t you tell me what you’re supposed to be!""";
Joey,10496,neutral,Huh?;
Joey,10496,anger,Because I sure as hell can’t figure it out!;
Joey,10496,neutral,I talk to you and it’s nothin’.;
"Joey,10496,neutral,""You look at me, and nothin’.""";
Joey,10496,neutral,Nothing.;
"The Director,10496,joy,""You guys make me fly! High! Okay, we’re gonna pick it up here, tomorrow.""";
"Kate,10496,neutral,""Well, that was ah...""";
Monica,10497,surprise,What?! What are you doing?!;
Chandler,10497,anger,Do you know what just happened?;
Monica,10497,neutral,Yeah. We-we had sex and then we fell asleep.;
Chandler,10497,neutral,No. We were in the middle of sex…and;
"Monica,10497,joy,""Nooo! No, that’s not true. No, best time ever! Yeah, you rocked my world!""";
"Joey,10498,neutral,""Don't worry, Chandler, it's not a globe of the United States.""";
Phoebe,10498,neutral,Hey you guys I'm gonna go out and take a walk.;
"Ross,10498,surprise,""Phoebe, why is your bag moving?""";
"Phoebe,10498,neutral,""Oh, it's not!""";
"Rachel,10498,surprise,""Seriously, it's moving!""";
Joey,10498,surprise,What the hell is in there?;
Phoebe,10498,neutral,It's just my knitting that's all!  Yes! I knit this. I'm very good.;
Joey,10499,neutral,There will come a time in each of your careers when you’ll have a chance to screw over another soap opera actor.;
"Joey,10499,neutral,""I had such an opportunity in the recent, present.""";
"Joey,10499,sadness,""And I’m ashamed to say that I took it, I advised a fellow actor to play a role, homosexually.""";
"Joey,10499,anger,""Yeah, we both auditioned for the part, and uh, as it turned out, they ah, they liked the stupid gay thing and cast him.""";
"Joey,10499,sadness,""And now, he’s got a two year contract opposite Susan Luchhi, the first lady of daytime television, and me, me I’m stuck here teaching a bunch of people, most of whom are too ugly to even be on TV.""";
"Joey,10499,sadness,""I’m sorry, I’m sorry, I’m sorry.""";
Joey,10499,neutral,Thank you.;
Phoebe,10500,surprise,Rach?;
Rachel,10500,neutral,I’ll be out in a second.;
Phoebe,10500,joy,Oh.  It’s just so unexpected! I…I uh…Boy I’ll tell you it’s just such an honor to be nominated for a;
"Rachel,10500,neutral,""Honey, we have to go. Our reservations are at 8:00.""";
Phoebe,10500,neutral,in Reservations at 8:00 by Neil Simon.  Thank-thank you Neil. Thank you for the words.;
"Rachel,10500,neutral,""Okay honey, you can finish this later we’re gonna be late. We gotta go.""";
"Phoebe,10500,joy,""Please, don’t play the music. Just uh one more.""";
Rachel,10501,surprise,I can't believe you don't want to know.;
"Rachel,10501,joy,""I mean, I couldn't not know, I mean, if, if the doctor knows, and Carol knows, and Susan knows....""";
Monica,10501,neutral,And Monica knows...;
"Ross,10501,surprise,""Wha, heh, how could you know, I don't even know!""";
"Monica,10501,neutral,""Carol called me to thank me for the lasagna, I asked, she told me.""";
Joey,10501,joy,So what's it gonna be?;
"Ross,10501,anger,""Wait—oh—hey—huh, oh great now he knows, and I don't know!""";
"Monica,10501,joy,""I'm sorry, I'm just excited about being an aunt!""";
Joey,10501,neutral,Or an uncle...;
Chandler,10501,joy,Hey Phoebe!;
Ross,10501,joy,Hi Pheebs!;
Rachel,10501,joy,Pheebs!;
Phoebe,10501,anger,Fine!;
"Monica,10501,neutral,""Phoebe, what's the matter?""";
"Phoebe,10501,sadness,""Nothing, I'm sorry, I'm just, I'm out of sorts.""";
"Rachel,10501,surprise,""Oh, right, that's me!""";
"Joey,10501,neutral,""Hey, Chandler, that table place closes at 7, come on.""";
Chandler,10501,neutral,Fine.;
"Monica,10501,neutral,""Phoebe, what is it?""";
"Phoebe,10501,neutral,""All right, you know Paolo?""";
"Ross,10501,neutral,""I'm familiar with his work, yes...""";
"Phoebe,10501,anger,""Well, he made a move on me.""";
"Joey,10501,surprise,""Whoa, store will be open tomorrow!""";
"Chandler,10501,joy,""More coffee over here, please!""";
Phoebe,10502,neutral,Hey.;
"Joey,10502,surprise,""Hey. What, what are you doing here?""";
"Phoebe,10502,sadness,""Well, I-I thought a lot about what you said, and um, I realilized duh, all right maybe I was a little judgmental.""";
"Phoebe,10502,neutral,""Yeah,  oh, but oh...""";
"Joey,10502,neutral,""Look now, Phoebe remember, hey, their just fulfilling their Christmas....""";
Phoebe,10502,neutral,Destiny.;
Joey,10502,neutral,Sure.;
Phoebe,10502,neutral,Yes.;
Joey,10502,neutral,All right.;
Phoebe,10502,surprise,Okay.  Yikes! That one doesn’t look very fulfilled.;
"Joey,10502,neutral,""Oh, that’s, that’s ah, one of the old ones, he’s just taking it to the back.""";
"Phoebe,10502,anger,""You keep the old ones in the back, that is so ageist.""";
Joey,10502,neutral,Well we have to make room for the fresh ones.;
"Phoebe,10502,sadness,""So, what happens to the old guys?""";
"Joey,10502,neutral,""Well, they go into the chipper.""";
"Phoebe,10502,fear,""Why, do I have a feeling that’s not as happy as it sounds?  No! Nooooo!!!""";
Joey,10502,surprise,Hey! Hey!!;
Monica,10503,neutral,Light still out?;
Rachel,10503,neutral,Yeah.;
Monica,10503,neutral,Oh. Maybe they're- napping.;
"Rachel,10503,sadness,""Oh please, they're having sex.""";
Monica and Phoebe,10503,anger,Shut up!;
"Rachel,10503,neutral,""So, whaddya think George is like?""";
Monica,10503,neutral,I think he's shy.;
Phoebe,10503,surprise,Yeah?;
Monica,10503,neutral,Yeah. I think you have to draw him out. And then- when you do- he's a preppy animal.;
"Ross,10504,joy,""Hi! Hi, I’m Ross, you don’t know me, but I’m a big, big fan of yours. I mean,""";
Isabella,10504,neutral,Aren’t you with that girl over there?;
"Ross,10504,neutral,""Well, yeah, kinda.""";
"Ross,10504,neutral,""Um, but that’s okay, see we have an understanding, um, see we each have this list of five famous people,  so I’m allowed to sleep with you.""";
"Ross,10504,joy,""No, no, no, it’s flattery.""";
"Ross,10504,joy,""Oh no, no, no, wait, wait, Isabella.""";
"Ross,10504,fear,""Don’t, don’t just dismiss this so fast.""";
Ross,10504,neutral,I mean this is a once in a lifetime opportunity...;
"Isabella,10504,neutral,""Yeah, for you. Is that the list?""";
"Ross,10504,neutral,""Um, yeah.""";
Isabella,10504,neutral,May I see it?;
"Ross,10504,fear,""Um, no.""";
Isabella,10504,joy,Come on!;
"Ross,10504,neutral,""But, okay.""";
Isabella,10504,surprise,I’m not on the list!;
"Ross,10504,neutral,""Um, see, but that’s not the final draft.""";
Isabella,10504,anger,It’s laminated!;
"Ross,10504,neutral,""Yeah, um, okay see, you were, you were on the list but my friend, Chandler  brought up the very good point that you are international, so I bumped you for Wynona Rider, local.""";
Isabella,10504,neutral,Y'know it’s ironic...;
Isabella,10504,neutral,...because I have a list of five goofy coffee house guys and yesterday I bumped you for that guy over there.;
Ross,10504,neutral,We’re just gonna be friends.;
Phoebe,10505,anger,Get out of here you lurker!  Go on! Get!;
Chandler,10505,joy,Hey Pheebs!;
Phoebe,10505,surprise,Ohh! You made up!;
"Monica,10505,neutral,""Yeah, I couldn't be mad at him for too long.""";
"Chandler,10505,joy,""Yeah, she couldn't live without the Chan Love.""";
"Phoebe,10505,disgust,""Ohh, get a room.""";
Monica,10505,neutral,We have one.;
Phoebe,10505,disgust,I know. Use it.;
"Rachel,10506,surprise,""Oh Mon, listen I have to ask!""";
"Rachel,10506,neutral,""Okay, Joey Tribbiani invited me back to his apartment, now does he do this with a lot of girls?""";
"Monica,10506,neutral,""Yeah, a lot. A lot, a lot!""";
"Rachel,10506,surprise,""Ohh! And I’m one of them!! Wow! Oh, I just cannot believe this! I mean, Joey Tribbiani!""";
"Monica,10506,neutral,""Well, y’know it’s none of my business, but aren’t you married?""";
Rachel,10506,anger,Yeah. Oh I just wish we could not be married for a little bit! Y’know I just wish we could be like on a break!;
Rachel,10507,anger,Ross! I think she is trying to make something happen with you to get back at me!;
Ross,10507,neutral,So that’s the only reason she could be here huh?;
Ross,10507,neutral,It couldn’t have anything to do with the fact that-that maybe I’m a good listener and I uh I put on a;
"Rachel,10507,anger,""Ross, I am telling you that she is using you to get back at me!""";
"Ross,10507,neutral,""I think I can take care of myself, I’ll talk to you later.""";
Ross,10507,neutral,Good-bye.;
Ross,10507,surprise,Whoa!;
"Ross,10507,neutral,""Uh, that was your sister actually.""";
Ross,10507,neutral,She-she thinks that you’re just using me.;
Jill,10507,neutral,So?;
Phoebe,10508,sadness,I’m sorry.;
Phoebe Sr,10508,surprise,What are you doing here?!;
"Phoebe,10508,neutral,""I-I, came to fill your ice cube trays.""";
Phoebe Sr,10508,surprise,What?!;
"Phoebe,10508,neutral,""Umm, okay, okay, look.""";
Phoebe,10508,anger,I took this picture from your fridge.;
"Phoebe,10508,anger,""Okay, because I know that this is my Father.""";
"Phoebe,10508,anger,""Yeah, this is Frank Buffay and you are standing right there next to him.""";
"Phoebe,10508,anger,""Now, look I deserve to know where I came from.""";
Phoebe,10508,anger,All right?;
Phoebe,10508,anger,So if you can help me find my Father then you should!;
"Phoebe,10508,anger,""Otherwise, you’re just mean!""";
"Phoebe,10508,anger,""So, just tell me the truth!""";
"Phoebe Sr,10508,neutral,""All right, the man in the picture is Chuck Magioni.""";
Phoebe,10508,surprise,My Father is Chuck Magioni?;
"Phoebe Sr,10508,neutral,""No, no, that’s just Chuck Magioni, I-I sold him a house last year!""";
"Phoebe Sr,10508,sadness,""And I’m very sorry, but I don’t know where your Father is, and that’s the truth.""";
Phoebe,10508,sadness,Oh.;
"Phoebe Sr,10508,neutral,""But umm, you’re right.""";
Phoebe Sr,10508,neutral,I think that a person should know where they come from.;
"Phoebe Sr,10508,neutral,""Wh-which is why I ah,  ahh,  okay.""";
Phoebe Sr,10508,neutral,I’m your mother.;
Phoebe,10508,surprise,Heh?;
"Phoebe Sr,10508,sadness,""Y'know I wanted to tell you yesterday, but I just, I kinda felt all floopy, and...""";
A Student,10509,surprise,What’s happening to your accent?;
Ross,10509,surprise,Come again?;
Ross,10509,fear,What’s-what’s this nonsense?;
"Ross,10509,sadness,""All right, I’m-I’m not English.""";
Ross,10509,neutral,I’m from Long Island.;
"Ross,10509,sadness,""I was really nervous and the accent just uh, just came out.""";
Ross,10509,sadness,I’m sorry.;
"Ross,10509,neutral,""So, if we could just get back to the lecture.""";
"Ross,10509,neutral,""Umm, were there any questions?""";
Ross,10509,neutral,About paleontology.;
"Ross,10509,anger,""All right, look I was just trying to make a good first impression.""";
"Ross,10509,sadness,""Obviously, I screwed up.""";
Ross,10509,neutral,But what you guys think of me is really important because I’m-I’m hoping to get a permanent job here.;
Ross,10509,neutral,So if you just give me another chance to make a good impression;
Rachel,10509,anger,Ross!! Are you crazy?! I am;
"Ross,10509,surprise,""Well, hello Rachel!""";
"Chandler,10510,neutral,""Where you going, Joe?""";
Joey,10510,neutral,For a walk.;
Chandler,10510,neutral,Oh. You mind if I join you?;
"Joey,10510,neutral,""Actually, that will be long. You know, I really need to organize    my thoughts.""";
Chandler,10510,surprise,Your thoughts? Plural?;
"Joey,10510,joy,""Allright, fine, I only have one thought! It's about the hot nanny,    I gotta see her!""";
"Chandler,10510,neutral,""I'm afraid I can't let you do that, Joe.""";
Joey,10510,anger,Now YOU'RE telling me I can't see her??;
Joey,10510,sadness,You guys are killing me!;
Joey,10510,sadness,She's forbidden fruit!;
"Joey,10510,sadness,""It's like ... like she's the princess and I'm the stable    boy ... Why are you doing this, huh?""";
Joey,10510,neutral,Did Ross tell you not to let me go over    there?;
"Chandler,10510,neutral,""Yes, as a matter of fact he did, so I can't let you go.""";
Joey,10510,anger,Huh. Interesting. Now there are obstacles. Hot nanny and me against    the world. This is the kind of stuff great novels are made of.;
Chandler,10510,surprise,Great novels?;
Joey,10510,neutral,Fine ... mediocre porn;
"Rachel,10511,neutral,""Okay, I think we can get the evaluation back before they see it, but we’re gonna have to get into Mr. Zelner’s office.""";
"Rachel,10511,neutral,""Now, he doesn’t get in until 10, so he’s no problem, but his assistant, Betty, she comes in early to eat her breakfast at her desk.""";
Tag,10511,sadness,That’s kinda sad.;
"Rachel,10511,neutral,""Yeah, well Betty is kinda sad. Which is why I believe I can lure her away with these chocolates.  Now, while I distract her,""";
Tag,10511,joy,Got it!;
Rachel,10511,joy,Let’s roll!;
"Mr. Zelner,10511,neutral,""Hello Rachel, you uh, got a minute?""";
"Rachel,10511,neutral,""Yeah, sure Mr. Zelner, for you anything—minute. Okay. Fine.  Abort the plan, abort the plan.""";
"Mr. Zelner,10511,neutral,""Uh actually, I’d like to speak with both of you.""";
"Rachel,10511,neutral,""Okay. Uh, well can we, can we get you anything Mr. Zelner? Maybe some chocolates?""";
"Phoebe,10512,neutral,""Cassie, are you finding everything okay in there?""";
Cassie,10512,neutral,Yeah! Thank you so much for letting me stay here.;
Phoebe,10512,joy,Oh! No problem! I;
Cassie,10512,surprise,What?;
Hoshi,10513,neutral,You are iron.;
Hoshi,10513,joy,You are steel!;
"Hoshi,10513,anger,""Let me ask you something, how come when I call your computer support line, I have to wait an hour and a half?""";
"Pete,10513,neutral,""I told you, we’re adding new operators all the time. Could we concentrate on my training?""";
"Rachel,10514,surprise,""I mean why, of all people would you want to go out with Chip?!""";
"Monica,10514,neutral,""Look, you and I went to different high schools...""";
"Rachel,10514,neutral,""Okay, that doesn’t help me, because we went to the same high school.""";
"Monica,10514,neutral,""You went to one where you were popular, and you got to ride off Chip’s motorcycle, and wear his letterman jacket.""";
Monica,10514,sadness,I went to one where I wore a band uniform they had to have specially made.;
Rachel,10514,surprise,They had to have that specially made?!;
Monica,10514,neutral,It was a project for one of the Home Ec classes.;
"Rachel,10514,surprise,""Oh my God, they told us that was for the mascot!""";
"Monica,10514,surprise,""Back then, I thought that I would never, ever get the chance to go out with a Chip Matthews, and now he’s-he’s called me up and asked me out.""";
Monica,10514,joy,And the fat girl inside of me really wants to go.;
Monica,10514,neutral,I-I owe her this.;
Monica,10514,neutral,I never let her eat.;
"Rachel,10514,neutral,""Oh, you go out with him.""";
"Monica,10514,surprise,""Oh, really?!""";
"Rachel,10514,neutral,""Yeah. Just, if it’s possible, could you leave him somewhere and go have sex with another guy?""";
Monica,10514,neutral,I’ll try.;
"Joey,10515,neutral,""Hey! Tall guy! Hey, listen, I wanted to talk to you about that girl that you’re dancing with.""";
"Joey,10515,neutral,""Yeah, yeah, okay.""";
"Joey,10515,joy,""Uh, look buddy, I came with that girl, and I had this plan to kiss her at the new years countdown – I’m trying to win her over, so I was wondering if..""";
"Joey,10515,anger,""Oh come on man, you can dance with my partner, she’s real, uh, mellow!""";
"Joey,10515,neutral,""Well, I was hoping after tonight that maybe I could you know""";
"Rachel,10516,anger,""Ross, get over it! It’s not like she hates you.""";
Ross,10516,sadness,Yeah but;
"Rachel,10516,neutral,""Ross, she’s not weird, she just wants her stuff to be one of a kind.""";
Ross,10516,anger,Huh. Y’know what’s not one of a kind? A twin!;
"Rachel,10516,joy,""Ooh, Phoebe’s here! Okay, let’s turn out all the lights and we’ll just watch the movie!""";
"Phoebe,10516,joy,""Okay. Hey—Ooh, cool sheets!""";
"Ross,10516,joy,""Oh, you like it? You wanna know where I got it?""";
Phoebe,10516,joy,Sure!;
Rachel,10516,joy,He got it a flea market!;
"Phoebe,10516,disgust,""You bought your sheets at a flea market? Ross come on, you gotta loosen the purse strings a little.""";
Rachel,10517,neutral,And Joey?;
Joey,10517,neutral,How do you think she's doing?;
Rachel,10517,surprise,Am I the only one who doesn't think that she's hot? Ross?;
"Ross,10517,surprise,""Eh, I mean, I mena she's not unattractive but hot? I ....""";
Rachel,10517,joy,Thank you!;
Chandler,10517,neutral,Now that Rachel's gone?;
Rachel,10517,sadness,So hot I cried myself to sleep last night.;
"Monica,10518,sadness,""Oh, god help us.""";
Joey,10518,surprise,What?;
Monica,10518,disgust,Ugly Naked Guy's laying kitchen tile. Eww!;
"Joey,10518,disgust,""Eww! Look, I'm asking a favor here. If I do this for her brother, maybe Angela will come back to me.""";
"Joey,10518,sadness,""I know, but, I made a huge mistake. I never should have broken up with her. Will you help me? Please?""";
"Ross,10519,joy,""So honey, this morning was fun, huh? Me hopping in on you in the shower there.""";
Carol,10519,joy,Yeah! And maybe someday we could get a place with two bathrooms.;
"Ross,10519,neutral,""Look Carol umm, I was, I was thinking maybe uh, maybe we can spice things up a little.""";
Carol,10519,surprise,What do you mean?;
Ross,10519,sadness,Carol our sex life is—it’s just not working;
Ross,10519,joy,Hey there little fella!;
"Ross,10519,neutral,""Hey, uh-hey, why don’t we get some shoes on ya, huh?""";
"Ross,10519,joy,""Hey, why don’t you show dad how you can put your shoes on, in your room!""";
Ross,10519,joy,Yay!;
Ben,10519,joy,Yay!;
Ross,10519,joy,Yay!;
"Ross,10519,neutral,""Seriously, our sex life… I was thinking, maybe I don’t know, we could try some-some new things.""";
Ross,10519,neutral,For fun?;
Carol,10519,surprise,Like what?;
"Ross,10519,joy,""Well I don’t know umm,  what if we were too tie each other up?""";
"Ross,10519,neutral,""Umm, some people eat stuff off one another.""";
Ross,10519,disgust,Nah!;
"Ross,10519,neutral,""Umm, y’know we-we could try dirty talk?""";
"Ross,10519,neutral,""Umm, we could, we could have a threesome.""";
Carol,10519,joy,I love that idea!;
Rachel,10520,neutral,So who’s idea was it to put everybody in the diner on skates?;
"Monica,10520,anger,""Oh, some idiot customer put a suggestion in the suggestion box.""";
"Phoebe,10520,surprise,""Oh my God, they took my idea!""";
Monica,10520,surprise,That was you?!;
"Phoebe,10520,joy,""Yeah! Okay, here you go.""";
"Gunther,10520,neutral,""Rachel, I made you a cocoa.""";
"Phoebe,10520,surprise,""Oh my God, are you guys okay?""";
Gunther,10520,surprise,Are you all right?;
Joey,10520,surprise,Oh my.;
Rachel,10521,anger,Sit!;
Joshua,10521,neutral,Hi.;
"Rachel,10521,surprise,""Oh my gosh, Joshua!""";
Joshua,10522,neutral,All those things I said about not being ready;
Rachel,10522,fear,They’re not true?;
"Joshua,10522,neutral,""No, they’re-they’re all true.""";
Rachel,10522,joy,Oh.;
Joshua,10522,neutral,But;
"Rachel,10522,surprise,""Oh! Oh, I love that but.""";
Rachel,10522,neutral,You wanna go inside and have some coffee?;
Joshua,10522,neutral,Yeah.;
Rachel,10522,neutral,Okay.  Every time.;
"Monica,10523,anger,""What, Phoebe, did you whip the potatoes? Ross needs lumps!""";
"Phoebe,10523,sadness,""Oh, I'm sorry, oh, I just, I thought we could have them whipped and then add some peas and onions.""";
Monica,10523,surprise,Why would we do that?;
"Phoebe,10523,sadness,""Well, 'cause then they'd be like my mom used to make them, you know, before she died.""";
"Monica,10523,neutral,""Ok, three kinds of potatoes coming up.""";
"Rachel,10523,joy,""Ok, good-bye you guys. Thanks for everything.  Oh, sorry! Oh, sorry!""";
Chandler,10523,surprise,The most unbelievable thing has happened. Underdog has just gotten away.;
Joey,10523,neutral,The balloon?;
"Chandler,10523,neutral,""No, no, the actual cartoon character. Of course the balloon. It's all over the news. Right before he reached""";
"Rachel,10523,neutral,""I can't, I gotta go.""";
Chandler,10523,surprise,Come on. An 80-foot inflatable dog let loose over the city. How often does that happen?;
Phoebe,10523,anger,Almost never.;
Monica,10523,neutral,Got the keys?;
Rachel,10523,neutral,Ok.;
Monica,10524,neutral,What d'you think?;
Joey,10524,neutral,Lot of things.;
Rachel,10524,neutral,Which one do you think she is?;
Teacher,10524,neutral,May I help you?;
"Monica,10524,neutral,""Oh, no thanks, we're just here to observe.""";
Teacher,10524,neutral,You don't observe a dance class. You;
Rachel,10524,neutral,What does she mean?;
Phoebe,10524,neutral,I think she means  'You;
"Monica,10524,anger,""Okay, d'y'see anybody you think could be me?""";
Teacher,10524,anger,People! Last time there were some empty yoghurt containers lying around after class. Let's not have that happen again!;
Rachel,10524,neutral,She could be you.;
"Teacher,10524,neutral,""Let's get started. Five, six, a-five six seven eight...""";
"Monica,10524,anger,""Okay, I'm not getting this!""";
Phoebe,10524,joy,I'm totally getting it!;
Monica,10524,sadness,Did you ever feel like sometimes you are just so unbelievably uncoordinated?;
Rachel,10524,surprise,What? You just click when they click.;
"Teacher,10524,neutral,""Alright people, now everyone grab a partner.""";
"Phoebe,10524,neutral,""Okay. And, my, dead, mother, says, you, are, it. I'm with Rachel.""";
Monica,10524,disgust,Great. It's gym class all over again.;
"Rachel,10525,surprise,""I'm not crazy, right? I mean, it was never like that.""";
"Barry,10525,neutral,""Nooo, it wasn't.""";
"Rachel,10525,joy,""Ooh, and it's so nice having this little sink here...""";
"Chandler,10526,joy,""Oh, ain't this nice? It's so quiet, I could just lie here all day.""";
Monica,10526,neutral,I know;
Rachel,10526,joy,Open your drapes! Open your drapes!;
Chandler,10526,joy,I'm so glad we've got adjoining rooms!;
Monica,10526,joy,The sun is out!;
Chandler,10526,anger,Hey! Remember when I had corneas?;
"Monica,10526,neutral,""Ok listen, you go down to the pool and reserve the chairs, and I'll get the magazines and the lotion.""";
Chandler,10526,neutral,Ladies? Ross's speech is in 45 minutes.;
"Ross,10526,anger,""Walls are pretty thin, guys!""";
"Joey,10527,joy,""Hi uh, I’m Joey Tribbiani and with all do respect I’d like to donate some fluids.""";
"Receptionist,10527,neutral,""We’re actually at the end of one of our research cycles, so we’re not looking for applicants right now.""";
"Joey,10527,sadness,""Oh that’s too bad. I’ve kinda been saving up.  Uh, are you sure there’s no studies I can participate in?""";
"Receptionist,10527,neutral,""Well, here’s a schedule of what’s coming up.""";
Joey,10527,neutral,Thanks.  Well but this one starts now.;
"Receptionist,10527,neutral,""Oh that one is available now, but only identical twins are eligible. It’s a twins study.""";
"Joey,10527,surprise,""But it’s $2,000.""";
Receptionist,10527,sadness,Sorry.;
Joey,10527,neutral,Well how about this one? Testing the effects of Joey Tribbiani on attractive nurse receptionists.;
"Receptionist,10527,joy,""We already got the results back on that on, and they’re not good.""";
Monica,10528,neutral,Hey! How’s it goin’?;
"Phoebe,10529,neutral,""Well, not much has changed in the last five minutes.""";
Monica,10529,joy,Yes it has! I made cookies!;
Phoebe,10529,neutral,Oh that’s all right. I’m still full from your homemade potato chips.;
Monica,10529,joy,But you should eat them now because they’re hot from the oven.;
Phoebe,10529,neutral,Okay.;
"Monica,10529,joy,""Oh-ho! But not in here! Can’t eat ‘em in bed, remember? No crumbies!""";
"Phoebe,10529,neutral,""Okay, I’ll be out in a second.""";
Monica,10529,neutral,Okay!;
Monica,10529,neutral,What are you doing?;
Phoebe,10529,neutral,That doesn’t lock does it?;
"Monica,10530,disgust,""You know, it still smells like monkey in there.""";
Julie,10530,neutral,That saves us a conversation.;
"Chandler,10530,neutral,""Well, listen, this has been great but I'm officially wiped.""";
"Joey,10530,neutral,""Me too, we should get goin'.""";
Stephanie,10530,neutral,No.;
"Monica,10531,neutral,""Okay, here comes another camera.""";
Ross,10531,neutral,Right. No biggie. Stay loose.;
Ross,10531,neutral,Why do they keep doing that?;
"Monica,10531,neutral,""If we wanna get on camera, I think we have to get up on one of those platforms.""";
Monica,10531,neutral,They’ve been taping those people up there all day.;
Ross,10531,neutral,Right.;
"Ross,10531,joy,""Hey, what’d you guys do to get up on there?""";
Monica,10531,joy,Oh yeah? Well when you learned how to dance did you forget how to put on underpants?;
Ross,10531,joy,Yeah!;
Janine,10531,surprise,Hey! You’re a good dancer!;
Joey,10531,surprise,Really?;
"Janine,10531,neutral,""Yeah, well you’d be better if you just loosened your hips a little.""";
Joey,10531,neutral,What do you mean?;
Janine,10531,neutral,Like this.;
"Janine,10531,neutral,""That’s it, feel the rhythm. That’s better.""";
Joey,10531,neutral,Uh-huh.;
"Director,10531,neutral,""Okay, you’re dancing with that girl over there.""";
Joey,10531,joy,No-no-no-no-no we came together!;
"Director,10531,neutral,""I don’t see it.  You are dancing with the tall guy over there. Tall guy, raise your hand!""";
"Joey,10531,sadness,""No-no hey buddy, please let me dance with that girl, I really like her and I think I have a shot.""";
"Director,10531,anger,""Really, y’think so? I don’t..""";
Rachel,10532,anger,Why aren’t you home yet?!;
Monica,10532,anger,Is someone there?;
"Rachel,10532,neutral,""Oh yes, it’s me! Sorry!""";
Chandler,10532,neutral,What are you doing here?;
"Rachel,10532,neutral,""Uh, I’m just, I’m just looking out your window. At-at the view. What are you guys doing?""";
Chandler,10532,neutral,We got some;
"Rachel,10532,neutral,""Oh, he brought her back to his apartment.""";
Monica,10532,surprise,Who?  Is that your sister?;
"Rachel,10532,neutral,""Ugh, she""";
"Monica,10532,disgust,""God, Ross is on a date with your sister! How weird is that?!""";
"Rachel,10532,sadness,""Oh my God, look-look he’s taking off her clothes!""";
Chandler,10532,disgust,He’s taking off her coat!;
"Rachel,10532,disgust,""Oh, this is just terrible.""";
Elizabeth,10533,sadness,Ross! Wait!;
"Ross,10533,joy,""Elizabeth, thank God! I was just thinking about""";
Elizabeth,10533,anger,You suck!!;
Ross,10533,anger,What?!;
"Ross,10533,anger,""Okay, break-up’s still on!""";
Joey,10534,neutral,Hey.;
Ross,10534,neutral,Hey.;
"Joey,10534,sadness,""Look, I understand if you came by to hit me, I deserve it.""";
"Ross,10534,neutral,""No, I don’t want to hit you.""";
Joey,10534,anger,Oh what then? Kick me?;
Ross,10534,neutral,No.;
Joey,10534,surprise,What do I do?;
"Katie,10535,neutral,""Well, the delivery went out to you and I realized they forgot this.""";
"Ross,10535,neutral,""Ah, must’ve been fairly obvious since it was the only thing left in your store.""";
"Katie,10535,neutral,""Listen, to be honest, home deliveries are really a part of my job description.""";
Ross,10535,neutral,Oh.;
Katie,10535,fear,Oh uh…I actually came here to ask you out.;
"Ross,10535,joy,""Oh! Wow! Uh, yeah! That sounds great. I’m just gonna put this  back in my pocket, pretend""";
Katie,10535,joy,Sure!;
Rachel,10535,anger,Horny bitch.  No! You’re a horny bitch! Noooo! You’re the horny bitch! No! You’re a horny bitch!;
Rachel,10536,joy,Chandler!! You have the best taste in men!;
"Chandler,10536,neutral,""Well, like father, like son.""";
Rachel,10536,joy,Patrick and I had such a great time last night! I mean I think this could maybe turn into something serious.;
Chandler,10536,surprise,Really?! I-I thought you weren’t looking for something serious? I thought you were looking for some kind of a fling.;
"Rachel,10536,fear,""Well, y'know, possibly.  You didn’t tell him that, though? Right?""";
"Chandler,10536,neutral,""Ummmmmmmm, no.""";
Rachel,10536,anger,You told this guy that I was looking for a fling?! You don’t tell the guy that!;
"Rachel,10536,sadness,""Oh, between you telling him that I wanted to have a fling and me putting out on the first date—oh, he’s so gonna get the wrong idea.""";
"Chandler,10537,neutral,""Alright, so I'm back in high school, I'm standing in the middle of the cafeteria, and I realize I am totally naked.""";
"All,10537,neutral,""Oh, yeah. Had that dream.""";
"Chandler,10537,surprise,""Then I look down, and I realize there's a phone... there.""";
Joey,10537,surprise,Instead of...?;
Chandler,10537,neutral,That's right.;
Joey,10537,neutral,Never had that dream.;
Phoebe,10537,neutral,No.;
"Chandler,10537,neutral,""All of a sudden, the phone starts to ring.""";
Monica,10538,joy,Honey! Dinner’s ready!;
Joey,10538,joy,What’s my little chef got for me tonight?;
Monica,10538,joy,Your favorite!;
"Joey,10538,joy,""Ho-ho-ho,  fried stuff with cheese!""";
Monica,10538,joy,Yep! And lot’s of it!;
Joey,10538,joy,Thanks sweetheart. Give me a little sugar here.  Okay.;
"Monica,10538,joy,""Okay, in we go.""";
Joey,10538,joy,Here we go! Here we go! Here we go!  How you doin’?;
"Monica,10539,neutral,""Something went wrong with Underdog, and they couldn't get his head to inflate.""";
"Monica,10539,joy,""So anyway, um, his head is like flopping down Broadway, right, and I'm just thinking... how inappropriate this is.""";
"Monica,10539,neutral,""Um, I've got something in my eye, uh, Joey, could we check it in the light, please?""";
Monica,10539,surprise,Oh my god.;
Joey,10539,surprise,What?;
Monica,10539,anger,Hello! Were we at the same table? It's like... cocktails in Appalachia.;
"Joey,10539,neutral,""Come on, they're close.""";
Monica,10539,disgust,Close? She's got her tongue in his ear.;
"Joey,10539,neutral,""Oh, like you've never gotten a little rambunctious with Ross.""";
"Monica,10539,disgust,""Joey, this is sick, it's disgusting, it's, it's—not really true, is it?""";
"Joey,10539,neutral,""Well, who's to say what's true? I mean...""";
"Monica,10539,disgust,""Oh my god, what were you thinking?""";
"Joey,10539,neutral,""All right, look, I'm not proud of this, ok? Well, maybe I am a little.""";
Monica,10539,surprise,Oh!;
Joey,10539,surprise,Ow!;
Monica,10539,disgust,I'm outta here.;
"Joey,10539,neutral,""Wait, wait, wait. You want him, I want her. He likes you.""";
Monica,10539,surprise,Really?;
"Joey,10539,neutral,""Yeah. I'm thinking, if we put our heads together, between the two of us, we can break them up.""";
Chandler,10540,joy,Hello! One marriage please!;
"Monica,10540,joy,""Yep, we wanna get married!""";
Monica,10540,neutral,All right.;
Chandler,10540,joy,Dum! Dum-dum-dum! Dum! Dum! Dum! Dum-dum-dum!;
Monica,10540,neutral,What are you doing?;
"Chandler,10540,neutral,""Oh, that's""";
"Monica,10540,neutral,""No, only because that's the graduation song.""";
Chandler,10540,joy,Okay!  This is it!  We're gonna get married!;
Monica,10540,neutral,Are you sure you wanna do this?;
"Ross,10540,joy,""Well, hello, Mrs. Ross!""";
"Rachel,10540,joy,""Well, hello, Mr. Rachel!""";
Rachel,10540,neutral,Wait!  Okay!;
Monica,10541,neutral,Would you ever be a surrogate for anyone?;
Rachel,10541,neutral,It depends on who asked.;
Monica,10541,neutral,What if I asked?;
"Rachel,10541,neutral,""Oh, Mon, sure.""";
Monica,10541,surprise,Really?;
Rachel,10541,surprise,Yes.  You’re not asking are you?;
Monica,10541,neutral,No.;
Rachel,10541,joy,Yes! Totally!;
Kathy,10541,joy,Oh! Thank you! Thank you! Thank you! Yes! Thank you!;
"Rachel,10542,joy,""You…are…not going to believe it! Joshua came into work today, and guess what happened?""";
Monica,10542,surprise,He asked you out?!;
Rachel,10542,joy,No. But I was showing him some cufflinks and I felt his pulse.;
Monica,10542,joy,Saucy!;
Rachel,10542,neutral,What are these?;
Monica,10542,neutral,Electrical plans for the building.;
"Rachel,10542,fear,""Okay, okay, okay should I be scared?""";
"Monica,10542,neutral,""I know that switch does something, okay?""";
Monica,10542,neutral,So-so I went down to city hall and got these.;
Monica,10542,sadness,All I had to do was pay $25 and wait in line for three hours.;
Rachel,10542,surprise,Wow! If only more people knew.;
Janice,10543,neutral,Uh-oh-okay. Uh-oh-okay. I know what you all are thinking. But Chandler is in;
Rachel,10543,neutral,Yeah! No that's what I was thinking.;
"Janice,10543,neutral,""So I'm asking you please, take a moment before you judge me.""";
"Phoebe,10543,neutral,""Oh, nobody's judging you.""";
"Janice,10543,joy,""Oh! Okay!  You, Mister Right Place at the Right Time, call me!""";
Ross,10544,surprise,Oh man!;
Ross,10544,joy,I want that place so much!!;
Ross,10545,sadness,I was so sure that was gonna work!;
Ross,10546,disgust,There's twelve bucks I'll never see again!;
"Rachel,10546,neutral,""All right honey, we'd better go if we wanna catch that movie.""";
Monica,10546,neutral,Bye!;
All,10546,neutral,Bye!;
Phoebe,10546,sadness,Bye Chandler!   I miss you already.;
"Chandler,10546,disgust,""Okay, did you see that?! With the inappropriate and the pinching!!""";
"Monica,10546,surprise,""Actually, I did!""";
"Chandler,10546,neutral,""Okay, so now do you believe that she's attracted to me?""";
"Monica,10546,surprise,""Ohhh, oh my God! Oh my God! She knows about us!""";
Chandler,10546,surprise,Are you serious?;
Monica,10546,anger,Phoebe knows and she's just trying to freak us out! That's the only explanation for it!;
Chandler,10546,anger,Okay but what about y'know my pinchable butt and my bulging biceps—She knows!;
"Elizabeth,10547,fear,""Ross, umm, you've been in there for a long time. I'm starting to get kinda freaked out.""";
"Ross,10547,neutral,""All right, I'm coming out. Hey, can you turn the lights off.""";
"Elizabeth,10547,neutral,""No, let's just leave the lights on.""";
Elizabeth,10547,surprise,Oh my God!;
"Monica,10548,anger,""You wanna go right now? 'Cause I'll take you right now, buddy! You wanna go?""";
Ross,10548,neutral,Oh fine.;
Monica,10548,joy,Ready?  Wrestle!;
"Rachel,10548,neutral,""Okay, y'know what uh, actually, that's great. That helps a lot. Thanks.""";
"Joey,10549,neutral,""All right now remember, something this big and long is going to be difficult to manuver, fortunately I have a lot of experience in that area.""";
"Ross,10549,fear,""Can we please focus here, a naked man’s life hangs in the balance!""";
Phoebe,10549,anger,I’m telling you he’s dead. What we are about to have here is a dead fat guy on a stick.;
"Joey,10549,neutral,""All right, ladies and gentlemen, let’s poke.""";
Joey,10549,neutral,Steady.;
Joey,10549,neutral,Steady.;
"Joey,10549,neutral,""Okay, a little higher.""";
Joey,10549,neutral,Careful of the angle.;
"Joey,10549,neutral,""Okay, okay, we’re approaching the window  Thread the needle.""";
Joey,10549,neutral,Thread the needle.;
Phoebe,10549,joy,He’s alive! He’s a-live!!!;
"Monica,10549,disgust,""And yet, we’re still poking him.""";
"Joey,10549,neutral,""Okay, retract the device, retract the device.""";
Ross,10549,anger,He does not look happy.;
"Rachel,10549,surprise,""Hey-hey, now he’s showing us his poking device.""";
"Joey,10549,anger,""Hey, that’s never gonna make it all the way over here, buddy!""";
"Rachel,10550,sadness,""Well they have uh, some unusual pet names for each other.""";
"Rachel,10550,disgust,""Including umm, evil bitch and uh, sick bastard.""";
Rachel,10550,surprise,Oh God oh!;
Rachel,10550,surprise,Contraction!;
Evil Bitch,10550,anger,Are you looking at her?!;
Sick Bastard,10550,anger,No!;
Evil Bitch,10550,anger,Don’t you look at her you sick bastard!;
Sick Bastard,10550,fear,Honey I swear! I wasn’t looking at her!;
Evil Bitch,10550,anger,She’s in labor! You like that you sick son of a bitch!;
"Ross,10550,neutral,""Umm. Umm, I’m-I’m just gonna—""";
Evil Bitch,10550,anger,See? See? It was because you were looking fat pervert!;
"Ross,10550,neutral,""No-no, I’m…I’m sure no one was looking. Just want some privacy.""";
Evil Bitch,10550,neutral,You miss your girlfriend?;
Ross,10550,neutral,Just ignore them.;
Rachel,10550,neutral,Ross.;
Ross,10550,fear,What? What?;
Rachel,10550,neutral,He’s looking at me.;
Ross,10550,anger,Hey! You wanna live to see your baby?!;
Evil Bitch,10550,anger,Don’t you talk to my husband like that you stupid bastard!;
Phoebe,10551,neutral,Pat Sajak?;
Rachel,10551,joy,Yep!;
Phoebe,10551,neutral,Alex Trebek?;
"Rachel,10551,joy,""Oh, of course!""";
Phoebe,10551,neutral,Chuck Woolery?;
"Rachel,10551,joy,""Definitely! Phoebe, you will not find a single game show host, who’s ass I cannot kick.""";
Rachel,10551,joy,Say it!;
Phoebe,10551,joy,Say we are unagi!;
Ross,10551,anger,It’s not something you are! It’s something you have!;
Rachel,10551,joy,Say it!;
"Ross,10551,anger,""Y’know what? I can easily get out of this, but there is a chance you can get very, very hurt!""";
"Monica,10552,neutral,""Hey, Rach, can I borrow your eyelash curler, I think I lost mine.""";
"Rachel,10552,neutral,""Yeah, it's in there.""";
Joey,10552,surprise,Oh! Ohh! Oh!!;
"Chandler,10552,neutral,""Joey, can I talk to you for a second?""";
Joey,10552,surprise,Oohh!! Ohh! Oh-oh-oh! Oh-oh!!;
Joey,10552,surprise,oooooooooooooohhhhhhhhhhh;
Chandler,10552,neutral,Yes. Yes.;
Joey,10552,surprise,You?!  And-and you?!;
"Monica,10552,joy,""Yes, but you cannot tell anyone! No one knows!""";
Joey,10552,surprise,How?! When?!;
Chandler,10552,neutral,It happened in London.;
Joey,10552,surprise,IN LONDON!!!;
Chandler,10552,neutral,The reason we didn't tell anyone was because we didn't want to make a big deal out of it.;
Joey,10552,surprise,But it is a big deal!! I have to tell someone!;
Chandler,10552,fear,No-no-no-no-no! You can't!;
"Monica,10552,fear,""Please? Please?! We just don't want to deal with telling everyone, okay? Just promise you won't tell.""";
"Joey,10552,surprise,""All right! Man, this is unbelievable! I mean, it's""";
"Monica,10552,joy,""I know, it's great!""";
"Joey,10552,disgust,""Aww, I don't want to see that!""";
Phoebe,10552,sadness,We're so stupid! Do you know what's going on in there? They're trying to take Joey!;
"Julie,10553,neutral,""And my second grade teacher was Ms. Thomas, and my first grade teacher was Mrs. Cobb.""";
"Rachel,10553,neutral,""Mrs., Mrs. Gobb?""";
"Julie,10553,neutral,""No Cobb, as in cobb salad.""";
"Rachel,10553,neutral,""Now, what exactly is in a cobb salad?""";
Chandler,10554,fear,What're we gonna do? What're we gonna do?;
"Joey,10554,neutral,""Uh, uh, we'll flip for it. Ducks or clowns.""";
"Chandler,10554,surprise,""Oh, we're gonna flip for the baby?""";
Joey,10554,neutral,You got a better idea?;
"Chandler,10554,neutral,""All right, call it in the air.""";
Joey,10554,neutral,Heads.;
Chandler,10554,neutral,Heads it is.;
Joey,10554,joy,Yes! Whew!;
Chandler,10554,neutral,We have to assign heads to something.;
"Joey,10554,neutral,""Right. Ok, ok, uh, ducks is heads, because ducks have heads.""";
Chandler,10554,anger,What kind of scary-ass clowns came to your birthday?;
"Joey,10555,neutral,""Okay, some tricks of the trade.""";
"Joey,10555,neutral,""Now, I’ve never been able to cry as an actor, so if I’m in a scene where I have to cry, I cut a hole in my pocket, take a pair of tweezers, and just start pulling.""";
"Joey,10555,neutral,""Or ah, or, let’s say I wanna convey that I’ve just done something evil.""";
"Joey,10555,neutral,""That would be the basic ‘I have a fishhook in my eyebrow and I like it’  Okay, let’s say I’ve just gotten bad news, well all I do there is try and divide 232 by 13.""";
Joey,10555,neutral,And that’s how it’s done.;
"Joey,10555,joy,""Great soap opera acting tonight everybody, class dismissed.""";
"Student,10555,neutral,""Hey, Mr. Trib.""";
Joey,10555,joy,Hey-hey.;
Phoebe,10556,neutral,Then I’m gonna have to ask you to keep it down.;
Mr. Heckles,10556,surprise,Who are you?;
"Eric,10556,neutral,""Hi, I’m Eric, I’m gonna be Chandler’s new roommate.""";
Mr. Heckles,10556,surprise,I’m Chandler’s new roommate.;
Eric,10556,surprise,I-I-I don’t think so.;
Mr. Heckles,10556,surprise,I could be Chandler’s new roommate.;
"Eric,10556,surprise,""But, he told me over the phone.""";
Mr. Heckles,10556,neutral,He told me in person.;
Eric,10556,surprise,That’s weird.;
"Mr. Heckles,10556,joy,""Well, I’m going to go into my new apartment now.  Ehh!""";
Phoebe,10557,surprise,Hey! Look who I found!;
"Chandler,10557,joy,""Oh, hey guys!""";
"Phoebe,10558,neutral,""Y’know, birds have a very good sense of direction, and I thought maybe they could help us find where the presents are hidden.""";
"Chandler,10558,neutral,""Yes, if the presents are hidden south for the winter.""";
Phoebe,10559,neutral,Or we could just follow your clever jokes – any ideas?;
Phoebe,10560,neutral,Didn’t think so!;
"Phoebe,10561,neutral,""Okay, c’mon guys, show us where the presents are!""";
"Chandler,10561,anger,""Oh, the duck seems to think that Monica got me garbage! Hmm, I wonder what I could get Monica that’s as good as garbage?""";
"Phoebe,10561,neutral,""Hmm, how about my azzz?""";
"Rachel,10561,neutral,""Hey, this is hollow.""";
Phoebe,10561,surprise,What?;
"Rachel,10561,surprise,""This bench, it’s hollow! I can’t believe I never knew that!  Oh, the presents!!!""";
"Phoebe,10561,fear,""No, don’t look directly at them!""";
Chandler,10561,surprise,What?;
"Phoebe,10561,neutral,""Alright, no, we could look at them!""";
Monica,10561,neutral,I;
"Ross,10562,joy,""Hi! I’m so glad you’re here, but it’s gonna be a while. I-I wished you’d called first.""";
"Mrs. Geller,10562,neutral,""Oh that’s all right, I’m coming back later with your father.""";
Ross,10562,joy,Oh good.;
Mrs. Geller,10562,neutral,I actually needed to talk to you before the birth.;
"Ross,10562,neutral,""Okay, what’s up?""";
"Mrs. Geller,10562,neutral,""I brought something that I want to give you, assuming of course that you want it.""";
"Ross,10562,surprise,""Ma, you’re asking me to marry you?""";
"Mrs. Geller,10562,joy,""This is your grandmother’s engagement ring, I want you to give it to Rachel.""";
"Ross,10562,surprise,""Mom no, come on! Thank you.""";
Mrs. Geller,10562,fear,Just hear me out!;
"Ross,10563,sadness,""Maybe this would’ve happened if I’d been more nurturing, or I’d paid more attention, or I... had a uterus.""";
Ross,10563,sadness,I can’t believe this!;
"Phoebe,10563,sadness,""I know no, no, y'know you don’t deserve this, you don’t Ross.""";
"Phoebe,10563,sadness,""You’re, you’re really, you’re so good.""";
Ross,10563,sadness,Thanks.;
Phoebe,10563,neutral,And you’re so sweet.  And you’re kind;
Ross,10563,sadness,Thanks.;
"Ross,10563,surprise,""Wait, wait, wait, wait, wait.""";
"Phoebe,10563,neutral,""Okay, it’s okay.""";
"Ross,10563,joy,""Wait, wait, wait.""";
Ross,10563,sadness,My foot is stuck in the pocket.;
Phoebe,10563,surprise,What?;
"Ross,10563,sadness,""No, I can’t get it out.""";
Mark,10564,neutral,Rachel?;
Rachel,10565,surprise,Yeah.  Hi Mark!;
"Mark,10565,joy,""Hi. I just talked to Joanna, and she loves you. You got it, you got the job.""";
"Rachel,10565,surprise,""Oh, I did!""";
Mark,10565,joy,Yes.;
Rachel,10565,surprise,Oh my God!!;
Joey,10565,joy,Congratulations...oh..wow;
Chandler,10566,anger,I can’t believe I did this! What an idiot!;
"Monica,10566,sadness,""Oh, stop beating yourself up!""";
Monica,10566,neutral,People make mistakes!;
Monica,10566,neutral,These things happen!;
Monica,10566,neutral,There aren’t any message you’ve forgotten to give me are there?;
Monica,10566,anger,Apparently you’re not very good at it!;
Monica,10566,neutral,I;
Earl,10567,neutral,Philadelphia.;
"Phoebe,10567,surprise,""Oh my God! So was she! Oh, I’ve got-I’ve got goose bumps.""";
Earl,10567,surprise,Really?;
"Phoebe,10567,neutral,""Well, y’know I’m wearing layers and it’s warm.""";
Joey,10567,joy,Yeah.;
"Phoebe,10567,sadness,""But if—no look, okay. These jerks might not care about you, but the universe does! And that says a lot!""";
Earl,10567,neutral,Did you hear that?!;
Earl,10567,anger,I don’t need you guys to care about me!;
Earl,10567,joy,Because the universe cares!;
Earl,10567,joy,The whole universe!;
Earl,10567,sadness,I really wished they’d care just a little bit though.;
"Ross,10568,joy,""I like this one.  It seems to say, """"I love you and that’s why I have to kill you.""""""";
"Monica,10568,joy,""They can’t all be bad.  Find the one where you make your bedroom eyes. Ohh, there it is.""";
Chandler,10568,surprise,Oh my God! Those are my bedroom eyes?! Why did you ever sleep with me?;
Monica,10568,surprise,Do you really want to pull at that thread?;
Phoebe,10568,joy,I’m having a really good time!;
Kyle,10568,sadness,Me too! I’m sorry that guy in the subway licked your neck.;
"Phoebe,10568,neutral,""Ohh. No that’s okay, he’s a friend.""";
"Kyle,10568,fear,""Hey uh, I don’t mean to be presumptuous but I have these two tickets to the ballroom dancing finals tomorrow night if you want to go?""";
"Phoebe,10568,sadness,""Yeah, I… Well y’know I-I mean I missed the-the semi-finals, so I’d just be lost.""";
"Kyle,10568,surprise,""I know it’s really lame, but I got these tickets from my boss and—Oh no! No! No! My God!""";
"Phoebe,10568,neutral,""Okay, don’t freak out. I’ll go.""";
"Kyle,10568,anger,""No it’s… Uh, my ex-wife Whitney is out there. I cannot deal with her right now. That woman is crazy!""";
"Phoebe,10568,neutral,""Okay, I know. Hold on.  Hey Ross?""";
Ross,10568,neutral,Yeah?;
"Phoebe,10568,neutral,""Yeah, umm that’s Whitney , Kyle’s ex-wife out there, now do you think that you can y’know divert her so that we can slip out?""";
Ross,10568,surprise,What?! No!;
Phoebe,10568,neutral,Well okay but I have two tickets to the ballroom dance finals.;
"Ross,10568,neutral,""Look, I don’t think so Pheebs.  All right, I’ll do it. But just because you’re a friend.""";
"Chandler,10569,neutral,""Well, I-I-I'm done with this. You want anything Ross? Sports? International? Apartment listings?""";
Ross,10569,neutral,I'll take sports.;
Joey,10569,neutral,Mine!;
"Ross,10569,neutral,""All right. Uhh, international.""";
"Ross,10570,neutral,""Okay, look, I-I know what you guys are going to say""";
Phoebe,10570,disgust,You two will have very hairy children.;
"Ross,10570,surprise,""Okay, I didn't know you would say that.""";
Rachel,10570,anger,Ross! Janice?!;
"Joey,10570,neutral,""All right, hold on!""";
Joey,10570,neutral,Hold on.;
Joey,10570,neutral,Hold on.;
"Joey,10570,neutral,""This is Ross, okay?""";
Joey,10570,neutral,He's our friend.;
Joey,10570,anger,He obviously went crazy.;
Joey,10570,anger,He obviously lost his mind.;
Phoebe,10570,neutral,So are you actually gonna see her again?;
Joey,10570,anger,Phoebe! Don't put ideas in his head!;
Joey,10570,anger,Damnit Phoebe!!;
"Ross,10571,neutral,""Hey, don’t we have to...""";
"Chandler,10571,neutral,""Yeah, we got, um-hmm.""";
"Phoebe,10571,joy,""Umm, I think you’re really, really great...""";
Robert,10571,sadness,Oh God!;
Robert,10571,sadness,Here we go again.;
Robert,10571,anger,Why does this keep happening to me?;
Robert,10571,sadness,Is it something I’m putting out there?;
Robert,10571,sadness,Is this my fault?;
Robert,10571,sadness,Or am I just nuts?;
"Phoebe,10571,surprise,""I-I-I-I-I don’t know, I don’t know what to say.""";
"Gunther,10571,disgust,""Hey buddy, this is a family place, put the mouse back in the house.""";
Joey,10572,sadness,Wait!;
Joey,10572,sadness,Terry!;
Joey,10572,sadness,Please!;
"Joey,10572,sadness,""Look, I just lost my other job.""";
Joey,10572,neutral,Okay?;
Joey,10572,sadness,You have no idea how much I need this.;
"Joey,10572,sadness,""Please, help me out, for old times sake.""";
Nurse #1,10572,sadness,This poor guy’s been in a coma for five years. It’s hopeless.;
"Nurse #2,10572,joy,""It’s not hopeless! Dr. Stryker Ramoray’s a miracle worker. Look, here he comes.""";
"Dr. Stryker Ramoray,10572,neutral,""Good morning.  Drake, it’s your brother Stryker. Can you hear me?""";
Joey,10572,joy,I’m back baby! Ha-ha-ha!;
Monica,10573,anger,That kid really kicked me hard on the plane.;
Chandler,10573,neutral,Well you did pull his hair.;
Monica,10573,anger,He took my snack!;
Chandler,10573,anger,I’m not getting into this again!;
"Monica,10573,sadness,""Okay! Oh God, y’know what? It’s really bad.""";
"Chandler,10573,anger,""Well, I told you not to walk. Here.  There. Okay.""";
"Monica,10573,fear,""This doesn’t mean anything, does it?""";
Joey,10574,anger,Of course! Only an idiot would wear this stuff if you didn’t have the car! Right?;
Chandler,10574,neutral,That is true.;
"Phoebe,10574,neutral,""Yeah, but only a genius would swallow a sonic blaster gun.""";
"Joey,10574,neutral,""Oh, I’ve been there. Yeah, I am gonna go drive my Porsche.""";
"Monica,10574,neutral,""Joey, you know you don’t actually have one.""";
Joey,10574,sadness,Come on! What are you doing?! I’m in character! Would you talk to her!;
"Chandler,10574,anger,""Ahh, I think it just moved. It’s really poking me.""";
"Monica,10574,neutral,""All right, that’s it, we’re going to the emergency room.""";
"Phoebe,10574,anger,""What?! No, you can’t, you can’t leave me here with them! We’re baby-sitting!""";
"Monica,10574,neutral,""The babies are asleep, I’m sure you’ll be okay on your own for a while!""";
Phoebe,10574,anger,But you-you can’t leave me with them! We-we’re a team! We’re playing a zone! They’re gonna triple team me!;
"Monica,10574,fear,""He’s got something plastic lodged in his throat, we’ve got to go to the hospital.""";
"Phoebe,10574,neutral,""But no, because a doctor won’t be able to help him, it’s just gonna y’know naturally pass through his system in like seven years.""";
Chandler,10574,neutral,I think that’s gum.;
Phoebe,10574,neutral,I’m pretty sure it’s gun.;
"Chandler,10574,anger,""Okay, listen this really hurts. Let’s go.""";
"Phoebe,10574,anger,""A real man wouldn’t just run to the hospital!  No! What would, what would Krog do?""";
Ross,10574,neutral,That was the only way I could get him to;
Joey,10574,neutral,Hi! How are the Gellers?;
Rachel,10574,anger,Don’t call us that!;
Ross,10574,anger,The judge wouldn’t let us get an annulment! Now we gotta get a divorce!! Did a Porsch throw up on you?;
Joey,10574,anger,Hey! It’s Porsche!!;
Monica,10575,joy,Hey sweetie!;
Chandler,10575,joy,Hey!;
Chandler,10575,surprise,There’s no back to this couch!;
Monica,10575,surprise,Why are you reading this? You hate this kind of stuff.;
"Chandler,10575,neutral,""Yeah I know, but I figured a shot y’know?""";
"Chandler,10575,neutral,""Maybe one of those stories would make me cry and then you wouldn’t think I was y’know, all dead inside.""";
"Monica,10575,joy,""Oh that’s so sweet! Look Chandler I don’t care if you can’t cry, I love you.""";
Chandler,10575,neutral,Oh that makes me feel so warm in my hollow tin chest.;
Monica,10575,joy,Stop it!;
"Chandler,10575,neutral,""No, I mean, come on, seriously think about it, we get married, we’re up at the altar and I’m like this.""";
"Monica,10575,neutral,""I won’t care, because I know you will be feeling it all in here.""";
Chandler,10575,neutral,Yeah?;
Ross,10576,joy,Of course he is!;
"Ross,10576,joy,""What, do you think I’d just use my son as-as an excuse?""";
Ross,10576,anger,What kind of father do you think I am?;
"Monica,10576,neutral,""All right, sorry.""";
Ross,10576,neutral,I gotta go make a fake Ben.;
"Monica,10577,surprise,""The basket is totally empty! My God, the neighbors ate all the candy!""";
"Chandler,10577,neutral,""Well, either that or uh""";
Monica,10577,anger,Joey!!;
Joey,10577,neutral,Yeah?;
Monica,10577,anger,Did you eat all the neighbor candy?!;
"Joey,10577,anger,""Uh well yeah, that was the plan, but by the time I got to it there was only a couple of pieces left!""";
"Phoebe,10577,joy,""Yeah, and they’ve been coming by all day. They love it!""";
Monica,10577,joy,They love my candy? Oh man!!! I’ve gotta go make more!!;
"Joey,10577,neutral,""Hey Mon, you might wanna make some more lasagna too, because something might’ve happened to a huge chunk of it.""";
Monica,10577,joy,Ross! The neighbors ate all my candy!!;
Ross,10577,anger,Mine stole my newspaper! It’s like a;
Phoebe,10577,neutral,Sure!;
"Ross,10577,neutral,""Yeah, ever since you uh, told me that story about that bike I-I couldn’t stop thinking about it.""";
"Ross,10577,neutral,""I mean, everyone should have a-a""";
Phoebe,10577,surprise,Oh my God Ross!!;
Ross,10577,joy,You like it?;
Phoebe,10577,neutral,I;
Ross,10577,neutral,Yeah?;
Helena,10578,neutral,Hello darlings.;
Chandler,10578,joy,And there’s daddy!;
Phoebe,10579,surprise,There he is! There he is!;
Monica,10579,neutral,Where?;
Phoebe,10579,joy,Right- where we've been looking all night!;
Rachel,10579,joy,He is so cute!;
"Monica,10579,joy,""Oh, George, baby, drop the towel!""";
"All,10579,joy,""Yeah, drop it! Drop the towel! Please drop the——wowww.""";
"Monica,10580,joy,""I've gotta tell you, Bob is terrific.""";
"Angela,10580,joy,""Yeah, isn't he?""";
"Monica,10580,joy,""It is so great to meet a guy who is smart and funny, and has an emotional age beyond, like eight.""";
Angela,10580,joy,You know what else? He's unbelievable in bed.;
Monica,10580,surprise,Wow. My brother never even told me when he lost his virginity.;
Angela,10580,neutral,Huh. That's nice.;
"Ross,10581,neutral,""and the miracle was that that little bit of oil that should’ve just lasted just one day, burned for""";
Ben,10581,neutral,Eight whole days.;
"Ross,10581,joy,""That’s right, and that’s why we celebrate Hanukkah today. The end.""";
Ben,10581,joy,Awesome!;
Ross,10581,surprise,Yeah?;
Chandler,10581,neutral,My favorite part was when;
Ross,10581,neutral,The Armadillo was actually not so;
Rachel,10581,joy,Hey!;
Phoebe,10581,neutral,Oh.;
Rachel,10581,surprise,Wow! It looks like the Easter Bunny’s funeral in here.;
"Ross,10581,joy,""Come on, come on, we’re-we’re-we’re lighting the candles!""";
Rachel,10581,neutral,Oh.;
Phoebe,10581,neutral,Oh.;
"Phoebe,10581,neutral,""Okay, I understand why""";
"Pete,10582,joy,""Yeah, sure. Good luck!""";
Monica,10582,joy,I’m quitting!! Woo-hoo!  I’m okay!! I’m all right!!;
"Phoebe,10582,surprise,""Wow! That’s exciting, you went to Japan, made up a woman.""";
Pete,10582,neutral,What?;
"Phoebe,10582,surprise,""I’m just saying, this woman, I mean she’s fictitious. No?""";
Pete,10582,neutral,Why would you say that?;
Phoebe,10582,neutral,‘Cause you’re still into Monica.;
"Phoebe,10582,neutral,""So you told her there was somebody else so she would agree to work with you, so ‘cause you figure oh if you spent a lot of time together, maybe something might happen, and...""";
Pete,10582,joy,You’re good. You’re good!;
"Phoebe,10582,neutral,""Yeah, no, I’m fairly intuitive and psychic. It’s a substantial gift.""";
"Pete,10582,fear,""Listen, can you promise me that you won’t tell her though?""";
"Phoebe,10582,neutral,""Absolutely, oh I promise. Tell her what?""";
Pete,10582,neutral,Thanks a lot.;
"Phoebe,10582,neutral,""No I’m serious. I mean I’m intuitive, but my memory sucks.""";
"Rachel,10583,neutral,""Excuse me, pardon me, excuse me, excuse me, sorry. Hi.""";
"Man,10583,anger,""For God's sake, will you let it go? There's no Rachel!""";
"Ross,10583,neutral,""Oh, hey, hey, I got that.""";
"Julie,10583,joy,""Oh, thanks, sweetie.""";
Ross,10583,joy,No problem. I cannot wait for you to meet my friends.;
Julie,10583,surprise,Really?;
Julie,10583,fear,You don't think they'll judge and ridicule me?;
"Ross,10583,neutral,""No, no, they will. I just... uh...""";
Julie,10583,neutral,Can't wait.;
Monica,10584,surprise,Do I know you?;
"Monica,10584,surprise,""Oh my god, little Stevie Fisher? How've you been?""";
"Steve,10584,neutral,""Good, good, I'm a lawyer now.""";
Monica,10584,surprise,You can't be a lawyer. You're eight.;
"Steve,10584,joy,""Listen, it was nice to see you. I gotta run backstage.""";
"Monica,10584,surprise,""Uh, wait, backstage?""";
"Steve,10584,neutral,""Oh, yeah, my firm represents the band.""";
Ross,10584,neutral,Ross.;
Chandler,10584,neutral,Chandler.;
"Steve,10584,neutral,""Look, you guys wanna meet the group?""";
Steve,10584,neutral,Come on.;
"Steve,10584,surprise,""So, are you one of the ones who fooled around with my dad?""";
Joey,10585,disgust,Do you have any respect for your body?;
Ross,10585,disgust,Don't you realise what you're-you're doing to yourself?;
"Chandler,10585,anger,""Hey, y'know, I have had it with you guys and your cancer and your emphysema and your heart disease.""";
"Chandler,10585,neutral,""The bottom line is, smoking is cool, and you know it.""";
"Rachel,10585,neutral,""Chandler? It's Alan, he wants to speak to you.""";
Chandler,10585,surprise,Really?;
Chandler,10585,surprise,He does?;
"Chandler,10585,joy,""Hey, buddy, what's up!""";
"Chandler,10585,surprise,""Oh, she told you about that, huh.""";
"Chandler,10585,neutral,""Well, yeah, I have one now and then.""";
"Chandler,10585,neutral,""Well, yeah, now.""";
"Chandler,10585,neutral,""Well, it's not that big- ..well, that's true,.. Gee, y'know, no-one- no-one's ever put it like that before.""";
"Chandler,10585,joy,""Well, okay, thanks!""";
"Rachel,10585,joy,""God, he's good.""";
Ross,10585,neutral,If only he were a woman.;
Rachel,10585,neutral,Yeah.;
"Phoebe,10586,surprise,""Oh, look look look.""";
Phoebe,10586,neutral,The last candle's about to burn out.;
"Phoebe,10586,neutral,""10, 9, 8, 7... ... negative 46, negative 47, negative 48....""";
Ross,10586,neutral,Thank you.;
Phoebe,10586,neutral,Thanks.;
Ross,10586,fear,Kinda... spooky without any lights.;
Joey,10586,joy,Bwah-hah-hah!;
"Ross,10586,joy,""OK, guys, guys? I have the definitive one. Mwwwooooo-hah-hah...""";
Ross,10586,neutral,Oh.. oh... oh.;
"Joey,10586,neutral,""Hey Ross. This probably isn't the best time to bring it up, but you have to throw a party for Monica.""";
"Rachel,10587,neutral,""All this stuff takes up a lot of room. Hey how uh, how serious are you about keeping Ben in your life?""";
Charlie,10588,joy,You blew them away!;
"Ross,10588,joy,""Oh, I can't tell you how great it was to look at the crowd and see your face!""";
"Ross,10588,neutral,""I mean... uh, did you know you were  mouthing the words along with me?""";
Charlie,10588,surprise,I was;
"Ross,10588,joy,""No, it's ok! Made me feel like a rock star!""";
Charlie,10588,surprise,Oh my God!  I'm your;
Ross,10588,joy,I'd better not found you naked in my hotel room!;
"Ross,10588,joy,""Look, I took it too far!""";
"Ross,10589,neutral,""Okay, Monica: Right foot red.""";
Monica,10589,neutral,Could've played;
Chandler,10589,neutral,Thanks.;
"Ross,10589,neutral,""Okay, Pheebs: Right hand blue. Good.""";
"Chandler,10589,neutral,""Hello? Oh, uh, Rachel, it's the""";
"Rachel,10589,neutral,""Oh, okay. Will you take my place?""";
"Chandler,10589,neutral,""Alright.  Yes, this is Rachel.""";
Rachel,10589,surprise,Nooo!;
Rachel,10589,neutral,Hello?;
"Rachel,10589,neutral,""Oh, yeah, no, I know, I-I haven't been using it much.""";
"Rachel,10589,joy,""Oh, well, thanks, but, I'm okay, really.""";
Ross,10589,neutral,Green. To the green.;
Rachel,10589,neutral,I've got magic beans.  Never-never mind.;
"Chandler,10589,neutral,""To the left, to the left- aww!""";
Rachel,10589,neutral,Ohhh... I'm fine.;
Joey,10590,joy,Hey!;
Chandler,10590,fear,Please tell me you got the message!;
Joey,10590,neutral,What message?;
"Chandler,10590,neutral,""The actor playing Mac couldn’t do it, they needed to see you at 2 o’clock.""";
Joey,10590,surprise,What?! It’s 6 o’clock!;
"Chandler,10590,fear,""Du-du-I wrote it, I wrote it on the board!""";
"Chandler,10590,anger,""I wrote it on the board, then I went all over New York City looking for ya!""";
Chandler,10590,neutral,I went to Ross’s!;
Chandler,10590,neutral,I went to the coffeehouse!;
Chandler,10590,neutral,I went to any place that they made sandwiches!;
"Ross,10591,neutral,""That’s the day you’re gonna die? See—darnit, I’ve got shuffleboard that day.""";
Phoebe,10591,neutral,That’s what you think.;
"Monica,10591,neutral,""Well, I mean what about friends of your grandmother’s? Wouldn’t they have the recipe?""";
"Phoebe,10591,neutral,""Well, y’know I may have relatives in France who would know. My grandmother said she got the recipe from her grandmother, Nesele Tolouse.""";
Monica,10591,neutral,What was her name?;
Phoebe,10591,neutral,Nestley Toulouse.;
Monica,10591,neutral,Nestlé Toll House?;
"Phoebe,10591,neutral,""Oh, you Americans always butcher the French language.""";
Phoebe,10591,surprise,Yes!!  Oh.;
Monica,10591,anger,I cannot believe that I just spent the last two days trying to figure out the recipe and it was in my cupboard the whole time!;
Phoebe,10591,anger,I know! You see it is stuff like this which is why  you’re burning in hell!!;
"Kim,10592,neutral,""So, we're decided, no on plaid, yes on pink?""";
Nancy,10592,joy,Absolutely!;
Rachel,10592,joy,I am so on board!;
Kim,10592,neutral,Rachel didn't you just light that?;
"Rachel,10592,neutral,""Yeah, I did, but y'know what? I am really, really trying to cut back, y'know?  Good luck, Rach.""";
Nancy,10592,neutral,I've actually been thinking about quitting lately.;
"Kim,10592,disgust,""Oh sure, every Sunday night I'm telling myself I'm quitting but every Monday morning it's like""";
Nancy,10592,neutral,Tell me about it!;
Rachel,10592,joy,Well then let's just quit! We'll just quit! Let's all quit!;
Kim,10592,neutral,It does sound appealing.;
"Nancy,10592,joy,""Oh, I never could do it.""";
Rachel,10592,neutral,Oh but you could.;
Rachel,10592,neutral,You can.;
Rachel,10592,joy,Absolutely!;
Rachel,10592,joy,We can help each other out!;
Rachel,10592,neutral,We can get--what are those--those patches!;
Rachel,10592,joy,We could be like the Patch Sisters!;
"Kim,10592,joy,""Oh y'know, we really should quit. Okay, let's quit!""";
Rachel,10592,joy,Yes! Great! Give me those cigs! Give it! Give it!;
Kim,10592,sadness,My late husband gave me that lighter.  I'm not kidding.;
Rachel,10592,joy,Okay then!;
"Chandler,10593,neutral,""Well, maybe it's a contest, y'know? Like, collect all five?""";
"Phoebe,10593,neutral,""Does, um, anyone wanna see?""";
All,10593,disgust,Nooo..;
"All,10593,anger,""Oh, hey, don't do that! Cut it out!""";
Rachel,10593,disgust,It's worse than the thumb!;
"Chandler,10593,anger,""Hey, this is so unfair!""";
"Monica,10593,surprise,""Oh, why is it unfair?""";
Chandler,10593,anger,So I have a flaw!;
Chandler,10593,anger,Big deal!;
Chandler,10593,anger,Like Joey's constant knuckle-cracking isn't annoying?;
"Chandler,10593,anger,""And Ross, with his over-pronouncing every single word?""";
"Chandler,10593,anger,""And Monica, with that snort when she laughs?""";
"Chandler,10593,disgust,""I mean, what the hell is that thing?""";
"Chandler,10593,anger,""...I accept all those flaws, why can't you accept me for this?""";
Joey,10593,anger,...Does the knuckle-cracking bother everybody?;
"Rachel,10593,neutral,""Well, I-I could live without it.""";
"Joey,10593,neutral,""Well, is it, like, a little annoying, or is it like when Phoebe chews her hair?""";
"Ross,10593,neutral,""Oh, now, don't listen to him, Pheebs, I think it's endearing.""";
"Joey,10593,anger,""Oh,  """"you do, do you""""?""";
"Ross,10593,neutral,""You know, there's nothing wrong with speaking correctly.""";
"Rachel,10593,joy,""""""Indeed there isn't""""... I should really get back to work.""";
"Phoebe,10593,neutral,""Yeah, 'cause otherwise someone might get what they actually ordered.""";
"Rachel,10593,anger,""Ohh-ho-hooohhh. The hair comes out, and the gloves come on.""";
Joey,10594,sadness,Awww! Mel Torme died.;
"Monica,10594,neutral,""Joey, that paper’s like a year old!""";
Joey,10594,sadness,Aw! Does that mean the;
Ross,10594,neutral,Hey.;
Joey,10594,neutral,Hey.;
Phoebe,10595,neutral,You're sure? You're absolutely sure?;
"Monica,10595,neutral,""Well, no. But, um, I bet she probably does.""";
Phoebe,10595,neutral,Probably?;
"Phoebe,10595,disgust,""Yeah, I don't like that word.""";
Phoebe,10595,neutral,Kind of what ‘probably’ really means.;
"Phoebe,10595,neutral,""Yeah, uh-huh.""";
"Phoebe,10595,anger,""Yeah, oh, """"Your mom probably won't kill herself,"""" y’know?""";
"Phoebe,10595,anger,""I'm sorry, but I'm not hanging all my hopes of Rachel and I living together on-on """"Probably!""""""";
Phoebe,10595,neutral,You gotta take care of yourselves!;
Phoebe,10595,neutral,In;
"Chandler,10595,neutral,""Bing doesn't seem so weird now, does it?""";
Janice,10596,joy,Yoo-hoo! Aaron Litman-Neurolic would like to say hello to his future bride.;
Rachel,10596,joy,Ohhh!  Wow! He kinda takes your breath away doesn’t he?;
Janice,10597,neutral,He’s a keeper. How are you feeling?;
"Rachel,10597,neutral,""Oh, I’m fine.""";
"Janice,10597,neutral,""Can I just say, I really admire what you’re doing. Just raising her all alone.""";
"Rachel,10597,neutral,""Oh, I’m not doing it alone. I have Ross.""";
"Janice,10597,neutral,""Oh, sure. Now. But what happens when he meets somebody else and gets married?""";
"Rachel,10597,neutral,""Well then he gets a divorce, it’s Ross!""";
"Janice,10597,neutral,""I’m telling you Rachel, listen to Janice. They all say they’re gonna be there until they start their real family.""";
Rachel,10597,sadness,Well I—That’s never gonna happen with Ross.;
"Janice,10597,disgust,""Oh well that’s what I thought about my first husband, now I’m lucky if my kid gets to spend the weekend with her father and the twins and little Ms. New Boobs.""";
"Phoebe,10598,neutral,""And Tim I just wanna say, good luck here.""";
Ross,10599,neutral,Hey. Who’s that?;
Rachel,10599,neutral,New people.;
Ross,10599,neutral,What happened to the Disgustingtons?;
Rachel,10599,anger,They’re having their baby!;
Rachel,10599,anger,It’s not fair Ross we got here first!;
Rachel,10599,neutral,Right after you left they wheeled her off into delivery.;
Rachel,10599,neutral,Oh but not before she gave me a juicy shot of little Jamie just crowning away.;
"Ross,10599,surprise,""Wow! Sorry. So uh, how are the new people?""";
Rachel,10600,neutral,Phoebe?;
Phoebe,10600,neutral,Yeah?;
"Rachel,10600,surprise,""Look at that guy by the window, wow!""";
"Phoebe,10600,neutral,""He’s awfully short and I think he’s talking to himself. And to be completely honest, he’s not that good in bed.""";
"Rachel,10600,sadness,""Oh, what is wrong with me lately?""";
Rachel,10600,neutral,I mean it’s like every guy I see—I mean look here.;
"Rachel,10600,neutral,""Look at that guy for example, I mean normally that’s not someone I would-would be attracted to, but right now, with the way I’m feeling, all I want to do is rip off his sweatpants and fanny pack.""";
"Phoebe,10600,neutral,""Wait a second! This is about the fourth month of your pregnancy, right?""";
Rachel,10600,neutral,Yeah.;
"Phoebe,10600,neutral,""This is completely normal, around the fourth month your hormones start going crazy.""";
Rachel,10600,surprise,Really?! So this has happened to you?;
Phoebe,10600,neutral,Oh absolutely yeah!;
"Phoebe,10600,neutral,""Oh and keep in mind, now, I was carrying triplets so in, y’know, medical terms I was-I was thrice as randy.""";
"Rachel,10600,joy,""Wow! This explains so much! Last weekend, I went from store to store sitting on Santa’s lap.""";
"Phoebe,10600,neutral,""Yeah. Yeah, I remember trying to steal a cardboard cutout of Evander Holyfield from a""";
Joey,10601,disgust,Ugh!;
Joey,10601,fear,I don’t know what I’m going to do!;
Joey,10601,anger,I called the company that sent and th-they don’t care!;
"Joey,10601,anger,""Then I called 9-1-1 and they laughed at me, if this isn’t an emergency, then what is?""";
Ross,10601,joy,Hey guys!;
Chandler,10601,joy,Hey!;
Joey,10601,neutral,Hey;
"Ross,10601,joy,""I just wanted to thank you again for last night, what a great party!""";
Ross,10601,joy,And the guys from work had a blast.;
"Ross,10601,joy,""Y’know, one of them had never been to a bachelor party before.""";
Ross,10601,joy,Yeah!;
"Ross,10601,surprise,""And-and another one had never been to a party before, so""";
"Joey,10601,joy,""So uh, hey, that uh, that wedding ring, huh? Man, that’s nice!""";
"Ross,10601,joy,""Yeah, right!""";
"Joey,10601,neutral,""I was uh, I was thinking I might want to pick one of those babies up for myself, I might want to get one of those""";
"Ross,10601,surprise,""That ring? When my grandmother first came to this country, that ring and the clothes on her back were all she had with her.""";
"Chandler,10601,surprise,""So you might say, the ring is irreplaceable?""";
"Ross,10601,joy,""Oh absolutely! It has been in my family for generations, and every bride who has worn it has had a long and happy life.""";
"Chandler,10601,joy,""So you might say, it’s a magic ring.""";
Ross,10602,surprise,OH MY GOD!! I didn’t really believe it until you just said it!!;
Ross,10603,neutral,Well obviously only one of us can keep dating her.;
"Joey,10603,neutral,""Obviously! So, how do we decide?""";
"Ross,10603,neutral,""Well now let’s-let’s look at this objectively, I think I should date her""";
Joey,10603,neutral,Uh-huh. Uh-huh.;
"Ross,10603,joy,""That’s interesting, but check this out. I date her""";
Joey,10603,neutral,Yeah-yeah I like that but just to go in another direction;
"Ross,10603,neutral,""Okay, okay. This can go on for a while.""";
Joey,10603,neutral,Yeah well we should order some food then.;
"Ross,10603,neutral,""No Joey! Look why don’t, why don’t we just let her decide? Okay? Hey-hey, we’ll""";
Joey,10603,neutral,That sounds fair.;
Ross,10603,neutral,Maybe I’ll take her to that new French restaurant down the street;
Joey,10603,anger,Ah yeah—wait a second now!;
Joey,10603,neutral,Look we’re gonna have to set a spending limit on the date.;
Joey,10603,anger,I don’t have the money to take her to a fancy place like that.;
"Ross,10603,neutral,""Well sorry, that’s what I do on dates.""";
"Joey,10603,neutral,""All right, well I guess I’ll just have to do what I do on dates.""";
Ross,10603,neutral,So let’s decide on the spending limit;
"Joey,10603,neutral,""Yeah. Uh, …a slice……six dollars?""";
Ross,10603,neutral,I was thinking more like a hundred.;
Joey,10603,neutral,Okay. Can I borrow 94 dollars?;
"Monica,10604,neutral,""Hi, again.""";
Joey,10604,neutral,Hey!;
Chandler,10604,neutral,Hey!;
"Monica,10604,joy,""Thank you soo, much.""";
"Chandler,10604,anger,""Oh, don’t thank me, thank the jerk that never showed up. Okay, I gotta get to get to work.""";
Monica,10604,neutral,You want some help with that?;
"Joey,10604,neutral,""Oh, no thanks, I got it.  No I don’t!""";
Monica,10604,surprise,Whoa! Are you okay?;
"Joey,10604,surprise,""Whew! Stood up to fast, got a little head rush.""";
Monica,10604,neutral,It’s the heat.  And-and the humidity.;
"Joey,10604,neutral,""That’s a uh, that’s a tough combination.""";
Monica,10604,neutral,Do you wanna come in for some lemonade?;
Joey,10604,surprise,Like you wouldn’t believe.  Wow! This is a great place.;
Monica,10604,neutral,What do you mean?;
Phoebe,10605,neutral,Remember how you said you were really dense about poetry? Oh.;
Joey,10606,surprise,Oh!;
"Joey,10606,neutral,""Hey, somebody left their keys.""";
"Joey,10606,surprise,""Ooohh, to a Porsche!""";
"Joey,10606,neutral,""Hey Gunther, these yours?""";
"Gunther,10606,disgust,""Yeah, that’s what I drive. I make four bucks an hour, I saved up for 350 years!""";
Joey,10606,neutral,Na-uh!  Hey did anybody lose their keys?;
"Monica,10606,neutral,""Joey, why don’t you put them in the lost and found?""";
Joey,10606,surprise,There’s a lost and found?  My shoe!;
Chandler,10606,surprise,You left a shoe here?!;
"Joey,10606,neutral,""Well, I didn’t realize until I got home.""";
Joey,10606,neutral,I wasn’t gonna walk all the way back down here with one shoe!;
Joey,10606,neutral,I’m gonna go find that guy’s car and leave a note on the windshield.;
"Chandler,10606,neutral,""Oh good, when he comes back for his keys, I’ll be sure to give him your shoe.""";
Joey,10606,joy,Great! Thanks.;
"Carol,10607,neutral,""Ok, and this is Funny Clown. Funny Clown is only for after his naps, not before his naps or he won't sleep.""";
"Ross,10607,joy,""Carol, we've been through this before, ok?""";
Ross,10607,joy,We have a good time.;
"Ross,10607,joy,""We laugh, we play.""";
Ross,10607,joy,It's like we're father and son.;
"Susan,10607,joy,""Honey, relax. Ross is great with him.  Don't look so surprised. I'm a lovely person.""";
"Rachel,10607,joy,""Oh, this is so cute.""";
"Susan,10607,neutral,""Oh, I got that for him.""";
Ross,10607,joy,My mommies love me. That's clever.;
Monica,10607,neutral,Hello?;
"Monica,10607,neutral,""Oh, Hi, Ju——Hi, Jew!""";
Monica,10607,neutral,Uh huh?;
Monica,10607,neutral,Uh huh?;
"Monica,10607,neutral,""Ok.  Um, sure, that'd be great.""";
Monica,10607,neutral,See ya then.;
Monica,10607,neutral,Bye.;
"Rachel,10607,surprise,""Did you just say Hi, Jew?""";
"Monica,10607,neutral,""Yes. Uh, yes, I did. That was my friend, Eddie Moskowitz. Yeah, he likes it. Reaffirms his faith.""";
Monica,10608,joy,Now there you go! I wouldn’t want my best guest to strain her eyes!;
Phoebe,10608,joy,Thanks Monica!;
Monica,10608,disgust,Does that smell bother you?;
"Phoebe,10608,surprise,""What the smell from Joey’s? No, I can hardly smell it over here.""";
"Monica,10608,neutral,""Well you let me know if you can, because y’know I can bake a pie to cover it.""";
"Phoebe,10608,joy,""I can smell it a little, bake the pie.""";
Monica,10608,joy,Okay!;
Phoebe,10608,neutral,Okay.;
"Monica,10608,neutral,""Hello?  Oh yes, one minute please.  It’s for you. It’s the fire inspector.""";
Phoebe,10608,surprise,Oh!  Hello?  Yeah this is Phoebe.  Really?!;
"Joey,10608,neutral,""Yeah, so it turns out that it wasn’t the hair straightener that started the fire.""";
"Joey,10608,neutral,""No-no, it was the candles.""";
Joey,10608,neutral,It’s very not good leaving candles unattended.;
"Joey,10608,neutral,""In fact, one of the first things they teach you in fire school is…  Uhh… Uhh… Okay.""";
"Joey,10608,neutral,""Well, I have to go now.""";
Rachel,10609,surprise,Joey proposed to me.;
Monica,10610,surprise,Is he crazy?! You just had Ross’s baby!;
"Rachel,10610,fear,""Well, I-I said yes.""";
Monica,10610,surprise,What?!;
Monica,10610,anger,Are you crazy?;
Monica,10610,anger,You just had Ross’s baby!;
Monica,10610,anger,It’s-it’s so  inappropriate.;
"Monica,10610,disgust,""No, it’s worse than that.""";
Monica,10610,disgust,It’s wrong.;
Monica,10610,surprise,It’s… It is bigger than  mine!;
Rachel,10610,neutral,I know.;
Monica,10610,sadness,You can’t marry him!;
Rachel,10610,sadness,Why not? I don’t want to do this alone! And he’s such a sweet  guy and he loves me so much.;
Monica,10610,neutral,Well do you love him?;
Rachel,10610,neutral,Sure.;
Monica,10610,neutral,Sure?;
"Rachel,10610,neutral,""Yeah, I mean whatever.""";
"Monica,10610,sadness,""Honey, the question is…do you really want to marry Joey?""";
"Rachel,10610,sadness,""No. No, I don’t. Could you be a dear and go tell him?""";
Phoebe,10611,neutral,So-so you two were married huh? What happened? You just drift apart?;
Mrs. Geller,10611,joy,Here comes the bride.;
Phoebe,10611,surprise,Oh my God Monica!;
Monica,10611,joy,I wanna wear this everyday.;
Rachel,10611,joy,You look so beautiful.;
Monica,10611,joy,I’m so happy for me.;
Rachel,10611,neutral,Hello?;
Joey,10611,fear,Hey! Did Chandler show up yet?;
"Rachel,10611,neutral,""Yeah, we got him back. Everything’s fine.""";
Joey,10611,anger,Damnit!;
"Ross,10612,anger,""I will be! Listen, I don’t want you teaching my son that stuff anymore. Okay?""";
Rachel,10612,neutral,Fine.;
"Rachel,10612,anger,""Fine, but I’ll have you know that once I taught him that stuff he called me Fun Aunt Rachel.""";
Rachel,10612,anger,And I loved being Fun Aunt Rachel but I’ll go back to being Boring and Uncomfortable Aunt Rachel if that’s what you want!;
"Ross,10612,neutral,""No that’s not what I want. Uh, I’m glad you guys were bonding but I""";
"Rachel,10612,sadness,""Look he doesn’t have any brothers or sisters, somebody’s gonna have to teach him this stuff!""";
Rachel,10612,neutral,And I haven’t taught him anything that a normal 6-year-old doesn’t know anyway!;
Ben,10612,anger,Crap!!;
Rachel,10612,neutral,I gotta go!;
Monica,10613,surprise,Look at that! Look at that! They’re going into the first class lounge! Do you know what they have in there?;
Chandler,10613,neutral,No.;
Monica,10613,surprise,Me neither! We have to get in!;
Chandler,10613,neutral,Just act like you belong.;
Monica,10613,surprise,Oh my God! Oranges!;
Chandler,10613,neutral,Shh!  Nice to see you again.;
"Airline Employee,10613,neutral,""Uh sir, may I see your tickets please?""";
"Chandler,10613,neutral,""Yes, of course.""";
"Airline Employee,10613,neutral,""I’m sorry, would you move your thumb? I can’t see the seat number.""";
"Chandler,10613,neutral,""Oh that’s all right, I have it memorized. It’s 1A.""";
Rachel,10614,joy,Okay!;
Rachel,10614,neutral,Y’know what?;
Rachel,10614,joy,I realized it was stupid to get upset about not having a husband and kids.;
Rachel,10614,neutral,All I really needed was a plan.;
Rachel,10614,neutral,See I wanna have three kids;
"Phoebe,10614,joy,""Oh let me guess, and you wanna have them all at the same time and you wanna have them for your brother.""";
Rachel,10614,neutral,As I was saying… I should probably have the first of the three kids by the time I’m 35 which gives me five years.;
Joey,10615,joy,You spent a hundred dollars. That’s the limit. You’re screwed!;
"Ross,10615,anger,""Uh actually, I sent the flowers before the actual date. So technically,""";
Joey,10615,anger,Oh-oh! So that’s the way it’s gonna be huh? Yeah I can break the rules too y’know!;
Ross,10615,anger,Oh yeah? What are you gonna do?;
Joey,10615,neutral,I don’t know.;
Ross,10615,disgust,Why am I not surprised?;
Joey,10615,anger,Y’know what Ross? I’m not gonna let you get away with this!;
Ross,10615,neutral,I don’t think you have much choice.;
Joey,10615,anger,Well we’ll see!;
Ross,10615,neutral,Bye-bye!;
Joey,10615,neutral,Yeah bye-bye!  Hey! So just a light layer?;
Ross,10615,neutral,Yes. Yes. Just here  and there .;
Ross,10616,neutral,Dad?;
Mr. Geller,10616,neutral,I’m here!;
Ross,10616,surprise,Hey!;
"Mr. Geller,10616,joy,""Hi. God, it seems like just yesterday you guys used to come out to watch me work.""";
"Ross,10616,sadness,""Dad, we-we can’t believe you’re selling the house.""";
"Mr. Geller,10616,neutral,""Well, it’s time for a new family to start their memories here and hopefully their check will clear before they find the crack in the foundation and the asbestos in the ceiling.""";
Ross,10616,neutral,Let’s grab our stuff and get the hell out of here.;
Mr. Geller,10616,sadness,I’m sorry we can’t store your childhood things anymore.;
"Monica,10616,joy,""Oh, that’s okay, I can’t wait to see everything again! All of the memories""";
"Mr. Geller,10616,neutral,""Well, I don’t know what’s in the boxes down here, but I do know there are six or seven""";
Monica,10616,neutral,I used to;
"Ross,10616,neutral,""Yeah, not as much as you used to love to play uncooked batter eater.""";
"Monica,10616,neutral,""Hey, it is unreasonable to expect a child to wait for a""";
"Ross,10617,neutral,""Ok, got the vent open.""";
"Phoebe,10617,joy,""Hi, I'm Ben. I'm hospital worker Ben. It's Ben... to the rescue!""";
"Ross,10617,neutral,""Ben, you ready?""";
"Ross,10617,neutral,""All right, gimme your foot.""";
"Ross,10617,neutral,""Ok, on three, Ben.""";
"Ross,10617,neutral,""One, two, three.""";
"Ross,10617,neutral,""Ok, That's it, Ben.""";
Susan,10617,neutral,What do you see?;
"Phoebe,10617,neutral,""Well, Susan, I see what appears to be a dark vent. Wait. Yes, it is in fact a dark vent.""";
"Ross,10617,surprise,""Phoebs, It's open! It's open!""";
Janitor,10617,surprise,Wait! You forgot your legs!;
"Mr. Posner,10618,joy,""You have a very impressive resume, Ms. Green. I especially like what I see here about implementing a new filing system.""";
Rachel,10618,joy,Thank you.;
Joanna,10618,neutral,Filing system?;
Joanna,10618,surprise,Oh-oh!;
Joanna,10618,neutral,You mean those-those little colored labels you put on all the folders?;
Joanna,10618,joy,It certainly did brighten up the inside of the filing cabinets.;
"Rachel,10618,neutral,""Well, they uh, they-they do more than that.""";
Mrs. Lynch,10618,neutral,I notice that you’ve been trusted with a lot of rather important responsibilities.;
"Rachel,10618,joy,""Yes, Joanna really has been an incredible mentor to me.""";
Joanna,10618,joy,Oh. And Rachel has been really incredible in getting my morning bagel for me. It’s amazing how she gets it right almost;
"Rachel,10618,neutral,""I-I-I of course, I have more responsibilities than that.""";
"Joanna,10618,joy,""Oh yes, well there’s the coffee too.  Rachel can carry two things at once!""";
"Mr. Posner,10618,neutral,""Yes, that’s very good. Now a uh, big part of this job is cultivating personal relationships, especially with designers.""";
"Rachel,10618,neutral,""Yes, I realize that""";
"Joanna,10618,neutral,""And Rachel shouldn’t have any problem with that. The only problem might be getting a little too friendly, if you know what I mean.""";
Rachel,10618,joy,I love working with designers!;
"Joanna,10618,neutral,""With them, under them, what’s the difference? Eh, Rach?""";
"Rachel,10619,neutral,""Chandler, you have an assistant right?""";
Chandler,10619,fear,Did she call? You-you told her I was sick right? Always tell her I am sick!;
"Monica,10620,neutral,""Chandler, listen to me sweetie, I know you can do this. Okay? You have a beautiful smile.""";
Chandler,10620,surprise,I do?;
"Monica,10620,neutral,""Yeah!  All right, maybe you don’t have to smile. Let’s try something else. Let’s try umm, try looking sexy.""";
Chandler,10620,neutral,Okay.;
Monica,10620,neutral,Or not.;
Phoebe,10621,neutral,Where's Chandler?;
Chandler,10621,neutral,Here I am.;
Phoebe,10621,disgust,Wash your hands!!!;
Chandler,10621,surprise,How did you…know?;
Ross,10621,surprise,Hey! What's she doing back here?;
"Monica,10621,neutral,""Relax, Ross. She's not made of ice cream!""";
"Ross,10621,neutral,""Hey look, Phoebe. I, uh, I laid out the states geographically...""";
Monica,10622,surprise,What happened in Atlantic City?!;
"Ross,10622,neutral,""Well, Chandler and I are in a bar""";
"Chandler,10622,anger,""Did you not hear me say, """"Du-ude?!""""""";
"Ross,10622,neutral,""And this girl is making eyes at Chandler, okay?""";
"Ross,10622,neutral,""So after awhile he-he goes over to her and uh, after a minute or two, I see them kissing.""";
"Ross,10622,joy,""Now, I know what you’re thinking, Chandler’s not the type of guy who just goes to bars and makes out with girls, and you’re right, Chandler’s not the type of guy who just goes to bars and makes out with…girls.""";
Monica,10622,surprise,You kissed a guy?!! Oh my God.;
"Chandler,10622,anger,""In my defense, it was dark and he was a very pretty guy.""";
"Ross,10622,joy,""Oh Mon, I laughed so hard""";
"Chandler,10622,anger,""Ho-ho, so hard we had to throw out your underwear again?""";
"Ross,10622,neutral,""Whatever dude, you kissed a guy.""";
"Rachel,10623,neutral,""So umm, you’re gonna stay with me as long as I need you?""";
Mrs. Green,10623,joy,Of course I am!;
"Rachel,10623,neutral,""Oh mom, I swear I’m not an idiot.""";
"Rachel,10623,neutral,""I’ve read all kinds of books on pregnancy and giving birth, but I-I just didn’t think to read the part about what to do when the baby comes.""";
Rachel,10623,neutral,And-and then guess what?;
Rachel,10623,sadness,The baby’s coming and I don’t know what to do.;
"Rachel,10623,sadness,""Oh, can I throw up in my diaper genie?""";
"Mrs. Green,10623,neutral,""No. Sweetie, you’re gonna be fine.""";
Rachel,10623,fear,Wait-wait where are you going? Where are you going?;
Mrs. Green,10623,neutral,I’m going to the bathroom.;
Rachel,10623,neutral,Okay.;
Mrs. Green,10623,neutral,Now don’t worry! Everything’s gonna be okay.;
Monica,10623,neutral,It;
Ross,10623,joy,Hey!;
Phoebe,10623,surprise,Hey! Why are you all red and sweaty?;
Ross,10623,neutral,I just Bamboozled Chandler!  Which is not uh sexual thing. That was a quick shower.;
Phoebe,10623,neutral,Not if you were here.;
"Monica,10624,neutral,""Okay, the reason why I asked you guys out to brunch today is because I have been doing some thinking about who should be my maid of honor.""";
Rachel,10624,joy,Oh my God! This is it!   I really hope it’s you!;
Phoebe,10624,neutral,I hope it’s you.;
Rachel,10624,joy,Me too!;
"Monica,10624,joy,""First of all um, I love you both so much and you’re both so important to me""";
"Rachel,10624,joy,""Okay, bla-bla-bla-bla!! Who is it?!""";
"Monica,10624,neutral,""Well umm, I was thinking that maybe we could come up with a system where we trade off being maid of honor for each other.""";
"Monica,10624,neutral,""Like hypothetically, if Phoebe were mine""";
Phoebe,10624,joy,Yes!!! Oh!!;
Rachel,10624,anger,Hypothetically!;
Phoebe,10624,neutral,Still.;
Monica,10624,neutral,If Phoebe were my maid of honor;
"Monica,10624,neutral,""Rachel would be Phoebe’s, I would be Rachel’s, that way we all get to do it once and no one would get upset.""";
Rachel,10624,neutral,Yeah that’s actually a pretty good idea.;
"Phoebe,10624,neutral,""Yeah, I’ll do that. So who gets to be yours?""";
"Monica,10624,neutral,""Well that’s the best part. Umm,""";
Phoebe,10624,surprise,Wh-why is that the best part?;
Monica,10624,joy,Because then I don’t have to!;
Rachel,10624,neutral,Well of;
Monica,10624,joy,I’m really not deciding!;
Rachel,10624,anger,Fine!;
"Phoebe,10624,joy,""Aww, and good luck to you too!  What a nice lady!""";
"Chandler,10625,neutral,""If you wanna give Joey a Christmas present that disrupts the entire building, why not get him something a little bit more subtle, like a wrecking ball, or a phial of small pox to release in the hallway?""";
Monica,10626,neutral,It's not just the drum noise.;
"Monica,10626,anger,""Every five minutes, Joey throws his sticks in the air, and I have to hear, """"Oh my eye!""";
"Monica,10626,anger,""Oh god, my eye!""""""";
"Monica,10626,anger,""I mean, it is so annoying.""";
"Phoebe,10626,neutral,""Yes, thank you. You see, this is how normal people are supposed to react to drums.""";
"Monica,10626,surprise,""Phoebe, you got Joey drums to annoy Rachel, so she wouldn't wanna live there anymore?""";
Phoebe,10626,neutral,Maybe on some level.;
Rachel,10627,surprise,Joey? Could you get that?  What are you doing here? I thought you were in your room?;
"Joey,10627,neutral,""No, I’m picking you up for our date. These are for you.""";
"Rachel,10627,joy,""Ohh, Lilies. Joey, they’re my favorite. Thank you.""";
"Joey,10627,joy,""And, a brownie!""";
"Joey,10627,neutral,""Well, half a brownie.""";
"Joey,10627,neutral,""Actually, it’s just bag.""";
Joey,10627,neutral,It’s been a long walk from the flower shop and I was startin’ to feel faint so;
Rachel,10627,joy,Oh man!;
Rachel,10627,joy,This is so great!;
Rachel,10627,joy,I actually feel like I’m going on a real date!;
"Rachel,10627,neutral,""Although, I have a hint of morning sickness, and I’m wearing underwear that goes up to about……there.""";
"Joey,10627,neutral,""Hey come on now, this is a real date.""";
"Joey,10627,neutral,""Uh, so…nice place you got here.""";
"Joey,10627,surprise,""Foosball, huh?""";
Joey,10627,neutral,Pizza box.;
"Joey,10627,surprise,""Oh, a subscription to""";
"Rachel,10627,neutral,""Yeah, actually that’s my roommate’s.""";
Joey,10627,neutral,I would like to meet him. He sounds like a stand up guy.;
"Rachel,10627,neutral,""Ah yes, but he’s very protective of me so you’d better watch yourself.""";
"Joey,10627,joy,""Ah… Hey, so this roommate of yours…is he good looking?""";
Rachel,10627,neutral,Hm-mmm;
"Joey,10627,neutral,""Oh yeah, it must be tough to keep your hands of him, huh?""";
"Rachel,10627,neutral,""Yeah, but I’m pretty sure he’s gay.""";
"Joey,10627,anger,""No-no-no-no, he’s not! No! Why are you trying to ruin the game? Come on!""";
Rachel,10628,anger,Can you believe what a jerk Ross was being?;
"Monica,10628,neutral,""Yeah, I know. He can get really competitive.""";
"Phoebe,10628,joy,""Ha. Ha, ha.""";
Monica,10628,neutral,What?;
"Phoebe,10628,neutral,""Oh, hello, kettle? This is Monica. You're black.""";
Monica,10628,disgust,Please! I am not as bad as Ross.;
"Rachel,10628,neutral,""Oh, I beg to differ. The""";
Monica,10628,neutral,That was;
Rachel,10628,joy,Oooooh.  : Oh! I got an interview! I got an interview!;
"Ross,10629,surprise,""Well, not playing raquetball!""";
Joey,10629,surprise,He forgot to leave his grip size!;
Ross,10629,surprise,He didn't get the goggles!;
"Rachel,10629,neutral,""Well,sounds like you two have issues.""";
"Rachel,10629,neutral,""Goodbye, baby.""";
"Paolo,10629,neutral,""Ciao, bela.""";
Ross,10629,neutral,Do they wait for me to do this?;
Joey,10629,neutral,So are you gonna tell him?;
Ross,10629,neutral,Why would I tell him?;
"Joey,10629,neutral,""How about 'cause if you don't, his mother might.""";
Monica,10629,anger,What are you guys doing here?;
Joey,10629,surprise,Uhhhh.... he's not even wearing a jockstrap!;
Monica,10629,neutral,...What did I ask?;
Rachel,10630,disgust,God. I feel violated.;
"Monica,10630,disgust,""Did anybody else feel they just wanted to peel the skin off their body, to have something else to do?""";
"Chandler,10630,neutral,""Ross, ten o'clock.""";
Ross,10630,sadness,Is it? Feels like two.;
"Chandler,10630,neutral,""No,""";
"Chandler,10630,joy,""There's a beautiful woman at eight, nine, ten o'clock!""";
Ross,10630,joy,Oh. Hel-lo!;
"Chandler,10630,joy,""She's amazing! She makes the women that I dream about look like short, fat, bald men!""";
"Monica,10630,joy,""Well, go over to her! She's not with anyone.""";
"Chandler,10630,fear,""Oh yeah, and what would my opening line be? 'Excuse me. Blarrglarrghh.'""";
"Rachel,10630,joy,""Oh, c'mon. She's a person, you can do it!""";
"Chandler,10630,neutral,""Oh please, could she""";
Ross,10630,neutral,He could never get a woman like that in a million years.;
"Phoebe,10630,neutral,""Oh, oh, but y'know, you always see these really beautiful women with these really nothing guys, you could be one of those guys.""";
Monica,10630,joy,You could do that!;
Chandler,10630,surprise,You think?;
"Chandler,10631,neutral,""OK, that's enough of the view. Check this out, look at this. Sit down, sit down.""";
Phoebe,10631,neutral,OK.;
"Chandler,10631,joy,""This is great!  Helen, could you come in here for a moment?""";
"Chandler,10631,neutral,""Thank you Helen, that'll be all.""";
"Chandler,10631,neutral,""Last time I do that, I promise.""";
"Chandler,10632,sadness,""I am so, so, so, so sorry!""";
Monica,10632,disgust,Uh-huh.;
"Chandler,10632,fear,""And I will cook anything you want in here , and do anything in there!""";
"Monica,10632,anger,""Yeah you will!  And, are you kiddin’ me?!""";
"Chandler,10632,sadness,""Come on Monica, it’s our Valentine’s Day. Please? Please-please, please?""";
Monica,10632,neutral,Okay.;
Chandler,10632,neutral,Okay.;
"Chandler,10632,neutral,""So, are we going in there?""";
Monica,10632,joy,I am!!;
Ross,10633,surprise,Wow!;
Ross,10633,neutral,It actually is in the handbook.;
Ross,10633,neutral,I can’t date you or have a hot plate in my office.;
Ross,10633,sadness,I can’t believe we have to stop seeing each other.;
Elizabeth,10633,joy,For what it’s worth I did appreciate you standing up for me. It felt really nice. It kinda made me like you even more.;
"Ross,10633,neutral,""I know, I know I really like you too. But we-we can’t date. It’s against the rules. It’s forbidden.""";
Elizabeth,10633,surprise,Wow!;
Ross,10633,surprise,What?;
"Elizabeth,10633,joy,""Just hearing you describe it as forbidden, it’s really hot.""";
Ross,10633,surprise,Really?;
Elizabeth,10633,neutral,Yeah.;
"Ross,10633,joy,""Well I-I-I don’t care how hot it is it’s-it’s uh, it’s wrong.""";
Elizabeth,10633,joy,Stop it!;
Ross,10633,joy,No! No! It’s wrong! It’s-it’s-it’s naughty. It’s taboo.;
Elizabeth,10633,joy,Shut the book!;
Ross,10633,joy,Let’s also get a hot plate!;
"Monica,10634,joy,""Rach, you’re in a great place in your life. Come on, you’ve got a great job! Good friends""";
Monica,10635,joy,Yeah! So-so when are you getting married?;
"Megan,10635,neutral,""Oh I’m not, I just like to try these on.""";
Rachel,10635,neutral,I do the same thing.;
Megan,10635,joy,I’m just kidding. I’m getting married July 25;
Rachel,10635,joy,I’m just kidding too.  I’m getting married in December.;
Megan,10635,neutral,So when are you getting married?;
Monica,10635,neutral,Oh May 15;
Megan,10635,joy,Oooh it’s getting close!;
"Megan,10635,neutral,""So uh, who’s your photographer?""";
Monica,10635,neutral,Jeffrey;
Megan,10635,neutral,We met with him. Did he show you the photos of the nude wedding he did?;
Monica,10635,surprise,The best man? Wow!;
"Megan,10635,joy,""I know! I almost called off my wedding. Oh, who’s your band?!""";
"Monica,10635,neutral,""Oh, my fiancee wants the Swing Kings.""";
"Megan,10635,sadness,""Oh, you’re so lucky. My fiancee wants the heavy metal band Carcass.""";
"Phoebe,10635,joy,""Ooh, is that spelled with a ‘C’ or a ‘K’? Oh my God! It doesn’t matter";" they’re both great!"""
Rachel,10635,neutral,Oh y’know what?;
Rachel,10635,neutral,Now that you know what you want you should go to Kleinman’s and get it half off.;
Rachel,10635,disgust,This place is so overpriced.;
"Rachel,10635,neutral,""So, does this  come in another color or""";
"Chandler,10636,neutral,""I am telling you, years from now, schoolchildren will study it as one of the greatest first dates of all time.""";
Chandler,10636,surprise,It was unbelievable!;
"Chandler,10636,joy,""We could totally be ourselves, we didn't have to play any games...""";
Monica,10636,neutral,So have you called her yet?;
Chandler,10636,fear,Let her know I like her?;
"Chandler,10636,anger,""What are you, insane?""";
Chandler,10636,joy,It's the next day!;
Chandler,10636,neutral,How needy do I want to seem?;
"Chandler,10636,neutral,""I'm right, right?""";
"Joey and Ross,10636,neutral,""Oh, yeah. Yeah. Let her dangle.""";
Monica,10636,surprise,I can't believe my parents are actually pressuring me to find one of you people.;
"Phoebe,10636,anger,""Oh, God, just do it!  Call her! Stop being so testosteroney!""";
"Chandler,10636,neutral,""Which, by the way, is the real San Francisco treat.  I got her machine.""";
Joey,10636,neutral,Her answer machine?;
"Chandler,10636,neutral,""No, interestingly enough her leaf blower picked up.""";
"Phoebe,10636,neutral,""So, uh, why didn't you say anything?""";
"Chandler,10636,disgust,""Oh, no-no-no-no. Last time I left a spontaneous message I ended up using the phrase """"Yes indeedy-o.""""""";
"Monica,10636,surprise,""Look look! It's Rachel and Barry. No, don't everybody look at once!""";
"Ross,10636,neutral,""Okay, okay, what's going on?""";
"Phoebe,10636,neutral,""Okay, they're just talking...""";
"Ross,10636,neutral,""Yeah, well, does he look upset? Does he look like he was just told to shove anything?""";
"Ross,10637,neutral,""So, um, what do you do for a living?""";
"Kristin,10637,neutral,""Well, um, for the past few years I've been working.....which is funny because, that wasn't even my major.""";
Carol,10637,neutral,Oh no. I thought you said they could shoot the spot without you.;
Susan,10637,sadness,I thought they could...I'll try to get back as soon as I can. I'm sorry.;
Ross,10637,neutral,Now that is funny.;
"Ross,10637,neutral,""Hey, do you think...would it be too weird if I invited Carol over to join us?""";
"Ross,10637,sadness,""Cause she's, she's alone now, and pregnant, and, and sad.""";
Kristin,10637,neutral,I guess.;
Ross,10637,neutral,Are you sure? Great. Carol? Wanna come over and join us?;
"Carol,10637,neutral,""Oh, no no no. I'm fine. I'm fine.""";
Ross,10637,neutral,Come on.;
Ross,10637,neutral,These people'll scooch down.;
"Ross,10637,neutral,""You guys'll scooch, won't you?""";
Ross,10637,joy,Let's try scooching!;
Ross,10637,neutral,Come on.;
Ross,10637,neutral,Come on.;
"Ross,10637,neutral,""Uh, Kristen Riggs, this is Carol Willick.""";
"Ross,10637,neutral,""Carol, Kristin.""";
"Ross,10637,neutral,""Uh, Carol teaches sixth grade.""";
"Ross,10637,joy,""And, Kristin, Kristin......does something that, funnily enough, wasn't even her major!""";
Paul,10638,neutral,Okay.;
Paul,10638,neutral,When I was six years old.;
Rachel,10638,neutral,Hm-mm;
Paul,10638,neutral,I wanted a big wheel.;
Paul,10638,anger,And instead my parents got me this little plastic chicken that you hop around on.;
"Paul,10638,sadness,""It was embarrassing, kids made fun of me.""";
Paul,10638,sadness,That was a pretty tough year.;
Rachel,10638,joy,That’s-that’s great!;
Rachel,10638,neutral,See?;
Rachel,10638,joy,I already feel like I know you a little better!;
Rachel,10638,joy,Thank you.;
"Rachel,10638,neutral,""Okay, come on.""";
Rachel,10638,neutral,Now we can go eat.;
Rachel,10638,neutral,Let’s go.;
Paul,10638,sadness,It was horrible. They called me chicken boy.;
Rachel,10638,surprise,Oh!;
"Joey,10639,anger,""Will you pick one, just pick one! Here, how about that one?""";
Chandler,10639,surprise,That's patio furniture!;
"Joey,10639,neutral,""So what, like people are gonna come in and think, """"Uh-oh, I'm outside again?"""" Of course!""";
Chandler,10639,neutral,What about the birds?;
"Joey,10639,neutral,""I don't know, birds just don't say, """"Hello, sit here, eat something.""""""";
Chandler,10639,neutral,You pick one.;
"Joey,10639,neutral,""All right, how about the ladybugs?""";
"Chandler,10639,anger,""Oh, so, forget about the birds, but big red insects suggest fine dining!""";
"Joey,10639,anger,""Fine, you want to get the birds, get the birds!""";
"Chandler,10639,sadness,""Not like that, I won't!  Kip would have liked the birds!""";
Joey,10640,neutral,Bijan for men?;
Joey,10640,neutral,Bijan for men?;
"Joey,10640,neutral,""Bijan for...   Hey, Annabelle, Uh, listen, I was wondering if maybe after work you and I could go maybe grab a cup of coffee.""";
"Annabelle,10640,neutral,""Oh, actually I sorta have plans.""";
"Hombre Man,10640,neutral,""Ready, Annabelle?""";
Annabelle,10640,neutral,You bet.  Maybe some other time?;
"Joey,10640,sadness,""Hey, it's not the first time I lost a girl to a cowboy spraying cologne.  Bijan for men?  Bijan for men?!""";
Chandler,10641,joy,That was amazing!;
Monica,10641,neutral,Phoebe and Gary are;
Chandler,10641,joy,That was amazing.;
Monica,10641,joy,We are the hottest! Huh?;
"Chandler,10641,neutral,""No, you're the best.""";
"Monica,10641,neutral,""No, you're the best.""";
"Chandler,10641,neutral,""No, you're the best.""";
Monica,10641,neutral,I;
Joey,10641,neutral,Hey guys!  What 'cha been doin'?;
Monica,10641,neutral,Hey Joey! Isn't that the girl that waved at you the other day?;
Joey,10642,neutral,So what are you gonna do?;
"Ross,10642,sadness,""What can I do? One person wants to break-up, you break-up.""";
"Chandler,10642,sadness,""Hey, no way! Come on, this is you guys, call her and work it out.""";
"Ross,10642,sadness,""Oh come on, we just had this huge fight, all right, don’t I have to wait a while?""";
"Chandler,10642,anger,""Hey, this isn’t like swimming after you eat, pick up the phone!!""";
Chandler,10642,neutral,Y'know that whole swimming thing is a myth.;
"Joey,10642,neutral,""Yeah, tell that to my Uncle Lenny.""";
Chandler,10642,neutral,Why? What happened to him?;
"Joey,10642,neutral,""Nothing, he’s just really believes in that.""";
Dr. Zane,10643,neutral,It looks like your uterus is ready for implantation.;
Phoebe,10643,joy,Oh! I knew it! I knew it! I felt really thick this morning.;
"Frank,10643,neutral,""Well, okay, so what’s now—go get, go get the eggs, put ‘em in there.""";
"Dr. Zane,10643,neutral,""Okay, it’ll take just a little while to prepare the embryos.""";
"Phoebe,10643,surprise,""Embryossss? As in, """"More than one?""""""";
"Dr. Zane,10643,neutral,""Um-hmm, five actually.""";
"Phoebe,10643,neutral,""Five? Okay, where am I giving birth, a hospital or a big box under the stairs?""";
Dr. Zane,10643,neutral,We do five because that gives you a 25% chance that at least one will attach.;
Phoebe,10643,surprise,That’s it! 25 percent? That means that’s it’s like 75 percent chance of no baby at all!;
"Frank,10643,neutral,""Hey, y’know I was thinking, what are the odds like if-if, if you stuff like 200 of them in there?""";
"Alice,10643,neutral,""Sweety, now, she’s a woman, not a gumball machine.""";
"Phoebe,10643,neutral,""Okay, well y’know what, don’t worry you guys, ‘cause I’m-I’m gonna do this as many times as it takes to get it right.""";
"Frank,10643,neutral,""Well, you see, the-the thing is, we-we only got, we kinda have one shot to make it right.""";
"Alice,10643,neutral,""Umm, it costs $16,000 each time you do this.""";
"Alice,10643,neutral,""So, umm, we’re kinda using all the money we have to do it just this one time.""";
"Phoebe,10643,disgust,""Whoa!! That—okay, that’s a""";
"Dr. Zane,10643,neutral,""No, I’m sorry.""";
Phoebe,10643,surprise,Wow! You guys really don’t know anything!;
Frank,10643,anger,I know! Why don’t you get drunk! That worked for a lot of girls in my high school.;
Joey,10644,neutral,Hey!;
Monica,10644,neutral,Hey!;
Joey,10644,surprise,You guys got anything to eat? I just went down to Johnos for some chicken and it was closed!;
"Phoebe,10644,disgust,""Oh, I took Larry there to eat but it was all violated. So we shut it down!""";
"Joey,10644,anger,""Pheebs, if this guy keeps closing down all of our favorite places, where are we gonna eat?!""";
"Monica,10644,neutral,""I don't know, clean places?""";
"Joey,10644,neutral,""Mm, yum!""";
Monica,10644,neutral,It's Danny.;
Rachel,10644,fear,Don't let him in! I'm supposed to be at a regatta gala.;
Monica,10644,anger,We'll be right there!  Can't you just say it starts later?;
Rachel,10644,surprise,What? What kind of a regatta gala starts at night?!;
Monica,10644,anger,The fake kind!;
"Danny,10644,neutral,""Hey, hi, I need a ladle. You got a ladle?""";
Monica,10644,neutral,We have a ladle.;
"Danny,10644,neutral,""Thanks, see you at the party.""";
"Monica,10644,joy,""Okay, great!""";
"Phoebe,10644,neutral,""Hey, guys, you know what Larry would say? He would say, """"See you ladle.""""""";
Monica,10645,joy,You're so efficient. I love you!;
Chandler,10645,joy,Let's go!;
Monica,10645,sadness,No-no-no! We need something old!;
"Chandler,10645,neutral,""Ohh, great, I have condom in my wallet I've had since I was twelve.""";
Monica,10645,joy,That'll work!;
Chandler,10645,neutral,I don't think so.;
"Monica,10645,joy,""Okay, now we just need something borrowed!""";
Chandler,10645,neutral,Here just…take this.;
Monica,10645,sadness,That's stealing!;
"Chandler,10645,neutral,""No, we'll-we'll bring it back! Just put it under your dress.""";
Monica,10646,joy,Ohh.;
"Chandler,10646,neutral,""Okay, one thing at a time.""";
Barry,10647,neutral,Sorry about that. So. What have you been up to?;
"Rachel,10647,joy,""Oh, not much. I-I got a job.""";
"Barry,10647,joy,""Oh, that's great.""";
Rachel,10647,surprise,Why are- why are you so tanned?;
"Barry,10647,neutral,""Oh, I, uh- I went to Aruba.""";
Monica,10648,joy,Noooo!  I'm lying. I am so drunk.;
"Rachel,10648,anger,""Oh God, oh.""";
"Rachel,10648,sadness,""Great, Monica, y'know what, you could've called, I have been up here, I've been worried...""";
Rachel,10648,anger,Monica? Monica!;
Monica,10648,joy,Water rules!;
"Rachel,10648,neutral,""Yes, yes, it does. Okay, look, the restaurant called, they wanna know if you're gonna be showing up for work?""";
Monica,10648,neutral,Nope. Going to the;
"Rachel,10648,anger,""Okay Monica, what are you doing? You're gonna lose your job! This is not you!""";
"Monica,10648,joy,""No, it is me!""";
"Monica,10648,anger,""Y'know, I'm not just the person who needs to fluff the pillows and pay the bills as soon as they come in!""";
"Monica,10648,joy,""Y'know, when I'm with her, I am so much more than that.""";
Monica,10648,joy,I'm- I'm Monana!;
"Rachel,10648,neutral,""Hello? Yes, she is, hold on a second, please. Monana, it's for you, the credit card people.""";
Monica,10648,joy,Helloooo? Yeah. Oh my God. Thanks.;
Rachel,10648,neutral,What?;
Monica,10648,sadness,They've arrested Monica.;
Joey,10649,neutral,Note the painterly lines    and subtle impasto on this canvas. Monet painted quickly and usually outdoors    as his elusive subject was light itself.;
"Ross,10649,neutral,""Now, do you have any idea what you just said?""";
"Joey,10649,neutral,""No, no, my mouth    says the words, my brain is thinking monster trucks!""";
"Ross,10649,neutral,""Ok now, remember, when you get to the museum, Monet is not spelt    M-O-N-A-Y.""";
Ross,10649,neutral,I just...;
Ross,10649,neutral,I wrote that out phonetically for you.;
Joey,10649,neutral,Phonetically?;
"Ross,10649,neutral,""Yeah, yeah that means... you know? We just... we don't have time    for this.""";
"Ross,10649,surprise,""Ok, but you know what? I gotta say, I'm really impressed that    you were able to memorize all this so quickly!""";
"Joey,10649,joy,""Ah! I'm an actor! I can memorize anything! Last week on """"Days""""    I had to say """"Frontal temporal zygomatic craniotomy"""".""";
Ross,10649,surprise,Wow. What does;
Joey,10649,surprise,No idea!;
"Joey,10649,neutral,""But the guy I said it to dies in the next scene so I    guess it means """"you're gonna get eaten by a bear"""".""";
Ross,10649,neutral,Ok! So let's move on to the Renaissance?;
"Joey,10649,neutral,""Ok, Caravaggio uses chiaroscuro here to highlight the anguish    of the central figure. Touch it, it's really bumpy! .""";
"Ross,10649,anger,""Nah ah! Nah ah!  No no no! No ad-libbing    and dude, you can't""";
Joey,10649,neutral,Come on! you...;
Ross,10649,anger,No!;
Ross,10650,neutral,Oh.  Oh-oh.;
Rachel,10650,surprise,Hey!  What happened to you? Why didn’t you come up?;
Ross,10650,joy,Done!;
Rachel,10650,surprise,You just finished?;
"Ross,10650,neutral,""Well, I wanted to be thorough.""";
"Ross,10650,joy,""I mean this-this is clearly very, very important to you, to us!""";
"Ross,10650,joy,""And so I wanted to read every word carefully, twice!""";
"Rachel,10650,neutral,""So umm, does it?""";
Ross,10650,sadness,I’m sorry.;
Rachel,10650,fear,Does it?;
"Ross,10650,neutral,""Does it? Does it? Yeah, I wanted to give that whole ‘Does it?’ part just another glance.""";
"Rachel,10650,anger,""What are you talking about, Ross, you just said that you read it twice!""";
"Rachel,10650,anger,""Look, y'know what, either it does or it doesn’t, and if you have to even""";
"Ross,10650,neutral,""No, Rach, no. I don’t, I don’t, I don’t""";
Rachel,10650,joy,Are you sure?;
"Ross,10650,joy,""Oh, sure! I’m sure.""";
Russell,10651,neutral,You got married again.;
Ross,10651,neutral,Yes.;
Russell,10651,neutral,So that’s your second marriage in two years.;
"Ross,10651,neutral,""Yes, second in two years. Third overall.""";
"Russell,10651,neutral,""Ross, I have been a divorce attorney for 23 years and never had I so much business from one client.""";
Russell,10651,neutral,Why don’t you tell me what happened.;
"Ross,10651,neutral,""Basically, Rachel and I were in Vegas and we got drunk""";
"Russell,10651,surprise,""I’m sorry, is this the same Rachel who’s name you said at the altar in the second marriage?""";
"Ross,10651,neutral,""Yes-yes-yes! But, I-I do""";
"Russell,10651,neutral,""Oh, that’s better then.""";
Ross,10651,neutral,This was just a drunken mistake and I need to get it annulled.;
Russell,10651,neutral,I see. Have you considered therapy?;
Ross,10651,neutral,I think just the;
Russell,10651,neutral,There are a couple of forms to fill out.;
Ross,10651,neutral,Easy.;
"Russell,10651,neutral,""And we’ll need to have witnesses who can testify that you were not of uh, sound mind.""";
Ross,10651,neutral,No problem.;
Russell,10651,neutral,And we’ll need you and Rachel to testify before a judge.;
Ross,10651,surprise,Ooh!;
Ross,10651,surprise,There’s no way to do this without her?;
"Ross,10651,fear,""‘Cause I kinda all ready told her uh, it was, it was already taken care of.""";
"Ross,10652,neutral,""So, Phoebs owes $7.50, Monica, you owe $10, and Rachel, you owe fifteen big ones.""";
"Joey,10652,neutral,""But hey, thanks for teachin' us Cross-Eyed Mary. You guys, we gotta play that at our regular game.""";
"Phoebe,10652,neutral,""Alright, here's my $7.50.  But I think you should know that this money is cursed.""";
Joey,10652,surprise,What?;
"Phoebe,10652,neutral,""Oh, I cursed it. So now bad things will happen to he who spends it.""";
"Chandler,10652,neutral,""That's alright, I'll take it.""";
Chandler,10652,neutral,Bad things happen to me anyway.;
Chandler,10652,neutral,This way I can break 'em up with a movie.;
"Ross,10652,neutral,""Well, that just leaves the big Green poker machine, who owes fifteen...""";
Phoebe,10653,neutral,You wanna do it right now?;
Julie,10653,joy,Great!;
"Phoebe,10653,neutral,""Ok, I just wanna be really sure this time. Andie McDowell's the girl from""";
Rachel,10653,neutral,No. No no no no no. That's Rodney McDowell. Andie McDowell is the guy from;
"Phoebe,10653,neutral,""Oh, yeah. Ok, thank you.""";
Rachel,10653,neutral,You're welcome.;
Ross,10654,sadness,is for me not to see you anymore.;
Rachel,10654,surprise,That's crazy!;
Rachel,10654,surprise,You can't do that!;
Rachel,10654,sadness,What are you going to tell her?;
Rachel,10654,fear,Oh God.;
"Rachel,10654,sadness,""Ohh, you already agreed to this, haven't you?""";
"Ross,10654,sadness,""It's awful I know, I mean, I feel terrible but I have to do this if I want my marriage to work.""";
"Ross,10654,sadness,""And I do, I have to make""";
Rachel,10654,surprise,Ohh! Lucky me! Oh my God! That;
Ross,10654,sadness,You have no idea what a nightmare this has been. This is so hard.;
"Rachel,10654,anger,""Oh yeah, really? Is it Ross? Yeah? Okay, well let me make this a just a little bit easier for you.""";
Ross,10654,surprise,What are you doing?;
Rachel,10654,anger,Storming out!;
"Ross,10654,neutral,""Rachel, this is your apartment.""";
"Rachel,10654,anger,""Yeah, well that's how mad I am!!""";
Joey,10655,surprise,These little women. Wow!;
"Chandler,10655,neutral,""Your liking it, huh?""";
Joey,10655,joy,Oh yeah! Amy just burned Jo’s manuscript. I don’t see how he could ever forgive her.;
"Ross,10655,neutral,""Umm, Jo’s a girl, it’s short for Josephine.""";
Phoebe,10656,neutral,Chandler.;
Chandler,10656,neutral,Hi.;
Frank,10656,neutral,Hi.;
Phoebe,10656,neutral,Joey.;
Joey,10656,joy,Hey-hey!;
Frank,10656,neutral,Hey.;
Phoebe,10656,neutral,This is Monica.;
Frank,10656,surprise,Whoa!;
Phoebe,10656,neutral,And this is Rachel.;
Rachel,10656,joy,Hi!;
Frank,10656,surprise,Whoa!!;
Phoebe,10656,neutral,I’m gonna get coffee.;
"Frank,10656,joy,""Hey, how do you guys get anything done?""";
"Chandler,10656,neutral,""We don’t, really.""";
"Rachel,10656,neutral,""Well, so, now, do you guys have a lot of big plans?""";
"Phoebe,10656,joy,""Oh yeah! Yeah, no, we’re gonna connect, y'know bond, and everything.""";
"Frank,10656,neutral,""Yeah, I was thinking that maybe we could go down to Time Square and pick up some ninja stars.""";
"Frank,10656,neutral,""And, oh, um, my friend Larry, he wants me to take a picture of a hooker.""";
"Chandler,10656,neutral,""You know, we don’t really take advantage of living in the city.""";
"Rachel,10657,neutral,""Okay, Chandler!""";
Chandler,10657,neutral,Okay.;
"Rachel,10657,joy,""And your horoscope says, """"On the fifth a special someone is going to give you a gift.""""""";
"Chandler,10657,joy,""Oh, well thank you in advance.""";
"Rachel,10657,surprise,""Op, but the twelfth brings a lover’s spat.""";
"Rachel,10657,surprise,""Oh, wait and on the nineteenth a secret crush announces itself.""";
Joey,10657,neutral,Hey guys!;
Chandler,10657,joy,Hey!!;
Rachel,10657,surprise,Oh my God! It’s Joey Tribbiani of Mac and C.H.E.E.S.E.!!!!!!!;
Chandler,10657,joy,Oh that’s right. It’s your first day! So are you psyched to fight fake crime with your robot sidekick?;
Joey,10657,joy,Am I psyched? The lead in my own TV series? I’ve dreamed about this for years! Why have I not been preparing?!;
"Phoebe,10657,neutral,""No! Joey, you’re going to be great!""";
"Joey,10657,fear,""But I got to act with a robot Pheebs, and-and I don’t know anything about technology!""";
Joey,10657,anger,I can’t even use Chandler’s computer except to find porn!;
Joey,10657,anger,And-and that’s only ‘cause it’s right there when you turn it on!;
Monica,10657,anger,I think our lover’s spat will start a little early this month.;
Phoebe,10657,neutral,I’ll be waiting.;
"Monica,10658,joy,""Now, this is last minute so I want to apologize for the mess. Okay?""";
Rachel,10658,surprise,Oh my God! It sure didn’t look this way when I lived here.;
Monica,10658,surprise,I know!;
"Monica,10658,joy,""Now look, there’s only one problem though.""";
"Monica,10658,neutral,""There’s only room for one, so I guess one of you will have to stay at Joey’s.""";
"Phoebe,10658,sadness,""Well, since the fire was kinda my fault I guess  you should get to stay here.""";
"Rachel,10658,neutral,""Hey! Hey-hey, now this was no one’s fault Pheebs. Okay? It was an accident.""";
"Phoebe,10658,neutral,""Well no, it was my fault so you should get the nice room.""";
Rachel,10658,joy,Okay!;
Monica,10658,joy,So Rach!;
Monica,10658,joy,You’re the first guest at Hotel Monica!;
"Monica,10658,neutral,""Umm, you’ll just have to tell me how you like your eggs in the morning.""";
"Monica,10658,neutral,""And I thought I would bring them to you, y’know, in bed.""";
"Monica,10658,sadness,""Oh, you have been through so much.""";
Rachel,10658,sadness,I have.;
Monica,10659,neutral,This is just Bactine. It won't hurt.;
"Joey,10659,neutral,""Sorry, that was wax.""";
"Phoebe,10659,sadness,""Oh, poor little Tooty is scared to death. We should find his owner.""";
Ross,10659,disgust,Why don't we just put 'poor little Tooty' out in the hall?;
Rachel,10659,sadness,During a blackout? He'd get trampled!;
Ross,10659,neutral,Yeah?;
"Ross,10660,sadness,""Ben, I want you to know that there may be some times when I may not be around, like this.""";
"Ross,10660,neutral,""But I'll still always come back, like this.""";
"Ross,10660,neutral,""And sometimes I may be away longer, like this.""";
"Ross,10660,neutral,""But I'll still always come back, like this.""";
"Chandler,10660,neutral,""And sometimes, I'll want you to steal third, and I'll go like this.""";
Monica,10660,joy,He is so amazing.;
"Rachel,10660,joy,""Oh, I know. Look at him.""";
"Joey,10660,neutral,""Ben, Ben, hey Ben. Nothing. I don't think that's his name.""";
"Phoebe,10660,joy,""Oh, look, look, he's closing his eyes.  Look, he's opening his eyes.""";
"Joey,10660,neutral,""He doesn't do much, does he?""";
"Ross,10660,neutral,""No, this is pretty much it.""";
Rachel,10660,neutral,You guys wanna get some coffee?;
All,10660,neutral,Yeah.;
"Ross,10660,neutral,""All right, I'll see you guys later.""";
"Phoebe,10660,neutral,""Oh, look, he's closing his eyes again.""";
"Ross,10661,joy,""Come on, they're gonna love you.""";
"Chandler,10662,neutral,""Well, thank you for lunch.""";
"Rachel,10662,neutral,""What? Wait a minute, I didn’t pay, I thought you paid!""";
Chandler,10662,neutral,So apparently we just don’t pay for food anymore.  Do you see what I see?;
Monica,10663,neutral,How did it go?;
Chandler,10663,neutral,Had the money in the wrong hand.;
"Monica,10664,neutral,""All right, I’m gonna go steam my wedding dress okay? Who wants the responsibility of making sure nothing happens to it?""";
Rachel,10664,neutral,I’ll do it.;
Monica,10664,neutral,Who wants it? Anybody?;
Rachel,10664,anger,I said I’ll do it!;
"Monica,10664,disgust,""Nobody wants to do it? All right, I’ll do it myself.""";
Rachel,10664,anger,Monica! I’m not gonna screw it up!;
"Monica,10664,sadness,""You’re right, I’m sorry.""";
Monica,10664,joy,Actually you were a big help tonight.;
"Monica,10664,neutral,""Yeah, and thanks for putting my grandmother in the cab and making sure she got to the hotel safely.""";
Rachel,10664,joy,Well of course that is what I’m here for!;
Monica,10664,neutral,Okay. Sorry.;
Rachel,10664,surprise,Ugh!  What grandmother?;
"Rachel,10665,neutral,""Hi. Tag, I have a conference call today is that correct?""";
"Tag,10665,neutral,""Yes, at 4:00.""";
"Rachel,10665,neutral,""Okay, thank you.""";
Rachel,10665,neutral,That’ll be all.;
Rachel,10665,surprise,Wait!;
Rachel,10665,surprise,Wait!;
Rachel,10665,surprise,Did you see that?;
Rachel,10665,surprise,That mail guy had no idea there was something going on between us.;
"Joey,10666,neutral,""You’ve seen my huge stack of porn, right?""";
"Chip,10667,neutral,""Hey Monica, it’s Chip.""";
Monica,10667,joy,Yes.;
Ross,10667,neutral,Who’s Chip?;
Monica,10667,neutral,Shhh!;
"Chip,10667,neutral,""Good runnin’ into you at the bank today, so ah, here’s my number, 555-9323. Give me a call. Later.""";
"Monica,10667,neutral,""Chip, is Chip Matthews.""";
Ross,10667,surprise,The guy who took Rachel to the prom? Why is he calling you?;
"Monica,10667,joy,""‘Cause I ran into him at the bank, he is still soo cute.""";
"Ross,10667,joy,""Monica, you’re so lucky! He’s like the most popular guy in school!!""";
"Monica,10667,joy,""I know!!   Chip? Hi! It’s Monica.  ‘Kay.  ‘Kay.  Okay.  Okay, good-bye.  Oh my God, we just had""";
Ross,10667,neutral,I was just leaving.;
"Rachel,10667,neutral,""Good! ‘Cause I’ve got a product report to read, it’s like eight pages, I hope I don’t fall asleep.""";
Ross,10667,neutral,Why? Did you write it?;
"Rachel,10667,surprise,""Wow! Look at that, Chip Matthews called. I wonder what he wants?""";
"Ross,10667,neutral,""Well ah, actually...""";
Monica,10668,neutral,Here’s your tea Phoebe.;
"Phoebe,10668,joy,""It’s so good.  Oh, thanks.""";
Rachel,10668,joy,Good.;
Monica,10668,joy,I’m so glad you liked it.;
Phoebe,10668,surprise,Oh!;
Monica,10668,surprise,What?!;
Rachel,10668,surprise,What?! She made the tea!;
"Phoebe,10668,surprise,""Oh! No, I-I think I just had a contraction.""";
Rachel,10668,surprise,You what?;
Monica,10668,surprise,Oh my God!;
Mr. Burgin,10669,joy,I like her. She sees smart.;
"Ross,10670,sadness,""I've no idea, could be. Listen, I'm sorry I had to work tonight.""";
"Rachel,10670,neutral,""Oh it's OK. You were worth the wait, and I don't just mean tonight.""";
Joey,10671,neutral,I have actually;
"Mr. Treeger,10671,neutral,"": Yeah, well your friends are in violation of it.""";
"Mr. Treeger,10671,anger,""I’ve been a nice guy up until now, but uh, I don’t need this grief.""";
Mr. Treeger,10671,anger,I’m gonna call the landlord and tell him that Monica is illegally subletting here grandmother’s apartment.;
Mr. Treeger,10671,anger,Your friends are outta here pal.;
Joey,10671,anger,Why don’t you tell me something I don’t know!;
Chandler,10672,joy,All right! I found one that fits!;
"Rachel,10672,neutral,""Well y’know what they say, the 23""";
Chandler,10672,neutral,Whose is it?;
Rachel,10672,sadness,Oh does it matter?! All that matters is that you look so handsome.;
Ben,10673,disgust,Oh damnit!;
Rachel,10673,fear,No! Don’t say that! Don’t say that!;
Ben,10673,joy,Damn it!;
Rachel,10673,fear,No don’t! Go back to repeating!;
Ben,10673,joy,Damn it!;
Rachel,10673,anger,Oh crap!;
Ben,10673,joy,Oh crap!;
"Joey,10674,neutral,""Hey Rach! Hey, you mind if I read my comic books in here?""";
Rachel,10674,surprise,Sure! Why?;
"Joey,10674,neutral,""Oh well, Chandler and Monica are over there and it's kinda hard to concentrate.""";
Rachel,10674,surprise,What?!;
Rachel,10674,anger,She just called and said that she was gonna be working late!;
Rachel,10674,anger,She keeps lying to me!;
Rachel,10674,anger,That's it!;
Rachel,10674,anger,I'm just gonna go over there and confront them right now!;
"Phoebe,10675,joy,""So Chandler, I-I'd love to come by tonight.""";
Chandler,10675,surprise,Really?;
"Phoebe,10675,joy,""Oh absolutely. Shall we say, around seven?""";
Chandler,10675,neutral,Yes.;
Phoebe,10675,joy,Good. I'm really looking forward to you and me having sexual intercourse.;
"Joey,10675,surprise,""Hey-hey, check it out! Check it out! Ugly Naked Guy has a naked friend!""";
Rachel,10675,surprise,Oh yeah!  Oh my God! That is;
"All,10675,surprise,""Yeah, it is! Naked Ross!!""";
"Ross,10676,anger,""Y'know, hey! You’re the one who ended it, remember?""";
"Rachel,10676,neutral,""Yeah, because I was""";
Ross,10676,anger,You still love me?;
Rachel,10676,disgust,Noo.;
"Ross,10676,neutral,""What does this mean? What do you, I mean do you wanna, get back together?""";
"Rachel,10676,sadness,""Noo! Maybe! I, I don’t know.""";
Ross,10676,surprise,What?!;
"Rachel,10676,sadness,""I just, I feel, I-I just...""";
Phoebe,10677,surprise,I won! I won! I finally won!;
The Lurker,10677,anger,I won! That was my quarter!;
Phoebe,10677,anger,Fine! Here! Take a hike toots!;
"The Lurker,10677,anger,""Excuse me, sir! This lady played my quarter, this is my money.""";
The Security Guard,10677,neutral,Is that true miss?;
Phoebe,10677,disgust,Sells drugs to kids.;
The Security Guard,10677,surprise,What?!;
Phoebe,10677,disgust,She sells drugs to kids.;
The Lurker,10677,anger,It was my quarter!;
The Security Guard,10677,neutral,Was it her quarter?;
Phoebe,10677,neutral,How about we talk about this over dinner?;
"The Security Guard,10677,disgust,""Okay lady, you're out of here.""";
"Phoebe,10677,anger,""No! No, you can't arrest me! No!! I won't go back! I won't go back to that hell hole!!""";
The Security Guard,10677,anger,I'm just taking you outside!;
"Phoebe,10677,neutral,""Oh, okay.""";
Ross,10678,neutral,Hey!;
Rachel,10678,neutral,Hey!;
"Ross,10678,neutral,""Listen, I know you wanted to talk to me, but I have an idea that may make you want to stay married.  We register, and""";
Rachel,10678,anger,No!;
"Rachel,10678,anger,""Ross, come on!""";
Rachel,10678,anger,No!;
"Rachel,10678,sadness,""Listen, look I thought a lot about how to tell you this and the bottom line, Ross, is we can not stay married.""";
Ross,10678,neutral,I don’t know if it’s true.;
Rachel,10678,anger,Oh b-b-but it is!;
"Ross,10678,neutral,""Oh, okay, y’know what this is?""";
"Rachel,10678,anger,""Oh Ross, come on! This is not, this is not a marriage!! This is the world’s worst hangover! Ross, listen, if""";
"Ross,10678,sadness,""All right. All right, I’ll do it.""";
"Rachel,10678,neutral,""Thank you.  Hey-hey umm, uh, is there, is there any such thing as an annulment shower?""";
Chandler,10679,neutral,Hey! What are you guys doing?;
Monica,10679,neutral,Making holiday candy for the neighbors.;
Monica,10680,joy,Yes!;
Chandler,10680,sadness,So I really never get to win anymore?;
Monica,10680,neutral,How much did ever really win before?;
"Monica,10681,neutral,""He is so cute.  So, where did you guys grow up?""";
Angela,10681,neutral,Brooklyn Heights.;
Bob,10681,neutral,Cleveland.;
"Monica,10681,surprise,""How, how did that happen?""";
Joey,10681,surprise,Oh my god.;
Monica,10681,surprise,What?;
Joey,10681,neutral,I suddenly had the feeling that I was falling. But I'm not.;
"Chandler,10682,neutral,""Ok, I'm makin' a break for it, I'm goin' out the window.""";
"Joey,10682,anger,""No, no, no, don't! I've been waitin' for like, forever to go out with Lorraine. Just calm down.""";
Chandler,10682,anger,Calm down? Calm down? You set me up with the woman that I've dumped twice in the last five months!;
"Joey,10682,anger,""Can you stop yellin'? You're makin' me nervous, and I can't go when I'm nervous.""";
"Chandler,10682,anger,""I'm sorry, I'm sorry, you're right.  Come on, do it, do it, go, come on!!!""";
"Phoebe,10683,neutral,""Hey you guys, guess what?""";
Chandler,10683,neutral,The British are coming?;
"Phoebe,10683,joy,""Ohh, you and your ways.  Since it’s Christmastime. I’m going to be one of those people collection donations.""";
"Phoebe,10683,joy,""Yeah, I already have my bell and later on...I get my bucket.""";
Chandler,10683,neutral,Ohh.;
"Phoebe,10683,joy,""Yeah, yeah, I’m going to be out there spreading joy to the people.""";
"Phoebe,10683,joy,""I mean, last year, I spread a little joy but not really enough.""";
"Phoebe,10683,joy,""So this year, I’m going to do the whole city.""";
"Monica,10683,neutral,""You know, I knew a girl in high school who did that. She was""";
Monica,10684,neutral,I can't;
"Chandler,10684,joy,""Oh! Look at that, time's up! My turn!""";
Monica,10684,surprise,That was a half an hour?;
Chandler,10684,neutral,It's your timer.;
"Monica,10684,neutral,""Y'know, I don't like to brag about it, but I give the""";
"Chandler,10684,joy,""All right, then massage me up right nice!""";
Chandler,10684,joy,Ah! Ahh!! Ahh!!;
"Monica,10684,neutral,""It's so good, isn't it?""";
Chandler,10684,joy,It's so good I don't know what I've done to deserve it!;
Monica,10684,joy,Say good-bye to sore muscles!;
Chandler,10684,joy,Good-bye muscles!!;
Phoebe,10685,anger,Oh whoa-whoa-whoa!;
"Phoebe,10685,neutral,""Wait a minute, open up your hand";" let me take a look."""
Phoebe,10685,neutral,Quarter.;
Phoebe,10685,neutral,Dime.;
Phoebe,10685,neutral,Lint?;
Phoebe,10685,neutral,Not interested in that.;
Phoebe,10685,neutral,What's this?;
Phoebe,10685,neutral,A Canadian coin?;
Phoebe,10685,surprise,Get outta here!;
Phoebe,10685,surprise,Whoa-whoa-whoa!;
Phoebe,10685,anger,No drinks near the bucket!;
Phoebe,10685,anger,Set it down over there and then you can make a contribution!;
Phoebe,10685,anger,And you can leave the hurt bunny look over there too!;
Phoebe,10685,joy,Hi Bob!;
Phoebe,10685,anger,I thought I told you to get outta here!;
"Bob,10685,neutral,""Uh, Phoebe we've been getting complaints and uh, we're gonna move you to a less high-profile spot.""";
"Phoebe,10686,neutral,""Well, because we thought you knew!! It’s so obvious! God, that would be like telling Monica, """"Hey, you like things clean.""""""";
Chandler,10687,joy,Hey Joe! You wanna shoot some hoops?;
"Joey,10687,joy,""Oh no, I can’t go. I’m practicing";" I got an audition to be the host of a new game show."""
Ross,10688,joy,Oh cool!;
Chandler,10689,joy,That’s great.;
"Joey,10690,joy,""Yeah-yeah, and if I get it by day I’ll  Dr. Drake Remoray, but by night I’ll be  Joey Trrrribbiani!""";
Chandler,10690,joy,You’ll be perfect for this! That’s already your name!;
Joey,10690,fear,But the audition’s in a couple hours and I don’t even understand the game.;
Ross,10690,neutral,Well do you want some help?;
Joey,10690,surprise,Oh really? That’d be great! You guys can be the contestants!;
Ross,10690,joy,Awesome!;
"Chandler,10690,neutral,""Okay, I guess we can lose to junior high girls some other time.""";
Joey,10690,joy,All right! Let’s play Bamboozled!;
Chandler,10690,surprise,Bamboozled?;
"Joey,10690,joy,""Yeah, isn’t that a cool name?""";
Ross,10690,joy,Yeah!;
Chandler,10690,disgust,No!;
"Ross,10691,neutral,""Oh. Okay, just breathe.""";
"Julie,10691,surprise,""Oh honey, I think I’m having one too!""";
Marc,10691,joy,Look at this!  There we go!;
"Ross,10692,neutral,""Excuse me. Hi, I’m a professor here. Do you know the Paleontology section, fifth floor, stack 437?""";
"The Librarian,10692,joy,""Well, yes! Just give me five minutes, I just have to find someone to cover my shift.""";
Ross,10692,anger,No! No!! No! Can I speak to someone in charge please?!;
The Head Librarian,10692,neutral,How can I help you?;
"Ross,10692,anger,""Hi, I was wondering if it is possible to increase security in the Paleontology section?""";
"Ross,10692,anger,""See I-I wrote a book up there and instead of reading it people are-are-are well, rolling around in front of it.""";
The Head Librarian,10693,neutral,We are aware of the problem you are referring to.;
"The Head Librarian,10694,neutral,""But as far as increasing security, I’m afraid the library is very understaffed.""";
"The Head Librarian,10694,sadness,""I, I can’t help you.""";
"Ross,10694,anger,""Well, fine.""";
Ross,10694,anger,Fine!;
"Ross,10694,anger,""If-if I’m the only person with any appreciation of the sanctity of the written word, I’ll go up there and defend it myself!""";
Ross,10694,anger,And don’t you follow me!;
"Phoebe,10695,neutral,""Okay. Would you rather live in the shirt pocket of a sweaty giant, or inside his shower drain?""";
"Rachel,10695,surprise,""Oh my God! Phoebe look, it’s Ross and that girl.""";
Phoebe,10695,surprise,No! No! Look at that!  It’s a line of ants! They’re working as a team!;
"Phoebe,10695,neutral,""Right, oh yeah.""";
"Phoebe,10695,surprise,""Wow, oh, it looks like Ross is breaking up with her.""";
"Phoebe,10695,neutral,""Uff, I hope he lets her down easy.""";
"Rachel,10695,anger,""Come on Phoebe, look at that!""";
"Rachel,10695,neutral,""They are not breaking up, look at them.""";
"Rachel,10695,neutral,""Okay that’s, you know what that is?""";
"Rachel,10695,sadness,""That is a, that is a second date, that’s what that is!""";
"Rachel,10695,neutral,""Look at that, she just put her hand on his thigh...""";
"Phoebe,10695,neutral,""Oh no! That really is nothing, she is""";
"Rachel,10695,anger,""Ohh!  Phoebe, this is all your fault! Now he loves her, he’s gonna marry her, and this is all your fault.""";
Chip,10696,neutral,You know where I work!;
Monica,10696,neutral,I do?;
"Chip,10696,neutral,""The movie theatre, you used to come in all the time.""";
Monica,10696,neutral,You still work at the multiplex?;
"Chip,10696,joy,""Oh, like I’d give up that job! Free popcorn and candy, anytime I want. I can get you free posters for your room.""";
"Monica,10696,neutral,""Thanks, I’m set. Do you still live with your parents?""";
"Chip,10696,neutral,""Oh yeah, but I can stay out as late as I want.""";
Guy #1,10697,joy,Nice car!;
"Joey,10697,neutral,""Yeah, it’s not mine.""";
Woman,10697,joy,I love your car.;
"Joey,10697,neutral,""Yeah, it’s  mine.""";
Woman,10697,neutral,I bet it’s fast.;
"Joey,10697,neutral,""Me too! Yeah. And comfortable. Do uh, do you like leather seats?""";
Woman,10697,joy,Yeah!;
Joey,10697,joy,It’s got ‘em!;
"Ross,10698,fear,""Joey, please!""";
Joey,10698,neutral,Sorry.;
Joey,10698,anger,Ahhh..;
Chandler,10698,joy,Hello children!;
Joey,10698,neutral,Hey! Wanna play some foosball? Please?;
Chandler,10698,neutral,Okay.;
"Joey,10698,neutral,""No-no, no! We have to move the table into my room, yeah! 'Cause of all the boxes. Come on!""";
"Joey,10698,neutral,""All right, I have one question.""";
Chandler,10698,neutral,Bye-bye little puppet Joey hand?;
"Joey,10698,anger,""No, the quiet down thing!""";
Chandler,10698,neutral,You mean this.;
"Joey,10698,anger,""Um-hmm! Look, I-I-I don't know how much more of this I can take! Did you know he taped over my""";
"Chandler,10698,neutral,""All right look, y'know, this maybe tough but come on, this is Ross! I survived college with him!""";
"Joey,10698,neutral,""All right, I guess I can hold out a little longer. Let's have a game.""";
Chandler,10698,neutral,Okay.;
Chandler,10698,fear,No-no-no-no!;
Joey,10698,joy,YES!!;
"Ross,10698,neutral,""Uh fellas,""";
"Chandler,10698,neutral,""Okay, so he's out of here.""";
"Chandler,10699,neutral,""Okay y'know what, because you said that, I'm not putting out tonight.""";
Joey,10700,neutral,I know it doesn't make much sense;
Chandler,10700,neutral,Much;
"Joey,10700,anger,""Look Chandler, it was instinct! Okay? I just went for it!""";
"Chandler,10700,joy,""So you risked your life, for a sandwich!""";
"Joey,10700,joy,""I know it sounds crazy, but Chandler this is  the greatest sandwich in the world!""";
"Chandler,10700,sadness,""So you didn't uh, choose Ross before me.""";
Joey,10700,sadness,No! I would never do that! You-you're like my brother!;
Chandler,10700,surprise,Really?!;
"Joey,10700,neutral,""Yeah! In fact, to prove how much you mean to me,  here.""";
Chandler,10700,joy,Thanks.;
"Joey,10700,anger,""No, eh, oh-oi, easy, it's not a hot dog!""";
Joey,10700,neutral,How good is that?;
"Chandler,10700,joy,""Oh-oi-ho, yeah!""";
Joey,10700,neutral,See?;
"Joey,10700,surprise,""Oh-whoa-hey, dude, what are you doing?!""";
Chandler,10700,surprise,I thought you were showing me how much you mean to me.;
Joey,10700,joy,Yeah. With a bite!  Gee-e-e-eez!;
Chandler,10701,joy,Check out the ring.;
Rachel,10701,joy,Nice! One and a half carat easy.;
Phoebe,10701,neutral,Hi.;
Ross,10701,joy,Hey-hey Pheebs!;
Ross,10701,joy,Chandler’s gonna ask Monica to marry him!;
"Phoebe,10701,neutral,""Oh I know, I helped pick out the ring.""";
Ross,10701,surprise,You told her before you told us?;
"Chandler,10701,fear,""Well, she walked in when I was looking at the ring brochures. You can understand that, right?  Guys? Guys?""";
Monica,10702,neutral,Let's see.;
"Monica,10702,neutral,""Congress is debating a new deficit reduction bill... the mayor wants to raise subway fares again... the high today was forty-five... and- oh, teams played sports.""";
Phoebe,10702,neutral,What about Glen? He could be a Glen.;
Monica,10702,neutral,Nah... not-not special enough.;
Phoebe,10702,neutral,Ooh! How about Agamemnon?;
Monica,10702,neutral,Waaay too special.;
Joey,10703,joy,Hey Pheebs!;
Phoebe,10703,joy,Hey!;
Joey,10703,joy,Check it out.  How much of a man am I?!;
Phoebe,10703,joy,Wow! Nice! Manly and also kind of a slut.;
"Joey,10703,neutral,""Y’know, I’m beginning to see what Jake was talking about.""";
Phoebe,10703,neutral,Uh-huh.;
Joey,10703,joy,The silk? Feels really good!;
"Cassie,10704,sadness,""Ah yeah, sorry about that.""";
"Ross,10704,neutral,""It’s okay. Come, come on in.""";
"Cassie,10704,joy,""Thanks for letting me stay here! I mean Monica’s place was nice, but her fiancée sure stares a lot.""";
Ross,10704,neutral,Oh.;
Cassie,10704,surprise,Oh my God! You do a great Chandler!;
"Ross,10704,neutral,""Uh-huh. Yeah, I-I have a knack for impressions.""";
"Cassie,10704,joy,""Well, maybe after we get reacquainted uh, you can do me.""";
Ross,10704,disgust,Yeah—No!!;
"Joey,10705,joy,""Hey! You guys! Check it out, check it out!  Guess which job I got.""";
"Chandler,10705,neutral,""I don’t know, but Donald Trump wants his blue blazer black.""";
Ross,10705,neutral,What?;
Chandler,10705,neutral,Blue blazer back. He-he wants it back.;
Rachel,10705,neutral,But you-you said black. Why would he want his blue blazer black?;
"Chandler,10705,neutral,""Well, you-you know what I meant.""";
"Monica,10705,anger,""No, you messed it up. You’re stupid.""";
Chandler,10705,neutral,So what job did you get Joe?;
"Joey,10705,neutral,""Oh, ah, tour guide at the museum. Yeah, Ross got it for me.""";
"Rachel,10705,neutral,""Well, how can you be a tour guide, don’t you have to be a dinosaur expert or something?""";
Chandler,10706,anger,I just walked in the bathroom and saw Kathy naked! It was like torture!;
"Ross,10706,neutral,""Y'know if we ever go to war and you’re captured, you’re in for a""";
Chandler,10706,anger,It just keeps getting worse and worse!;
"Chandler,10706,neutral,""I mean it’s bad enough that I’m in love with my roommates girlfriend—which by the way, I think she knows.""";
Chandler,10706,neutral,Because every time we’re in the room together there’s this weird like energy between us.;
"Chandler,10706,neutral,""And call me crazy, but I think she likes me too.""";
Chandler,10706,neutral,And now I have seen her naked.;
"Chandler,10706,neutral,""I mean at least when I’ve seen her with clothes on, I could imagine her body was like covered in boles or something.""";
"Chandler,10706,neutral,""But there are no boles, she’s smooth!""";
Chandler,10706,neutral,Smooth!;
Phoebe,10706,surprise,Wow! Could everyone totally see up his robe?;
All,10706,surprise,Yeah! Oh my God!;
"Joey,10707,surprise,""So, you and Angela, huh?""";
Bob,10707,joy,Yep. Pretty much.;
"Joey,10708,surprise,""Oh, that's what she meant!""";
"Joey,10708,neutral,""You know, if they're    gonna shorten it, they should call it the MUSE!""";
"Joey,10708,neutral,""You know, short for museum,    and avoid all the confusion!""";
"Ross,10708,neutral,""Yeah, most of it it's a place""";
"Joey,10708,neutral,""Ok, all right, so I'll take her to the MET.""";
"Ross,10708,neutral,""Yeah, uh, uh, ok, there's this great rare bookstore on Madison    Avenue.""";
Ross,10708,neutral,You know what?;
"Ross,10708,neutral,""She loves architecture, you know what you should do?""";
Ross,10708,joy,You should take a walk down fifth to the Saint Patrick's Cathedral and there    there's this great little pastry shop that she'd love.;
"Joey,10708,surprise,""Geez, sounds like you should be going on this date!""";
Ross,10708,neutral,But I'm not! . You know what if you're in the mood for    Thai food...;
"Joey,10708,surprise,""Whoa, whoa, whoa! Slow down, you go""";
Ross,10708,neutral,Ok.;
Joey,10708,neutral,You got to tell me exactly what to do there.;
"Ross,10709,neutral,""Ok, when you walk in the museum, take the right, that's the antiquities    wing.""";
"Ross,10710,neutral,""Ancient Egypt, Mesopotamia, up to the Byzantine Empire.""";
"Joey,10710,surprise,""Whoa, whoa, whoa, whoa, whoa! So, I walk in the door and make    the right""";
Ross,10711,joy,Hey!;
"Rachel,10711,neutral,""Hey, so did everything go all right with the annulment?""";
"Ross,10711,neutral,""Oh, yeah, no problems. It’s all taken care of.""";
"Rachel,10711,neutral,""Ross, thank you. Hey, do you guys wanna go see a movie?""";
"Ross,10711,neutral,""Oh yeah, why not?""";
Rachel,10711,neutral,Pheebs?;
"Phoebe,10711,neutral,""No thanks, I’ve already seen one.""";
"Rachel,10711,neutral,""Okay, umm, I’m gonna get my sweater.""";
"Ross,10711,joy,""Okay.  You uh, you wanna hear something weird?""";
Phoebe,10711,neutral,Always.;
Ross,10711,sadness,I didn’t get the annulment.;
Phoebe,10711,surprise,What?!;
Ross,10711,joy,We’re still married! Don’t tell Rachel. See you later.;
Joey,10712,neutral,Hey! Are you okay?;
Kate,10712,joy,Fabulous.;
"Joey,10712,joy,""Listen, drama critics they’re nothing but, but people who couldn’t make it as actors. You know what you should do?""";
"Ross,10713,fear,""Exactly. So you didn’t, didn’t mention anything to Issac right?""";
"Chloe,10713,neutral,""Oh, well I tell Issac everything.""";
"Ross,10713,neutral,""You tell, of course you do. Issac. Issac. Hey, Issac. Issac, hi! Y'know we haven’t actually met...""";
Issac,10713,joy,You dog!;
"Ross,10713,neutral,""Yes, I suppose I am a dog. But Issac, see I-I happen to have a girlfriend.""";
"Issac,10713,neutral,""Oh right, that Rachel chick from the coffee place.""";
"Ross,10713,neutral,""Yeah, that’s the one. Listen, I don’t want to hurt her.""";
"Issac,10713,neutral,""Oh, hey, man I know, doesn’t matter how much we love ‘em, monogamy is too cruel a rule.""";
"Ross,10713,neutral,""Yeah. Listen, can you keep this information to yourself?""";
"Issac,10713,neutral,""Aw, no problem dude. Y'know we got to look out for each other. We’re the same, you and me.""";
"Ross,10713,joy,""Actually, no, we’re not.""";
"Issac,10713,neutral,""Yeah, we are.""";
"Ross,10713,neutral,""No, we’re not.""";
"Issac,10713,neutral,""Yeah, we are.""";
"Ross,10713,anger,""No, we’re not!!""";
"Issac,10713,neutral,""Okay, we’re not.""";
Ross,10713,neutral,Right.;
"Issac,10713,neutral,""But, we are.""";
Ross,10713,neutral,Fine. I just need to know that you’re not gonna tell your sister.;
Issac,10713,neutral,I can promise not to tell her again.;
Ross,10714,joy,Emily!;
Emily,10714,surprise,Oh my God! What are you doing here?;
"Ross,10714,joy,""I just, I had to see you one more time before you took-off.""";
Emily,10714,joy,You are so sweet.;
"Ross,10714,sadness,""That’s, that’s, that’s a big candy bar. (She’s holding one of those huge""";
Emily,10714,neutral,Me too.;
"Emily,10714,neutral,""Well, that’ me.  Here, have this.  I’m only allowed one piece of carryon anyway.""";
"Ross,10714,neutral,""Wait uh, listen.""";
"Ross,10714,fear,""I-I, I have to tell you something.""";
"Ross,10714,fear,""Umm, I’ve been thinking, I’m just gonna come out and say it.""";
Ross,10714,fear,Okay?;
"Ross,10714,joy,""I-I-I ah, I-I think I love you.""";
Emily,10714,neutral,Oh.  Thank you.;
Ross,10714,neutral,That’s no problem.;
Chandler,10715,surprise,Monica!;
Monica,10715,neutral,She’s sleeping.;
"Chandler,10715,neutral,""I know, just quick-quick question, quick question. Which one was""";
Monica,10715,neutral,Deep Impact;
"Chandler,10715,surprise,""Sorry, I just…can’t sleep.""";
Chandler,10715,anger,Ooh!;
"Chandler,10715,neutral,""Where is that book that you are reading with the two women who were ice-skating and wearing, wearing those hats with the flowers on it?""";
Chandler,10715,neutral,Because every time I look at that cover I’m like;
Monica,10715,neutral,It is in the living room where there is also a light! And no one will kick you in the shin.;
"Monica,10716,sadness,""Hey Ross! So, I was checking out the uh, real estate section""";
Ross,10716,neutral,Yeah?;
Monica,10716,neutral,Look at this.;
"Ross,10716,neutral,""Oh, it looks like mom and dad’s house.""";
"Ross,10716,surprise,""Oh, it even has a tree with a broken limb out front and the uh, the window in the attic is…Oh my God!""";
Phoebe,10716,surprise,What? What happened to the window in the attic?!;
Monica,10716,anger,I can’t believe mom and dad are selling the house!;
Ross,10716,joy,I can’t believe they-they didn’t even tell us!;
Phoebe,10716,surprise,I can’t believe I still don’t know what happened to the;
Joey's Hand Twin,10717,neutral,Nothing?;
"Joey,10717,neutral,""Look, you and I have been given a gift.""";
Joey,10717,neutral,We have to do something with it.;
"Joey,10717,joy,""Like-like, hand modeling!""";
Joey,10717,joy,Or-or magic!;
Joey's Hand Twin,10717,neutral,I have to get back to;
Joey,10717,surprise,Whoa!;
Joey,10717,surprise,Whoa!;
Joey,10717,joy,We could have our own show!;
Joey,10717,joy,Y'know we could clap our hands together people will love it!;
Joey,10717,anger,Huh?;
Joey,10717,joy,And-and-and I wrote a song for us!;
"Joey,10717,joy,""(Singing, to the tune of""";
Joey's Hand Twin,10717,neutral,That's okay.;
Joey,10717,neutral,But you haven't even heard the chorus!;
"Mr. Geller,10718,sadness,""Well, she’ll understand right? It’s not like I did it on purpose.""";
"Ross,10718,neutral,""Dad, that won’t matter to her.""";
"Ross,10718,anger,""Look, all my stuff is safe and dry and all hers is-is, is growing new stuff!""";
"Ross,10718,anger,""See, this is exactly the kind of thing that makes her think you guys love me more than you love her.""";
"Mr. Geller,10718,surprise,""Oh my God, does she really thinks that?""";
"Ross,10718,sadness,""Well, can you blame her?""";
"Mr. Geller,10718,joy,""Well I don’t know, I-I suppose we may have favored you unconsciously, you were a medical marvel! The doctor said your mother could""";
"Ross,10718,sadness,""Dad, dad I don’t want to hear about it.""";
Mr. Geller,10718,surprise,Really?;
"Ross,10718,neutral,""Well, not right now.""";
"Ross,10718,neutral,""Okay look, Monica came here for some memories and damnit, we’re gonna give her some!""";
"Ross,10718,neutral,""Okay, grab…grab some empty boxes.""";
Ross,10718,neutral,Okay?;
Ross,10718,joy,We’ll-we’ll take stuff from mine and whatever we can pass off as hers we’ll-we’ll put ‘em in there.;
"Rachel,10719,joy,""Y’know Joey, I could teach you to sail if you want.""";
Joey,10719,surprise,You could?;
Rachel,10719,joy,Yeah! I’ve been sailing my whole life. When I was fifteen my dad bought me my own boat.;
Phoebe,10719,surprise,Your own boat?;
Rachel,10719,surprise,What?! What?! He was trying to cheer me up! My pony was sick.;
Ross,10720,joy,He’s coming here for Thanksgiving!;
Monica,10721,anger,Count in our heads as-as good;
Joey,10721,neutral,I guess I'm done.;
Chandler,10721,joy,Fun’s over;
"Monica,10721,fear,""Wait-wait, guys! If-if we follow the rules, it's still fun and it means something!""";
Joey,10721,neutral,I think I'm gonna take-off.;
"Monica,10721,joy,""Guys, rules are good! Rules help control the fun!  Ohhh!""";
Chandler,10722,neutral,Dehydrated Japanese noodles under fluorescent lights... does it;
"Shelley,10722,neutral,""Question. You're not dating anybody, are you, because I met somebody who would be perfect for you.""";
"Chandler,10722,neutral,""Ah, y'see, perfect might be a problem. Had you said 'co-dependent', or 'self-destructive'...""";
Shelley,10722,neutral,Do you want a date Saturday?;
Chandler,10722,neutral,Yes please.;
"Shelley,10722,neutral,""Okay. He's cute, he's funny, he's-""";
Chandler,10722,surprise,He's a he?;
Shelley,10722,surprise,Well yeah!;
Shelley,10722,fear,...Oh God.;
"Shelley,10722,anger,""I- just- I thought- Good, Shelley.""";
Shelley,10722,disgust,I'm just gonna go flush myself down the toilet now...;
"Shelley,10722,disgust,""Okay, goodbye...""";
"Chandler,10723,sadness,""Well, it's official there are no good movies.""";
"Janice,10723,neutral,""Well, let's go to a bad one and make out.""";
"Monica,10723,neutral,""Perhaps, you would like me to turn like this,  so that you can bunny bump against my back.""";
Joey,10723,surprise,Hey!;
Phoebe,10723,neutral,Hey.;
"Chandler,10723,neutral,""Hey, man. What's up?""";
Joey,10723,neutral,Maybe you can tell me.;
Joey,10723,anger,My agent would like to know why I didn't show up at the audition I didn't know I had today.;
Joey,10723,neutral,The first good thing she gets me in weeks.;
Joey,10723,anger,How could you not give me the message?;
"Chandler,10723,anger,""Well, I'll tell ya I do enjoy guilt, but, ah, it wasn't me.""";
"Phoebe,10723,anger,""Yes, it was! It was him! Uh huh!  Okay, it was me!""";
"Chandler,10724,neutral,""See Joe, that's why your parents told you not to jump on the bed.""";
Ross,10725,neutral,Can I ask you something? Have you ever had a guy have a crush on you?;
Joey,10725,surprise,Is that why you wanted to tie my tie?;
Ross,10725,sadness,There’s this kid in my class who said he’s in love with me.;
Joey,10725,surprise,Whoa!;
Rachel,10725,surprise,Whoa what?;
Joey,10725,neutral,Ross has a boyfriend.;
Ross,10725,joy,I do-I do;
Rachel,10725,surprise,Really?;
Ross,10725,joy,Yeah!;
Ross,10725,neutral,I don’t know.;
"Ross,10725,anger,""I mean, last year Elizabeth now-now this kid.""";
Ross,10725,joy,What-what-what-what is it?!;
Ross,10725,anger,Am I giving out some kind of…sexy professor vibe?;
Rachel,10725,neutral,Not right now.;
Ross,10725,sadness,It-it—The point is my natural charisma has made him fail his midterm.;
"Rachel,10725,sadness,""Oh, see now I feel bad for the kid!""";
Rachel,10725,joy,I had a crush on a teacher once and it was so hard!;
Rachel,10725,neutral,Y’know you—I couldn’t concentrate and I blushed every time he looked at me.;
"Rachel,10725,neutral,""I mean come on, you remember what’s it’s like to be 19 and in love.""";
Rachel,10726,joy,Oh yes! Thank you very much!  Oh that’s-that’s actually how the French drink it.;
Monica,10727,joy,A new pair of shoes for the Chan-Chan man!  Yes!;
Chandler,10727,joy,Yes! I've-I've never seen a roll like this in my life!;
"Monica,10727,joy,""That's right baby! Okay, what do I want now?""";
"Chandler,10727,neutral,""Okay, ah umm, ah, a 8. Ah, a 6?""";
Monica,10727,neutral,Pick a number! That is your;
Chandler,10727,joy,8. 8!;
Monica,10727,joy,Thank you!;
"Chandler,10727,joy,""If you get this one, we buy everybody here a steak dinner!""";
"Richard,10728,neutral,""Yeah, I understand.""";
Richard,10728,neutral,Take as much time as you want.;
"Richard,10728,neutral,""Ten, even twenty minutes if you need it.""";
Richard,10728,sadness,I’ll be here.;
Richard,10728,sadness,Not smoking.;
"Ross,10729,surprise,""We’re really gonna do this, huh?""";
Carol,10730,neutral,Looks like it.;
"Ross,10730,neutral,""Y’know, if, if this is too weird for you, we can still back out at""";
Carol,10730,joy,I got it!;
Ross,10730,neutral,Okay.;
Carol,10730,joy,Susan! Hi!;
Susan,10730,joy,Hey!;
Carol,10730,joy,Thank you so much for coming.;
"Susan,10730,joy,""Oh, I wouldn’t miss it for the world.""";
Ross,10730,neutral,I’m-I’m Ross by the way.;
Susan,10730,joy,Hello Ross.  I love what you’ve done with this space.;
Carol,10730,joy,Thank you so much.;
Ross,10730,surprise,How hot is this?!;
"Ross,10731,neutral,""Guess who's here. It's the toughest guy in toy land, Ben.  'A real American hero. I'm""";
Rachel,10731,neutral,G.I. Joe;
"Ross,10731,joy,""Look Ben, it's a toy that protects U.S. oil interests overseas!""";
"Monica,10732,sadness,""It took me 28 years to find one man that I wanna spend my life with, if I have to wait another 28 years then, I'll be 56 before I can have a baby, and that's just stupid.""";
"Chandler,10732,disgust,""That, that's what's stupid.""";
"Monica,10732,neutral,""I don't need an actual man, just a couple of his best swimmers.""";
"Monica,10732,neutral,""And there, there are places you can go to get that stuff.""";
Rachel,10732,anger,Down at the docks again?;
"Ross,10733,neutral,""Hi there. How many, how many ah, did you sell?""";
Girl,10733,anger,I’m not gonna tell you! You’re the bad man who broke Sarah’s leg.;
"Ross,10733,anger,""Hey now! That was an accident, okay.""";
Girl,10733,anger,You’re a big scrud.;
Ross,10733,neutral,What’s a scrud?;
"Girl,10733,anger,""Why don’t you look in the mirror, scrud.""";
Ross,10733,joy,I don’t have too. I can just look at you.;
"Leader,10733,joy,""All right girls, and man. Let’s see your final tallies.  Ohhhh, Debbie,  321 boxes of cookies,  Very nice.""";
Ross,10733,anger,Not nice enough.;
"Leader,10733,neutral,""Charla, 278. Sorry, dear, but still good.""";
"Monica,10734,neutral,""So, how’d the lasagne go over?""";
Monica,10734,surprise,Really?!;
Monica,10734,neutral,Good.;
Monica,10734,neutral,So you owe me three pretty things.;
"Monica,10734,neutral,""Yeah, I’ve been thinking a lot about you too.""";
Monica,10734,sadness,It’s hard this whole platonic thing.;
Monica,10734,surprise,It’s a word!;
"Monica,10734,neutral,""Yeah, I do think it’s better this way.  Yeah, we’re being smart.   Yes, I’m sure.""";
Richard,10734,neutral,You really sure?;
Monica,10734,neutral,I’ll call you back.;
"Chandler,10735,surprise,""So, are you really gonna go out with that nurse man?""";
"Monica,10735,neutral,""Well uh, you and I are just goofing around, I thought, why not goof around with him.""";
"Chandler,10735,neutral,""Y'know, I don't know if you've ever looked up the term goofing around in the dictionary… Well, I have, and the technical definition is, two friends who care a lot about each other and have amazing sex and just wanna spend more time together.""";
"Chandler,10735,neutral,""But if you have this new fangled dictionary that gets you made at me, then we have to, y'know, get you my original dictionary.""";
Chandler,10735,neutral,I am;
Monica,10735,neutral,I think you're better than you think you are.;
"Chandler,10735,surprise,""Really? Okay, so""";
Monica,10735,neutral,Know when to stop.;
"Chandler,10735,neutral,""Y'know, I sensed that I should stop. So we're okay?""";
"Monica,10735,neutral,""Yeah. All right, I'm gonna go tell Dan that it's not gonna happen.  Don't do the dance.""";
Chandler,10735,joy,Right!;
"Frank,10736,anger,""Ow!-Ow!-Ow! Ow! Ow! Ow! Ow! Ow! Ow! Y'know, ow!""";
Phoebe,10736,surprise,Hey!-Hey! What’s going on?;
Frank,10736,anger,She broke my arm.;
Girl,10736,anger,He touched my fanny.;
"Frank,10736,anger,""No, she touched mine first!""";
Girl,10736,anger,That’s my job!;
Janice,10737,surprise,Are you being British?!;
Chandler,10737,neutral,No. Not anymore.;
Janice,10737,surprise,Why are you shopping here? You don't live in this neighborhood. Were you here waiting for me?;
"Chandler,10737,neutral,""Yeah, huh. I'm just uh, you know I'm just picking up some things for a party.""";
Janice,10737,anger,Barley? What kind of party serves barley?;
"Chandler,10737,anger,""Well, I'm sorry if my friends aren't as sophisticated as yours.""";
Janice,10737,neutral,Where is this party?;
Chandler,10737,neutral,Here in Chelsea.;
Janice,10737,anger,Who's party is it?;
Chandler,10737,neutral,A woman's;
Janice,10737,anger,What woman?!;
Chandler,10737,neutral,Chelsea.;
"Janice,10737,disgust,""Either you're seeing somebody behind my back, which would make you the biggest jerk on the planet.""";
"Janice,10737,disgust,""Or, else you're pretending that you're seeing somebody, which just makes you so pathetic that I could start crying right here in the cereal aisle.""";
Janice,10737,sadness,So like which of these two guys do you want to be?;
Chandler,10737,joy,Can I be that guy?;
Chandler,10738,joy,Great story again! The yarns that you weave! Woo-hoo-hoo!;
"Dana,10738,anger,""Y’know uh, actually I-I-I should get going.""";
Chandler,10738,fear,Oh no-no-no! Stay! Stay! Because you-you should you-you-you should stay!;
"Dana,10738,surprise,""Wow. Oh, I am really flattered, but I just I don’t feel that way about you.""";
"Chandler,10738,anger,""Oh no-no-no, that’s not—No-no-no!""";
Monica,10739,anger,Did you just flick me?;
"Rachel,10739,joy,""OK, well, you wouldn't let me finish and I was jus- [Monica flicks her back] Ow. That hurt [flicks Monica]""";
"Phoebe,10739,anger,""Oh!  All right.  Now, let's not do this!""";
Phoebe,10739,anger,Happy thoughts!  Happy thoughts!;
"Phoebe,10739,anger,""OK, now I'm gonna kick some ass.""";
Rachel,10739,anger,Ow! Ow! Ow!;
"Phoebe,10739,neutral,""Alright, now I will let go if you both stop.""";
Rachel,10739,anger,Fine!;
Monica,10739,anger,Fine!;
"Phoebe,10739,neutral,""There we go.You know what, if we were in prison, you guys would be, like, my bitches.""";
"Joey,10740,neutral,""Okay, buddy-boy. Here it is. You hide my clothes, I'm wearing everything you own.""";
Chandler,10740,surprise,Oh my God!;
Joey,10740,joy,Look at me! I'm Chandler! Could I;
"Joey,10740,neutral,""Whew, it's hot with all of this stuff on.""";
"Joey,10740,neutral,""I ah, I better not do any, I don't know, lunges.""";
Chandler,10741,neutral,Hi.;
Monica,10741,neutral,Hi.;
"Chandler,10741,sadness,""Hi, listen, I’m sorry about before.""";
Chandler,10741,neutral,I don’t need to have a game room.;
"Chandler,10741,neutral,""I mean when I was a kid I only played those games because I couldn’t get girls, and now I""";
Monica,10741,sadness,Stop it Chandler.  I’m sorry too.;
Chandler,10741,surprise,Really?;
Monica,10741,anger,Yeah! Oh yes!;
Chandler,10741,neutral,Ohh.;
"Monica,10741,joy,""Listen, we don’t have to make that a guest room, we can think of something to do with the room together.""";
Chandler,10741,joy,That’s a great idea! We can;
Monica,10742,joy,Totally!;
Chandler,10743,neutral,We don’t have to come up with this now.;
Monica,10743,joy,Oh good.;
"Rachel,10744,neutral,""Yeah, and I am okay with being a pushover.""";
Phoebe,10744,joy,That’s great. Good for you guys.;
Monica,10744,anger,I am not high maintenance!;
Rachel,10744,anger,I am not a pushover!;
Phoebe,10744,neutral,Who said you were?;
Rachel,10744,anger,You did!;
"Phoebe,10744,neutral,""Oh, I’m flaky. I’ll say anything.""";
"Rachel,10745,joy,""Ok, I know this is gonna sound really stupid, but I feel that if I can do this, you know, if I can actually do my own laundry, there isn't anything I can't do.""";
Ross,10745,neutral,That does not sound stupid to me.;
"Ross,10745,neutral,""You know, it's like the first time I had to make dinner for myself, after Carol left me?""";
"Ross,10745,sadness,""I'm sorry, that's all the time we have.""";
Ross,10745,neutral,Next on Ross... Uh-oh.;
Rachel,10745,joy,What uh-oh?;
"Ross,10745,fear,""Uh-oh, uh-oh, the laundry's done.""";
"Ross,10745,neutral,""It's, uh, it's a song.""";
Ross,10745,neutral,The laundry song that we sing.;
"Ross,10745,neutral,""Uh-oh the laundry's done, uh-oh, uh-oh.""";
"Rachel,10745,anger,""Ross, what's the matter?""";
"Ross,10745,neutral,""Nothing, nothing. Lee-lo, the laundry's done.""";
Chandler,10746,surprise,Why are you here?;
"Janice,10746,sadness,""Well, Sid and I are trying again and we had trouble last time    because apparently we...""";
"Chandler,10746,neutral,""No no no... I mean,""";
Janice,10746,anger,Oh! Someone's a little cranky today cuz they have to do it in    a cup!  Oh! They gave you the kiddy size .;
Chandler,10746,surprise,What!?;
Monica,10746,joy,This was fun! But I've got an invasive vaginal exam to get to!;
"Chandler,10746,joy,""I'd love to stay, but I have eh...  got    a hot date...""";
Janice,10746,neutral,Please... go!  Just let me know if you    need a hand!;
Chandler,10746,neutral,I think it just fell off.;
"Ross,10747,sadness,""I don't want to be single, okay? I just... I just- I just wanna be married again!""";
Chandler,10747,fear,And I just want a million dollars!;
Monica,10747,surprise,Rachel?!;
Chandler,10748,neutral,Yeah.;
"Monica,10748,anger,""Look, these clowns are trying to take us for a ride and I'm not gonna let 'em!""";
Monica,10748,anger,And we're not a couple of suckers!;
"Chandler,10748,neutral,""I hear ya, Mugsy!""";
"Chandler,10748,neutral,""But look, all these rooms are fine okay?""";
"Chandler,10748,anger,""Can you just pick one so I can watch--have a perfect, magical weekend together with you.""";
"Monica,10748,neutral,""Okay,""";
Chandler,10748,anger,Nothing! It's over! Dammit! This is regularly scheduled programming!;
Monica,10748,disgust,Can we turn the TV off? Okay? Do we really want to spend the entire weekend like this?;
"Chandler,10748,anger,""Oh, I'm sorry, am I getting in the way of all the room switching fun?""";
"Monica,10748,anger,""Hey, don't blame me for wigging tonight!""";
"Chandler,10748,anger,""Oh, who should I blame? The nice bell man who had to drag out luggage to 10 different rooms?""";
"Monica,10748,anger,""I don't know, how about the idiot who thought he could drive from Albany to Canada on a half a tank of gas!""";
Chandler,10748,anger,Do not speak ill of the dead.;
"Monica,10748,anger,""We're supposed to uh, be spending a romantic weekend together, it-it, what is the matter with you?""";
"Chandler,10748,sadness,""I just want to watch a little television. What is the big deal? Geez, relax mom.""";
Monica,10748,anger,What did you say?;
"Chandler,10748,fear,""I said, """"Geez, relax Monnnnn.""""""";
"Monica,10749,neutral,""Y’know, maybe it’s best that we never got to do it again.""";
"Chandler,10749,neutral,""Yeah, it kinda makes that-that one night special.  Y’know, technically we still""";
"Monica,10749,neutral,""I’m gonna go to the bathroom, maybe I’ll see you there in a bit?""";
Chandler,10749,neutral,‘Kay!;
Joey,10749,neutral,Can I ask you something?;
"Chandler,10749,neutral,""Uhh, no.""";
"Joey,10749,neutral,""Felicity and I, we’re watching""";
Chandler,10749,neutral,No.;
"Joey,10749,neutral,""I mean, the giant is like five years younger than me, y’know, you think I’ll ever get there?""";
Chandler,10749,neutral,Yes.;
Joey,10749,neutral,Thanks man.;
Chandler,10749,neutral,Okay man.;
Joey,10749,neutral,But what about how much taller he is than me?;
"Joey,10749,neutral,""I mean, there’s no way I can make myself taller now, y’know?""";
"Joey,10749,anger,""And who knows what science will come up with in the future, but Chandler, what if I die an unsuccessful, regular sized man?""";
"Joey,10749,surprise,""Hey, Monica, wow you’ve been in the bathroom for like a half-hour.""";
Monica,10749,anger,I know!;
"Joey,10749,neutral,""Had the beef-tips, huh?""";
"Dr. Wesley,10750,neutral,""Good-bye and God speed, Hope Brady.""";
Dr. Drake Remoray,10750,anger,Not so fast Wesley!;
Dr. Wesley,10750,sadness,Ramoray!;
"Dr. Drake Remoray,10750,anger,""That’s right Wesley! I just stopped by to say that, you’re not a real doctor! And that woman’s brain, is fine!""";
Rachel,10750,joy,Oh! Thank God!;
Dr. Drake Remoray,10750,joy,Hope! Hope!;
Hope,10750,joy,Drake!;
"Dr. Drake Remoray,10750,joy,""You’re not dying Hope, you’re gonna live a long, healthy life. With me.""";
Hope,10750,joy,Oh Drake.;
Rachel,10750,joy,Okay!;
Rachel,10750,joy,Here we go!;
Rachel,10750,joy,Okay!;
"Rachel,10750,joy,""Hi, Joey!""";
Rachel,10750,joy,It’s Rachel!;
"Rachel,10750,neutral,""Umm, I am free tomorrow night.""";
"Rachel,10750,neutral,""Yeah, sure, sure I can bring some sandwiches.""";
"Monica,10751,neutral,""OK, we got the cole slaw, we got the buns...""";
"Phoebe,10751,disgust,""We've got the ground-up flesh of formerly cute cows and turkeys, ew...""";
Chandler,10751,neutral,Men are here.;
"Rachel,10752,sadness,""Mom, would you relax.""";
"Rachel,10752,sadness,""That was 10 blocks from here and, the, the woman was walking alone at night, I would never do that.""";
"Rachel,10752,fear,""Mom, c'mon, stop worrying.""";
"Rachel,10752,neutral,""This is a safe street, this is a safe building, there's nothing""";
Stranger,10752,neutral,Hi.;
"Rachel,10752,joy,""Hi, hi can I help you?""";
"Stranger,10752,neutral,""Yeah, I'm looking for Phoebe, does she still live here?""";
"Rachel,10752,neutral,""Uh, no she doesn't but I can, I can get a message to her.""";
"Stranger,10752,neutral,""Great. Uhh, just tell her her husband stopped by.""";
Rachel,10752,surprise,What?;
"Stranger,10752,surprise,""Hey, how, how did you do that?""";
"Rachel,10753,neutral,""Alright, somebody.""";
"Monica,10753,neutral,""OK, I'll go. OK, senior year of college... on a pool table.""";
All,10753,surprise,Whoooaa!;
Ross,10753,neutral,That's my sister.;
Joey,10753,neutral,OK... my weirdest place would have to be... the women's room on the second floor of the New York CIty public library.;
Monica,10753,surprise,Oh my God! What were you doing in a library?;
"Ross,10753,neutral,""Pheebs, what about you?""";
Phoebe,10753,neutral,Oh... Milwaukee.;
Rachel,10753,neutral,Um... Ross?;
"Ross,10753,neutral,""Disneyland, 1989, 'It's a Small World After All.'""";
All,10753,surprise,No way!;
Ross,10753,neutral,The ride broke down.;
"Ross,10753,joy,""So, Carol and I went behind a couple of those mechanical Dutch children... then they fixed the ride, and we were asked never to return to the Magic Kingdom.""";
"Phoebe,10753,neutral,""Oh, Rachel.""";
Monica,10754,joy,Hey!;
Rachel,10754,joy,Hey!;
"Phoebe,10754,neutral,""Oh, is the play over?""";
Monica,10754,neutral,Yeah. Where were you?;
"Hold Voice,10754,neutral,""Thank you for your patience, you’re the next caller.""";
Monica,10754,joy,You were the next caller five hours ago. You must be going crazy.;
Phoebe,10754,neutral,Nah. I kept myself busy.;
"Phoebe,10754,neutral,""Oh, okay, yeah.  I put your stuff in her room, and her stuff in your room.""";
"Rachel,10755,neutral,""Well there’s yore. And uh, y’know, yesteryear.""";
"Phoebe,10755,neutral,""Yeah no, I’m telling you Rachel has such a great eye for this stuff.""";
"Phoebe,10755,neutral,""Ross, y’know if you ever decide you need to redecorate—And I think that you should.""";
"Phoebe,10755,neutral,""You should, you should ask Rachel to help.""";
Rachel,10755,neutral,Oh honey he doesn’t need my help.;
"Phoebe,10755,joy,""Oh, come on! I think he’s ready to get rid of, what did you call it? The cheap knock-offs and dinosaur junk.""";
Ross,10755,surprise,Really?!;
"Ross,10755,surprise,""Hey, y’know what?""";
"Ross,10755,neutral,""Since you have such a great sense of what I need, uh ooh, here’s-here’s 60 bucks, why don’t you take Phoebe down to that Colonial flea market of yours and get me some stuff.""";
"Rachel,10755,joy,""Y’know what? I don’t, I don’t think Phoebe really wants to come.""";
Phoebe,10755,joy,No! I do want to!;
"Rachel,10755,neutral,""Oh, she does want to.""";
Ross,10755,neutral,She does want to.;
Phoebe,10755,joy,Yeah!;
"Rick,10756,surprise,""Wow, you have really pretty feet.""";
Phoebe,10756,sadness,These old things.;
"Rick,10756,anger,""Would you mind spending some time on my siadic area, it’s been killing me today.""";
"Phoebe,10756,neutral,""You mean the—Okay by siadic, you mean the towel covered portion.""";
Rick,10756,neutral,Yeah.;
"Phoebe,10756,neutral,""Sure, yeah, no I can do that, yeah, because umm, y'know, the muscles in the siadic area can get y’know, real  nice and tight.""";
"Phoebe,10756,surprise,""So umm, tell me Rick, how umm, how did you injure the area.""";
"Rick,10756,neutral,""Oh, a 16-hour sit-in for Greenpeace.""";
Phoebe,10756,neutral,Oh.;
Rick,10756,surprise,Ow! Did you just bite me?;
Phoebe,10756,surprise,No!;
"Phoebe,10757,neutral,""Um, that's it.""";
Phoebe,10757,neutral,No.;
Phoebe,10758,neutral,Crew guy.;
Phoebe,10758,neutral,Yeah.;
Phoebe,10758,anger,Why have you been following me?;
"Phoebe,10758,neutral,""I mean, all week long everywhere I look there's you.""";
"Guy,10758,sadness,""You wouldn't return my calls, you sent back my letters....""";
Phoebe,10758,surprise,What?;
"Guy,10758,sadness,""One more chance Ursula, please?""";
Joey,10758,neutral,Okay.;
"Phoebe,10759,neutral,""Okay, and then this is the coffee house. This is where I play my music.""";
Vince,10759,joy,Good deal.;
Gunther,10760,neutral,Here you go.;
Rachel,10760,neutral,Thank you.;
Mark,10760,joy,Hi!;
"Rachel,10760,joy,""Hi! All right, let’s go shoppin’!!""";
"Mark,10760,fear,""Um, y'know, before we go ah, there’s something I need to say.""";
"Rachel,10760,neutral,""Oh, okay.""";
"Mark,10760,fear,""I’ve kinda of had this ah, this crush on you.""";
"Mark,10760,joy,""But since you were with Ross, I-I didn’t do anything about it.""";
"Mark,10760,fear,""But, now that you’re not, I’d really like to ask you out sometime.""";
"Mark,10760,fear,""So-so that’s-that’s what I’m doing, now.""";
Rachel,10760,surprise,Wow! Umm....;
Gunther,10760,neutral,I dropped a cup.;
"Phoebe,10761,neutral,""Hello, tiny embryos.""";
"Phoebe,10761,joy,""Well, I’m-I’m Phoebe Buffay, hi!""";
Phoebe,10761,joy,I’m-I’m-I’m hoping to be your uterus for the next nine months.;
"Phoebe,10761,joy,""You should know, that we’re doing this for Frank and Alice, who you know, you’ve been there!""";
"Phoebe,10761,joy,""Umm, y’know they want you so much, so when you guys get in there, really grab on.""";
"Phoebe,10761,joy,""Okay, and-and I promise that I’ll keep you safe and warm until you’re ready to have them take you home, so… Oh!""";
"Phoebe,10761,neutral,""And also, umm next time you see me, I’m screaming, don’t worry, that’s what’s supposed to happen.""";
Dr. Zane,10761,neutral,Ready?;
Phoebe,10761,sadness,Uh-huh.  Good luck.;
Ross,10762,neutral,Then we have to await the data from recent MRI scans and DNA testing which call into question information gathered from years of simple carbon dating.;
"Rachel,10762,sadness,""Look at that woman sitting by the pool getting tan... so leathery and wrinkled, I'm so""";
Man,10763,neutral,I'm not your brother.;
Phoebe/Waitress,10763,anger,What about my children Drake?! Huh!?  No!! No!! No! God!;
Nurse,10764,neutral,Why don’t we try massaging the breast to stimulate the flow.;
Joey,10764,anger,Are you kidding me?!;
Rachel,10764,anger,It’s just so frustrating! Why doesn’t she want my breast?!;
Joey,10764,anger,I don’t know! Maybe she’s crazy!;
"Janine,10765,neutral,""Hey Joey, I got some beer for you.""";
"Joey,10765,neutral,""Uh, don't you mean """"for whom?""""""";
"Janine,10765,neutral,""Sure, listen I was gonna order some pizza, you wanna share one?""";
"Joey,10765,neutral,""Pizza, heh, its not like I never had that before...ba dum bum cheshhh.""";
Janine,10765,neutral,Is there something wrong?;
"Joey,10765,neutral,""All right, All right, let's just get this out in the open okay?""";
Joey,10765,neutral,You're hot.;
Joey,10765,neutral,I'm lovable.;
Joey,10765,neutral,Clearly there's a vibe going on between us.;
"Joey,10765,neutral,""But, we're roommates and it's a huge mistake for us to continue down this road.""";
Janine,10765,neutral,Joey...;
"Monica,10766,fear,""Oh no it’s not, no it’s not. It’s a first date. I’m""";
"Chandler,10766,joy,""Ho-oh, he’s gonna get some!""";
Chandler,10766,neutral,Of the glare from the streetlight out of his apartment.;
"Chandler,10766,neutral,""Y’know so umm, he’s closed the drapes there so he can have a nice, pleasant conversation with your little sister.""";
"Chandler,10766,neutral,""Well, I’m off to bed!""";
Katie,10767,joy,You were so funny with that waiter! You're such a nut!;
"Joey,10767,joy,""Y'know, breadstick fangs are always funny.""";
"Katie,10767,joy,""No, you make them funny. You're the funny one!""";
"Joey,10767,fear,""Uhh, look Katie, uh listen, we-we need to talk.""";
Joey,10767,neutral,Okay?;
"Joey,10767,fear,""Umm, look I like you.""";
"Joey,10767,fear,""I-I really do, I like you a lot.""";
Joey,10767,anger,Okay?;
"Joey,10767,joy,""But sometimes when you, when you playfully punch me like that it-it feels like someone's hitting me with a very tiny but very""";
"Katie,10767,surprise,""Aww, like I could hurt you. Are you making fun of my size? Don't make fun of me because of my size!""";
"Rachel,10768,surprise,""Oh, Joey! Sorry!""";
Rachel,10769,joy,They made you head of the department!;
"Ross,10769,joy,""No, I get to teach one of his advanced classes!  Why didn’t I get head of the department?""";
"Joey,10769,neutral,""Oh! Hey Rach, listen umm""";
Rachel,10769,neutral,Yeah.;
"Joey,10769,neutral,""I got a big date coming up, do you know a good restaurant?""";
"Rachel,10769,neutral,""Uh, Paul’s Café. They got great food and it’s really romantic.""";
"Joey,10769,joy,""Ooh, great! Thanks!""";
"Rachel,10769,neutral,""Yeah! Oh, and then afterwards you can take her to the""";
"Joey,10769,neutral,""You sure are naming a lot of ways to postpone sex, I’ll tell ya""";
"Rachel,10769,sadness,""Ooh, I miss dating.""";
Rachel,10769,neutral,Gettin’ all dressed up and going to a fancy restaurant.;
"Rachel,10769,joy,""I’m not gonna be able to do that for so long, and it’s so much fun!""";
Rachel,10769,neutral,I mean not that sitting at home worrying about giving birth to a sixteen pound baby is not fun.;
"Joey,10769,neutral,""Hey, y’know what?""";
Rachel,10769,neutral,Huh?;
Joey,10769,neutral,Why don’t I take you out?;
"Rachel,10769,surprise,""What?! Joey, you don’t want to go on a date with a pregnant lady.""";
Joey,10769,joy,Yes I do!;
"Joey,10769,joy,""And we’re gonna go out, we’re gonna have a good time, and take your mind off of childbirth and c-sections and-and giant baby heads stretching out""";
Rachel,10769,joy,Okay! I’ll go with ya! I’ll go! I’ll go with ya.;
Joey,10769,neutral,I’ll be fun.;
Rachel,10769,neutral,All right?;
Rachel,10770,joy,Hi!;
Joey,10770,joy,Hey!;
"Rachel,10770,neutral,""Joey, I gotta tell ya, I've been thinking""";
"Joey,10770,joy,""Oh, you know, the writing was good, and the director is good,    and... and my co-star's good""";
"Rachel,10770,joy,""God, you have to tell me what happens tomorrow!""";
"Joey,10770,surprise,""Ow, I'm just going over the script now! You wanna read lines with    me?""";
"Rachel,10770,disgust,""Me? Oh, no, I am not an actress.""";
"Joey,10770,neutral,""Oh, all right, I can ask Monica.""";
"Rachel,10770,anger,""Oh screw her, that part is mine!""";
"Joey,10770,neutral,""Right...  ok, so just from the top of the page, right here.""";
"Rachel,10770,surprise,""Okay. . Hello Drake, I'm surprised to see you    here.""";
Joey/Drake,10770,surprise,I can't believe you married him.;
Rachel/actress,10770,anger,But what choice did I have. He was keeping my sister    in a;
Joey/Drake,10770,sadness,So what about us? Everything we feel for each other.;
Rachel/actress,10770,joy,It's over! You;
Joey/Drake,10770,surprise,How can I?;
"Joey/Drake,10770,sadness,""Knowing I'll never hold you in my arms again,    or touch your skin, or feel your lips, knowing I'll never make love to you?""";
Joey/Drake,10770,sadness,How can I accept that...;
Joey/Drake,10770,sadness,I can never kiss you again when it's all I can do not    to kiss you right now.;
Rachel,10770,joy,Kiss me.;
Joey,10770,surprise,What?;
"Phoebe,10771,joy,""Come on, you know, Thanksgiving. Ooh, you got the bigger half. What'd you wish for?""";
Joey,10771,neutral,The bigger half.;
Chandler,10771,joy,I'd like to propose a toast.;
"Chandler,10771,joy,""Little toast here, ding ding.""";
"Chandler,10771,joy,""I know this isn't the kind of Thanksgiving that all of you all planned, but for me, this has been really great, you know, I think because it didn't involve divorce or projectile vomiting.""";
"Chandler,10771,anger,""Anyway, I was just thinking, I mean, if you'd gone to Vail, and if you guys'd been with your family, if you didn't have syphilis and stuff, we wouldn't be all together, you know?""";
Chandler,10771,joy,So I guess what I'm trying to say is that I'm very thankful that all of your Thanksgivings sucked.;
All,10771,joy,That's so sweet.;
"Ross,10771,joy,""And hey, here's to a lousy Christmas.""";
Rachel,10771,joy,And a crappy New Year.;
"Chandler,10771,joy,""Here, here!""";
"Ross,10772,anger,""Now, hold on!""";
Ross,10772,anger,Hold on!;
"Ross,10772,anger,""Look, look, your daughter and I are supposed to leave tonight for our honeymoon, now-now you-you tell her that I’m gonna be at that airport and I hope that she’ll be there too!""";
"Ross,10772,anger,""Oh yeah, I said Rachel’s name, but it didn’t mean anything, Okay?""";
Ross,10772,anger,She’s-she’s just a friend and that’s all!;
Ross,10772,sadness,That’s all!;
Ross,10772,anger,Now just tell Emily that I love her and that I can’t imagine spending my life with anyone else.;
"Ross,10772,sadness,""Please, promise me that you’ll tell her that.""";
"Mr. Waltham,10772,anger,""All right, I’ll tell her.  Come on bugger face!""";
Mrs. Waltham,10772,neutral,Call me.;
"Mr. Waltham,10772,anger,""You spend half your life in the bathroom, why don’t you ever go out the bloody window!""";
Ross,10773,surprise,What happened?!!;
"Joey,10773,surprise,""Well, I don’t know!!""";
Ross,10773,neutral,We fell asleep! That is all.;
"Joey,10773,neutral,""Yeah. Yep. Yeah. All right, well uh, I’d better go.""";
Ross,10773,neutral,I think that would be best.;
"Joey,10773,neutral,""Yeah. All right, I’ll talk to you later.""";
Ross,10773,anger,Okay. But not about this!;
Joey,10773,anger,No! Never! Never!  Bye.;
Ross,10773,neutral,No touch! No touch!;
"Chandler,10774,sadness,""Umm ma’am, do you have a minute?  I kind of have some bad news. I don’t think I can move to Tulsa.""";
Ms. McKenna,10774,surprise,What?;
"Chandler,10774,neutral,""It’s a funny story, actually.""";
"Chandler,10774,neutral,""I kind of fell asleep  in the meeting this morning so when I said I’d move to Tulsa, I didn’t really  know what I was saying.""";
Ms. McKenna,10774,surprise,You fell asleep?;
"Chandler,10774,fear,""But only because I was up all night worried about this  meeting, ain’t that funny?""";
Chandler,10774,surprise,Irony?;
"Chandler,10774,neutral,""Not a fan, alright .""";
"Chandler,10774,neutral,""See, here’s  the thing.""";
Chandler,10774,neutral,I went home and told my wife about Tulsa and she won’t go.;
"Chandler,10774,joy,""See, me, I  love Tulsa!""";
Chandler,10774,joy,Tulsa is heaven!;
Chandler,10774,fear,Tulsa is Italy—Please don’t make me go  there!;
"Ms. McKenna,10774,joy,""Chandler, I…""";
Chandler,10774,fear,No no no!;
"Chandler,10774,neutral,""Look, Carol, can I call you Carol?""";
Chandler,10774,joy,Wh-why  would I when your name is Elaine?;
"Chandler,10774,joy,""Oh what a great picture of your son,  strapping!""";
"Chandler,10774,joy,""That’s a picture of your daughter, isn’t it,  well she’s lovely.""";
Chandler,10774,sadness,I like a girl with a strong jaw.;
Chandler,10774,neutral,I’ll call you from Tulsa.;
Monica,10775,neutral,Hi.;
Fake Monica,10775,neutral,Hey.;
Monica,10775,neutral,How are you?;
"Fake Monica,10775,neutral,""I'm not too bad. Fortunately, blue's my colour. How-how did you know I was here?""";
Monica,10775,neutral,Because... I'm Monica Geller. It was my credit card you were using.;
Fake Monica,10775,surprise,That I was not expecting.;
"Monica,10775,neutral,""I want you to know, it wasn't me who turned you in.""";
Fake Monica,10775,neutral,Oh. Thanks.;
"Monica,10775,joy,""No, thank you! You have given me so much! I mean, if it wasn't for you, I would never have gotten to sing""";
"Fake Monica,10775,neutral,""Well, actually, you only got to sing 'Memo-'.""";
Monica,10775,surprise,I just can't believe you're in here.;
"Monica,10775,sadness,""I mean, what am I gonna do without you?""";
Monica,10775,sadness,Who's gonna crash the embassy parties with me?;
Monica,10775,sadness,Who's gonna take me to the;
"Rachel,10776,disgust,""Uh... Oh, Mindy, you are so stupid. Oh, we are both so stupid.""";
Mindy,10776,neutral,What do you mean?;
Rachel,10776,neutral,Smell familiar?;
Mindy,10776,fear,Oh no.;
"Rachel,10776,sadness,""Oh, I am so sorry.""";
"Mindy,10776,sadness,""No me, I am so sorry...""";
Joey,10776,surprise,Oh my.;
"Ross,10777,fear,""Well, there's no way I'm gonna get a shot.""";
"Ross,10777,fear,""Maybe they can take the needle and thquirt it into my mouth, you know, like a thquirt gun.""";
"Monica,10777,neutral,""Doctor, can I see you for just a minute please? My brother has a slight phobia about needles.""";
Ross,10777,neutral,Did you tell him about my thquirt gun idea?;
"Monica,10777,neutral,""My brother, the PhD would like to know if there's any way to treat this orally.""";
"Doctor,10777,neutral,""No, under these circumstances it has to be an injection, and it has to be now.""";
Ross,10777,neutral,Tho?;
Ross,10778,fear,Ohhh.;
"Monica,10778,neutral,""That's good, have a seat.""";
"Monica,10779,neutral,""Um, the doctor says it's gotta be a needle.""";
"Monica,10779,neutral,""You're just gonna have to be brave, ok?""";
Monica,10779,neutral,Can you do that for me?;
Ross,10779,neutral,Ok.;
Monica,10779,neutral,Ok. Oh boy. You are doin' so good. You wanna squeeze my hand?;
Ross,10779,fear,Yes!;
"Monica,10779,neutral,""All right, Ross, don't squeeze it so hard.""";
"Monica,10779,anger,""Honey, really, don't squeeze it so hard!""";
Monica,10779,anger,Let go of my hand!;
Ross,10780,joy,You’re gonna love me so much. I got Sting tickets!!;
Phoebe,10780,joy,Oh my God! I do love you! How did you do it?!;
Ross,10780,neutral,Well…let’s just say;
"Phoebe,10780,joy,""Oo, where are the seats?""";
"Ross,10780,neutral,""Uh, middle balcony.""";
Boy in the Cape,10781,anger,You’re a mean old woman.;
Rachel,10781,sadness,No! Wait no! Shut up—I mean don’t cry! Let me get my checkbook!;
"Monica,10781,surprise,""Look honey, you don’t have to do this, okay?""";
Monica,10781,joy,It’s the strength you have inside that means the most to me.;
"Monica,10781,joy,""You’re loyal, you’re honest, and you have integrity!""";
Monica,10781,joy,That’s the kind of strength that I want in the man that I love!;
Chandler,10781,anger,That means nothing to me.  Come on!;
"Rachel,10782,fear,""Oh! Hey, Mr. Treeger.""";
Mr. Treeger,10782,neutral,: What are you doing?;
Rachel,10782,joy,Ummm. Oh! I’m sorry.  It’s a little old but;
Mr. Treeger,10782,anger,: No! You’re clogging up the chute that I spent a half-hour unclogging!;
Rachel,10782,sadness,I’m sorry. I didn’t—I don’t come in here a lot.;
"Mr. Treeger,10782,anger,"": Oh yeah, of course you don’t!""";
"Mr. Treeger,10782,disgust,"": ‘Cause you’re a little princess! """"Daddy, buy me a pizza. Daddy, buy me a candy factory. Daddy, make the cast of""";
"Mr. Treeger,10782,anger,"": You think you could make a mess and the big man in coveralls will come in here and clean it up, huh?""";
"Mr. Treeger,10782,anger,""Well, why don’t think of someone else for a change?""";
"Rachel,10782,sadness,""Okay, I’m sorry.""";
Ross,10783,joy,Hello!;
Ross,10783,neutral,What's this?;
Ross,10783,neutral,Oh right its that girl's phone number.;
"Ross,10783,joy,""Yeah-yeah, there it is, just a phone number a really hot girl gave me.""";
"Ross,10783,surprise,""It's no big deal, I mean it is her home phone number, but... Whoa!""";
"Ross,10783,joy,""Whoa-whoops, I almost lost this baby!""";
"Ross,10783,anger,""Yeah, the lovely Amanda gives me her number and I-I go and drop it.""";
Phoebe,10783,neutral,Thank you.;
Monica,10784,surprise,I don’t know how any of these got opened?!;
Joey,10784,surprise,You opened them all?;
"Monica,10784,joy,""I know! I know! I am a terrible person! I mean, Chandler is never going to trust me with anything ever again!""";
Joey,10784,joy,Oh hey! You got my parent’s gift!;
Monica,10784,neutral,Yeah. What is that?;
"Joey,10784,sadness,""Well, I don’t know. I think it does something to salami.""";
Monica,10784,sadness,Hey! How’d it go?;
Joey,10784,neutral,Yeah. What-what did Tag say?;
Rachel,10784,sadness,Tag is not the father! And Joey knows now?;
"Joey,10784,joy,""I do Rach. I do, and I so happy for you.""";
"Rachel,10784,surprise,""Oh wow, you didn’t even try to unhook my bra!""";
Monica,10784,neutral,So are you ever gonna tell whoever it is?;
"Rachel,10784,neutral,""No, I will. I’m just not up for it tonight.""";
"Joey,10784,joy,""Hey Rach listen, no matter what this guy says I want you to know you’re not gonna be alone in this.""";
Rachel,10784,surprise,I’m not?;
Joey,10784,fear,Listen I uh…  It’s a scary world out there especially if you’re a single mom.;
"Joey,10784,neutral,""Y’know, I always felt like you and I have this-this special bond.""";
"Joey,10784,joy,""So,  Rachel Green will you marry me?""";
Rachel,10785,neutral,Thank you.;
Joey,10785,anger,If I can’t have it you can’t have it!;
"Monica,10786,disgust,""I can’t believe her, y’know it’s just—it’s so typical.""";
"Chandler,10786,neutral,""Now Monica, I know you’re upset, but don’t forget.""";
"Chandler,10786,neutral,""There is going to be a wedding, you are going to throw the bouquet, and""";
Monica,10786,neutral,Paris?;
Chandler,10786,neutral,We will take a moonlit walk on the Rue de la .;
Monica,10786,neutral,Keep talking.;
"Chandler,10786,joy,""Then we will sprinkle rose pedals on the bed and make love. Not just because it’s romantic, but because I can!""";
Monica,10786,joy,I love you!;
Joey,10787,joy,Yes!;
Joey,10787,joy,I win again!;
Joey,10787,joy,Ha-ha!;
Joey,10787,joy,That’s like 500 bucks you owe me!;
Joey,10787,joy,Whoo-ho-hoo!;
Joey,10787,joy,$500 that is a loooot of electricity!;
Joey,10787,joy,Whoo-ho-ho!;
Joey,10787,neutral,I gotta buy some food.;
"Chandler,10787,neutral,""Okay, give me a chance to win my money back. Okay? Sudden death, one goal, $1,000.""";
Joey,10787,surprise,You serious?;
Chandler,10787,anger,Oh yes!;
"Joey,10787,joy,""Okay, get ready to owe me!""";
Chandler,10787,neutral,Okay.;
"Joey,10787,neutral,""Okay, here we go. Ready?""";
Chandler,10787,anger,No! No! No! No——one can beat me.;
"Chandler,10787,fear,""See? Now, that’s why only the little fake men are supposed to do all the kicking.""";
Monica,10788,surprise,Who is that?!;
"Chandler,10788,sadness,""Don’t worry, I’m brave!""";
Chandler,10788,fear,I am brave!;
Chandler,10788,fear,I…I am brave!;
Chandler,10788,fear,No-no-no-no!!;
Chandler,10788,neutral,Can you tell me who is there please?;
Gary,10788,joy,Hi!;
Monica,10788,neutral,Hi. Do you know what time it is?;
Gary,10788,joy,It’s candy time! My roommate says that they taste like little drops of heaven.;
Monica,10788,joy,Oh please!  Did you hear that? Little drops of heaven.;
Chandler,10788,neutral,4:00 A.M.;
"Gary,10788,neutral,""So, can I get some candy?""";
"Chandler,10788,neutral,""I am sorry, but some of us have to""";
"Monica,10788,sadness,""Umm, listen I am sorry, but I’ll put some out first thing in the morning.""";
"Gary,10788,neutral,""Well okay, I’ll swing by later. Do you live in this building?""";
Monica,10788,neutral,Um-hmm.;
Gary,10788,surprise,Mm! Seems like I would’ve remembered you!;
Chandler,10788,neutral,Mm! Night Gar’!;
Joey,10789,joy,Aaron! You gotta let me go. The guy’s hammered!;
"The Director,10789,neutral,""I’m sorry Joey, as long as he’s here and he’s conscious we’re still shooting.""";
Richard,10789,neutral,You wouldn’t happen to have a very big fork?;
"Joey,10789,neutral,""So I uh, I just talked to the director. That’s it, we’re done for the day.""";
Richard,10789,surprise,Well have we finished the scene?;
Joey,10789,joy,Yeah! You…you were wonderful.;
Richard,10789,neutral,As were you.;
"Joey,10789,neutral,""So I got your car, it’s right outside.""";
"Richard,10789,joy,""Oh, thank you. You’re welcome.""";
Joey,10789,fear,No-no-no! We gotta go! Come on!  Here we go.;
Richard,10789,joy,Is that my ass?;
Monica,10790,neutral,What about these? These look the same?;
Phoebe,10790,joy,Definitely!;
Monica,10790,neutral,Not as each other!;
"Phoebe,10790,neutral,""Oh, then no.""";
Chandler,10790,joy,Hey!;
Monica,10790,anger,Hi!;
Chandler,10790,joy,You look amazing. I'm the luckiest man in the world.;
"Monica,10790,joy,""Ohh, you're about to get a little luckier.""";
Chandler,10790,neutral,Let me see the earrings.;
"Monica,10790,neutral,""Oh, honey, the earrings""";
Chandler,10790,joy,They look great! Does your boyfriend have the best taste or what?;
Monica,10790,joy,My boyfriend really does have good taste!;
Chandler,10790,neutral,Thanks for picking out the earrings man.;
Ross,10790,neutral,Mm-Hm;
"Monica,10791,neutral,""I know that there’s no hole there, I just really liked that picture.""";
Rachel,10791,surprise,Oh my God! Look at this!;
"Monica,10791,neutral,""Okay, but there""";
Rachel,10791,anger,I don’t care! The wires have come loose in your head!;
Monica,10791,neutral,I just thought that if I could follow the wire I could find out what it did.;
Rachel,10791,sadness,And did you?!;
"Monica,10791,neutral,""No. It disappears back there behind that baseboard. For a minute there, I thought it went downstairs.""";
Monica,10791,neutral,But it didn’t. Say hello to Mrs. Chatracus.;
Rachel,10791,surprise,Oh my God.;
Mrs. Chatracus,10791,neutral,Hello darling.;
"Rachel,10791,neutral,""Hello, Mrs. Chatracus.""";
"Ross,10792,neutral,""Okay, is everybody clear? We’re gonna pick it up…and move it. Now all we need is teamwork, okay? We’re gonna""";
"Rachel,10792,neutral,""Ross, I really don’t think""";
Ross,10792,joy,Lift!! And slide!;
"Chandler,10792,neutral,""Okay, here we go.""";
"Ross,10792,joy,""All right everyone, lift!  And slide!!""";
"Joey,10793,neutral,""All right Carl, we’re next. Now remember, what is not gonna be?""";
Carl,10793,neutral,Another;
Joey,10793,neutral,That’s right! And what are you not gonna do?;
"Carl,10793,neutral,""Well, I’m not gonna talk because""";
"Monica,10794,sadness,""I mean, I realize that his feelings may never completely go away, but""";
"Janice,10794,sadness,""Oh?my Gawd, I-I understand.""";
"Janice,10794,sadness,""I-I am so sorry, I’ll go.""";
"Janice,10794,sadness,""Good-bye Monica , I wish you a lifetime of happiness with him.""";
"Janice,10794,neutral,""Chandler,  you call me when this goes in the pooper.""";
Joey,10795,joy,I found my identical hand twin!;
"Phoebe,10795,neutral,""Ohh, you are""";
Chandler,10795,neutral,No!;
Phoebe,10795,surprise,But she just came up here!;
Chandler,10795,neutral,That was Joey!;
Phoebe,10795,neutral,I wonder where she is. That is so weird.;
"Chandler,10795,neutral,""Yeah, well, she's probably talking to Richard.""";
Phoebe,10795,anger,Would you stop that!;
Phoebe,10795,neutral,Do you wanna know the first thing she said when she came back from her lunch with Richard?;
Phoebe,10795,neutral,She didn't feel anything for him.;
Phoebe,10795,sadness,She loves you!;
Chandler,10795,surprise,Really?;
"Phoebe,10795,anger,""Yes! Now, she feels terrible! She really wants to make up! You gotta find her.""";
Chandler,10795,neutral,Okay.;
Phoebe,10795,neutral,Good.  I should really start wearing hats!;
"Monica,10796,neutral,""I mean, why should I let them meet him?""";
"Monica,10796,disgust,""I mean, I bring a guy home, and within five minutes they're all over him.""";
"Monica,10796,joy,""I mean, they're like- coyotes, picking off the weak members of the herd.""";
Paula,10796,neutral,Listen.;
"Paula,10796,neutral,""As someone who's seen more than her fair share of bad beef, I'll tell you: that is not such a terrible thing.""";
"Paula,10796,neutral,""I mean, they're your friends, they're just looking out after you.""";
"Monica,10796,sadness,""I know. I just wish that once, I'd bring a guy home that they actually liked.""";
"Paula,10796,neutral,""Well, you do realise the odds of that happening are a little slimmer if they never get to meet the guy..""";
Chandler,10797,surprise,No-no-no-no.  Hey!;
"Phoebe,10797,neutral,""Anyway, I should go. Okay, bye.""";
Monica,10797,neutral,Hey sweetie.;
"Chandler,10797,neutral,""Hi sweetie. So, what was with all the whispering?""";
Monica,10797,neutral,I can’t tell you. It’s a secret.;
Chandler,10797,anger,Secret? Married people aren’t supposed to have secrets between one another. We have too much love and respect for one another.;
Monica,10797,neutral,Awww.  But still no.;
"Chandler,10797,neutral,""No I’m serious, we should tell each other""";
"Monica,10797,neutral,""Really? Okay, so why don’t you tell me what happened to Ross Junior year at""";
"Chandler,10797,fear,""Oh no-no, I can’t do that.""";
"Monica,10797,neutral,""If you tell me, I’ll tell you what Phoebe said.""";
Chandler,10797,neutral,Okay.;
Monica,10797,neutral,Okay.;
"Chandler,10797,neutral,""So, Ross and I are going to""";
Monica,10797,disgust,Oh my God. He threw up?;
"Chandler,10797,neutral,""No, he visited a little town south of throw up.  So what was Phoebe’s secret?""";
"Monica,10797,neutral,""Oh, Nancy Thompson from Phoebe’s old massage place is getting fired.""";
Chandler,10797,joy,That’s it?! I gave up my;
Monica,10797,joy,That’s right! You lose sucker!!  Please still marry me.;
Phoebe,10798,joy,Oh hey! How was your audition?;
"Joey,10798,neutral,""I’m sorry, do I know you?""";
Phoebe,10798,neutral,What are you doing?;
"Joey,10798,surprise,""Nothing, I’m just practicing blowing you off because I’m gonna be a big movie star!""";
Phoebe,10798,sadness,Oh! You got it?!;
"Joey,10798,joy,""Well no, not yet. But the audition went really good.""";
Monica,10798,neutral,What was it for?;
"Joey,10798,neutral,""Oh, it’s this big budget period movie about these three Italian brothers who come to America around the turn of the century.""";
Joey,10798,joy,It’s really classy!;
"Joey,10798,joy,""Oh, and the director is supposed to be the next next Martin Scorcese.""";
Phoebe,10798,neutral,The next next?;
"Joey,10798,neutral,""Yeah, there’s this guy from Chicago who’s supposed to be the next Martin Scorcese, all right?""";
Joey,10798,neutral,But then this guy’s right after him.;
Joey,10798,joy,Hello!;
Joey,10798,joy,They loved me!;
Joey,10798,joy,Oh my God!;
"Joey,10798,surprise,""Are you kidding me? I never rent a movie without it!  Oh.  Uh, okay uh let me call you back.""";
Phoebe,10798,neutral,What’s the matter?;
Joey,10798,surprise,They want me to be totally naked in the movie!;
Monica,10798,surprise,Wow!;
Joey,10798,joy,I know! My grandmother’s gonna see this!;
Phoebe,10798,joy,Grandma’s gonna have to get in line.;
Elizabeth,10799,joy,Oh please! It was such a big class! You never even noticed me!;
"Ross,10799,surprise,""What? Of course I did! You uh, you sat next to Sleepy Sleeperson.""";
Elizabeth,10799,neutral,Who?;
"Ross,10799,neutral,""Oh uh, I had trouble remembering everyone’s name, so I-I kinda came up with nicknames.""";
Ross,10799,neutral,Like the guy on the other side of you was Smelly von Brownshirt.;
"Elizabeth,10799,neutral,""Oh yeah. So umm, did you have a nickname for me?""";
"Ross,10799,neutral,""Umm, no. No.""";
Elizabeth,10799,surprise,Yes you did! What was it?;
"Ross,10799,neutral,""Umm, it’s Cutie McPretty.""";
Elizabeth,10799,joy,Ohh that’s so sweet!;
"Ross,10799,joy,""Listen, I gotta tell ya, I-I’m having a great time!""";
"Ross,10799,surprise,""Y’know how before you said it might be weird, the whole student teacher thing, and to be frank I thought it would be too, but it’s not.""";
Ross,10799,neutral,I mean it’s not at all.;
Burt,10799,joy,Dr. Geller!;
Ross,10799,joy,Burt!;
"Phoebe,10800,neutral,""Okay, so we got some more good rejections, lots of stuff to work on.""";
"Joey,10800,neutral,""Okay, shoot.""";
"Phoebe,10800,neutral,""Okay, um, oh, the zoo commercial.""";
Joey,10800,neutral,I didn't get it?;
"Phoebe,10800,joy,""No. They said you 'Weren't believable as a human being.' So, you can work on that.""";
"Joey,10800,neutral,""Okay, what else?""";
"Phoebe,10800,neutral,""Um, the off-Broadway play people said 'You were pretty but dumb.'""";
Joey,10800,sadness,Oh.;
"Phoebe,10800,neutral,""Oh no wait, I'm sorry, that's 'pretty dumb.'""";
All,10801,neutral,Hey.;
Ross,10801,neutral,How's the maniac?;
"Phoebe,10801,joy,""Oh, well he's yummy. We did a little kissin'.""";
"Rachel,10801,surprise,""Phoebe, what are you doing?""";
"Phoebe,10801,neutral,""Oh, no, no, no, no. You know what, he's not into that stuff anymore. He quit for me.""";
"Rachel,10801,disgust,""Pheebs, this guy has been obsessed with your sister, for God knows how long, okay, you don't just give up something like that.""";
"Phoebe,10801,joy,""Look, he gave me his night vision goggles and everything.""";
Ross,10801,surprise,You're taking the word of a guy who has night vision goggles?;
"Phoebe,10801,surprise,""What, he's not still following her. Do you think he is still following her?""";
"Chandler,10801,disgust,""Pheebs, wake up and smell the restraining order.""";
Phoebe,10801,neutral,What are you saying I should do?;
"Monica,10801,neutral,""I think, that if you really like this guy, you should just trust him.""";
"Phoebe,10801,joy,""Thank you, Monica.""";
"Joey,10801,neutral,""Orrr, you could follow him and see where he goes.""";
"Monica,10801,surprise,""Oh, that's what I would do, forget mine.""";
Monica,10802,joy,Hey guys check it out! My mom sent me the paper!;
"Phoebe,10802,joy,""Ooh, let’s see it!""";
Joey,10803,surprise,She’s not crazy is she?;
Monica,10803,neutral,No.;
"Joey,10803,neutral,""So uh, how you doin’?""";
Chandler,10804,joy,There he is!;
Monica,10804,joy,There’s our star!;
"Joey,10804,neutral,""So, so, what’d ya think?""";
Chandler,10804,joy,Almost as good as that play with the two naked girls on the see-saw.;
Joey,10804,sadness,I-I wasn’t in that.;
"Phoebe,10805,neutral,""Wow, I have the spirit of an old Indian women living in mine.""";
Monica,10805,joy,So then you know?;
"Phoebe,10805,neutral,""The mailman was downstairs, so I brought up your mail.""";
"Monica,10805,neutral,""Oh, good. Thanks.""";
Phoebe,10805,neutral,Now what is Fabutec?;
"Monica,10805,fear,""Okay, all right don’t judge me to much.""";
Monica,10805,neutral,Okay?;
"Monica,10805,neutral,""Um, but I saw this info-mercial, and um, I swear to you I have never-ever bought anything on TV before, except for this mop.""";
"Monica,10805,joy,""But there was this stuff on leg waxing, it just, it looked so amazing....""";
"Phoebe,10805,joy,""Oh, it’s incredible! I so want to be a Waxine girl.""";
Monica,10805,joy,I know!!;
Phoebe,10805,fear,God. Do think it really doesn’t hurt? ‘Cause how can they do that?;
Monica,10805,joy,Hello! Organic substances recently discovered in the depths of the rain forest!;
Phoebe,10805,neutral,They have the best stuff in there.;
"Woman,10806,anger,""Comin' through. Move, move.""";
"Rachel,10806,joy,""Oh, 'scuse me. I was kinda using that machine.""";
"Woman,10806,disgust,""Yeah, well, now you're kinda not.""";
Rachel,10806,anger,But I saved it. I put my basket on top.;
"Woman,10806,anger,""Oh, I'm sorry, is that your basket? It's really pretty. Unfortunately, I don't see suds.""";
Rachel,10806,surprise,What?;
"Woman,10806,anger,""No suds, no save. Ok?""";
Ross,10806,neutral,What's goin' on?;
"Rachel,10806,disgust,""Hi, uh, nothing. That horrible woman just took my machine.""";
Ross,10806,neutral,Was your basket on top?;
"Rachel,10806,neutral,""Yeah, but, there were no suds.""";
Ross,10806,neutral,So?;
"Rachel,10806,neutral,""Well, you know, no suds, no save.""";
"Ross,10806,anger,""No suds? Excuse me, hold on a second.  That's my friend's machine.""";
"Woman,10806,neutral,""Hey, hey, hey, her stuff wasn't in it.""";
"Ross,10806,anger,""Hey, hey, hey, that's not the rule and you know it.""";
Phoebe,10807,anger,Cause it's good money! But that doesn't change the fact that    this is an evil blood sucking corporate machine!;
"Receptionist,10807,joy,""Well, I think this is a great place to work!""";
"Phoebe,10807,anger,""Ok, are they listening?""";
Chandler,10808,joy,Varrrrrroom!;
Chandler,10808,joy,Hey!;
Chandler,10808,anger,Watch it lady!;
Chandler,10808,joy,Varrrrrrrrrrom!;
Chandler,10808,joy,Hey-hey good lookin’!;
Chandler,10808,joy,Varrrrrrrrroom.;
"Chandler,10808,sadness,""All right, I’ll leave.""";
Chandler,10808,sadness,My bed’s so boring.;
Rachel,10809,anger,Ross do you realise this is the first time in my life I’m doing something I actually care about.;
Rachel,10809,anger,This is the first time in my life I’m doing something that I’m actually good at.;
Rachel,10809,neutral,I mean.;
Rachel,10809,anger,if you don’t get that...;
"Ross,10809,anger,""No, hey, I get that, okay, I get that big time.""";
"Ross,10809,anger,""And I’m happy for ya, but I’m tired of having a relationship with your answering machine!""";
"Ross,10809,sadness,""Okay, I don’t know what to do anymore.""";
Rachel,10809,joy,Well neither do I!;
Ross,10810,anger,Hey!;
"Ross,10810,neutral,""I’m sorry I’m late, did I miss anything?""";
Phoebe,10810,neutral,Joey stuffing 15;
Ross,10810,surprise,15?  Your personal best! (Ross takes an;
Phoebe,10810,neutral,Where were you?;
"Ross,10810,neutral,""Oh, on a date. Yeah, I met this girl on the train going to a museum upstate.""";
"Chandler,10810,surprise,""Oh, yeah! How did you meet her?""";
"Phoebe,10810,neutral,""Oh, which museum?""";
"Phoebe,10810,neutral,""No, answer his.""";
"Ross,10810,joy,""Okay, it was just me and her at the back of the train, and I sat near the door, so she’d have to pass by me if she wanted to switch cars.""";
Ross,10810,joy,She was totally at my mercy.;
Chandler,10810,sadness,Were you so late because you were burring this woman?;
"Ross,10810,neutral,""No, I’m getting back down ‘cause she lives in Poughkeepsie.""";
"Ross,10810,joy,""She seems really great, but she’s like totally great, but she lives two and a half hours away.""";
Chandler,10810,anger,How can she be great if she’s from Poughkeepsie?  That joke would’ve killed in Albany.;
"Joey,10810,joy,""Done! I did it! Heh, who’s stupid now?""";
"Monica,10811,joy,""No, there is no way! It can""";
Chandler,10811,neutral,Why is your family;
Monica,10811,anger,He cannot play at our wedding!;
Monica,10811,anger,I mean everyone will leave!;
"Monica,10811,anger,""I mean come on, that is just noise!""";
Monica,10811,anger,It’s not even a song!;
"Chandler,10811,neutral,""If you listen very carefully, I think its""";
"Phoebe,10812,surprise,""Oh, I want to look too! . Yikes!""";
"Monica,10812,neutral,""So do you think that these pictures—Are, are they trying to tell a story?""";
"Rachel,10812,neutral,""Oh, yeah, sure.""";
"Rachel,10812,neutral,""I mean, like in the case of this young woman, she has lost her clothes, so she rides naked on the horse, she’s crying out, ‘Where are they, where are they?’""";
"Monica,10812,neutral,""Well, she’s not going to find them lying in the grass like that.""";
"Phoebe,10812,joy,""Oh, yeah. Aw, remember the days when you used to go out to the barn, lift up your shirt, and bend over?""";
Monica,10812,neutral,Yeah.;
"Rachel,10812,neutral,""You see, now, I would date this girl.""";
"Rachel,10812,neutral,""She’s cute, she’s outdoorsy, you know, and she knows how to build a fire.""";
"Rachel,10812,neutral,""I mean, that’s got to come in handy""";
"Monica,10812,neutral,""Okay, I’ve got a question. If you had to pick one of us to date, who would it be?""";
Rachel,10812,neutral,I don’t know.;
Monica,10812,neutral,Me neither.;
Phoebe,10812,neutral,Rachel.;
Monica,10812,surprise,What?!;
Phoebe,10812,neutral,I don’t know.  Me neither.;
"Monica,10813,sadness,""Look, I wanted to tell I’m-I’m sorry you lost.""";
"Chandler,10813,neutral,""Listen, I’ve got a secret for ya. I let him win.""";
Monica,10813,anger,Is that a secret or a lie.;
"Chandler,10813,neutral,""No, I let him win—Ross!""";
Ross,10813,surprise,Yeah?;
Chandler,10813,anger,Would you tell her I let you win please?;
Ross,10813,neutral,Oh. Yeah.  Uh Chandler;
Chandler,10813,anger,I am strong! I’ll show you!;
Monica,10813,disgust,Chandler please!;
Chandler,10813,anger,Oh what’s the matter? Are you scared?;
Monica,10813,anger,Let’s go big bunny!;
Chandler,10813,neutral,Okay. 1…2…3—Go!   I’m gonna kill myself!;
"Joey,10814,neutral,""Hey Ross, is uh, is Staten Island really an island?""";
"Ross,10814,surprise,""Uh-huh, that's why they call it Staten""";
Joey,10814,surprise,Ohhh. I thought it was like Long Island.;
Ross,10814,neutral,Also an island.;
"Joey,10814,neutral,""Hey, what time is it?""";
Ross,10814,neutral,2:17.;
"Joey,10814,surprise,""Wow! You realize that we've been throwing this ball, without dropping it, for like an hour?""";
Ross,10814,surprise,Are you serious?!;
Joey,10814,neutral,Yeah. I realized it about a half-hour ago but I didn't want to say anything 'cause I didn't want to jinx it.;
Ross,10814,surprise,Wow! We are pretty good at this! Hey! We totally forgot about lunch!;
"Joey,10814,anger,""Oh, I-I, I think that's the first time I ever missed a meal!  Yeah, my pants are a little loose!""";
"Rachel,10814,neutral,""Hey, you guys""";
Joey,10814,joy,Hey!;
Ursula,10815,neutral,Who is it?;
Phoebe,10815,joy,It’s Phoebe! Phoebe!;
Ursula,10815,joy,Hey!;
Phoebe,10816,surprise,Oh God. So-so you’re making porn movies.;
Ursula,10817,anger,No I’m not.;
Phoebe,10817,anger,You’re making one right now!;
Phoebe,10817,neutral,And-;
"Ursula,10817,neutral,""Yeah, can I help you with something?""";
"Phoebe,10817,joy,""Look, I’m talking right now! You’re—you mean her.""";
"Ursula,10817,neutral,""Y’know, twin stuff is always a real big seller.""";
Phoebe,10817,surprise,What?!;
"Ursula,10817,neutral,""Yeah, I can talk them into giving you like, 30 dollars.""";
Phoebe,10817,disgust,No!!;
Phoebe,10817,anger,And stop using my name!;
Phoebe,10817,disgust,And shame on you!;
Phoebe,10817,disgust,And shame on all of you!;
Phoebe,10817,disgust,You’re disgusting!;
Phoebe,10817,disgust,Especially you  with that!;
Phoebe,10818,joy,Hey!;
Rachel,10818,joy,Hi Pheebs!;
Phoebe,10818,neutral,Are you moving out?;
"Rachel,10818,neutral,""No, these aren't all my suitcases.  This one's Paolo's.""";
"Phoebe,10818,neutral,""Um, um, Rachel can we talk for a sec?""";
"Rachel,10818,neutral,""Well, sure...just a sec, though, 'cause Paolo's on his way over.""";
"Phoebe,10818,fear,""Oh!  Ok, um, ok, um,""";
"Rachel,10818,joy,""Oh, Pheebs, Pheebs...""";
"Phoebe,10818,neutral,""Ok, um,  we haven't known each other for that long a time, and, um, there are three things that you should know about me.""";
"Phoebe,10818,neutral,""One, my friends are the most important thing in my life, two, I never lie, and three, I make the best oatmeal raisin cookies in the world.""";
"Rachel,10818,surprise,""Ok, thanks Pheebs  Oh my God, why have I never tasted these before?!""";
"Phoebe,10818,neutral,""Oh, I don't make them a lot because I don't think it's fair to the other cookies""";
"Rachel,10818,surprise,""All right, well, you're right, these are the best oatmeal cookies I've ever had.""";
Phoebe,10818,neutral,Which proves that I never lie.;
Rachel,10818,neutral,I guess you don't.;
Phoebe,10818,sadness,Paolo made a pass at me.;
"Monica,10819,fear,""I’m so sorry. Please, stop freaking out.""";
Chandler,10819,neutral,I’m not freaking out.;
Chandler,10819,neutral,Why would I be freaking out?;
"Chandler,10819,neutral,""A woman named Heldi called and said we were getting married, but that happens everyday.""";
"Monica,10819,anger,""Honey, we were at this beautiful place, and I-I-I just put our names down for fun!""";
"Monica,10819,neutral,""I mean, what’s the harm in that?""";
Chandler,10819,sadness,Right here!;
"Monica,10819,anger,""Chandler, please don’t think I was trying to pressure you. Phoebe and Rachel""";
Chandler,10819,anger,Phoebe and Rachel!;
"Chandler,10819,sadness,""So the people that knew about our wedding before me were you, Phoebe and Rachel, Heldi, and apparently some band called Starlight Magic 7 who are available by the way!""";
"Monica,10819,sadness,""It was a mistake. Please don’t take this to mean anything, because it doesn’t.""";
Chandler,10819,neutral,Okay.;
Monica,10819,joy,Really?;
"Chandler,10819,neutral,""Yes, if it really doesn’t mean anything, because you know that I’m just not ready""";
Monica,10819,neutral,I know! I know.;
Chandler,10819,neutral,Okay.;
Monica,10819,anger,I’m gonna go tell Joey that  that you’re back. I was really worried about you.;
"Phoebe,10819,neutral,""Hey, did she buy it?""";
Chandler,10819,neutral,Totally.;
Phoebe,10819,neutral,So did Heldi show you the place?;
"Chandler,10819,neutral,""Yeah, it’s beautiful.""";
Phoebe,10819,joy,I can’t believe you’re gonna ask Monica to marry you!;
Chandler,10819,neutral,I know.;
"Rachel,10820,neutral,""Okay look, I have an idea.""";
"Rachel,10820,neutral,""Why don’t we, why don’t we see what kind of number he has on his speed dial, and then from that we can tell who has more in common with him.""";
Rachel,10820,neutral,And then whoever does gets the phone.;
"Rachel,10820,neutral,""All right, first name on the speed dial is mom.""";
"Phoebe,10820,sadness,""Ohh, I lost my mom to suicide.""";
"Rachel,10820,sadness,""Okay no way, you cannot use that to get the cute guy and the last blueberry muffin.""";
Phoebe,10820,sadness,Did I use that already today? I’m sorry.;
Rachel,10820,neutral,Joe.;
"Rachel,10820,joy,""Oh, I win! He’s got""";
Phoebe,10820,neutral,So you don’t know that’s;
Rachel,10820,surprise,His new girlfriend!;
Monica,10821,surprise,I can’t believe this. Do you think that your parents could help pay for it?;
"Chandler,10821,sadness,""I don’t know, my mother spent most of her money on her fourth wedding.""";
Chandler,10821,anger,She’s saving the rest for her divorce.;
Chandler,10821,neutral,And any extra cash my father has he saves for his yearly trips to;
Rachel,10821,neutral,Well what happened at dinner?;
Monica,10821,anger,My parents spent the money for our wedding!;
Phoebe,10821,surprise,My God! What did you order?!;
"Rachel,10821,sadness,""Wait, but there’s no money! Well this is terrible! You guys are gonna have to get married in like a, rec. center!""";
"Chandler,10821,neutral,""Honey, it’s gonna be okay.""";
Monica,10821,sadness,No! No it’s not! It’s not gonna be okay! It sucks! No swing band! No lilies!;
"Rachel,10821,neutral,""No, y’know what?""";
Rachel,10821,neutral,It’s gonna be okay.;
Rachel,10821,neutral,I mean you don’t have to have this rustic Italian feast.;
Rachel,10821,neutral,Y’know?;
"Rachel,10821,neutral,""And-and you don’t need, you don’t need this custom-made, empire-waisted, duchess, satin gown";" you can wear off the rack."""
"Older Scientist,10822,neutral,""Dr. Geller, there’s a seat over here.""";
"Ross,10822,neutral,""Thank you, Dr. Phillips, but I’m having my lunch at this table, here in the middle.""";
"Ross,10822,neutral,""I’m having lunch right here, with my good friend Joey, if he’ll sit with me.""";
Joey,10822,neutral,I will sit with you Dr. Geller.;
"Ross,10822,neutral,""Y'know, we work in a museum of natural history, and yet there is something unnatural about the way we eat lunch.""";
"Ross,10822,sadness,""Now, I look around this cafeteria, and y’know what I see, I see-I see division.""";
"Ross,10822,fear,""Division, between people in white coats and people in blue blazers, and I ask myself, """"My God why?!""""""";
"Ross,10822,neutral,""Now, I say we shed these-these coats that separate us, and we get to know the people underneath.""";
Ross,10822,joy,I’m Ross!;
"Ross,10822,joy,""I’m divorced, and I have a kid!""";
Joey,10822,joy,I’m Joey! I’m an actor! I don’t know squat about dinosaurs!;
"Another Tour Guide,10822,anger,""I’m Ted, and I just moved here a month ago, and New York really scares me.""";
"Ross,10822,joy,""All right, there you go!""";
"Joey,10822,anger,""Yeah, you hang in there Teddy!""";
"Older Scientist,10822,neutral,""I’m Andrew, and I didn’t pay for this pear.""";
"Ross,10822,joy,""Okay, good-good for you.""";
"Tour Guide,10822,neutral,""I’m Rhonda,  and these aren’t real!""";
"Ross,10822,surprise,""Wow, Rhonda.""";
Another Scientist,10822,neutral,I’m Scott.;
"Ross,10822,neutral,""Yeah, okay, Scott!""";
Another Scientist,10822,fear,And I need to flip the light switch on and off 17 times before I leave a room or my family will die.;
Doug,10823,neutral,So thanks for the warm welcome.;
"Doug,10823,joy,""It’s good to have you guys on my team, and I come to play.""";
Doug,10823,neutral,I hope you do too.;
"Doug,10823,joy,""Now, let’s go out there and get ‘em!""";
"Doug,10823,neutral,""And remember, there is no ‘I’ in team.""";
"Chandler,10823,joy,""Yes, but there’s two in martini, soo everybody""";
Doug,10823,neutral,You! Chuckles! What’s your name?;
"Chandler,10823,fear,""Oh it’s Bing, sir. I’m sorry , I was just ah...""";
"Doug,10823,neutral,""No-no, I heard what you said, funny.""";
Doug,10823,joy,I like funny.;
"Doug,10823,joy,""This team is about hard work, but it’s also about having fun.""";
Doug,10823,joy,Good to have you aboard Bing!;
Phoebe,10824,neutral,Yeah. You won't be able to take it.;
"Chandler,10824,neutral,""So uh, now that little Chandler turned out to be a girl, what are they gonna name her?""";
Phoebe,10824,neutral,They're gonna call her Chandler.;
"Chandler,10824,neutral,""That's kind of a masculine name, don't you think?""";
Phoebe,10824,neutral,Works on you.;
"Ross,10825,joy,""Oh, that is so sweet.""";
"Ross,10825,joy,""No, no, ok, you hang up.""";
"Ross,10825,joy,""Ok, ok, one, two, three.""";
Ross,10825,joy,Well you didn't hang up either.;
Rachel,10825,joy,She didn't hang up either...;
"Ross,10825,joy,""Ok, no, no, you hang up. You, you, y—""";
"Rachel,10826,neutral,""Ross, hi, it's Rachel.""";
"Rachel,10826,neutral,""I'm just calling to say that um, everything's fine and I'm really happy for you and your""";
"Ross,10826,neutral,""Rach, I got a message from you.""";
Rachel,10826,surprise,Oh my God.;
"Rachel,10826,sadness,""Oh my God Ross, no, hang up the phone, give me the phone Ross, give me the phone, give me the phone, give me the.""";
Ross,10826,surprise,You're over me?;
Rachel,10826,surprise,Ohhhhhhhh God.;
"Ross,10826,surprise,""Wha... you're uh, you're, you're over me?""";
"Rachel,10826,sadness,""Ohh, ohh.""";
"Ross,10826,surprise,""When, when were you... under me?""";
"Rachel,10826,neutral,""Well, basically, lately, I've uh, I've uh, sort of had feelings for you.""";
"Ross,10826,surprise,""OK, I need to lie down.""";
"Joey,10827,joy,""Hey! I'm in, they're gonna let me audition!""";
Ross,10827,joy,Really? That's great!;
"Joey,10827,joy,""I know! I know! It turns out that one of the casting ladies has actually seen me in a play, so I steered clear of her""";
Carol,10827,neutral,(noticing a kid who has picked up a copy of;
"Joey,10827,joy,""Oh yeah, yeah! He's done tons of commercials. I've seen him in like Sugar Smacks,""";
"Ross,10827,joy,""Yeah well, he's not gonna get this one.""";
Ross,10827,joy,Ben is way cuter than that kid.;
"Ross,10827,disgust,""I mean look at him, look at you,""";
"Joey,10827,neutral,""That's great. Listen, wouldn't it be great though if I got to play Ben's dad?""";
"Ross,10827,neutral,""Joey, you look nothing like Ben.""";
Joey,10827,anger,I look more like him than you do!;
"Carol,10827,joy,""Y'know, I don't really know you well enough for you to do that.""";
Monica,10828,joy,That really was some of your best work.;
"Chandler,10828,neutral,""Hm-hmm, I told you!  I can’t believe that I’ve only got two hours before I call in sick for work.""";
Monica,10828,neutral,I have to be up in seven minutes.;
"Chandler,10828,neutral,""Well, you’re not gonna believe this, but if you have seven minutes""";
Monica,10828,surprise,Really?!;
Chandler,10828,neutral,Do you wanna?;
Monica,10828,joy,Okay! You get the vacuum cleaner and I’ll get the furniture polish!;
Kristen,10829,neutral,Oh okay. But y’know what? Be careful. Because a guy who was helping me before had to leave because he hurt his back.;
Joey,10829,surprise,Boyfriend?;
Kristen,10829,neutral,No.;
Joey,10829,neutral,I’m Joey.;
Kristen,10829,neutral,Kristen.;
"Joey,10829,joy,""Oh wow, what a beautiful name!  What is it again?""";
Kristen,10829,neutral,Kristen.;
Joey,10829,neutral,Got it!  So;
"Kristen,10829,neutral,""So uh, do you live around here?""";
Joey,10829,neutral,Yeah!;
Joey,10829,joy,Yeah!;
Joey,10829,neutral,Right down there.;
Joey,10829,neutral,Hey listen.. let me give you a little tip.;
Joey,10829,joy,Do not take a nap on this stoop  or you can wake up with your shoes gone.;
Kristen,10829,neutral,I’ll remember that.;
"Joey,10829,neutral,""Okay. Yeah. Listen would you uh, would you like to have dinner with me tonight?""";
"Kristen,10829,neutral,""Oh I, I have plans tonight.""";
Kristen,10829,neutral,But how about tomorrow?;
"Joey,10829,joy,""Sounds great! Okay, alright, well where does this go?""";
"Kristen,10829,neutral,""You look strong, why don’t I take that and you grab one of the boxes.""";
"Joey,10829,neutral,""Okay. Yeah.  Yeah, I’ll grab this one.""";
Phoebe,10830,neutral,Hey.;
"Phoebe,10830,neutral,""Listen, um...""";
Phoebe,10830,sadness,I'm sorry.;
"Phoebe,10830,neutral,"": Yeah, um...  You know you, you should just forget about what I said under the bridge, I was talkin'""";
"Phoebe,10830,sadness,""That's right, I don't... But I was, I was drunk on you!""";
"Phoebe,10830,neutral,""Okay, yeah, so it's not gonna work.""";
"Phoebe,10830,neutral,""If it was, would you stop hanging out with her?""";
"Phoebe,10830,anger,""Um, then yes, it's 'cause of Phoebe! So, you know, it's either her or me.""";
"Phoebe,10830,sadness,""You know...  You're gonna be really, really hard to get over.""";
"Ross,10831,neutral,""By the way, the week before your wedding you may not see a lot of me.""";
"Phoebe,10831,anger,""Oh, hello liar.""";
"Ross,10831,sadness,""Look, I-I’m really sorry I let go of the bike.""";
Phoebe,10831,anger,I could’ve been killed I hope you know!;
"Ross,10831,sadness,""I know. I know. But, can we please try it again? Huh? I mean, you were""";
"Phoebe,10831,joy,""Well, I would love to but…the bike got stolen and the police have no suspects.""";
Ross,10831,neutral,Phoebe.;
Phoebe,10831,anger,What?!  What the hell?!;
"Ross,10831,anger,""All right, y’know what?""";
"Ross,10831,anger,""If you are not going to learn how to ride this bike then I’m sorry, I’m just gonna have to take it back.""";
Phoebe,10831,surprise,What?! Why?!;
"Ross,10831,anger,""Because! Because, it-it-it’s… It’d be like you having this guitar  and-and never playing it. Okay, this guitar""";
"Phoebe,10831,anger,""All right. If you care enough to make up that load of crap, okay.""";
Ross,10831,joy,Great! Great!  You’re making the bike very happy.;
Phoebe,10831,anger,Okay Ross!  Please don’t die!;
Mona,10832,fear,How could you have kept all of this from me?;
"Ross,10832,neutral,""I was going to tell you, but""";
Dr. Green,10832,anger,But what?! You figured you’d get what you wanted and then dump her like you dumped Rachel!;
Ross,10832,anger,Hey! I did not dump Rachel!  Nor are we still together.  Can I just…  Why don’t we just let the machine get that?;
Joey,10832,neutral,Hey Ross. It’s Joey. There’s a hooker over here and we thought maybe you’d know something about it.;
"Ross,10832,neutral,""No! No! No! No! No! I-I-I-I—I need to, I need to lie down.""";
Joey,10833,joy,Everything on your application looks really good—Ohh!;
"Joey,10833,anger,""Just one last question umm, are you and your friends gonna be over here all the time like partying and hanging out?""";
"The Potential Roommate,10833,neutral,""Oh don’t worry, I’m not really a party girl.""";
"Joey,10833,joy,""Whoa!! Now look, don’t be just blurtin’ stuff out. I want you to really think about your answers. Okay?""";
Chandler,10833,joy,You can call off the roommate search!  Hi! I’ll be living here.;
"Joey,10833,sadness,""Oh don’t listen to him, he’s just some guy who really wants the apartment, but I don’t think he’s gonna get it.""";
Chandler,10833,surprise,Why did you take the shower curtain down?;
Joey,10833,fear,That thing was a hazard!  I’m very safety conscious.;
Joey,10834,neutral,Hi.;
"Chandler,10834,neutral,""Hey man, how did the audition go?""";
Joey,10834,sadness,Estelle said I didn't get it.;
Rachel,10834,surprise,What?! Why? Joey you were so ready for it!;
"Joey,10834,joy,""Yeah, I thought so too but, she said the casting people had some problems with me.""";
Ross,10835,surprise,No!;
"Ross,10835,neutral,""For all I know, she’s trying to find me but couldn’t because I kept moving around.""";
"Ross,10835,neutral,""No, from now on, I’m staying in one place.""";
Ross,10835,neutral,Right here.;
"Monica,10835,neutral,""Well, it’s getting late.""";
"Chandler,10835,neutral,""Yeah, we’re gonna go.""";
"Ross,10835,neutral,""Actually, do you guys mind staying here for a while?""";
"Monica,10835,neutral,""Ugh, y’know, umm we gotta get up early and catch that plane for New York.""";
"Chandler,10835,neutral,""Yeah, it’s a very large plane.""";
Ross,10835,neutral,That’s cool.;
"Chandler,10835,neutral,""But, we’ll stay here with you.""";
"Ross,10835,joy,""Thanks guys!  I really appreciate this, y’know, but you don’t have to rub my butt.""";
"Phoebe,10836,surprise,""Hey, Mel Gibson and Clint Eastwood.""";
Ross,10836,surprise,They’re not a couple!;
"Phoebe,10836,neutral,""Oh-okay, I get the game now.""";
"Joey,10836,neutral,""Okay look, look, let me ask you a question, when they were doing it on stage, was it like really hot?""";
Ross,10836,joy,Oh yeah!;
"Joey,10836,neutral,""Well okay, so then you’re fine.""";
Joey,10836,neutral,The rule is when two actors are actually doing it off-stage all the sexual tension between them is gone.;
Joey,10836,neutral,Okay?;
Joey,10836,neutral,So as long as it’s hot onstage you got nothing to worry about.;
"Joey,10836,neutral,""It’s when the heat goes away, that’s when you’re in trouble.""";
Chandler,10836,surprise,Really?;
"Joey,10836,neutral,""Look, you guys have been to every play I’ve ever been in, have I ever had chemistry on stage?""";
Ross,10836,neutral,No.;
Joey,10836,neutral,Noooo!!;
"Phoebe,10837,surprise,""Ursula!  Wait! Err-err, it’s me! Phoebe!""";
"Ursula,10837,neutral,""Oh, I thought there was a mirror there. Okay, bye-bye.""";
"Phoebe,10837,surprise,""Wait a second! So, what’s new with you?""";
"Ursula,10837,neutral,""Umm, nothing. I mean, I’m getting married next week.""";
Jim,10838,surprise,And your breasts! Hmm!!!;
Phoebe,10838,neutral,Okay.;
"Phoebe,10838,fear,""Umm look, you’re coming on a little strong.""";
"Phoebe,10838,neutral,""But I’m going to give you the benefit of the doubt, because it seems the universe really wants to be together.""";
"Phoebe,10838,neutral,""So, why don’t we just start over okay?""";
Phoebe,10838,neutral,And you can just tell me about yourself.;
Jim,10838,neutral,All right.;
Phoebe,10838,neutral,Okay.;
"Jim,10838,neutral,""I write erotic novels, for children.""";
Phoebe,10838,surprise,What?!;
Jim,10838,neutral,They’re wildly unpopular.;
Phoebe,10838,disgust,Oh my God!;
"Jim,10838,neutral,""Oh also, you might be interested to know that I have a Ph.D.""";
Phoebe,10838,surprise,Wow! You do?;
"Jim,10838,joy,""Yeah,  a Pretty Huge""";
Phoebe,10838,disgust,All right.;
"Ross,10839,sadness,""So, uh, how's she doing?""";
Aunt Lillian,10839,sadness,The doctor says it's a matter of hours.;
"Monica,10839,sadness,""How-how are you, Mom?""";
"Mrs. Geller,10839,anger,""Me? I'm fine, fine. I'm glad you're here. ...What's with your hair?""";
Monica,10839,surprise,What?;
Mrs. Geller,10839,surprise,What's different?;
Monica,10839,neutral,Nothing.;
"Mrs. Geller,10839,neutral,""Oh, maybe that's it.""";
"Monica,10839,anger,""She is unbelievable, our mother is...""";
"Ross,10839,neutral,""Okay, relax, relax.""";
"Ross,10839,neutral,""We are gonna be here for a while, it looks like, and we still have boyfriends and your career to cover.""";
Monica,10839,surprise,Oh God!;
Monica,10839,neutral,The fuzzy little mints at the bottom of her purse.;
Ross,10839,surprise,Oh!;
"Ross,10839,disgust,""...Yeah, they were gross.""";
"Ross,10839,joy,""Oh, you know what I loved?""";
Ross,10839,joy,Her Sweet 'n' Los.;
Ross,10839,joy,How she was always stealing them from- from restaurants.;
"Mr. Geller,10839,neutral,""Not just restaurants, from our house.""";
Rachel,10840,neutral,Maybe.;
Monica,10840,surprise,You can't!;
Rachel,10840,surprise,Why?  Seriously I did not understand a word that    you said.;
Monica,10840,neutral,In the hall.;
"Ronni,10841,neutral,""Now, y'see, most people, when their pets pass on, they want 'em sorta laid out like they're sleeping.""";
Ronni,10841,neutral,But occasionally you get your person who wants them in a pose.;
"Ronni,10841,neutral,""Like, chasing their tail,  or, uh, jumping to catch a frisbee.""";
"Chandler,10841,neutral,""Joey, if I go first, I wanna be looking for my keys.""";
Ronni,10841,joy,That's a good one!;
"Mr. Tribbiani,10841,neutral,""Hey, Joe.""";
"Joey,10841,neutral,""Dad, Ronni's here.""";
Mr. Tribbiani,10841,surprise,Huh?;
"Rachel,10842,neutral,""So now, these are all the tuxedos that we make and if there’s anything that you like, we can make you a deal.""";
Rachel,10842,neutral,Anything at all.;
Rachel,10842,neutral,But these are the three that Monica pre-approved.;
"Chandler,10842,joy,""Well, thanks a lot for hookin’ me up Rach. I want you to know that I want you to attend our wedding as my guest.""";
Rachel,10842,anger,I’m Monica’s maid of honor. Okay? Don’t try to blue pin me!;
"Ross,10843,neutral,""Oh here, I think this is us.  Yeah.""";
Monica,10843,anger,Limited seating my ass. Let’s see who made the cut.  Hi!;
Monica,10843,neutral,I’m Monica Gellar. Who do you know the bride and groom?;
Monica,10843,anger,Used to work with her. Used to! I’m a relative and I didn’t get invited! A;
"Ross,10843,sadness,""Stop saying, """"Blood"""" to strangers.""";
"Monica,10843,joy,""So, how about you huh? How do you know the happy couple?""";
"Monica,10843,neutral,""Okay, you’re fine.""";
"Emily,10844,surprise,""Monica, why have you brought me here of all places?!""";
Monica,10844,neutral,You’ll see.;
"Emily,10844,joy,""I tell you, this wedding is not going to happen.""";
"Ross,10844,neutral,""Okay? But-but imagine a lot more lights, okay? And-and y’know fewer bricks, and-and-and flowers, and candles""";
"Monica,10844,neutral,""And the musicians, look, they can go over here , okay? And the chairs can face this way , and…  You go.""";
"Ross,10844,neutral,""But-but, if you don’t love this, we’ll do it in any other place at any other time.""";
"Ross,10844,neutral,""Really, it’s fine, whatever you want.""";
Emily,10844,joy,It’s perfect.;
"Ross,10844,joy,""And, I don’t know, if it starts to rain""";
Emily,10844,anger,Well then we’ll get wet.;
Monica,10844,sadness,Ohh. And I don’t even have a date.;
Rachel,10845,neutral,Coming.;
Ross,10845,anger,I have a bone to pick with you.;
Rachel,10845,fear,Uh-oh.;
Ross,10845,anger,Yes! Ben learned a little trick.;
Rachel,10845,surprise,Oh yeah? Did he pull the old;
Ross,10845,joy,That’s right! That’s right!;
Rachel,10845,neutral,Oh that.;
Ross,10845,anger,Yeah that! You know I hate practical jokes! They’re mean and they’re stupid and-and I don’t want my son learning them!;
Cecilia,10846,anger,Y’know what? It doesn’t matter! Because it is not true!;
Joey,10846,neutral,Okay.;
"Cecilia,10846,neutral,""And if it were true, how""";
Joey,10846,neutral,Ms. Monroe…  Oh there you go.;
Joey,10847,surprise,Mark's a genius!;
Ross,10847,surprise,Why?! How?! How is he a genius?;
"Chandler,10847,anger,""Look, don't you see what's happening here.""";
"Chandler,10847,anger,""Instead of hitting on her right away, he's becoming her confidant.""";
Chandler,10847,neutral,Now he's gonna be the guy she goes too to complain about you.;
Ross,10847,fear,What am I going to do?;
"Chandler,10847,neutral,""Well, why don't you send her a musical bug, op, no you already did that.""";
"Chandler,10847,neutral,""All right look, you're going to have to go there yourself now, okay, make a few surprise visits.""";
Ross,10847,fear,I don't know you guys.;
"Chandler,10847,disgust,""All right fine, don't do anything, just sit here and talk to us, meanwhile she is talking to him about you.""";
"Chandler,10847,disgust,""And he's being Mr. Joe Sensitive, and she starts thinking 'Maybe this is the guy for me, because he understands me.'""";
"Joey,10847,anger,""And before you know it, she's with him.""";
"Joey,10847,anger,""And you'll be all, 'Ohh, man!'""";
"Joey,10847,anger,""And he'll be all, 'Yes!'""";
"Joey,10847,joy,""And us, we'll be like, 'Wh-whoa, dude.'""";
"Joey,10847,disgust,""And pretty soon you'll be like,  'Hhiii,' and, and, and, 'I can't go, Rachel and Mark might be there.'""";
"Joey,10847,disgust,""And we'll be like, 'Man get over it, it's been four years!!'""";
Chandler,10847,neutral,He paints quite a picture doesn't he?;
"Joey,10848,neutral,""This is what I’ve got going for the party so far, liquor wise. Get a lot of liquor.""";
Ross,10848,neutral,Great. Great.;
"Joey,10848,neutral,""Okay, now uh, in terms of the invite list, I’ve got you, me, and Chandler and I’m gonna invite Gunther ‘cause, well, we’ve been talking about this pretty loud.""";
Gunther,10848,neutral,I’ll be there.;
"Joey,10848,neutral,""Listen, I know this is your party, but I’d really like to the number of museum geeks that are gonna be there.""";
"Ross,10848,neutral,""Yeah. Tell ya what, let’s not invite any of the anthropologists, only the dinosaur dudes!""";
Joey,10848,neutral,Okay! We’ll need a six-pack of;
"Chandler,10848,neutral,""Hey guys, what are you doing?""";
"Chandler,10849,neutral,""Hey, y’know what, if you’re gonna do that, if you’re gonna name him Joey, you should name him Chandler.""";
"Chandler,10849,sadness,""Oh, come on!""";
"Chandler,10849,neutral,""Chandler’s funny, sophisticated, and he’s very loveable, once you get to know him.""";
"Joey,10849,neutral,""Oh well, hey, Joey’s loveable too! But the thing about Joey is, if you need him, he’ll be there.""";
"Chandler,10849,neutral,""Well, Chandler will be there for you too.""";
"Chandler,10849,neutral,""I mean, well, he might be a little late, but-but, he’ll be there.""";
"Chandler,10849,neutral,""And he’ll bring you some cold soda, if want you need him for is that you’re really hot.""";
Joey,10849,neutral,What do ya say? What do ya say?;
"Phoebe,10849,neutral,""Well, I, I like the idea of naming him after someone I love, and Joey and Chandler are great names.""";
"Phoebe,10849,neutral,""But, all right, I don’t—maybe I’ll just name him The Hulk.""";
Joey,10849,sadness,I knew I shouldn’t have mentioned it! That’s what I wanted to name my kid!;
"Mrs. Geller,10850,sadness,""What that Rachel did to her life.... We ran into her parents at the club, they were not playing very well.""";
Mr. Geller,10850,surprise,I'm not gonna tell you what they spent on that wedding... but forty thousand dollars is a lot of money!;
"Mrs. Geller,10850,joy,""Well, at least she had the chance to leave a man at the altar...""";
Monica,10850,surprise,What's that supposed to mean?;
Mrs. Geller,10850,neutral,Nothing! It's an expression.;
Monica,10850,neutral,No it's not.;
Mr. Geller,10850,neutral,Don't listen to your mother.;
"Mr. Geller,10850,neutral,""You're independent, and you always have been!""";
"Mr. Geller,10850,neutral,""Even when you were a kid... and you were chubby, and you had no friends, you were just fine!""";
"Mr. Geller,10850,neutral,""And you would read alone in your room, and your puzzles...""";
Joey,10851,neutral,PBS Telethon.;
Phoebe,10851,neutral,Hi Joey.;
Joey,10851,joy,Hey Pheebs!;
Phoebe,10851,neutral,I;
"Joey,10851,surprise,""$200? Are you sure Pheebs? I mean, after what""";
"Phoebe,10851,anger,""Oh, I'm still mad at them but I also now that they bring happiness to lots of kids who's moms didn't kill themselves, so by supporting them, I'm doing a good thing, but I'm not""";
Ross,10852,surprise,What kind of problem?;
"Joey,10852,sadness,""Well to tell you the truth, they uh,  they had a problem with the bag!""";
Chandler,10852,surprise,Oh my God!;
Joey,10852,sadness,Y'know what? It was a stupid play anyway!;
"Monica,10852,sadness,""Y'know, Joey, I think it's time to give up the bag.""";
Joey,10852,sadness,I don't wanna give up the bag.;
Joey,10852,anger,I don't have to give up the bag!;
Joey,10852,sadness,Do I Rach?;
"Joey,10852,anger,""Oh, you think I should give up the bag!""";
"Rachel,10852,neutral,""Honey wait, Joey, I’m sorry I mean as terrific as I think you are with it""";
Rachel,10852,sadness,I just don't know if the world is ready for you and your bag.;
Joey,10852,sadness,I can't believe I'm hearing this!;
Rachel,10852,sadness,Wait a minute!;
Rachel,10852,anger,Wait a minute!;
"Rachel,10852,neutral,""I'm not saying that you shouldn’t have a bag, I just—it's just there are other bags that are a little less umm,  controversial.""";
"Chandler,10852,neutral,""Yeah umm, they're called wallets.""";
Hotel Clerk,10853,neutral,I think you'll find this room more to your liking.;
"Chandler,10853,joy,""Okay, great.""";
Hotel Clerk,10853,neutral,They say he's only got half a tank left.;
Chandler,10853,surprise,Half a tank? We still got a lot of high-speed chasing to do!;
Monica,10853,anger,We're switching rooms again.;
Chandler,10853,surprise,What? Why?;
"Monica,10853,anger,""This is a garden view room, and we paid for an ocean view room.""";
Hotel Clerk,10853,joy,Our last ocean view room was unacceptable to you.;
"Monica,10853,anger,""Excuse me, umm, can I talk to you over here for just a second?""";
Chandler,10853,neutral,Uh-huh.;
Monica,10853,neutral,Chandler!;
Chandler,10854,anger,Are you kidding me?! Joey. Joey! Joey! Joey! Joey! Joey! Joey! Joey! Joey! Joey!!;
Joey,10854,anger,Joey. Joey. Joey. Joey! Joey!!;
"Chandler,10854,surprise,""Oh. Oh, did-did-did I wake you?""";
Phoebe,10855,joy,Hey!;
"David,10855,surprise,""Hey! Oh, I was just about to leave. I-I-I-I didn’t think you were coming.""";
"Phoebe,10855,joy,""Oh, I wouldn’t miss this.""";
"David,10855,joy,""Well, I’m very glad you’re here.""";
"Phoebe,10855,joy,""Oh, you’re such a gentleman.  Come on! We’re going to my place!""";
Joey,10856,joy,Hey!;
Monica,10856,neutral,Hey-hey.;
Joey,10856,neutral,So are guys doing okay?;
"Chandler,10856,neutral,""Yeah, we talked and Monica made me see that I over reacted a little bit and some things in life are more important.""";
Tag,10857,neutral,Do you have a minute?;
"Rachel,10857,neutral,""Well yeah, sure, what’s up?""";
Tag,10857,neutral,I got asked out twice today when I was at lunch…by guys.;
Rachel,10858,surprise,Oh really?!;
Tag,10858,neutral,Yeah. Did you tell someone that I was gay?;
"Rachel,10858,joy,""Oh, did you not want people to know that?""";
Tag,10859,joy,But I’m not gay. And I especially wouldn’t want you to think I was gay.;
Rachel,10860,neutral,Why’s that?;
Tag,10861,neutral,I don’t think I should say.;
"Rachel,10861,neutral,""Ohh, you can say. Come on, I don’t want you to feel like you can’t tell me things.""";
Tag,10861,neutral,Okay.;
Rachel,10861,neutral,‘Kay.;
Tag,10861,neutral,Well;
Rachel,10861,neutral,Yeah.;
Tag,10861,neutral,I’d love to ask out your friend Phoebe.;
"Rachel,10861,neutral,""Yeah, she’s gay.""";
Casey,10862,neutral,Here you go.;
"Joey,10862,joy,""Great! All right, so I’ll call you later.""";
Casey,10862,joy,Great!;
Chandler,10862,surprise,Hey-Hey-Hey! Who was that?;
Joey,10862,neutral,That would be Casey. We’re going out tonight.;
"Chandler,10862,surprise,""Goin’ out, huh? Wow! Wow!  So things didn’t work out with Kathy, huh? Bummer.""";
"Joey,10862,neutral,""No, things are fine with Kathy. I’m having a late dinner with her tonight, right after my early dinner with Casey.""";
Chandler,10862,surprise,What?;
Joey,10862,anger,Yeah-yeah. And the craziest thing is that I just ate a whole pizza by myself!;
Chandler,10862,surprise,Wait! You’re going out with Kathy!;
Joey,10862,surprise,Yeah. Why are you getting so upset?;
"Chandler,10862,disgust,""Well, I’m upset—for you. I mean, having sex with an endless line of beautiful women must be very unfulfilling for you.""";
Joey,10862,sadness,What is the big deal? It’s not like we’re exclusive.;
"Chandler,10862,anger,""Look, Joey, Kathy is clearly not fulfilling your emotional needs.""";
"Chandler,10862,neutral,""But Casey, I mean granted I only saw the back of her head, but I got this sense that she’s-she’s smart, and funny, and gets you.""";
Joey,10862,surprise,You got all that from the back of her head?;
"Chandler,10862,neutral,""All right look, I think it’s time for you to settle down. Y'know? Make a choice, pick a lane.""";
Joey,10862,neutral,Who’s Elaine?;
Chandler,10863,joy,Can you people not see me?!;
"Rachel,10863,neutral,""So, will you talk to him?""";
Joey,10863,neutral,I don’t know Rach.;
"Rachel,10863,anger,""Oh, come on! I’ll give you ten free""";
Joey,10863,anger,One!  No ten! You said ten! You can’t take that back!;
Rachel,10864,joy,Hey!;
Chandler,10864,joy,Hi!;
"Chandler,10864,neutral,""Listen, can we watch cartoons on your television?""";
Chandler,10864,neutral,We need a porn break.;
"Chandler,10864,neutral,""We spent the last two hours watching In & Out & In, Again.""";
"Rachel,10864,joy,""Well, so, why don’t you just turn it off?""";
Chandler,10864,neutral,Because then we would be the guys who turned off free porn.;
"Phoebe,10864,joy,""Ooh, good, you’re hear! Okay.""";
Monica,10864,joy,Hey!;
Phoebe,10864,joy,Hi!;
"Rachel,10864,joy,""Well, what-what ‘cha got there?""";
"Phoebe,10864,joy,""Oh this, well I’m glad you asked.""";
"Phoebe,10864,disgust,""Now, don’t you hate it when you have to cut a tin can with an ordinary steak knife?""";
Phoebe,10864,neutral,Ahh!;
"Phoebe,10864,neutral,""Now, I know what you’re thinking""";
Chandler,10864,fear,Pregnant Woman Slays Four?;
"Monica,10864,surprise,""Phoebe, they didn’t make you pay for those knives, did they?""";
Phoebe,10864,joy,No!;
"Rachel,10864,neutral,""Honey, you’re not gonna make enough money to help Frank and Alice just by selling knives.""";
"Phoebe,10864,neutral,""No-no, I know that, but I just have to make enough money for the second part of my plan.""";
Chandler,10864,neutral,What’s the second part of your plan?;
Ross,10865,neutral,Yes that’s right.;
The Instructor,10865,surprise,Why?;
"Ross,10865,neutral,""I tired attacking two women, did not work.""";
The Instructor,10865,surprise,What?!;
"Ross,10865,neutral,""No, I mean it’s okay, I mean, they’re-they’re my friends.""";
"Ross,10865,anger,""In fact, I-I-I was married to one of them.""";
"The Instructor,10865,anger,""Let me get this straight man, you attacked your ex-wife?!""";
"Ross,10865,surprise,""Oh, no!""";
Ross,10865,surprise,No-no!;
"Ross,10865,surprise,""No, I tired!""";
Ross,10865,neutral,But I couldn’t.;
Ross,10865,anger,That’s why I’m here.;
Ross,10865,neutral,Maybe we could attack them together?;
Ross,10865,neutral,That-that’s a no.;
"Ross,10866,sadness,""What? No! No, I’m not stopping. I’m Red Ross!""";
"Joey,10866,anger,""Dude, if you go back out there, you’re gonna be Dead Ross!""";
Ross,10866,anger,I don’t care! I am not quitting! I insist on finishing this game!;
"Emily,10866,anger,""All right, all right, if you insist on doing this, at least let me help you.""";
"Ross,10866,neutral,""No, God no! That is no place for a woman. Those guys will grab anything.""";
Emily,10866,neutral,No. That’s not what I’m saying. I just may know a few things that might help you inflict some pain.;
Ross,10866,joy,I like that.;
"Emily,10866,neutral,""Yeah? Listen closely, Devon has got a weak ankle.""";
Ross,10866,neutral,Huh?;
Emily,10866,neutral,One swift kick and he’ll back off.;
"Ross,10866,neutral,""All right, bad ankle, got it!""";
"Emily,10866,neutral,""And that big bloke with the beard, he has got a trick hip.""";
Emily,10866,neutral,Yeah.;
"Emily,10866,neutral,""And uh, and David over there, I heard he doesn’t wear a cup.""";
"Ross,10866,joy,""Yeah? I can use that, trick hip, no cup, okay! Okay!""";
"Emily,10866,neutral,""And uh, Liam, Liam’s got bad knees. You hit him right and he’ll go down like a lamp.""";
"Ross,10866,joy,""But-but, Liam’s on my team.""";
Emily,10866,anger,I don’t care! You just get him!;
"Ross,10866,joy,""I’m gonna go get him! Okay, I am going back in!""";
Joey,10866,joy,The Red Ross! Okay.;
Rachel,10867,neutral,Oh!  Oh by the way?;
Phoebe,10867,neutral,Uh-hmm.;
Rachel,10867,neutral,James Brolin?;
"Phoebe,10867,neutral,""Oh, I know. I could only think of two names, him and Ed Begley Jr. and then I remembered he’s gay.""";
Rachel,10867,neutral,Ed Begley Jr. is not gay.;
Phoebe,10867,surprise,Really?!;
Rachel,10868,neutral,Hello?;
"Russell,10868,neutral,""Hello, is Ross there?""";
"Rachel,10868,neutral,""Uh no, he’s not. Can I take a message?""";
"Russell,10868,neutral,""Yes, this Russell, Ross’s divorce lawyer, just tell him that since I haven’t heard from him, I assume he’s decided to give the marriage a try.""";
Rachel,10868,surprise,Ross got married again—Nooooooo!!!!!!!!!;
"Rachel,10869,joy,""Oh-oh! Okay, she’s kicking!""";
Chandler,10869,neutral,Oh!  She’s growing inside you.;
Rachel,10869,surprise,Whoa!!;
Chandler,10869,surprise,Oh!;
Rachel,10869,surprise,Wow that was a big one.;
Chandler,10869,joy,I think that’s the youngest girl ever to reject me.;
Phoebe,10869,joy,Oh hey you guys!;
"Joey,10870,neutral,""Sure, I can hang out ‘til I have to meet ya.  What uh—How come you’re not going?""";
Chandler,10870,neutral,I have a job interview I have to get ready for.;
Joey,10870,neutral,I thought you already have a job.;
Chandler,10870,neutral,And people say you don’t pay attention.;
"Chandler,10870,neutral,""No, this is a much better job.""";
Chandler,10870,neutral,It’s vice-president of a company that does data reconfiguration and statistical factoring for other companies.;
Joey,10870,surprise,Wow! How do you know how to do that?!;
Chandler,10870,neutral,That’s what I do now.;
"Monica,10870,neutral,""Hey Joey, come taste this.""";
Joey,10870,neutral,What is it?;
Monica,10870,anger,Remember that guy that gave me a bad review? Well…  I’m getting my revenge!;
Joey,10870,surprise,You cooked him?;
Monica,10870,neutral,No.;
"Monica,10870,neutral,""He teaches a course on food criticism at the New School, so before we go to the movies I wanna go by there and make him try my bouillabaisse again.""";
"Monica,10870,joy,""Oh, I cannot wait to read the front page of the Post tomorrow!""";
"Monica,10870,joy,""""""Restaurant reviewer admits: I was wrong about Monica.""""""";
"Chandler,10870,sadness,""The front page? You really do live in your own little world, don’t ya?""";
"Joey,10871,neutral,""So, did you uh, find anyone to marry you guys yet?""";
"Chandler,10871,disgust,""No, but Horny for Monica Minister called, wanting to know if we were still together.""";
Monica,10871,sadness,We’re never gonna find anybody.;
Joey,10871,joy,Well then let me do it!;
Chandler,10871,joy,Joe;
Joey,10871,neutral,No-no-no!;
"Joey,10871,neutral,""Look, I’ve been thinking about it.""";
Joey,10871,neutral,I’m an actor right?;
Joey,10871,neutral,So I won’t get nervous talking in front of people.;
"Joey,10871,anger,""I won’t spit, and I won’t stare at Monica’s breasts!""";
Joey,10871,joy,Everyone knows I’m an ass man!;
Monica,10871,neutral,That is true.;
"Joey,10871,joy,""Yeah and the most important thing is that it won’t be some like, stranger up there who barely knows you.""";
Joey,10871,joy,It’ll be me!;
Joey,10871,joy,And I swear I’ll do a really good job.;
"Joey,10871,joy,""Plus, y’know I love you guys and-and it would really mean a lot to me.""";
Monica,10871,joy,It might be kinda cool.;
Joey,10871,joy,So I can do it?;
Phoebe,10872,joy,Ah-ha! Too cocky!;
Joey,10873,fear,I still can’t believe they took away my key. You trust me with yours.;
Phoebe,10873,neutral,Of course I do! And I’m gonna give it back to you as soon as they’re done with it at the key shining place.;
Joey,10873,anger,What the hell is that?;
"Joey,10873,surprise,""Whoa! Whoa! Whoa! Treeger, what are you doing?""";
Mr. Treeger,10873,neutral,You said there was a gas leak in here.;
Phoebe,10873,neutral,Well why don’t you use your key?;
"Mr. Treeger,10873,neutral,""Because by the time I find it on this thing , the whole place might have exploded.""";
"Mr. Treeger,10873,neutral,""If that happens at another building that I manage, people are gonna start asking questions.""";
Mr. Treeger,10873,anger,Come on!;
Mr. Treeger,10873,sadness,Hurry up.;
Phoebe,10873,neutral,Oh! We could have done that.;
"Chandler,10874,neutral,""Luckily, the guy she settled for can’t hear what you’re talking about.""";
"Phoebe,10874,sadness,""Oh, I’m so sorry.""";
"Phoebe,10874,sadness,""Um, and maybe I’m wrong!""";
"Phoebe,10874,neutral,""I but—y’know I’m gonna go out with him again, I’ll find out more.""";
Chandler,10874,surprise,You believe that this guy is destined for someone else and you’re still gonna date him?;
"Phoebe,10874,neutral,""Well, he may not be my soul mate, but a girl’s gotta eat.""";
"Monica,10875,anger,""Oh, but it’s made her so happy.""";
Ross,10875,neutral,Little girl misses her cat.;
Ross,10875,sadness,Crazy lady thinks her mother is in a cat.;
"Ross,10875,neutral,""Okay, y'know what, I have to go have dinner with my son, can I trust that when you see Phoebe, you will tell her.""";
All,10875,neutral,Yeah.;
Ross,10875,neutral,Thank you.;
Rachel,10875,neutral,I;
"Monica,10875,joy,""He is right, isn’t he?""";
"Chandler,10875,neutral,""Y'know what, I think this might be one of the times he’s wrong.""";
All,10875,surprise,You think?;
"Chandler,10875,neutral,""Oh-no, he’s right.""";
Joey,10876,joy,Seven hundred bucks!;
"Chandler,10876,joy,""Alright, you did it! Do we have any fruit?""";
"Joey,10876,joy,""Man, hell of a two weeks, huh? Y'know what, though? I really feel like I learned something.""";
"Chandler,10876,neutral,""Really? So, you're gonna stick with this 'it's all for her' thing?""";
"Joey,10876,disgust,""What, are you crazy? When a blind man gets his sight back, does he walk around like this?""";
Phoebe,10877,neutral,Oh.;
Monica,10877,neutral,Y'know those are a delicacy in India.;
Phoebe,10878,neutral,Me too.;
"Phoebe,10878,neutral,""Although this city is my home, so.""";
"Phoebe,10878,neutral,""So that’s dumb what I said, don’t tell him I said that.""";
"Phoebe,10878,neutral,""Umm, you make something up.""";
"Phoebe,10878,joy,""Nice,  thank you.""";
Phoebe,10878,neutral,This is me.;
Phoebe,10878,neutral,Here.;
Mischa,10878,joy,Your eyes are very pretty.;
"Phoebe,10878,joy,""Thank you, very much! Oh!  Thank you!""";
Mischa,10878,neutral,He would like to kiss you.;
"Phoebe,10878,neutral,""Okay, y'know what, you don’t have to do that now.""";
Phoebe,10878,joy,No-no-no-no!!;
"Phoebe,10878,surprise,""Not him, you don’t!""";
Phoebe,10878,neutral,Well the moment’s over.;
Phoebe,10878,neutral,Oh.;
Mischa,10878,neutral,Oy!;
"Chandler,10879,anger,""Hey! Hold on a minute, hold on a second. Do you think these pearls are nice?""";
Joey,10879,neutral,I’d really prefer a mountain bike.;
"Chandler,10879,neutral,""Janice’s birthday is coming up, I want to get her something speacial. Come in here with me.""";
"Joey,10879,surprise,""Whoa, whoa, whoa, wait, whoa.""";
"Joey,10879,anger,""Do you ah, want to get her something speacial, get her flowers, get her candy, get her gum, girls love gum.""";
"Chandler,10879,disgust,""That’s a good idea, ‘Dear Janice have a Hubba-Bubba birthday’. I would like to get her something serious.""";
"Joey,10879,neutral,""Oh, you want something serious.""";
"Joey,10879,neutral,""Y'know what you should do, you should get her one of those um, barium enemas.""";
Joey,10879,neutral,Those are dead serious.;
"Chandler,10879,anger,""All right. Look, I’m gonna go in here, and you don’t buy me anything ever.""";
"Joey,10879,fear,""No, no, you can’t, you can’t, okay, you can’t, you can’t buy her pearls, you just can’t, you can’t, you can’t.""";
Chandler,10879,surprise,Why not?!;
"Joey,10879,neutral,""Oh God. Uh, okay, here’s the thing, this is the thing, okay, the thing is...""";
Chandler,10879,sadness,What is the thing?;
"Joey,10879,sadness,""Okay. I went down to the ‘Mattress King’ showroom and, and I saw Janice, kissing her ex-husband.""";
Chandler,10879,surprise,What?;
Joey,10879,neutral,They were in his office.;
"Chandler,10879,sadness,""Well she, she wouldn’t do that, she’s with, she’s with me.""";
Rachel,10880,anger,I’m telling you it’s like watching Bambi learn how to walk.;
Ross,10880,surprise,You’re drunk! Mom and dad are gonna be maaaaadd! Maybe I’m a little drunk.;
Joey,10880,joy,Hey! Are those crab cakes?  Did I not tell ya to come straight to me when more crab cakes were ready?;
Chandler,10880,neutral,How are you feeling?;
Monica,10880,neutral,You are;
Ross,10880,anger,I really wish that you wouldn’t.;
"Chandler,10880,neutral,""Now all you have to do is just get through a little bit more, okay?""";
"Chandler,10880,neutral,""Then we can put you in bed, okay?""";
Chandler,10880,neutral,Just smile and don’t talk to;
Phoebe,10880,joy,Speech! Speech! Let’s hear from the birthday girl! Huh?;
Chandler,10880,joy,Pheebs!!;
Phoebe,10880,joy,Don’t you see? Everyone’s looking at me! The plan’s working! I didn’t even have to take off my top yet!;
Mrs. Geller,10880,joy,Speech! Come on Monica!;
Ross,10880,joy,Come on!;
All,10880,joy,Come on! Speech!;
"Mr. Geller,10880,anger,""Hey Chandler, you can’t keep your hands off her for one second!""";
"Mrs. Geller,10880,joy,""Oh-ho, I think it’s nice.""";
Rachel,10881,neutral,Well you have to because maybe it’s stupid.;
Chandler,10881,joy,Well it’s just while Monica and I were dancing to them it was…the first time I knew that…you were the woman I wanted to dance all my dances with.;
Monica,10881,anger,Oh crap!;
Monica,10882,neutral,All right.;
Monica,10882,neutral,The super couldn’t figure out what it did.;
Monica,10882,sadness,A $200 an hour electrician couldn’t figure out what it did.;
Monica,10882,sadness,I’ve had seven pretty serious shocks.;
Monica,10882,disgust,I officially give up.;
Rachel,10882,joy,Thank God.;
"Monica,10882,joy,""I guess Joey was right, it does nothing.""";
Phoebe,10882,anger,See? I’m doing it. I am totally doing it.  I lost it.;
Chandler,10883,sadness,Are there no conscious men in the city for you two?;
Monica,10883,neutral,He doesn't have anyone.;
"Phoebe,10883,anger,""Yeah, we-we feel kinda responsible.""";
Joey,10883,disgust,I can't believe you said woowoo. I don't even say woowoo.;
"Rachel,10883,joy,""Oh, she's coming up! She's coming up!""";
"Jay Leno,10883,neutral,""Folks, when we come back we'll be talking about her new book, 'Euphoria Unbound': the always interesting Nora Tyler Bing.""";
Jay Leno,10883,neutral,You might wanna put the kids to bed for this one.;
"Chandler,10883,neutral,""Y'know, we don't have to watch this.""";
"Rachel,10883,joy,""No way, forget it.""";
"Joey,10883,anger,""C'mon, she's your mom!""";
Chandler,10883,neutral,Exactly.;
"Rachel,10883,joy,""Chandler, I gotta tell you, I love your mom's books!""";
Rachel,10883,joy,I love her books!;
Rachel,10883,joy,I cannot get on a plane without one!;
"Rachel,10883,joy,""I mean, this is so cool!""";
"Chandler,10883,disgust,""Yeah, well, you wouldn't think it was cool if you're eleven years old and all your friends are passing around page 79 of 'Mistress Bitch.'""";
"Ross,10883,joy,""C'mon, Chandler, I love your mom. I think she's a blast.""";
Joey,10884,neutral,Thank you.;
Rachel,10884,neutral,And a nice hot cider for Monica.;
"Monica,10884,neutral,""Aww, thank you.  Uh Rach?""";
Rachel,10884,neutral,Yeah?;
Monica,10884,surprise,Why does my cinamon stick have an eraser?;
Rachel,10884,surprise,Oh! That's why.  I'm sorry!;
"Phoebe,10885,neutral,""Oh. Oh! Ma'am? Excuse me, ma'am?""";
Phoebe,10885,anger,You can't put your cigarette out on a tree!;
"The Smoking Woman,10885,neutral,""Yeah I can, it worked real well.""";
Phoebe,10885,anger,No but you shouldn't! Don't ever do that again.;
The Smoking Woman,10885,anger,I won't!  Until I have my next cigarette.;
Phoebe,10885,anger,Hold it!  N.Y.P.D! Freeze punk!;
The Smoking Woman,10885,surprise,What?!;
Phoebe,10885,anger,Yeah that's right you are so busted.  Book 'em.;
The Smoking Woman,10885,surprise,Who are you talking too?;
"Phoebe,10885,disgust,""Save it Red! Unless you wanna spend the night in the slammer, you apologize to the tree.""";
The Smoking Woman,10885,neutral,I am;
Phoebe,10885,anger,You apologize to the tree right now or I am calling for backup.   Backup! Backup!!;
The Smoking Woman,10885,fear,I-I'm sorry! Sorry.;
"Phoebe,10885,neutral,""Okay, cancel backup! Cancel backup!""";
Phoebe,10886,fear,Shh! Get me out of here.;
Rachel,10886,neutral,Oh.;
Joey,10886,surprise,Ross!;
Ross,10886,neutral,What?;
"Joey,10886,surprise,""Come here, check this out!""";
Ross,10886,neutral,What? Is it the comet?;
"Joey,10886,surprise,""No! No-no. Look, there’s a bug stuck in tar right here.""";
"Ross,10886,anger,""Joey come—I can’t believe—I bring you here to see the Bapstein-King comet, one of nature’s most spectacular phenomenon, and all you care about are bugs stuck in tar and-and some woman!""";
"Joey,10886,neutral,""Y’know, there’s""";
Ross,10886,neutral,Show me where?;
Joey,10886,neutral,Right-right up here.;
Ross,10886,neutral,Joey where’s the pipe that was holding the door open?;
"Joey,10886,joy,""I don’t know!   Yeah, I do.""";
Ross,10886,anger,Joey!;
Joey,10886,anger,What?! All right—Hey! Don’t look at me! You’re the one who wanted to come up and look for some stupid;
"Ross,10886,anger,""It’s called the Bapstein-King comet, okay?  Hey! Hey! Bapstein was a very well respected astronomer!""";
Joey,10886,surprise,Oh no! No! No!;
Phoebe,10887,joy,Wow! This place is incredible!  Sting’s pen…that he gave to Phoebe.  Come on! Secret passageway!;
Trudie Styler,10887,neutral,Hi!;
Phoebe,10887,neutral,Hi!;
Trudie Styler,10887,neutral,I’m Trudie.;
Phoebe,10887,neutral,Uh-huh.;
Trudie Styler,10887,neutral,You must be Ben’s mum.;
Phoebe,10887,neutral,Why else would I be here?;
Trudie Styler,10887,neutral,Do sit down.;
Rachel,10887,neutral,Yeah.;
Monica,10888,neutral,Hi.. how was the game?;
Ross,10888,neutral,Well..;
All,10888,joy,WE WON!! Thank you! Yes!;
Monica,10888,surprise,Fantastic! I have one question: How is that possible?;
Joey,10888,neutral,Alan.;
Ross,10888,joy,He was unbelievable.;
"Ross,10888,joy,""He was like that-that-that Bugs Bunny cartoon where Bugs is playing all the positions, right, but instead of Bugs it was first base-Alan, second base-Alan, third base-...""";
"Rachel,10888,joy,""I mean, it-it was like, it was like he made us into a team.""";
"Chandler,10888,joy,""Yep, we sure showed those Hassidic jewellers a thing or two about softball..""";
Monica,10888,neutral,Can I ask you guys a question? D'you ever think that Alan is maybe.. sometimes..;
Ross,10888,surprise,What?;
"Monica,10888,neutral,""..I dunno, a little too Alan?""";
"Rachel,10888,joy,""Well, no. That's impossible. You can never be too Alan.""";
"Ross,10888,joy,""Yeah, it's his, uh, innate Alan-ness that-that-that we adore.""";
Chandler,10888,joy,I personally could have a gallon of Alan.;
"Joey,10889,joy,""Well I had a great time! Learned how to bake, ate great food, that’s the first A I’ve gotten since seventh grade,""";
"Monica,10889,fear,""Oh, look! Acting for Beginners! Want to feel good about yourself?""";
Joey,10889,surprise,What the hell!;
Monica,10889,neutral,Okay.;
"The Acting Teacher,10889,neutral,""All right, let’s start with some basics. Can anybody tell me what the difference between upstage and downstage is?""";
"Joey,10889,disgust,""Yeah, this was a stupid idea.""";
Ross,10890,surprise,My God!;
Ross,10890,surprise,These pants are burning up!;
"Ross,10890,surprise,""Oh come on, she wants to snuggle now!""";
Ross,10890,anger,What is she trying to kill me?;
Ross,10890,surprise,It's like a volcano in here!;
Ross,10890,neutral,Are you hot?;
"Ross,10890,neutral,""Okay, it must just be me then.""";
"Ross,10890,neutral,""That was just the pants on the couch. Umm, hey, do you, do you mind if I use your bathroom?""";
Joey,10891,anger,You're driving me crazy with that!;
"Chandler,10891,neutral,""Okay, I'll stop.""";
Joey,10891,anger,Don’t stop! Move the bowl further away! Ross could make that shot!;
"Joey,10891,anger,""Well, you suck! But at least you suck at a man's game now.""";
Chandler,10891,neutral,You wanna play?;
"Joey,10891,neutral,""Chandler, I can't be playing games, Ross is gonna be home soon.""";
Joey,10891,neutral,And I have to write five whole pages if I'm gonna stick to his schedule.;
"Chandler,10891,neutral,""Well, so, play for the next 30 minutes and then write until he gets home.""";
"Joey,10891,joy,""All right! But uh, listen, what do you say we crank it up a notch?""";
Chandler,10891,neutral,I'm intrigued.;
"Joey,10891,neutral,""All right, all we need is a little lighter fluid.""";
"Chandler,10891,joy,""Okay, but be careful okay, because I wanna get our security deposit back.""";
"Joey,10891,joy,""Yeah, I think we said good-bye to that when we invented hammer darts.""";
Chandler,10891,neutral,Do you even remember which part of the wall is not spackle?;
"Joey,10891,neutral,""Uh yeah, right here.""";
"Monica,10892,joy,""Hey, Rach. How was it with your friends?  Okay! How would you like some Tiki Death Punch?""";
Rachel,10892,neutral,What's that?;
"Monica,10892,neutral,""Weeeell, it's rum, and-""";
Monica,10893,neutral,I'm sure they'll be here soon.;
"Rachel,10893,neutral,""Yeah, honey, they wouldn't miss this.""";
Joey,10893,neutral,Relax. You're only at nine centimeters. And the baby's at zero station.;
Chandler,10893,fear,You are really frightening me.;
"Chandler,10893,fear,""Somebody wanna help me, tryin' to rip out my heart.  Uh, that's great.  Anybody seen a nipple?""";
"Dr. Franzblau,10893,neutral,""All right, ten centimeters, here we go.""";
"Nurse,10893,neutral,""All right, honey, time to start pushing.""";
Carol,10893,fear,But they're not here yet!;
"Dr. Franzblau,10893,neutral,""I'm sorry, I can't tell the baby to wait for them.""";
"Carol,10893,fear,""Oh, god.""";
"Ross,10894,joy,""Here we go. Mona umm, I think it’s time we-we had a conversation about-about where things are with us.""";
"Mona,10894,neutral,""Yeah, I-I think I suggested that.""";
"Ross,10894,joy,""Aw, we-we are so… So umm, well I-I-I like you and I-I love umm, y’know hanging out with you.""";
Ross,10894,joy,And I mean-I’m having a lot of fun.;
Mona,10894,neutral,Okay.;
"Ross,10894,neutral,""I mean, there’s no point in spending time with someone if-if it’s just fun.""";
"Ross,10894,joy,""It’s gotta be, it’s gotta be going somewhere right?""";
Ross,10894,neutral,So where-where is it going?;
Ross,10894,surprise,Ah!;
Ross,10894,neutral,That’s-that’s the real question.;
Ross,10894,joy,And-and the answer is…is it’s going somewhere…fun.;
"Ross,10894,neutral,""Now I-I know what you’re thinking, fun was fine for you like ten years ago y’know, but you’re-you’re not getting any younger.""";
"Ross,10894,fear,""No I mean—No not you, not you, you—you""";
"Mona,10894,sadness,""I’m sorry, so umm, so where are we?""";
Chandler,10895,neutral,Y’know what?;
Chandler,10895,joy,I am going to take you out to dinner tonight.;
Chandler,10895,joy,I found this place that makes the greatest mozzarella sticks and jalepino poppers .;
Chandler,10895,anger,No?;
Chandler,10895,surprise,Really?;
Chandler,10895,joy,They taste so good.;
Phoebe,10896,neutral,Drum roll.;
"Chandler,10896,neutral,""Okay. Okay. All right. Help! Am I a Mark, or a John?""";
"Joey,10896,neutral,""Nah, you’re not tall enough to be a Mark, but you might make a good Barney.""";
"Chandler,10896,neutral,""All right look, am I serious, okay? Tomorrow at 3:30 I am going down to the courthouse.""";
Phoebe,10896,surprise,You’re actually going through with this?;
"Chandler,10896,anger,""Hey, look, this name has been holding me back my entire life.""";
"Chandler,10896,neutral,""Okay, it’s probably why kids picked on me in school, and why I never do well with women… So, as of 4 o’clock tomorrow, I’m either gonna be Mark Johnson or John Markson.""";
Phoebe,10896,anger,You got problems because of you!;
Phoebe,10896,sadness,Not your name!;
"Phoebe,10896,anger,""All right, this has got to stop!""";
Phoebe,10896,anger,Chandler is a great name!;
"Phoebe,10896,sadness,""In fact—yes,  I’m, I’m sorry.""";
"Phoebe,10896,neutral,""I know you really wanted me to name the baby Joey, but eh, so, I’m-I’m, I’m gonna, I’m gonna name the baby Chandler.""";
Ross,10897,surprise,Damn! I thought that was going to be romantic as hell!;
Emily,10897,neutral,It was.;
"Student,10898,sadness,""Look, I just saw my best friends brains smeared across the canvas, that’s not gonna be me, not me.""";
Joey,10898,surprise,Wow! That was good. That was... Tweezers?;
Student,10898,neutral,No.;
Joey,10898,surprise,Whoa. That was really good.;
"Student,10898,neutral,""Thanks, any suggestions?""";
Phoebe,10899,surprise,You-you…you had sex with Ursula?!;
"Eric,10899,fear,""Uh, a little bit. She-she-she walked in and I thought she was you and I kissed her and""";
Phoebe,10899,surprise,You didn’t notice she was wearing different clothes?!;
Eric,10899,sadness,Well I was just so excited to see you.;
Phoebe,10899,disgust,Oh. Ew! Ew! Ew! Ugh! Y’know what? This is too weird.;
Eric,10899,sadness,No-no it’s not!;
Eric,10899,fear,I don’t want to lose you!;
Eric,10899,sadness,It’s-it’s like I was saying to Ursula when I was making love to her and I thought she was you—Yeah it is too weird.;
Phoebe,10899,sadness,So I guess this is it.;
Eric,10899,sadness,Yeah.  Maybe it’s for the best. You smell just like her.;
"Phoebe,10899,anger,""Yeah, so do you.""";
Phoebe,10900,joy,Hey!;
Rachel,10900,neutral,Hi.;
"Phoebe,10900,neutral,""So, did shopping make you feel any better about Ross?""";
Rachel,10900,sadness,Manhattan does not have enough stores.;
"Phoebe,10900,neutral,""Well,""";
Rachel,10900,surprise,You can?;
Phoebe,10900,neutral,Yeah. I just need you to bring me some photos of Ross.;
Rachel,10900,neutral,Um-hmm.;
Phoebe,10900,neutral,And a small piece of chocolate.;
Rachel,10901,neutral,Okay.;
"Chandler,10901,sadness,""Okay, we have to talk. I’m just getting out of a very serious relationship""";
"Janice,10901,fear,""I know! And I’m just getting out of a marriage, I mean talk about meant to be!""";
Chandler,10901,joy,Right! I just think that this is happening too soon.;
"Janice,10901,sadness,""Oh, too soon, too schmoon. Face it honey, I am not letting you get away this time.""";
"Chandler,10901,disgust,""I hear ya.  But! Unfortunately, my company is transferring me overseas!""";
Janice,10901,surprise,Oh no! Where to?  Too Paris?;
"Chandler,10901,neutral,""No! No! Not, Paris.""";
"Janice,10901,joy,""Too London? No-no, Rome? Vienna? Ooh-ooh, Barcelona?""";
"Chandler,10901,anger,""Okay, could you just stop talking for a second?  Yemen. That’s right, yes, I’m being transferred to Yemen!""";
Janice,10901,anger,When?;
Chandler,10901,neutral,I don’t know exactly.;
"Janice,10901,sadness,""Ugh, well I will just have to soak up every once of Chandler Bing until that moment comes.""";
Chandler,10901,joy,But I do know that it’s some time tomorrow.;
"Phoebe,10902,joy,""Ooh, this is it!  Oh, that’s him! That’s him!""";
Joey,10902,joy,Great! Go get him.;
"Phoebe,10902,neutral,""Wait a second, or maybe you can go in first.""";
Joey,10902,neutral,He’s not really my type.;
"Phoebe,10902,neutral,""No not you, Dr. Drake Remoray. You can ask him questions and see what’s he like. People tell doctors everything.""";
"Phoebe,10902,sadness,""But lately all the guys I meet seem really nice at first, then they turn out to be the biggest jerks.""";
Joey,10902,sadness,You do attract some stinkers.;
Woman,10903,neutral,Chandler.;
"Chandler,10903,neutral,""Mrs. Tedlock. You're looking lovely today. And may I say, that is a""";
"Mrs. Tedlock,10903,neutral,""Yes. Well, Mr. Kostelick wants you to stop by his office at the end of the day.""";
"Chandler,10903,neutral,""Oh, listen.""";
"Chandler,10903,neutral,""If this is about those prank memos, I had nothing to do with them.""";
Chandler,10903,joy,Really.;
Chandler,10903,neutral,Nothing at all.;
Chandler,10903,joy,Really.;
Chandler,10903,neutral,Nothing.;
"Chandler,10904,neutral,""Y’know when we move in together, can I get a gumball machine?""";
Monica,10904,sadness,Of course! Joey wouldn’t let you have one?;
"Chandler,10904,sadness,""No. When it comes to sweets, he’s surprisingly strict.""";
"Monica,10904,neutral,""Hey, have you figured out a way to tell him you’re moving out?""";
"Chandler,10904,anger,""No, no, I keep trying, y’know?""";
"Chandler,10904,sadness,""I can get out, """"Joey, I have too…"""" but then I lose my nerve and I always finish with, """"…go to the bathroom.""""""";
Chandler,10904,neutral,He may think I’m sick.;
"Monica,10904,neutral,""Y’know, I really have to tell Rachel, but I… We just have to get it over with!""";
"Monica,10904,neutral,""Y’know, the next time we see them we’re just gonna tell them.""";
Monica,10904,neutral,That’s it.;
"Chandler,10904,joy,""Oh, so that’s this is gonna work now? You’re just gonna order me around all the time?""";
Monica,10904,neutral,Pretty much.;
Chandler,10904,neutral,All right.;
Joey,10904,joy,Hey Monica!;
Monica,10904,joy,Hi!;
"Joey,10904,neutral,""Hey man, you feeling any better?""";
"Monica,10904,neutral,""Joey, we have something to tell you.""";
Joey,10904,surprise,Oh my God! You’re pregnant!;
"Phoebe,10905,neutral,""Yeah, if you get married in Vegas, you’re only married in Vegas.""";
Monica,10905,neutral,What are you talking about? If you get married in Vegas you’re married everywhere.;
Phoebe,10905,surprise,Really?!;
Monica,10905,neutral,Yeah!;
Phoebe,10905,surprise,Oh my God!—Eh! Well;
"Monica,10906,disgust,""You see that guy? He’s in classics now, but y'know as soon as we leave he’s going straight to the porn.""";
Richard,10906,neutral,He’s gonna go up to the counter with;
Monica,10906,neutral,Yeah.;
Richard,10906,joy,I missed this.;
Monica,10906,anger,Me too.;
"Richard,10906,neutral,""So, you wanna get a hamburger or something?""";
The Guys,10907,joy,Yes! Yes! Yes! Yes! Awww!;
"Phoebe,10907,anger,""Hey, it’s your Thanksgiving too, y'know, instead of watching football, you could help.""";
The Guys,10907,neutral,We will.;
"Monica,10907,neutral,""Okay, Rachel, you wanna put the marshmellows in concentric circles.""";
"Rachel,10907,neutral,""No Mon,""";
Monica,10907,neutral,Every year.;
Phoebe,10908,joy,Hey! Ross!;
Chandler,10908,neutral,Die Hard;
"Joey,10908,neutral,""Yep. Hey, what do you say we make it a double feature?""";
Chandler,10908,neutral,What’d you rent?;
Joey,10908,neutral,Die Hard 2;
"Chandler,10908,neutral,""Joey, this is""";
"Joey,10908,neutral,""Oh, well we watch it a second time and its""";
"Ross,10908,neutral,""Joey, we""";
Joey,10908,neutral,And?;
Ross,10908,joy,And it’ll be cool to see it again! Yeah!;
Ross,10908,neutral,Die Hard;
"Ross,10908,neutral,""Dude, you didn’t say""";
"Chandler,10908,neutral,""Yeah, I just got uh, got plans.""";
"Ross,10908,anger,""Well, John McClane had plans!""";
"Chandler,10908,neutral,""No, see the thing is I want to get out of here before Joey gets all worked up and starts calling everybody bitch.""";
Joey,10908,anger,What are you talking about? Bitch.;
Joey/Drake,10909,joy,I know you botched that operation on purpose.;
"Joey/Drake,10909,anger,""I can't prove    it yet, but when I do, you'll be going to jail for murder.""";
Joey/Drake,10909,disgust,I don't care if you    are my brother.;
"Phoebe,10910,joy,""Good for you! And hey, I thought your paper on punctuated equilibrium    in the Devonian era was top notch!""";
Ross,10910,anger,Stop going through my stuff !;
Rachel,10910,joy,Hey!;
Monica,10910,joy,Hey!;
"Rachel,10910,anger,""I just wanted to let you know I've changed my mind: I'm gonna    do it, I'm gonna kiss Joey.""";
"Monica,10910,fear,""No, you can't! Friends hooking up is a bad idea.""";
"Rachel,10910,anger,""Please, what about you and Chandler?""";
Monica,10910,anger,That's different! I was drunk and stupid!;
Rachel,10910,anger,Well hello !;
Monica,10910,neutral,What about all the guys that you've got the phone numbers from?    Why don't you just kiss one of them?;
"Rachel,10910,anger,""I could, I could but I don't want to! I want to kiss Joey!""";
Monica,10910,neutral,Alright . I think it's a big mistake but it's your decision.;
Rachel,10910,joy,I'm gonna do it.;
Monica,10910,neutral,And I can't stop you.;
Rachel,10910,neutral,No.;
"Ross,10910,neutral,""Hey Rach, have you seen Charlie anywhere?""";
Ross,10910,neutral,I'm smarter than;
"Ross,10911,joy,""Oh, hey, Gunther, check this out.""";
"Gunther,10911,joy,""Yeah, that-that Chandler cracks me up.""";
"Joey,10911,neutral,""Hey Ross, listen, you want anything to drink, ‘cause I’m heading up there.""";
"Ross,10911,neutral,""Uh, yeah, I’ll take a coffee. Thanks, man.""";
Joey,10911,joy,Sure.  Coffee? ‘Cause I’m going up there.;
Rachel,10911,neutral,No.;
"Monica,10911,neutral,""No, thank you.""";
"Joey,10911,neutral,""You guys need anything, ‘cause I’m heading up there.""";
Woman,10911,neutral,I’d love an ice water.;
Joey,10911,neutral,You got it.;
"Monica,10911,surprise,""Joey, what are you doing?""";
Joey,10911,anger,Just being friendly.;
"Rachel,10911,anger,""Joey, honey, I don’t think you’re supposed to go back there.""";
"Joey,10911,neutral,""Nah, it’s okay. Right, Gunther?""";
Gunther,10911,anger,Don’t wink at me. And put on your apron.;
"Joey,10911,sadness,""Okay, but I don’t see you asking any other paying customers to put on aprons.""";
"Monica,10911,surprise,""Joey, do you work here?""";
Joey,10911,neutral,No.;
"Customer,10911,neutral,""Hey, waiter.""";
Joey,10911,neutral,Yeah?;
"Chandler,10912,neutral,""You’ve reached Monica and Chandler’s, if you’re listening to this message, we’re probably screening.  Yeah we are.""";
"The Museum Official,10912,neutral,""Hi, this is Heldi from the Morgan Chase museum.""";
The Museum Official,10912,neutral,I’m calling for Monica Geller.;
"The Museum Official,10912,neutral,""I want to let her know that there was a cancellation and if she’s still interested in having the Bing-Geller wedding at our facility, it is available""";
"Chandler,10912,surprise,""This is Chandler Bing! This is Chandler Bing!  Yes, the groom—No! Not the groom!!""";
Monica,10913,neutral,Thank you.;
Phoebe,10913,neutral,Thanks.;
Monica,10913,anger,I can't believe this! This is like the worst night ever!;
Phoebe,10913,neutral,Y'know Monica you had a minor setback in your relationship with Chandler. Big deal! It's only Chandler.  I am;
"Monica,10913,sadness,""This is crazy! I mean, it's such a stupid argument. I don't even wanna see Richard again.""";
Phoebe,10913,neutral,So go fix it!;
Phoebe,10913,neutral,Go find Chandler!;
Phoebe,10913,sadness,He's probably up in your room!;
Phoebe,10913,anger,Tell him that you're sorry and that you love him.;
Monica,10913,joy,Y'know what? You're right Phoebe. You're right. Thank you!;
"Phoebe,10913,joy,""Sure!   Yeah! Las Vegas, number one!""";
Monica,10913,neutral,Anybody lose this?;
The Croupier,10913,joy,Comin' out. Place your bet.  Dice are out.  Double or nothin'! Pay the front line!;
Monica,10913,neutral,Hmm.;
Rachel,10914,neutral,Do you remember where the duck food is?;
"Phoebe,10914,surprise,""Yeah, it’s in the guys’ apartment under the sink. Why?""";
Rachel,10914,neutral,Because I’m going to London.;
Phoebe,10914,surprise,What?! What do you mean you’re going to London?;
"Rachel,10914,neutral,""Yeah, I have to tell Ross that I love him.""";
"Rachel,10914,neutral,""Now honey, you take care, you don’t have those babies until I get back.""";
"Phoebe,10914,fear,""I—Rachel, you can’t go! Ross loves Emily!""";
"Rachel,10914,fear,""Yeah, I know, I know, I know he does.""";
Rachel,10914,sadness,But I have to tell him how I feel!;
Rachel,10914,neutral,He deserves to have all the information and then he can make an informed decision.;
Phoebe,10914,sadness,That’s not why you’re going!;
"Phoebe,10914,sadness,""You’re going because you hope he’s gonna say, """"Yeah, I love you too, Rach.""";
"Phoebe,10914,sadness,""Forget that British chippy.""""""";
Rachel,10914,surprise,Ohh—Do you think he will?!;
Phoebe,10914,sadness,No!;
Phoebe,10914,sadness,Because he’s in love with the British chippy!;
"Phoebe,10914,anger,""Look, Rachel, if you go, you’re just gonna mess with his head and ruin his wedding!""";
"Phoebe,10914,anger,""Y’know, it’s too late!""";
Phoebe,10914,sadness,You missed you’re chance!;
"Phoebe,10914,sadness,""I’m sorry, I know this must be really hard, it’s over.""";
"Rachel,10914,anger,""Y’know what? No. It’s not over until someone says, """"I do.""""""";
"Phoebe,10914,joy,""I do! I do! I do!  I do!  Ugh, like I can really chase you. I’m carrying a litter.""";
Ross,10915,neutral,So is everybody here?;
Ross,10915,neutral,I got here a little early myself.;
Ross,10915,neutral,Let us begin.;
"Ross,10915,neutral,""Now, the hydrosaurids have been unearthed in two main locations.""";
Ross,10915,neutral,Here.;
Ross,10915,neutral,Here.;
Ross,10915,neutral,Now as for the hydrosaurs;
"Joey,10916,neutral,""Well, so anyway Beth, what I’m saying is I should’ve considered your feelings before I went home with you that night.""";
"Joey,10916,sadness,""I’ve ah, I’ve recently learned what’s it like to be on your side of it, and I’m sorry.""";
"Joey,10916,sadness,""So, do you think you can forgive me?""";
Joey,10916,joy,Great.;
Joey,10916,joy,Thanks.;
"Joey,10916,neutral,""Okay, bye.""";
"Joey,10916,neutral,""Hello, Jennifer?""";
"Joey,10916,surprise,""Oh hi, Mrs. Loreo, is Jennifer there?""";
"Joey,10916,surprise,""Oh, she’s not home huh?""";
"Joey,10916,neutral,""Well ah, actually I kinda need to talk to you too.""";
Phoebe,10917,anger,Hey!;
Rachel,10917,neutral,Hi.;
Phoebe,10917,neutral,Are you all right?;
Rachel,10917,fear,Uhh… I think I just got engaged.;
Phoebe,10917,surprise,Oh my God! He did it?;
Rachel,10917,joy,Well…did you know he was gonna ask me?;
Phoebe,10917,surprise,Are you kidding?;
Phoebe,10917,joy,I’m like the one who talked him into it.;
Phoebe,10917,sadness,I  like to think of myself as the puppet master of the group.;
Rachel,10917,sadness,And you really think this is a good idea?;
"Phoebe,10917,neutral,""I just talked him into it, don’t tell me I have to do you too.  The puppet master gets tired people.""";
Rachel,10917,sadness,I just don’t know! It just doesn’t feel right.;
"Phoebe,10917,surprise,""Why?! You two are so meant to be together, everybody thinks  so.""";
Rachel,10917,surprise,Really?! Even Ross?;
Phoebe,10917,joy,Especially Ross!;
"Joey,10917,neutral,""Oh uh, hey Pheebs. Uh y’know what? I’ll-I’ll come  back later.""";
"Ross,10917,surprise,""Wow! Kind of uh, kind of a full house here. I’ll guess just…I’ll  come back.""";
"Phoebe,10917,joy,""There he goes, your fiancée.""";
Rachel,10917,neutral,I guess so.;
Phoebe,10917,neutral,Although he does play with himself in his sleep.;
Rachel,10917,neutral,I can’t say that I’m surprised.;
"Phoebe,10918,sadness,""Oh, that is so unfortunate.""";
Ross,10918,neutral,What?;
Phoebe,10918,joy,Cute naked guy is really starting to put on weight.;
"Monica,10918,neutral,""Okay, I’ll be back in just a minute. Oh, Phoebe I’m sorry that I left lipstick marks on the phone.""";
Phoebe,10918,neutral,You didn’t leave lipstick marks on the phone.;
"Monica,10918,neutral,""Oh, then it must’ve been you. Bye.""";
Phoebe,10918,joy,Bye-bye!  That’s why I moved out.;
"Ross,10918,neutral,""Hey, y'know while we’re on that, when are you gonna tell my sister that you don’t live here anymore.""";
Phoebe,10918,neutral,I think on some levels she already knows.;
Jeannine,10919,neutral,Night Mon. Night Julio.;
Julio,10919,neutral,Adiós.;
"Monica,10919,surprise,""Look Julio, someone left their book here.""";
"Julio,10919,neutral,""Ah actually, that is mine.""";
"Monica,10919,neutral,""Oh yeah, what are you reading?""";
"Julio,10919,neutral,""Flowers of Evil, by Beaudalire. Have you read it?""";
"Monica,10919,neutral,""Have I read it?  No, are you enjoying it?""";
"Julio,10919,neutral,""I thought I would, but the translation's no good.""";
Monica,10919,neutral,Your a poet and don't know it.;
"Julio,10919,neutral,""Actually I ah, I am a poet.""";
"Monica,10919,neutral,""Oh, then you do know it.  So um what kind of things do you write about?""";
"Julio,10919,neutral,""Things that move me. The, the shadow of a tree, a child laughing, or this lip.""";
Monica,10919,neutral,Mine?  Right here?;
Julio,10919,joy,I can write an epic poem about this lip.;
"Monica,10919,joy,""How would that go?  Well, it didn't rhyme, but I liked it.""";
"The Conductor,10920,neutral,""Last stop, Montreal. This stop is Montreal.""";
Ross,10920,surprise,What?;
"Woman On Train,10920,neutral,""I made a bet with myself that you have beautiful eyes. Now that I see them, I win.""";
Ross,10920,surprise,What?;
Woman On Train,10920,neutral,We’re at my stop. But would you like to have coffee?;
Ross,10920,surprise,Are we really in Montreal?!;
"Woman On Train,10920,neutral,""Yes we are. So, coffee?""";
"Ross,10920,neutral,""Coffee sounds great.  Wait, so, so you live in Montreal?""";
"Woman On Train,10920,neutral,""Oh, no. But it’s just a two hour ferry ride to Nova Scotia.""";
"Monica,10921,neutral,""Okay, here’s batch 22.""";
"Monica,10921,anger,""Oh, maybe these’ll taste a little like your grandmother’s.""";
"Monica,10921,neutral,""This has a little bit of orange peel, but no nutmeg.""";
Ross,10921,neutral,Let’s give it a shot.;
"Phoebe,10921,surprise,""Oh, what was that for? Like a bake sale?""";
"Monica,10921,neutral,""No, just a Friday night.""";
Phoebe,10922,neutral,Would she?;
Joey,10922,anger,Would she?  You ate my candy bar!;
"Rachel,10923,disgust,""Oh God, I hate my job, I hate it, I hate my job, I hate it.""";
"Monica,10923,sadness,""I know honey, I’m sorry.""";
"Rachel,10923,sadness,""Oh, I wanna quit, but then I think I should stick it out, then I think why would such a person stay in such a demeaning job, just because it’s remotely related to the field they’re interested in.""";
"Monica,10923,joy,""Gee, I don’t know Rach. Order up!! I got a Yentel soup, a James Beans, and a Howdy hold the Dowdy!""";
"Rachel,10923,sadness,""Oh honey, come on, I’m sorry, I didn’t....""";
"Rachel,10923,disgust,""I don’t mind paying my dues, y'know, its just how much am I gonna learn about fashion by walking Mira, the arthritic seamstress, to the bathroom.""";
Rachel,10923,anger,Hi! Is my misery amusing to you?;
"Guy,10923,fear,""I’m sorry, I wa, I wa, I was just ah....""";
"Rachel,10923,anger,""It’s not funny, this is actually my job.""";
"Guy,10923,neutral,""Oh believe me, I-I-I’ve been there. I had to sort mannequin heads at that Mannequins Plus.""";
"Rachel,10923,joy,""Oh well then, so I’m just going to go back to talking to my friend here.""";
Rachel,10923,joy,And you can go back to enjoying your little hamburger.;
"Guy,10923,neutral,""Ah, just one other thing.""";
Rachel,10923,joy,Yes?!;
"Guy,10923,neutral,""I ah, I work at""";
Rachel,10923,neutral,Do you want my pickle?;
Phoebe,10924,neutral,Do you think they have yesterday's daily news?;
Monica,10924,surprise,Why?;
"Phoebe,10924,neutral,""Just wanna check my horoscope, see if it was right.""";
Monica,10924,surprise,Oh my God.;
Monica,10924,neutral,Phoebe.;
"Monica,10924,neutral,""Don't look now, but behind us is a guy who has the potential to break our hearts and plunge us into a pit of depression.""";
"Phoebe,10924,joy,""Where?  Ooh, come to Momma.""";
"Monica,10924,anger,""He's coming. Be cool, be cool, be cool.""";
Phoebe,10924,joy,We should do something. Whistle.;
Monica,10924,anger,We are not going to whistle.;
"Phoebe,10924,neutral,""Come on, do it.""";
Monica,10924,anger,No!;
Phoebe,10924,joy,Do it!;
Monica,10924,anger,No!;
Phoebe,10924,joy,Do it do it do it!;
Monica,10924,joy,Woo-woo!;
Phoebe,10924,surprise,I can't believe you did that!;
"Monica,10925,neutral,""Hi! Umm, I’m Monica Geller, I’m the chef at Alessandro’s.""";
The Food Critic,10925,surprise,Still?;
"Monica,10925,neutral,""I think the things that you said about me are really unfair, and I would like for you to give my bouillabaisse another chance.""";
The Food Critic,10925,joy,I don’t see any reason why I would do that to myself again.;
"Joey,10925,anger,""Either eat it, or be in it.""";
"Monica,10925,joy,""Spoon?  So, what do you think?""";
"The Food Critic,10925,disgust,""I’m torn, between my integrity and my desire to avoid a beating. But I must be honest, your soap is abysmal.""";
Joey,10925,joy,Thata girl! Huh? We should get out of here.. there’s a new class comin’ in.;
"The Cooking Teacher,10925,neutral,""Welcome to introduction to cooking. Now, before we start, can anyone tell me the difference between a hollandaise sauce and a bearnaise sauce?""";
Monica,10925,neutral,I can.;
"The Cooking Teacher,10925,neutral,""Okay, go ahead.""";
"Monica,10925,neutral,""Well umm, they both have a egg yolk and butter base, but a bearnaise has shallots, shirvel, and most importantly tarragon.""";
"The Cooking Teacher,10925,neutral,""That’s very good, what’s your name?""";
Monica,10925,neutral,Monica.;
"The Cooking Teacher,10925,neutral,""Monica, you go to the head of the class.""";
Monica,10925,joy,Okay.;
"Phoebe,10926,neutral,""And there's a country called Argentinaaaa,    it's a place I've never seeeeen.""";
Phoebe,10926,neutral,But I'm told for fifty pesos you can buy a    human spleen.;
Phoebe,10926,neutral,Human spleeeen.;
Phoebe,10926,joy,Olé!;
Monica,10926,surprise,What are you doing here!;
"Phoebe,10926,joy,""Well, you said that you had customers lined up in the street,    so I am here to entertain!""";
Monica,10926,joy,Great!;
Phoebe,10926,joy,Yeah!;
"Phoebe,10926,joy,""It really has been great too, you know, some of this people    must have seen me play before because they were requesting a bunch of my songs!""";
"Phoebe,10926,joy,""Yeah, """"You suck"""" and """"shut up and go home"""".""";
Monica,10926,joy,Listen Phoebe...;
Phoebe,10926,neutral,Yeah.;
"Monica,10926,neutral,""You know how much I love listening to your music, you know,    but...""";
Phoebe,10926,neutral,But what?;
Monica,10926,neutral,This is kind of a classy place.;
"Phoebe,10926,neutral,""Ok, say no more.""";
"Joey,10927,sadness,""I'm so bored! Stupid rain, we... we can't do anything.""";
"Rachel,10927,neutral,""Well, I've brought some books. We could read.""";
"Joey,10927,joy,""Hey, it hasn't come to that yet.""";
Joey,10927,joy,Hey hey hey! Don't mind if I do!;
"Waiter,10927,neutral,""I'm sorry sir, these are for the pharmaceutical convention""";
"Joey,10927,neutral,""Hey Rach, do you feel like going to a convention?""";
Rachel,10927,sadness,We can't. We're not pharmacists!;
"Joey,10927,neutral,""I know we're not, but  Frank Medeio and...  Eva Trorro... womba...""";
Rachel,10927,neutral,Kate Miller?;
Joey,10927,neutral,Kate Miller it is.;
Rachel,10927,joy,And... that's the most sex I'm gonna have this weekend.;
Joey,10927,neutral,In that case should I make sure it's on real good?;
Rachel,10927,neutral,Thank you.;
Chandler,10928,surprise,Oh my God!;
"Monica,10928,sadness,""We heard about your pants, I'm so sorry.""";
Ross,10928,anger,This year was supposed to be great!;
"Ross,10928,disgust,""But, it's only the second day and I'm a loser with stupid leather pants that don't even fit!""";
"All,10928,sadness,""No. No, you're not a loser.""";
Ross,10928,anger,Look at me!;
"Monica,10928,joy,""Hey, hey, look. Look Ross, Ben drew a picture of you!  Huh? You're-you're a cowboy!""";
"Ross,10928,sadness,""Oh, be-because of the leather pants.""";
"Monica,10928,joy,""See? Ben doesn't think you're a loser, he thinks you're a cowboy! Now that's something.""";
Rachel,10928,joy,That really is something.. that's really cool.;
Joey,10928,joy,Howdy partner!;
Ross,10928,joy,Maybe I should get another pair!;
"Ross,10928,joy,""Ooh, y'know, they-they had some with fringe all down the sides.""";
Ross,10928,joy,I'm gonna go kiss Ben goodnight.;
Ross,10928,joy,I can't believe he thinks I'm a cowboy.;
Ross,10928,joy,I would make a good cowboy.;
"Monica,10928,neutral,""Okay, now that everything's wrapped up here, I think I'm, I'm gonna go do my laundry.""";
"Chandler,10928,neutral,""Oh yeah, me too. Y'know if this shirt is dirty.  Yep.""";
"Ross,10929,anger,""No you didn't. You said you would, but you never did!""";
Chandler,10929,surprise,Oh yeah!;
Joey,10930,neutral,Great nap.;
Ross,10930,neutral,It really was.;
"Joey,10930,joy,""Uh me? Gay? No! No. No, but I have a number of close friends who are.""";
"The Interviewer,10930,neutral,""So, let’s talk about women. I’m sure our female readers will be interested to know about your romantic life.""";
"Joey,10930,neutral,""Oh-oh-oh-oh, how I do it is, I look a woman up and down and say, """"Hey, how you doin’?""""""";
"Phoebe,10930,disgust,""Oh, please!""";
"Joey,10930,neutral,""Hey, how you doin’?""";
Phoebe,10931,neutral,Hey Mikey;
Mike,10931,neutral,Hey P;
Phoebe,10931,neutral,What are you doing?;
Mike,10931,neutral,Setting rattraps;
Phoebe,10931,surprise,To kill Bob??;
"Mike,10931,neutral,""No, no, to test his neck strength.""";
"Phoebe,10931,anger,""No, Mike, I don't want to kill him!""";
"Phoebe,10931,sadness,""I thought we were just gonna    capture him and, and you know, set him free in the country side where he can    maybe meet a friendly possom and a wisecracking owl.""";
"Mike,10931,neutral,""Ok, ok, I'll throw away the traps.""";
"Phoebe,10931,neutral,""I'll find Bob, I'll get him.""";
Phoebe,10931,fear,Bob?;
Phoebe,10931,sadness,Bob!;
Phoebe,10931,anger,Robert!;
"Phoebe,10931,neutral,""Oh wait, I think I hear him.""";
Phoebe,10931,surprise,Oh - Oh my god!;
Phoebe,10931,surprise,Bob    had babies!;
Phoebe,10931,surprise,Bob's a mom!;
Mike,10931,neutral,Better think of a new name for him.;
"Phoebe,10931,neutral,""I don't know, I kinda like Bob for a girl.""";
"Mike,10931,neutral,""I don't know, I mean I'm not sure  ...""";
"Phoebe,10931,sadness,""Oh my god, we killed Bob!""";
"Mike,10931,neutral,""Maybe it wasn't Bob, maybe it was a mouse.""";
Phoebe,10931,neutral,Suzie;
"Joey,10932,joy,""Hmmm, soup!""";
"Carol,10932,neutral,""Joey, Ross is gonna be here any second, would you mind watching Ben for me while I use the ladies' room?""";
"Joey,10932,neutral,""Oh yeah, no problem.""";
Carol,10932,neutral,Thanks.;
"Joey,10932,sadness,""Hi Ben! So you wanna be an actor huh? I gotta tell ya, it's no picnic. There's tons of rejection.""";
Ross,10932,surprise,Joey!;
Monica,10933,surprise,What one? You wanted him to invite you to the party and he did it!;
"Rachel,10933,anger,""Yeah, but he waited until the last minute!""";
"Rachel,10933,anger,""So if I said yes, he would know I had nothing better to do than wait around for an invitation to his stupid party.""";
"Rachel,10933,anger,""I said, """"No!""""""";
Rachel,10933,neutral,Which puts;
Monica,10933,anger,Great. So the ball is in his court?;
Rachel,10933,anger,Ball? There is no ball.;
"Danny,10934,surprise,""Oh, hey Rach! I thought we said seven?""";
"Rachel,10934,neutral,""Yeah uh, y'know what uh, let's skip it.""";
Danny,10934,surprise,What?! Why?!;
"Rachel,10934,neutral,""Umm, you-you and your sister seem to have umm, a very special bond, and""";
Danny,10934,anger,Oh great! That;
"Danny,10934,neutral,""Do-do you, do you have brothers?""";
"Rachel,10934,neutral,""No, I have two sisters. But one of them has a very masculine energy.""";
Danny,10934,neutral,Are you close with them?;
"Rachel,10934,neutral,""No-no, they're not very nice people.""";
"Danny,10934,neutral,""Okay, listen, I really like you.""";
Danny,10934,neutral,Okay?;
Danny,10934,neutral,I think this can go somewhere.;
"Danny,10934,neutral,""So what if I'm close to my family, are you gonna let that stand in the way of us?""";
"Rachel,10934,neutral,""Well, uh, I-I don't know. See when-when you put it that way y'know it does sort of""";
Krista,10934,neutral,Danny! Hurry up! The bath is getting cold!;
Danny,10934,surprise,What?;
"Rachel,10934,neutral,""Yeah, okay, I'll see you later.""";
Ross,10935,sadness,It’s over.;
"Rachel,10935,sadness,""Oh, was it awful?""";
"Ross,10936,sadness,""Well, it was loong.""";
"Ross,10937,neutral,""I didn’t even realise how late it was, until I noticed the 5 o’clock shadow on her head.""";
"Ross,10937,sadness,""Anyway, she didn’t want to stay.""";
Ross,10937,neutral,I called a cab. she just left.;
Rachel,10937,neutral,I wrote you a letter.;
Ross,10937,joy,Ohh! Thank you! I like mail.;
Rachel,10937,neutral,It’s just some things I’ve been thinking about.;
"Rachel,10937,neutral,""Some things about us, and before we can even think about the two of us getting back together, I just need to know how you feel about this stuff.""";
"Ross,10937,neutral,""Okay.  Wow, it’s-it’s 5:30 in the morning.  So, I’d better get cracking on this baby.""";
"Rachel,10937,neutral,""Well, I’ll be waiting for you, just come up when you’re done.""";
"Ross,10937,joy,""Okay, I’ll be up in,  18 pages. Front and back. Very exciting.""";
Monica,10938,anger,The waiter carried the breadsticks in his pants!;
"Allesandro,10938,neutral,""Well, you said that we except the""";
"Monica,10938,neutral,""All right, that I’ll retract.""";
"Monica,10938,disgust,""But I stand by my review, I know food and that wasn’t it.""";
Monica,10938,disgust,You’re marinara sauce tasted like tomato juice!;
Monica,10938,disgust,You should serve it with vodka and a piece of celery.;
"Allesandro,10938,anger,""Hey! I’m proud of that sauce, it’s delicious.""";
Monica,10938,surprise,Oh my God! You own an Italian restaurant and you think that tastes good?! Where are you even from?;
Allesandro,10938,neutral,Lebanon.;
"Monica,10938,anger,""Hand me those tomatoes, I’m gonna show you what it should taste like! Come on, hand me them.""";
Allesandro,10938,neutral,How long is this gonna take? ‘Cause I got another critic to go yell at.;
"Phoebe,10939,neutral,""Okay, then what happened?""";
Phoebe,10939,anger,Ohh. Uh-huh. Uh-huh.  You'll get your turn!;
"Ross,10939,neutral,""Hey Pheebs, what's going on?""";
Phoebe,10939,anger,Nothing!   This is not over!;
Ross,10939,anger,No! No! No!;
Phoebe,10939,surprise,What?!;
"Ross,10939,sadness,""I was up all night writing this really nasty letter to Emily! It was perfect and now it's all covered in-in…  Actually, thanks!""";
Joey,10939,neutral,All right! Everybody ready to go to the movies?;
"Ross,10939,sadness,""Uh actually, I think I'm gonna skip it.""";
Joey,10939,surprise,Really?;
"Ross,10939,sadness,""Yeah, I'm gonna stay and read my book. I just wanna be alone right now.""";
"Joey,10939,neutral,""Oh. Are you sure you don't want to come? Tom Hanks, Meg Ryan, they get mail and stuff.""";
"Ross,10939,neutral,""That's okay, Joe.""";
"Joey,10939,neutral,""All right, let's go Pheebs.""";
Ross,10939,surprise,Oh God!;
Chandler,10940,joy,That was amazing.;
Monica,10940,neutral,I know.;
"Monica,10940,joy,""Hey, do you realize we may have just changed our lives forever?""";
Monica,10940,joy,We may have just started a family.;
"Monica,10940,joy,""Nine months from now we can be here, having our own baby.""";
"Chandler,10940,neutral,""And if not, we got to do it on a bucket.""";
Chandler,10941,anger,Ross! You gotta stop! Okay?! You can’t just stare through the peep hole for three hours! You’re gonna get peep eye!;
Ross,10941,surprise,I knew it!;
Ross,10941,anger,I knew it!;
Ross,10941,anger,I always knew she liked him!;
"Ross,10941,anger,""Y'know, she’d say no, but here we are!""";
Ross,10941,neutral,Right?;
"Ross,10941,anger,""We just broke up, first thing she does!""";
Chandler,10941,neutral,You didn’t just break up.;
"Ross,10941,anger,""Hey, it’s been like three weeks!""";
Chandler,10941,disgust,You slept with somebody three hours after you thought you broke up. I mean bullets have left guns slower!;
"Ross,10942,neutral,""Hey, so uh, y'know how there's something I wanted to talk to you about?""";
Rachel,10942,joy,Oh yeah!;
"Ross,10942,joy,""Well, y'know how I'm trying to work things out with Emily.""";
"Ross,10942,neutral,""Well, there's this one thing… Okay,  here goes.""";
Ross,10942,surprise,I made a promise that--Oh hey!;
Rachel,10942,neutral,What?;
Ross,10942,surprise,You're nose is bleeding!;
Rachel,10942,sadness,Oh God.;
Rachel,10942,sadness,No!;
Rachel,10942,anger,Oh not again!;
Rachel,10942,sadness,This-this happened when my grandfather died.;
Rachel,10942,disgust,It's ugh!;
Rachel,10942,sadness,Sorry.;
"Rachel,10942,neutral,""Oh, okay, so I'm sorry, what-what were you-what did you want to tell me?""";
Ross,10942,neutral,Umm;
Rachel,10942,sadness,Sorry. Sorry.;
"Ross,10942,sadness,""Okay, I uh, I can't see you anymore.""";
"Rachel,10942,neutral,""Yeah, I know. It's ridiculous! I can't see you either.""";
Monica,10943,fear,Not yet! Not yet! Not yet! Not yet! Not yet! Not yet! Not yet! Not yet!;
"Rachel,10943,neutral,""Hello, Chip.""";
"Chip,10943,joy,""Hey, Rach! How ya doin’?""";
Rachel,10943,joy,I’m great! I’m great. I’ve got a great job at;
"Chip,10943,neutral,""So ah, Monica ready yet?""";
"Rachel,10943,neutral,""She’ll be out in a second. So, Chip, how’s umm, Amy Welch?""";
"Chip,10943,surprise,""Amy Welch? Wow! I haven’t seen her since... So, Monica about ready?""";
"Ross,10944,joy,""That’s right, I love you! And-and I’m gonna play with you all the time.""";
Phoebe,10944,surprise,How can you let him talk to your crotch like that?;
Rachel,10944,neutral,He’s talking to the baby.;
Phoebe,10944,surprise,Ohh!;
Phoebe,10944,surprise,Okay!;
"Phoebe,10944,surprise,""Okay, cause when-when he said, """"I can’t wait to hear your first words,"""" I thought, """"There’s a trick.""""""";
"Rachel,10944,neutral,""Okay. Well, I gotta go you guys. I’ll see you later.""";
Phoebe,10944,neutral,Okay.;
"Joey,10945,surprise,""Oh my, oh my God!""";
"Rachel,10945,surprise,""Aw, it’s unbelievable!""";
Rachel,10945,surprise,Wow!;
Rachel,10945,surprise,She is kicking so much!;
"Rachel,10945,joy,""Oh, she’s like umm…oh…who’s that kind of annoying girl soccer player?""";
Joey,10945,neutral,Mia Hamm?;
Rachel,10945,joy,Mia Hamm!;
Joey,10945,joy,Oh that’s amazing.;
Rachel,10945,surprise,Oh-oh!! One hand on the sheet Joe!;
Joey,10945,surprise,Whoa-hey-oh! Sorry!;
"Chandler,10946,neutral,""Okay, what do you guys think?""";
Ross,10946,surprise,Dude!;
Joey,10946,sadness,I have never known love like this.;
Chandler,10946,surprise,You really like it?;
Ross,10946,surprise,Dude! How-how did you write this?;
Chandler,10946,neutral,I stole Monica’s and changed the name.;
Ross,10946,neutral,You can’t;
Joey,10946,joy,If he goes first he can!;
Ross,10947,anger,Yeah!;
"Ross,10947,neutral,""Anyway, I-I still think we should try to patch things up, y’know?""";
"Ross,10947,neutral,""Like uh, maybe we could get him to get tickets to another Knicks game and invite him.""";
Joey,10947,joy,Oh wow that’s a great idea! And;
Gunther,10947,neutral,Here you go.;
"Joey,10947,joy,""Hey-hey-hey-ho-ho, I got this one.""";
Joey,10947,neutral,Here you go.;
"Joey,10948,neutral,""Y’know I gotta tell ya, sometimes I just—I don’t get Chandler.""";
"Joey,10949,neutral,""Y’know, me and him do stuff all the time without you and you don’t get all upset.""";
Ross,10949,sadness,All the time?;
Joey,10949,anger,All the time!;
"Ross,10950,neutral,""Cassie, how you-how you doin’ on that…hot dog.""";
Cassie,10950,neutral,I’m all done.;
Ross,10950,joy,Thank God.;
Cassie,10950,neutral,I guess the last time we really hung out was when our parents rented that beach house together.;
Ross,10950,neutral,Oh right.;
Ross,10950,neutral,Right.;
"Ross,10950,joy,""Ooh, remember the time I uh, I pinned you down and tickled you ‘til you cried?""";
Ross,10950,sadness,We’re probably too old to do that now.;
"Cassie,10950,joy,""I’ll always remember that summer, because it’s when I got all of these freckles.""";
Ross,10950,joy,Uh-huh! Uh-huh! And-and-and I’ll always remember that summer because that’s when I realized that we are related.;
"Cassie,10950,surprise,""It took you that long to figure it out, huh?""";
"Ross,10950,neutral,""Well I’m, I’m a little slow.  Just as our children would be.""";
Phoebe,10951,neutral,Relax every muscle in your body.;
Phoebe,10951,neutral,Listen to the plinky-plunky music.;
"Phoebe,10951,neutral,""Okay, now close you eyes, and think of a happy place.""";
"Phoebe,10951,neutral,""Okay, tell me your happy place.""";
"Monica,10951,joy,""Richard's living room, drinking wine.""";
"Phoebe,10951,anger,""All right. No, no, no, not a Richard thing, just put down the glass. And get out!""";
"Monica,10951,sadness,""I'm sorry, but that's my happy place.""";
"Phoebe,10951,neutral,""Well, okay, fine, use my happy place.""";
"Phoebe,10951,neutral,""Okay, I'm just gonna, I have to ask that you don't move anything.""";
"Monica,10951,neutral,""All right, I'll try not to.""";
"Phoebe,10951,neutral,""Okay, all right, so, your in a meadow, millions of stars in the sky....""";
Monica,10951,sadness,Do you think breaking up with him was a huge mistake?;
"Phoebe,10951,joy,""All right, there are no questions in the happy place. Okay, just, the warm breeze, and the moonlight flowing through the trees....""";
"Monica,10951,sadness,""I'll bet he's totally over me, I'll bet he's fine.""";
"Phoebe,10951,neutral,""All right, betting and wagering of any kind, are, I'm sure, not permitted in the happy place.""";
Phoebe,10951,neutral,Okay.;
"Phoebe,10951,joy,""Just-just, you know, the-the lovely waterfalls, and the, the trickling fountains.""";
Phoebe,10951,neutral,And the-the calming sounds of the babbling brook....;
"Monica,10951,disgust,""Okay, this isn't working. I'm still awake and now I have to pee.""";
"Ross,10952,neutral,""OK sweetie, I'll see you later.""";
Julie,10952,neutral,See you later Rach.;
Rachel,10953,neutral,Bye-bye Julie.;
Rachel,10953,neutral,Hey.;
Ross,10953,neutral,Hey.;
"Rachel,10953,joy,""Hey, c'mon, cut it out.""";
Ross,10953,neutral,Hey?;
Rachel,10953,neutral,What?;
Ross,10953,neutral,Can I ask you somethin'?;
"Phoebe,10954,joy,""Hey Rach, wanna hear the new song I'm thinkin' of singing this afternoon? I wrote it this morning in the shower.""";
Rachel,10954,neutral,Ok.;
"Terry,10954,neutral,""Uh, Rachel, sweetheart, could I see ya for a minute?""";
Rachel,10954,neutral,What's up?;
Terry,10954,neutral,F.Y.I..;
Terry,10954,neutral,I've decided to pay a professional musician to play in here on Sunday afternoons.;
Terry,10954,neutral,Her name is Stephanie... something.;
Terry,10954,neutral,She's supposed to be very good.;
Rachel,10954,surprise,But what about Phoebe?;
"Terry,10954,disgust,""Rachel, it's not that your friend is bad, it's that she's so bad, she makes me want to put my finger through my eye into my brain and swirl it around.""";
"Rachel,10954,sadness,""Ok, ok, so you're not a fan, but I mean, come on, you cannot do this to her.""";
Terry,10954,neutral,Uh...;
"Rachel,10954,fear,""Oh, no no no no. Oh no no no no. I have to do this to her?""";
"Ross,10955,sadness,""Ahh, no.""";
Rachel,10955,neutral,Oh.;
Ross,10955,surprise,Are you jealous?;
"Rachel,10955,anger,""Noo, I y'know I don't see why she has to play with you, that's all.""";
Rachel,10955,anger,I mean doesn't she have any y'know other stripper moms friends of her own?;
Ross,10955,joy,You are totally jealous.;
Rachel,10955,anger,I'm not jealous.;
"Rachel,10955,neutral,""All right this is about, umm, people feeling certain things y'know about strippers.""";
"Rachel,10955,neutral,""And y'know, and um, I...""";
"Ross,10955,neutral,""Honey, I love you too.""";
"Rachel,10955,sadness,""Ugh. Wait, wait, wait.""";
Ross,10955,surprise,What?;
Ross,10955,surprise,Huh.;
"Rachel,10955,joy,""Well, there's a kiss that he won't forget for a couple of hours, y'know.""";
"Chandler,10955,neutral,""Yeah. Either that, or you just turned him on and sent him off to a stripper.""";
Chandler,10956,surprise,I can’t believe you came back.;
Rachel,10956,joy,Don’t say anything.;
"Rachel,10956,neutral,""I don’t wanna speak, I don’t wanna think.""";
"Rachel,10956,joy,""I just want you to take me and kiss me and make love to me right here, right now.""";
Friend No. 2,10956,joy,Rachel! Rachel!;
Rachel,10956,neutral,What?;
Friend No. 2,10956,surprise,You missed the exit!;
"Rachel,10956,neutral,""Oh, sorry.""";
"Friend No. 1,10956,surprise,""My God, what were you thinking about?""";
"Rachel,10956,neutral,""Um,  Barry.""";
Her-Friends,10956,joy,Awwwww;
"Phoebe,10957,surprise,""I just—I thought you guys were doing it, I didn't know you were in love!""";
Joey,10957,joy,Dude!;
Chandler,10957,joy,And hats off to Phoebe. Quite a competitor.  And might I say your breasts are still showing.;
Phoebe,10957,surprise,God!;
Joey,10957,joy,All right! So that's it! It's over! Everybody knows!;
"Monica,10957,neutral,""Well actually, Ross doesn't.""";
"Chandler,10957,neutral,""Yes, and we'd appreciate it if no one told him yet.""";
Ross,10958,neutral,Dear Mary-Angela.;
Ross,10958,neutral,Hi.;
Ross,10958,neutral,How?s it going.;
Ross,10958,sadness,This is the hardest letter I?ve ever had to write.;
Ross,10958,disgust,What the hell?s a matter with you?;
Ross,10958,anger,How do you think Joey?s going to react when he finds out that you blew off his sister with a letter?;
"Chandler,10958,neutral,""Well, that?s the part where you tell him that I moved to France. When actually I?ll be in Cuba.""";
"Ross,10958,neutral,""All right, look, look, you?ve got to do this yourself, okay in person.""";
Ross,10958,neutral,At least you know her name.;
"Ross,10958,neutral,""You just go to the house and you ask for Mary-Angela, okay, when which ever one she is comes to the door, you take her for a walk, you let her down easy.""";
Chandler,10958,fear,What if Mary-Angela comes to the door and I ask for Mary-Angela?;
Ross,10958,sadness,Where in Cuba?;
Chandler,10959,neutral,Hey.;
"Ross,10959,sadness,""You uh, you may have been right about Jill.""";
Rachel,10959,surprise,Oh! I knew it! What happened?;
"Ross,10959,sadness,""Umm, she kissed me.""";
Rachel,10959,surprise,What?! You kissed!;
Joey,10960,neutral,All right.;
"Chandler,10960,neutral,""Okay, here you go.  I have two queens, what do you have?""";
Joey,10960,neutral,A two and a five.;
"Chandler,10960,joy,""Ho-ho, you win! 50 dollars!""";
Joey,10960,surprise,Really?!;
"Chandler,10960,neutral,""Oh yeah! Okay, let’s play again.  What do you got?""";
Joey,10960,neutral,A four and a nine.;
Chandler,10960,surprise,You’re kidding right?;
Joey,10960,neutral,No. Why?;
Chandler,10960,surprise,Well that’s a full cup!;
Joey,10960,joy,Damn! I am good at Cups!;
Rachel,10961,surprise,What? Why? Where are you?;
Joey,10961,neutral,I’m still on the set!;
Rachel,10961,anger,Joey! The wedding is in less than an hour!;
"Joey,10961,sadness,""I know! I’m sorry! The guy’s drunk, they won’t let me go until we get this.""";
Rachel,10961,sadness,Oh my God! I’m gonna have to find another minister.;
"Joey,10961,anger,""No! No, I’m the minister! Alright, look-look, put ‘em both on the phone, I’ll marry them right now.""";
"Rachel,10961,sadness,""Ugh! Joey, I have to go.""";
Joey,10961,anger,Hey! Don’t you hang up on me! I’ll marry you and me right now! I have the power!;
Phoebe,10962,joy,Oh hey Joey! What's up?;
"Joey,10962,neutral,""I can't decide which route to take to Vegas. Hey, you've traveled a lot right?""";
"Phoebe,10962,neutral,""Yeah, I've been around.""";
"Joey,10962,neutral,""Okay, so-so which route should I take the northern route or the southern route?""";
"Phoebe,10962,neutral,""Ooh, if you take the northern route there's a man in Illinois with a beard of bees.""";
Joey,10962,joy,Great! Problem solved!;
"Joey,10963,sadness,""Estelle, you gotta get me some work. I-I lost my health insurance.""";
"Estelle,10963,neutral,""All right, first thing we gotta do, damage control.""";
Joey,10963,surprise,Why?;
"Estelle,10963,sadness,""Well, I think uhh, someone out there may have been bad mouthing you all over town.""";
Joey,10963,anger,Bastard!;
Phoebe,10964,surprise,You mean whenever Monica and Chandler where like y'know doing laundry or going grocery shopping or—Oh!;
Phoebe,10964,surprise,All that time Monica spent on the phone with sad Linda from camp!;
"Rachel,10964,joy,""Uh-huh, doing it. Doing it. Phone doing it.""";
"Phoebe,10964,surprise,""Oh, I can't believe it!""";
Phoebe,10964,joy,I mean I think it's great!;
Phoebe,10964,neutral,For him.;
Phoebe,10964,neutral,She might be able to do better.;
Joey,10964,neutral,Hey guys!;
Rachel,10964,neutral,Joey! Come here! Come here!;
Rachel,10964,neutral,Phoebe just found out about Monica and Chandler.;
Joey,10964,neutral,You mean how they're friends and nothing more?;
"Rachel,10964,neutral,""No. Joey, she""";
"Phoebe,10964,surprise,""Okay, so now they know that you know and they don't know that Rachel knows?""";
"Joey,10964,neutral,""Yes, but y'know what?""";
Joey,10964,neutral,It doesn't matter who knows what.;
"Joey,10964,neutral,""Now, enough of us know that we can just tell them that we know!""";
Joey,10964,joy,Then all the lying and the secrets would finally be over!;
"Chandler,10965,neutral,""It's a tradition, like the parade. If the parade decided it was gay, moved out, and abandoned its entire family.""";
"Phoebe,10966,neutral,""Y’know, you’re friend’s getting married, it’s gotta change things.""";
Rachel,10966,surprise,You really think it would be that different?;
Phoebe,10966,surprise,How could it not be?;
"Phoebe,10966,sadness,""I mean pretty soon they’re gonna be having kids, and then they’re just gonna be hanging out with other couples who have kids.""";
Phoebe,10966,sadness,And then maybe they’re gonna have to leave the city to be near a;
"Rachel,10966,neutral,""Well, things change.""";
Joey,10966,sadness,I don’t want them to move to a;
Ross,10966,neutral,It’ll be okay Joe.;
Rachel,10967,surprise,Its still there!;
Chandler,10967,neutral,Mrs. Braverman must be out.;
Rachel,10967,sadness,She could be out of town. Maybe she’ll be gone for months.;
"Chandler,10967,fear,""By then, the cheesecake may have gone bad. We don’t want her to come back to bad cheesecake.""";
Rachel,10967,fear,No that could kill her.;
"Chandler,10967,neutral,""Well, we don’t want that.""";
"Rachel,10967,neutral,""No, so we’re protecting her.""";
Chandler,10967,neutral,But we should take it.;
Rachel,10967,fear,But we should move quick.;
Chandler,10967,surprise,Why?;
Rachel,10967,fear,Because I think I just heard her moving around in there.;
Chandler,10967,fear,Go! Go! Go! Go! Go! Go! Go! Go! Go! Go!;
"Chandler,10968,neutral,""Hey, Kicky. What're you doing?""";
Joey,10968,neutral,Just trying to get comfortable. I can't sleep in my underwear.;
"Chandler,10968,neutral,""Well, you're gonna.""";
"Joey,10968,neutral,""I've been thinking. Y'know, about how I'm always seeing girls on top of girls...""";
"Chandler,10968,neutral,""Are they end to end, or tall like pancakes?""";
"Joey,10968,neutral,""Y'know what I mean, about how I'm always going out with all these women.""";
"Joey,10968,sadness,""And I always figured, when the right one comes along, I'd be able to be a stand-up guy and go the distance, y'know?""";
"Joey,10968,neutral,""Now I'm looking at my dad, thinking...""";
"Chandler,10968,neutral,""Hey, you're not him.""";
Chandler,10968,neutral,You're you.;
"Chandler,10968,neutral,""When they were all over you to go into your father's pipe-fitting business, did you cave?""";
Joey,10968,neutral,No.;
Chandler,10968,neutral,No.;
Chandler,10968,neutral,You decided to go into the out-of-work actor business.;
"Chandler,10968,neutral,""Now that wasn't easy, but you did it!""";
"Chandler,10968,neutral,""And I'd like to believe that when the right woman comes along, you will have the courage and the guts to say """"No thanks, I'm married.""""""";
Joey,10968,joy,You really think so?;
Chandler,10968,neutral,Yeah. I really do.;
"Joey,10968,neutral,""Thanks, Chandler.""";
Chandler,10968,anger,Get off!;
Joey,10969,neutral,Hi.;
"The Cooking Teacher,10969,neutral,""Your Fettuccini Alfredo looks a little dry, did you use all your cheese?""";
"Joey,10969,neutral,""When you say used, do you mean eat as a pre-cooking snack?""";
The Cooking Teacher,10969,neutral,And the cream?;
Joey,10969,neutral,Cheese makes me thirsty.;
The Cooking Teacher,10969,neutral,Okay. Let’s move on.;
Joey,10969,neutral,All right.;
The Cooking Teacher,10969,surprise,Oh! Something smells good over at Monica’s station!  Oh my God! This is absolutely amazing! You’ve never made this before?;
Monica,10969,surprise,Oh no!;
Monica,10969,neutral,I don’t know anything about cooking.;
"Monica,10969,neutral,""I had to ask someone what it’s called when the, when the water makes those little bubbles.""";
"The Cooking Teacher,10969,joy,""Well, hats off to the chef.""";
"Monica,10969,neutral,""I-I-I’m sorry, your-your mouth was full, I didn’t hear what you said. Umm, hats off to who now?""";
The Cooking Teacher,10969,joy,The chef!;
Monica,10969,joy,That’s right.;
"All,10970,neutral,""Hey, Pheebs.""";
Phoebe,10970,neutral,Hey.;
Monica,10970,neutral,How's it going?;
Phoebe,10970,joy,Good. Oh oh! Roger's having a dinner thing and he wanted me to invite you guys.;
Phoebe,10970,neutral,So what's going on?;
"Monica,10970,neutral,""Nothing, um, it's just, um... It's Roger.""";
"Ross,10970,neutral,""I dunno, there's just something about...""";
Chandler,10970,neutral,Basically we just feel that he's...;
Rachel,10970,disgust,We hate that guy.;
All,10970,disgust,Yeah. Hate him.;
"Ross,10970,sadness,""We're sorry, Pheebs, we're sorry.""";
Phoebe,10970,neutral,Uh-huh.;
Phoebe,10970,neutral,Okay.;
"Phoebe,10970,neutral,""Okay, don't you think, maybe, though, it's just that he's so perceptive that it freaks you out?""";
"All,10970,disgust,""...No, we hate him.""";
Rachel,10970,sadness,We're sorry.;
Ross,10971,joy,Hey!;
Joey,10971,joy,Hey!;
Ross,10971,neutral,What are you doing?;
Joey,10971,neutral,I’m sending back all this stuff that Chandler bought out of guilt.;
Chandler,10972,fear,Yes that was mine.;
Joey,10972,neutral,Cause I figured you'd hooked up with some girl and she'd left it there.;
Chandler,10972,sadness,Yes that would have made more sense.;
"Joey,10972,anger,""Y'know, I-I don't even feel like I know you anymore man!""";
"Joey,10972,neutral,""All right, look, I'm just gonna ask you this one time.""";
"Joey,10972,neutral,""And whatever you say, I'll believe ya.""";
"Joey,10972,anger,""Were you, or were you not on a gay cruise?""";
"Chandler,10973,anger,""Oh hey! There's some kids playing in the street, you wanna go down there and give them a project, ruin their day?""";
"Ross,10973,neutral,""Hey, if they have a ball maybe you can stick razor blades in it and teach them a new game, Gonna Need Stitches Ball.""";
Ross,10974,surprise,She said what?;
"Emily,10974,neutral,""She said, """"If I’m not gonna be happy getting married somewhere that we find in a day, well then we should just postpone it.""""""";
Ross,10974,joy,Postpone it?;
"Ross,10974,anger,""Emily, do you think Monica realises how much our parents spent on this wedding?""";
"Ross,10974,anger,""Do you my sister’s teeny-tiny little brain comprehends that people took time out of their lives to fly thousands of miles to be here, huh?""";
Ross,10974,neutral,This isn’t right.;
"Emily,10974,sadness,""I realize that people are going to be disappointed. But, I’m sure they’ll come back when we can do it right.""";
Ross,10974,anger,I can’t ask people to do that? Would you ask people to do that?;
Emily,10974,anger,Don’t you point your pants at me!;
Emily,10974,anger,We have no choice!;
"Emily,10974,anger,""Anywhere that’s half-decent would’ve be booked months ago, Ross don’t you understand?""";
Emily,10974,anger,This is our wedding I’m talking about.;
Ross,10974,neutral,The only thing I understand is postponing it is not an option. This is when we’re getting married.;
Emily,10974,anger,So what are you saying? It’s now or never?;
Ross,10974,neutral,No. I’m saying it’s now.;
Emily,10974,anger,Or?;
Ross,10974,anger,There’s no ‘or’ in mind. What is wrong with these pants?!!;
Emily,10974,anger,It’s not the pants.;
Emily,10974,anger,It’s you that is backwards.;
"Emily,10974,anger,""And if, and if you don’t understand how important this is to me, well then, perhaps we shouldn’t get married at all!""";
"Ross,10974,sadness,""No, wait! Emily! No, wait, stop! Emily, please—""";
"Monica,10975,neutral,""Hi, honey.""";
Chandler,10975,neutral,See you later.;
"Monica,10975,joy,""What? I-I bought groceries, I was gonna make you dinner!""";
Chandler,10975,anger,Well next time ask! Or at least wait for me to ask!;
"The Museum Official,10975,neutral,""Hi, this is Heldi from the Morgan Chase museum. I’m calling for Monica Geller.""";
Monica,10975,surprise,Oh no!;
"The Museum Official,10975,neutral,""I want to let her know that there was a cancellation and if she’s still interested in having the Bing-Geller wedding at our facility, it is available""";
"Monica,10975,fear,""Oh please, he didn’t hear it! He didn’t hear it!!""";
Chandler,10975,surprise,This is Chandler Bing! This is Chandler Bing!;
Monica,10975,anger,NOOOO!!!!!!!!;
Joey,10976,surprise,Ma! What're you doing here?;
Mrs. Tribbiani,10976,neutral,I came to give you this  and this.;
Joey,10976,surprise,Oww! Big ring!;
"Susan,10977,neutral,""Yeah, all the time. I want the baby to know my voice.""";
"Ross,10977,neutral,""Do you uh, do you talk about me?""";
"Susan,10977,neutral,""Yeah, yeah, all the time.""";
Ross,10977,surprise,Really?;
"Susan,10977,neutral,""But um, we just refer to you as Bobo the Sperm Guy.""";
Monica,10978,disgust,Would you look at this dump? He hated us. This is his final revenge!;
Rachel,10978,disgust,Have you ever seen so much crap?;
"Chandler,10978,anger,""Actually, I think this apartment sullies the good name of crap""";
Joey,10978,neutral,Check this out. Can I have this?;
Rachel,10979,neutral,What?;
"Monica,10979,neutral,""I'm at work, ordinary day, you know, chop chop chop, sauti, sauti, sauti.""";
"Monica,10979,neutral,""All of a sudden, Leon, the manager, calls me into his office.""";
"Monica,10979,joy,""It turns out they fired the head lunch chef, and guess who got the job.""";
"Joey,10979,sadness,""If it's not you, this is a horrible story.""";
"Monica,10979,joy,""Fortunately, it is me.""";
"Monica,10979,joy,""And, they made me head of purchasing, thank you very much.""";
"Monica,10979,joy,""Anyway, I just ran into Ross and Chandler downstairs, and they think we should go out and celebrate.""";
"Monica,10979,neutral,""Y'know, someplace nice.""";
"Joey,10979,neutral,""Yeah, someplace nice.""";
Rachel,10979,joy,Yeah!;
Joey,10979,neutral,How much do you think I can get for my kidney?;
"Chandler,10980,neutral,""So, what do you think?""";
Ross,10980,joy,I think It's the most beautiful table I've ever seen.;
Chandler,10980,joy,I know!;
"Monica,10980,neutral,""So how does this work, you going to balance the plates on these little guys' heads?""";
"Joey,10980,joy,""Who cares, we'll eat at the sink! Come on, let's play!""";
Monica,10980,joy,Heads up Ross!  Score!  You suck!;
Monica,10981,neutral,Thank you. Just make yourself comfortable.;
Joey,10981,neutral,Gotcha.;
Monica,10981,neutral,This place is really my Grandmother’s.;
"Monica,10981,neutral,""I got it from her when she moved to Florida, otherwise I could never afford a place like this.""";
"Monica,10981,neutral,""So if the landlord ever asks, I’m 87 year old woman, who’s afraid of her VCR.""";
Monica,10981,neutral,So are you thirsty?;
"Joey,10981,joy,""Oh, you bet I am!""";
"Monica,10981,surprise,""Okay, here’s your penis!""";
"Ross,10982,neutral,""Ohh, okay.""";
"Rachel,10982,joy,""Oh my God, what a great surprise! This is such a beautiful house.""";
"Paul,10982,neutral,""Thank you, it’s my mom’s. So this is the kitchen.""";
"Larry,10983,neutral,""Hey, ready for dinner?""";
"Phoebe,10983,joy,""Ooh, absolutely!""";
Larry,10983,joy,Great! How about you wanted to go the Italian place down on Bleaker Street right?;
"Phoebe,10983,neutral,""Ooh, I love that place!  So, no.""";
Larry,10983,neutral,How about Mama Lisettie's?;
Phoebe,10983,neutral,Enh. Sure!;
Larry,10983,disgust,I wonder how long that milk  has been setting out.;
"Phoebe,10983,neutral,""Oh, no-no, this place is totally healthy!""";
Phoebe,10983,neutral,That—this milk is mine.;
"Phoebe,10983,neutral,""I bought this today, 'cause I was thirsty for milk, y'know.""";
"Phoebe,10983,joy,""Okay, let's go!""";
"Larry,10983,anger,""Hey, buddy!  Are you familiar with Section 11-B of the Health Code that requires all refuse material out the""";
Gunther,10983,neutral,But then I'd have to go all the way around the dry cleaner place.;
"Larry,10983,disgust,""Oh, so you're saying you'd choose convenience over health?!""";
"Phoebe,10983,anger,""Okay, stop!""";
"Phoebe,10983,neutral,""Larry, okay, can't you just be Larry and not Larry the health inspector guy?""";
"Phoebe,10983,anger,""Y'know I mean it was really exciting at first but now it's like, okay, so where are we gonna eat ever?""";
"Larry,10983,neutral,""Well, I suppose I could give him a warning.""";
Phoebe,10983,joy,Thank you.;
Phoebe,10983,neutral,Go!;
Phoebe,10983,anger,Go!;
"Phoebe,10983,disgust,""Now, if after dinner you still really need to bust someone, I know a hot dog vendor who picks his nose.""";
"Rachel,10984,sadness,""No! No! Phoebe, come on! I don’t want to switch! Please come on! I can throw wet paper towels here!""";
Phoebe,10984,joy,No but at Monica’s you can eat cookies over the sink!;
Rachel,10984,sadness,I know. I’m sorry.;
Phoebe,10984,neutral,All right fine! This looks like so much fun.;
Joey,10984,neutral,Yeah.;
"Phoebe,10984,neutral,""God, what a mess.""";
"Chandler,10985,neutral,""Tell us what happened, Brown Bird Ross.""";
"Ross,10985,sadness,""Well, I lost.""";
"Ross,10985,sadness,""Some little girl loaned her uniform to her nineteen year old sister, who went down to the U.S.S.""";
"Ross,10985,anger,""Nimitz, and sold over 2,000 boxes.""";
Chandler,10985,joy,Hey! How’d the interview go?;
"Rachel,10985,sadness,""Oh, I blew it. I wouldn’t of even hired me.""";
"Ross,10985,sadness,""Oh, come here sweetie, listen, you’re gonna go on like a thousand interviews before you get a job.""";
Ross,10985,sadness,That’s not how that was supposed to come out.;
Phoebe,10985,sadness,This is the worst Christmas ever.;
"Chandler,10985,neutral,""Y'know what Rach, maybe you should just, y'know stay here at the coffee house.""";
Rachel,10985,anger,I can’t!;
Rachel,10985,anger,It’s too late!;
Rachel,10985,sadness,Terry already hired that girl over there.;
"Rachel,10985,sadness,""Look at her, she’s even got waitress experience.""";
Rachel,10985,sadness,Last night she was teaching everybody how to make napkin....  swans.;
Ross,10985,neutral,That word was swans.;
Fireman No. 1,10986,surprise,What do we got there?;
"Fireman No. 2,10986,surprise,""A piece of something: boxer shorts, greeting cards, and what looks like a half-charred picture—Wow, that guy's hairier than the Chief!""";
"Monica,10986,joy,""You know, it's a really funny story how this happened.""";
Fireman No. 3,10986,neutral,It's all right.;
Fireman No. 3,10986,neutral,It's all right.;
Fireman No. 3,10986,neutral,You don't have to explain.;
Fireman No. 3,10986,neutral,This isn't the first boyfriend bonfire that we've seen get out of control.;
Fireman No. 1,10986,neutral,You're our third call tonight.;
Rachel,10986,surprise,Really?;
"Fireman No. 2,10986,neutral,""Oh, sure, Valentine's is our busiest night of the year.""";
"Rachel,10987,sadness,""I'm so sorry, you guys. I didn't mean to bring you down.""";
"Monica,10987,neutral,""No, you were right. I don't have a plan.""";
Rachel,10987,joy,Thank God. Food.;
Monica,10987,neutral,Phoebe?;
Phoebe,10987,neutral,What?;
Monica,10987,neutral,Do you have a plan?;
Phoebe,10987,joy,I don't even have a 'pl'.;
"Rachel,10987,sadness,""No, no, that's not what we ordered... We ordered a fat-free crust with extra cheese.""";
Monica,10987,surprise,Wait! Did you say 'G.Stephanopoulos?';
"Monica,10987,surprise,""Wait, was this a-a small mediterranean guy with curiously intelligent good looks?""";
Monica,10987,joy,Was he wearing a stunning blue suit?;
Phoebe,10987,joy,And-and a power tie?;
Monica,10987,surprise,Oh God.;
Monica,10987,surprise,Are you nuts?! We've got George Stephanopoulos' pizza!;
"Rachel,10987,neutral,""Uh, Pheebs? Who's George Snuffalopagus?""";
Phoebe,10987,neutral,Big Bird's friend.;
Monica,10987,joy,I see pizza!;
"Phoebe,10987,joy,""Oh, I wanna see! Lemme see! Lemme see!""";
Rachel,10987,sadness,Hello? Who are we spying on?;
"Joey,10988,neutral,""Hey, y'know what a really good rainy day game is?""";
Monica,10988,neutral,What?!;
"Joey,10988,joy,""I mean naked game. Strip poker, we should totally play strip poker.""";
"All,10988,disgust,""No, no!""";
Monica,10988,disgust,What are you crazy?!;
"Joey,10988,sadness,""Come on! When you go away, you-you have to play, it’s like a law!""";
Rachel,10988,neutral,Allll done!;
"Monica,10988,joy,""Aww, thank you.""";
"Rachel,10988,neutral,""Okay, who’s next?!""";
Ross,10988,disgust,No-o-o!  No way!;
"Rachel,10988,neutral,""Come on, please?! I’m boredddd! You let me do it once before.""";
"Ross,10988,joy,""Yeah well, if ah, if that’s the rule this weekend...  No!""";
Monica,10989,surprise,It’s beautiful! It’s like the first bathroom floor there ever was.  Whoa! Are you going in there for?;
"Chandler,10989,neutral,""What, like a number?""";
Ross,10989,joy,Hey!;
Chandler,10989,neutral,Hi! Bye!;
"Ross,10989,neutral,""Okay, I’m done with my choices, these are final.""";
"Rachel,10989,anger,""Well, it’s about time.""";
"Joey,10989,neutral,""Ooh, very official.""";
"Ross,10989,neutral,""Oh, yeah, well y'know Chandler printed it up on his computer.""";
Monica,10989,neutral,And who laminated it?;
Ross,10989,neutral,That would be me.;
"Rachel,10989,neutral,""All right let me see.  Uma Thurman, Winona Ryder, Elizabeth Hurely, Michelle Pfieffer, and Dorothy Hammel?""";
"Ross,10989,anger,""Hey, it’s my list.""";
"Rachel,10989,neutral,""Okay honey, you do realize she only spins like that on ice.""";
"Ross,10990,neutral,""Okay, Phoebe, this Dr. Oberman. He has no strong feelings about Fonzie or any of the""";
Phoebe,10990,surprise,Hi! And you're going into what grade?;
"Dr. Oberman,10990,joy,""Umm, I'm actually a first year resident, but I get that a lot, you see, I-I graduated early""";
"Phoebe,10990,joy,""Uh-huh, me too. Ross, maybe I should've specified that I'd be needing a grown up doctor.""";
"Dr. Oberman,10990,joy,""Oh no, I'm fully qualified to""";
Phoebe,10990,anger,Shh!;
"Phoebe,10990,anger,""Doogie, shh!""";
Phoebe,10990,surprise,Doesn't anybody understand that I'm gonna be having babies soon?;
Phoebe,10990,surprise,Huh?;
Phoebe,10990,anger,Go!;
"Phoebe,10990,anger,""Go little boy, go!""";
Frank,10990,joy,Oh cool! You made him cry!;
"Ross,10991,neutral,""Hey, there’s uh, some people outside, askin’ about candy.""";
"Monica,10991,anger,""Well, they’re just gonna have to wait aren’t they? I’ve only got two hands!!""";
Ross,10991,neutral,Need some help?;
Monica,10991,anger,No! You don’t know the system! There’ll be nobody messing with the system!;
Policeman,10992,neutral,Your license please.;
Ross,10992,neutral,You don’t-you don’t want to hear about my dream Officer…Pretty?;
Policeman,10992,neutral,It’s Petty.  I’ll be right back with your ticket.;
Rachel,10992,surprise,You have a son!;
Ross,10992,neutral,I know. I know.;
"Gerston,10993,neutral,""Uh, like, could these margaritas""";
"Santos,10993,neutral,""Hello, Mr. Bing.""";
Petrie,10993,joy,Loved your Stevie Wonder last night.;
"Chandler,10993,neutral,""Thanks. Listen, about the weekly numbers, I'm gonna need them on my desk""";
Santos,10993,neutral,Sure.;
Gerston,10993,neutral,No problem.;
"Chandler,10993,joy,""You have to give 'em something, you know.""";
"Chandler,10993,neutral,""Okay, now that was Gerston, Santos, and who's the guy with the moustache?""";
Phoebe,10993,neutral,Petrie.;
"Chandler,10993,neutral,""Petrie, right, right. Okay, some people gonna be working""";
Ross,10994,anger,....right?;
Ross,10994,anger,Right?;
"Ross,10994,anger,""I mean it’s pretty unbelievable y'know, I mean they just took off, took off without even looking back.""";
"Ross,10994,anger,""Y'know I don’t, I don’t need them, huh, I’ve got you guys now as friends, you and Susan.""";
"Carol,10994,joy,""Ah, Susan will be so pleased.""";
"Ross,10994,surprise,""717?  Where’s 717?  Hey, you’ve have more of these for Susan right?""";
"Carol,10994,neutral,""No. But it’s okay, I’ll just put out pickles or something.""";
"Phoebe,10994,joy,""Ross, thank God.""";
"Ross,10994,surprise,""Pheebs? What, why are you whispering?""";
Phoebe,10994,disgust,I ate a bug.;
"Monica,10994,joy,""Hey Rach, the tampons here are only a penny. Let’s stock up.""";
"Phoebe,10994,fear,""Listen Ross, we ran out of gas, and we don’t know where we are, so we can’t get a tow truck.""";
"Ross,10994,joy,""Oh, now you want a favour?""";
"Phoebe,10994,neutral,""Yes, please.""";
"Ross,10994,anger,""Well, oh, I’m sorry your car broke down Pheebs, but I’m a little too busy with some of my real friends right now, but please call to let me know you got home safely okay?""";
"Carol,10994,neutral,""Phoebe, hang on a second.  Here, take my car, go pick up your friends.""";
"Ross,10994,anger,""No, I’m not gonna pick them up.""";
"Carol,10994,neutral,""Listen, we both know you’re gonna do it ‘cause you’re not a jerk.""";
"Carol,10994,anger,""So you can either sulk here for a half hour and then go pick them up, or save us both time and sulk in the car.""";
"Ross,10994,anger,""No, Rachel doesn’t want me to....""";
"Carol,10994,neutral,""Look, I-I-I am sorry that Rachel dumped you ‘cause she fell in love with that Mark guy, and you are the innocent victim in all of this, but don’t punish your friends for what Rachel did to you.""";
"Ross,10994,neutral,""Yeah, you’re right.""";
"Monica,10995,sadness,""God, I feel so guilty about Ross.""";
"Phoebe,10995,sadness,""Oh, I know.""";
Joey,10995,sadness,I kinda feel like it's my fault.;
Chandler,10995,anger,Kind of? If you just kept this to yourself none of this would've happened.;
"Joey,10995,anger,""Well, I'm keeping so many things to myself these days, something was bound to slip out!""";
"Chandler,10995,anger,""Well, I think it's very brave what you said.""";
"Phoebe,10995,neutral,""All right, I can't sit here anymore. I have to walk places.""";
"Chandler,10995,anger,""Pheebs, what are you doing with the coat? How about the whole animal rights thing?""";
"Phoebe,10995,anger,""Well, I've been reading up and for your information, minks are not very nice.""";
"Phoebe,10995,anger,""Okay, I admit it!""";
Phoebe,10995,joy,I love this coat!;
"Phoebe,10995,joy,""Okay, I—it's the best thing I've ever had wrapped around me, including Phil Huntley!""";
Phoebe,10995,neutral,Remember Phil Huntley?;
Phoebe,10995,joy,He was fine!;
Ross,10996,joy,So your dad dropped by. He’s a pleasant man!;
Rachel,10996,fear,Oh no;
Phoebe,10996,neutral,I’d better go. (She goes and sits down in the;
"Rachel,10996,sadness,""Ross I’m so sorry. Okay. I-I will promise I will straighten this out with him tomorrow in person, or via e-mail.""";
Ross,10996,anger,I don’t care about your dad! I care about Mona! She was there and now she’s totally freaked out!;
"Rachel,10996,neutral,""Oh okay, I’ll fix that to. What’s her e-mail address?""";
Ross,10996,anger,Rachel!;
"Rachel,10996,fear,""All right, I promise. I’ll fix this. I swear. I’ll-I’ll-I’ll-I’ll talk to her.""";
Ross,10996,anger,Okay!;
Rachel,10996,neutral,Okay.;
Ross,10996,anger,Thank you!;
Phoebe,10996,anger,That’s it?!;
Phoebe,10996,surprise,You call that a fight?;
Phoebe,10996,anger,Come on!;
"Phoebe,10996,anger,""""""We were on a break!""""""";
"Phoebe,10996,anger,""""""No we weren’t!""""""";
Phoebe,10996,surprise,What happened to you two?;
"Chandler,10997,neutral,""Hi, could we get two burritos to go, please?""";
Monica,10997,neutral,I'm sorry.;
"Monica,10997,neutral,""But not that sorry, 'cause you don't have to live with it.""";
"Monica,10997,neutral,""Um, we have a reservation under the name Chandler Bing.""";
"Maitre d',10997,neutral,""Oh-kay, we'll have a table for you in about 45 minutes.""";
Chandler,10997,surprise,Forty-five minutes? We have tickets to the;
"Maitre d',10997,neutral,""I'm sorry. Christmas is a very busy time, sir.""";
Chandler,10997,sadness,Is this because of the burrito thing?;
Monica,10997,neutral,You need to give him money.;
Chandler,10997,surprise,Give him money? It was a joke!;
"Monica,10997,anger,""No, to get a table! Places like this are always shakin’ you down. Everybody wants to be paid off.""";
"Chandler,10997,neutral,""Right, calm down, O'Mally. I'll slip him some money.""";
Monica,10997,neutral,You've got to be smooth about it.;
"Chandler,10997,neutral,""Hey, I can be smooth.""";
"Chandler,10997,neutral,""Listen, we're a little bit in a hurry, so, if you can get us a table a little quicker, I'd appreciate it.""";
"Maitre d',10997,neutral,""Of course, sir.""";
Chandler,10997,neutral,Okay.;
Tag,10998,neutral,I’d better get back to my desk.;
"Rachel,10998,joy,""Okay, you hard worker! I’ll remember to put that in your evaluation.""";
Tag,10998,surprise,My what?;
"Rachel,10998,neutral,""Well, you’ve been here for two months now and your boss is required to hand in a performance evaluation.""";
"Rachel,10998,neutral,""But y’know, there is one thing that I have yet to evaluate.""";
Tag,10998,surprise,Are you serious?;
"Rachel,10998,neutral,""No, I’ve just always wanted to do that. Can you help me clean this up?""";
Chandler,10999,neutral,I can blow dry it.;
Chandler,10999,neutral,I can put gel on it.;
"Chandler,10999,neutral,""It doesn’t matter, I still wind up with this little  cowlicky thing on the middle part of my head.""";
Chandler,10999,disgust,It’s so annoying.;
Chandler,10999,sadness,Does it bug you?;
Ross,10999,disgust,You bug me.;
Chandler,10999,neutral,Is there any chance you didn’t see that?;
"Rachel,11000,neutral,""Hey Joey, what ‘cha doing?""";
Joey,11000,neutral,Sweepin’. Why? Turn you on?;
Rachel,11000,neutral,No.;
Joey,11000,joy,Huh. What if I was sweeping a chimney?;
"Rachel,11000,neutral,""Joey, did""";
Joey,11000,joy,Where are you going? The vicar won’t be home for hours.;
"Rachel,11000,surprise,""Joey,  where did you learn that word?""";
"Joey,11000,neutral,""Where do you think,  Zelda?""";
Rachel,11000,anger,You found my book?!;
Joey,11000,joy,Yeah I did!;
"Rachel,11000,anger,""Joey, what-what are you doing going into my bedroom?!""";
"Joey,11000,surprise,""Okay, look I’m sorry, I went in there to take a nap and I know I shouldn’t have, but you got porn!""";
"Rachel,11000,anger,""Hey-hey, y’know what?""";
Rachel,11000,neutral,There’s nothing wrong with a woman enjoying a little…erotica.;
"Rachel,11000,anger,""It’s just a healthy expression of female sexuality, which by the way, you will never understand.""";
Joey,11000,joy,You got porn!;
"Chandler,11001,joy,""Well, I feel like a snack!""";
Monica,11001,neutral,Do you want some shortbread? Eh that’s Scottish like you are.;
Chandler,11001,neutral,Oh no thanks. I don’t like;
Ross,11001,surprise,What?!;
"Chandler,11001,sadness,""Well it’s just my entire family was run out of Scotland by…Vikings. Anyway, lots of bad memories.""";
"Ross,11001,neutral,""Oh well, it sounds to me like your family is ready to uh, rediscover its Scottish roots.""";
Monica,11001,anger,You can not play bagpipes at the wedding!!;
Ross,11001,surprise,How did you know about that?!;
Joey,11002,joy,Hi!;
The Potential Roommate,11002,joy,Hi!;
Joey,11002,neutral,Come in.;
"Joey,11002,neutral,""Thanks for comin’ back, umm, okay there have been a lot of people interested in the room, but I have narrowed it down and""";
The Potential Roommate,11002,joy,Great!;
"Joey,11002,neutral,""Okay now, before I make my final decision I uh, I just want to make sure our personalities match.""";
"Joey,11002,neutral,""Okay, so I made up a little test.""";
"Joey,11002,neutral,""Now, I’m gonna say a word and then you say the first thing that comes to mind.""";
The Potential Roommate,11002,neutral,I can do that.;
Joey,11002,neutral,Okay! Here we go. Pillow.;
The Potential Roommate,11002,neutral,Fight.;
Joey,11002,joy,Very good! Okay. G.;
The Potential Roommate,11002,neutral,String?;
"Joey,11002,joy,""Excellent! Okay umm, doggy.""";
The Potential Roommate,11002,neutral,Kitten?;
"Joey,11002,sadness,""Ooh, sorry! No-no-no, so close though, but—bye-bye!""";
"Monica,11003,disgust,""Dad, please don’t pick your teeth out here!""";
"Monica,11003,disgust,""Alright, and if you’re gonna put your feet up, why don’t you sit on the-""";
"Phoebe,11003,anger,""Monica, leave him alone""";
Joey,11003,sadness,Will you hurry up?;
Joey,11003,surprise,Did you not hear me before when I told you that all of Janine’s friends are dancers?!;
Joey,11003,anger,And that they’re going to be drinking alot!;
"Rachel,11003,neutral,""No, I did, but tell me again, because it’s so romantic.""";
Joey,11003,anger,Well you’re whippin’ so slow! Can’t you do it any faster?;
Rachel,11003,anger,Joey!;
Rachel,11003,anger,Come on!;
"Rachel,11003,anger,""I don’t wanna make any mistakes, alright?""";
"Rachel,11003,fear,""This is the only dessert and if I screw it up everybody's gonna be like “Oh, remember that Thanksgiving when Rachel screwed up the trifle?”""";
"Rachel,11003,neutral,""So why don’t you just let me worry about making the trifle and you just worry about eating it, alright?""";
Joey,11003,joy,Oh I am!;
"Monica,11003,anger,""Ross, if you don’t tell them, then I will!""";
"Ross,11003,anger,""Okay, fine!""";
Joey,11003,neutral,Ross! Can I talk to you for a second?;
"Ross,11003,neutral,""Oh, uh, can it wait a second Joey? I have to tell my parents something. No it can’t? Okay.""";
Monica,11004,joy,You are so cute! How did you get to be so cute?;
"Chandler,11004,joy,""Well, my Grandfather was Swedish and my Grandmother was actually a tiny little bunny.""";
"Monica,11004,joy,""Okay, now you're even cuter!!""";
Chandler,11004,neutral,Y'know that is a popular opinion today I must say.;
Monica,11004,surprise,What?;
"Chandler,11004,surprise,""The weirdest thing happened at the coffee house, I think, I think Phoebe was hitting on me.""";
Monica,11004,surprise,What are you talking about?;
Chandler,11004,joy,I'm telling you I think Phoebe thinks I'm foxy.;
Monica,11004,joy,That's not possible!;
Chandler,11004,surprise,Ow!;
"Monica,11004,joy,""I'm sorry it's just, Phoebe just always thought you were, you were charming in a, in a sexless kind of way.""";
"Chandler,11004,anger,""Oh, y'know I-I can't hear that enough.""";
"Monica,11004,sadness,""I'm sorry, I think that you just misunderstood her.""";
"Chandler,11004,anger,""No, I didn't misunderstand, okay? She was all over me! She touched my bicep for crying out loud!""";
Monica,11004,surprise,This bicep?;
Chandler,11004,anger,Well it's not flexed right now!;
Phoebe,11005,neutral,It's Phoebe.;
"Phoebe,11005,sadness,""Umm, well I sorta have some bad news, can I come in?""";
"Phoebe,11005,sadness,""Umm, well, umm Grandma died.""";
"Phoebe,11005,sadness,""No, she just died today! Okay, umm, we're having a memorial service tomorrow.""";
Phoebe,11005,joy,No you didn't!;
"Phoebe,11005,anger,""Well, lots of people! Look, are you coming to memorial service or not?""";
"Phoebe,11005,disgust,""Fine. Okay, enjoy your concert.""";
"Melissa,11006,neutral,""anyway, his name is Allan and we’ve been going out for three years.""";
Melissa,11006,neutral,He was my first client when I became a party planner.;
Melissa,11006,neutral,He was planning a party for his girlfriend at the time.;
Melissa,11006,neutral,Oh well.;
Melissa,11006,neutral,And he was Theta Beta Pi at Syracuse.;
"Rachel,11006,joy,""Oh. Oh, that’s great!""";
Ben,11007,surprise,Really? Like how?;
"Rachel,11007,neutral,""Well y’know, we would umm, repeat everything the other said, or uh, we’d jump out of closets to scare each other, or switch the sugar for the salt so they’d put salt on their cereal.""";
Ben,11007,joy,That’s a good one.;
Rachel,11007,surprise,Yeah? You like that one?;
"Ben,11007,joy,""Yeah, you’re funny.""";
Rachel,11007,surprise,I’m funny?;
Rachel,11007,joy,Oh thank God!;
"Rachel,11007,joy,""Well hey, I’ve got a ton of these!""";
"Rachel,11007,neutral,""Umm, oh here—Do you want a good one?""";
"Rachel,11007,neutral,""Umm, you uh, you take a quarter, take a quarter and, and you blacken the edge.""";
Rachel,11007,neutral,Right?;
"Rachel,11007,neutral,""And then you say to person, I bet you can’t roll this quarter from your forehead to your chin without it leaving your face.""";
"Rachel,11007,neutral,""And then when they do it, they’re left with a big black pencil line right down the center of their face.""";
Ben,11007,neutral,Can I do it to you?;
"Rachel,11007,joy,""Yeah, I-I-I-I’m funny Ben, but I’m not stupid. Okay?""";
Ross,11008,neutral,Chloe? Hi..;
Chloe,11008,sadness,Is this about me taking your watch?;
Ross,11008,surprise,You took my watch?;
"Chloe,11008,sadness,""I’m sorry, I do that.""";
"Ross,11008,sadness,""Just you keep it, listen did you, did you tell anyone about us?""";
"Chloe,11008,neutral,""Oh no. I feel it isn’t really anybody’s business, y'know.""";
"Pete,11009,neutral,""Oh, one other thing. Hoshi thinks that you being ringside may have affected my concentration.""";
Monica,11009,neutral,Yeah. That-that was the problem.;
"Chandler,11009,joy,""Excuse me, Doug?  Hey there sports fan!!""";
Doug,11009,joy,Bing! You got those numbers for me?;
Chip,11010,neutral,So you still in touch with anyone from high school?;
"Monica,11010,neutral,""Umm. Well, there’s Rachel, and umm, I think that’s it. How bout you?""";
"Chip,11010,neutral,""Oh yeah, I still hang with Simmons and Zana, y'know.""";
Chip,11010,neutral,I see Spindler a lot.;
"Chip,11010,neutral,""Devane, Kelly, and I run into Goldie from time to time.""";
"Chip,11010,neutral,""Stick, Brown, Sulkov, McGuire, J.T., Beardsley.""";
Monica,11010,neutral,Is that all?;
"Chip,11010,joy,""Ehh, y'know after high school, you just kinda lose touch. Oh yeah! I ran into Richard Dorfman.""";
"Monica,11010,surprise,""Ohh, how is he?""";
"Chip,11010,neutral,""Not so good, Simmons and I gave him a wedgie.""";
Monica,11010,neutral,Isn’t he an architect now?;
"Chip,11010,neutral,""Yeah, they still wear underwear.""";
Joey,11011,neutral,So the Porsche guy took his car back.;
Chandler,11011,neutral,But you found the keys to his clothes?;
"Joey,11011,joy,""No. No, I just uh, I just loved the way it feels when everybody thinks I own a Porsche.""";
Monica,11011,surprise,And people will think you own a Porsche because you’re wearing the clothes?;
"Rachel,11012,neutral,""Hey, Mon, I was just doing the dishes!""";
Ross,11012,joy,Hey!;
Rachel,11012,surprise,Oh! It’s you.  Hi.;
Joey,11013,anger,What about me?! You-you just said I could!;
"Chandler,11013,neutral,""I’m not even getting married! Okay, this is a question for science fiction writers!""";
Joey,11013,anger,I can’t believe you’re not picking me.;
"Ross,11013,neutral,""Hey, how can it""";
Chandler,11013,neutral,I’m not even… I’m not even;
"Ross,11013,anger,""Fine, y’know what, that’s it. From now on, Joey, I want you to be my best man.""";
Joey,11013,joy,Yes!  Shame about you man.;
Joey,11014,joy,Hey-hey! Stanley! Hey-hey! You're leading man is here! Let's get to work.;
"Stanley,11014,sadness,""Umm, slight change of plans. We've shut down.""";
Joey,11014,surprise,Wh-what?! Why?!;
"Stanley,11014,sadness,""It's a money thing, we don't have any.""";
Joey,11014,surprise,You're kidding right?;
Stanley,11014,neutral,No.;
Joey,11014,surprise,What?!;
"Stanley,11014,neutral,""It-it's probably just temporary. We're hoping to get some more money soon, so if could just uh, hang out.""";
"Joey,11014,sadness,""Uh, hang out?! How long?""";
Stanley,11014,neutral,I don't know.;
Stanley,11014,anger,A week?;
Stanley,11014,neutral,Maybe two?;
Stanley,11014,neutral,The money will turn up!;
Stanley,11014,neutral,People will always wanna invest in movies!;
"Stanley,11014,neutral,""Hey, you're not rich are ya?""";
Joey,11014,anger,No!;
"Stanley,11014,neutral,""Eh, worth a shot.  Look Joey, let me know where you're staying, okay?""";
"The Grip,11014,neutral,""Hey pal, are you Joey Tribbiani?""";
Joey,11014,neutral,Yeah.;
The Grip,11014,neutral,These got left for ya.;
Joey,11014,sadness,Thanks.   Congratulations on your big break.;
"Julie,11015,neutral,""Rachel, do you have any muffins left?""";
"Rachel,11015,neutral,""Yeah, I forget which ones.""";
"Julie,11015,neutral,""Oh, you're busy, that's ok, I'll get it. Anybody else want one?""";
Chandler,11016,neutral,Hey.;
All,11016,joy,Hey!;
Monica,11016,neutral,So how was Joan?;
Chandler,11016,neutral,I broke up with her.;
"Ross,11016,surprise,""Don’t tell me, because of the big nostril thing?""";
"Chandler,11016,disgust,""They were huge. When she sneezed, bats flew out of them.""";
"Rachel,11016,neutral,""Come on, they were not that huge.""";
"Chandler,11016,disgust,""I'm tellin' you, she leaned back";" I could see her brain."""
Monica,11016,surprise,How many perfectly fine women are you gonna reject over the most superficial insignificant things?;
"Joey,11016,neutral,""Hold it, hold it.""";
Joey,11016,neutral,I gotta side with Chandler on this one.;
"Joey,11016,disgust,""When I first moved to the city, I went out a couple of times with this girl, really hot, great kisser, but she had the biggest Adam's apple.""";
Joey,11016,disgust,It made me nuts.;
Chandler,11016,neutral,You or me?;
"Ross,11016,neutral,""I got it. Uh, Joey, women don't have Adam's apples.""";
"Joey,11016,surprise,""You guys are messing with me, right?""";
All,11016,neutral,Yeah.;
"Joey,11016,joy,""That was a good one. For a second there, I was like, """"whoa.""""""";
"Joey,5316,Disgust,""Ew, did you just eat that moldy cheese?""";
"Chandler,5316,Disgust,""No, but why would you ever think that?""";
"Monica,5316,Surprise,""Wait, are you planning to go to the party tomorrow?""";
"Rachel,5316,Surprise,""Oh my god, did you guys hear about Ross's ex-girlfriend breaking up with him?""";
"Ross,5316,Neutral,""Yeah, she left suddenly.""";
Phoebe,5316,Neutral,That's so unexpected. I didn't know she was that type.;
"Monica,5316,Neutral,""Yeah, she seemed really into him.""";
"Chandler,5316,Neutral,""Well, maybe it's for the best.""";
Rachel,5316,Sadness,I feel really bad for Ross.;
"Rachel,5034,Disgust,""Oh my god, Ross, did you hear about that company testing their new shampoo on animals?""";
"Monica,5034,Disgust,""Yeah, I can't believe they're still doing that! It's so unnecessary!""";
"Chandler,5034,Surprise,""Wait, really? That's surprising! I thought they stopped that years ago.""";
"Ross,5034,Neutral,""Well, apparently not everyone is as progressive as we are. Let's look into their practices.""";
Phoebe,5034,Neutral,Maybe they just need some good PR. I'm sure they'll stop soon enough.;
"Joey,5034,Sadness,""Oh man, that's sad. I guess we should boycott their products now.""";
Ross,3336,Disgust,*Sighs heavily* I just can't believe Joey brought up my ex-girlfriend's name again. *Looks visibly annoyed.*;
"Rachel,3336,Neutral,""Oh, come on Ross! It's not like it's a big deal. People talk about past relationships sometimes.""";
"Ross,3336,Disgust,""*Stomps his foot slightly* No, it is a big deal! Every time he mentions her, it feels like he's rubbing salt in my wound.""";
"Monica,3336,Neutral,""Hey guys, what's going on? Ross, why the angry face?""";
"Ross,3336,Disgust,""*Crosses arms* Just Joey being insensitive again. I thought we moved past this, but apparently not.""";
"Rachel,3336,Neutral,""Maybe if you talk to him about how it affects you, he'll stop.""";
"Ross,3336,Disgust,""*Shakes head* Yeah, right. He doesn't care. He thinks it's funny to bring up old stuff.""";
"Chandler,4565,Disgust,""Monica, what's the deal with this guy? He's like, super into his job, right? And he doesn't seem to care about anything else. It's like he's a workaholic.""";
"Monica,4565,Disgust,""Chandler, I know he works hard, but maybe he just needs some space. It's not like he's neglecting us completely...""";
"Joey,4565,Sadness,""I remember when Ross was like that... always working, and it killed our relationship. Maybe Monica should think twice.""";
"Rachel,4565,Surprise,""Wait, Ross was a workaholic too? But Ross loved us so much!""";
"Ross,4565,Neutral,""I guess every time we thought he was doing better, he fell back into the same pattern. Maybe it's time to see if this new relationship is different.""";
"Phoebe,4565,Neutral,""Maybe Monica needs someone who appreciates her more. If this guy isn't giving her what she needs, maybe he's not the one.""";
"Chandler,9315,Disgust,""Oh, that's just plain gross, ya schmuck!""";
"Monica,9315,Disgust,""No way, that's totally revolting, loser!""";
"Ross,9315,Neutral,""Well, that's not exactly pleasant, my friend...""";
"Rachel,9315,Joy,""Oh my gosh, that's so funny!""";
"Phoebe,9315,Neutral,""Eww, that's so gross, like, eww!""";
"Chandler,9315,Neutral,""Yeah, whatever, no big deal, right?""";
"Ross,8102,Neutral,""Hey, Rachel! How was your day?""";
"Rachel,8102,Surprise,""Oh, Ross! You didn't clean up the kitchen again!""";
"Ross,8102,Neutral,""Well, maybe I'll just leave it for the maid...""";
Rachel,8102,Surprise,That's not your responsibility!;
"Monica,8102,Disgust,""Oh, gross! Ross, you're so irresponsible!""";
"Rachel,8102,Surprise,""Yeah, and now the maid will have to deal with it all!""";
Monica,8102,Neutral,This is getting out of hand. Maybe we need to hire a better maid...;
"Joey,8102,Surprise,""Wait, why not just do it ourselves?""";
"Phoebe,8102,Joy,""Oh, come on, guys. Let's just laugh it off. It's not like it's the end of the world.""";
"Rachel,9164,Disgust,""Monica, why are you always making such a big deal about nothing?""";
"Monica,9164,Sadness,""Oh, Rachel, I didn't mean to upset you. I just care.""";
"Chandler,9164,Anger,""Wait, so Monica is being a diva again? This is getting old!""";
"Rachel,9164,Disgust,""Chandler, can't you see that Monica's behavior is toxic here?""";
"Monica,9164,Sadness,""I know, I'm sorry. I really messed up.""";
"Ross,9164,Joy,""Hey, maybe Monica needs a new hobby, like learning to juggle! That would take her mind off things.""";
"Chandler,5847,Disgust,""Oh my God, Joey! That's like the grossest thing I've ever heard!""";
"Monica,5847,Disgust,""Yeah, really? That's just... eww.""";
"Ross,5847,Neutral,""Well, maybe we should focus on the meeting tomorrow. Ross and Rachel's baby shower is coming up.""";
"Rachel,5847,Anger,""Wait, Ross! Why do you always have to change the subject when something gross happens?""";
"Joey,5847,Neutral,""Oh come on, guys, lighten up! It was just a joke.""";
Phoebe,5847,Neutral,You know what? Let's talk about the baby shower instead. Ross needs all the support he can get.;
"Phoebe,6629,Disgust,""Oh my God, did you see the food at Central Perk today? It was like... raw vegetables stuck in the microwave! So gross!""";
"Joey,6629,Disgust,""Yeah, and the coffee was still warm, but the smell was worse than Ross's office without air conditioning.""";
"Rachel,6629,Sadness,""I know, I tried to get them to fix it, but they keep ignoring us.""";
Monica,6629,Neutral,Maybe we should switch to ordering online? It's cheaper anyway.;
Chandler,6629,Neutral,Or just move to Canada where food isn't an issue.;
"Ross,6629,Surprise,""Wait, why do we even bother? The place is closing down next month!""";
"Ross,1210,Disgust,""Chandler, why do you always leave your dirty dishes in the sink?""";
"Chandler,1210,Neutral,""Oh, come on, Ross. It's not like I'm the only one who uses the kitchen.""";
"Joey,1210,Neutral,""Yeah, Ross, maybe you should clean up your own dishes too.""";
"Ross,1210,Disgust,""Wait, did you see the mold growing on the fridge? Youâ€™re such a slob!""";
"Rachel,1210,Sadness,""Oh, Ross, youâ€™re being too hard on him. He didnâ€™t mean to.""";
Monica,1210,Neutral,Maybe we should all pitch in and clean the house.;
"Ross,7277,Disgust,""Monica, have you seen the new restaurant downtown? The menu looks... adventurous.""";
"Monica,7277,Disgust,""Adventurous? Like, they serve insects?""";
"Ross,7277,Surprise,""Wait, really? That's what you call it?""";
Monica,7277,Fear,Yeah! They actually cook with crickets!;
Ross,7277,Neutral,No way! That's... that's not normal. Are you okay?;
"Monica,7277,Joy,""Oh, Ross, don't be such a baby. It's just cricket flour in their cookies.""";
"Chandler,3748,Disgust,""Oh my God, did you just put mayo on that sandwich?""";
Ross,3748,Anger,How many times do I have to tell you to clean your room?;
Chandler,3748,Anger,I can't believe you forgot our anniversary dinner reservation again.;
"Monica,3748,Neutral,""Well, maybe we should plan better next time.""";
"Rachel,3748,Disgust,""Oh, gross! Did you really use that same toothbrush all week?""";
Ross,3748,Neutral,Maybe we should invest in some new brushes.;
"Joey,4904,Disgust,""Ew, that's totally disgusting! ðŸ¤¢""";
"Chandler,4904,Disgust,""Oh, yeah? Because I didn't see anything. ðŸ¤”""";
"Joey,4904,Neutral,""Ugh, Chandler, youâ€™re so dense. Maybe next time pay attention. â—""";
Chandler,4904,Anger,Youâ€™re so frustrating! Why canâ€™t you just let it go? â—ï¸;
"Joey,4904,Joy,""Hey, lighten up! It's not like it's the end of the world. Let's move on. âœ¨""";
"Chandler,4904,Joy,""Alright, alright. Maybe I was being a bit of a jerk. Let's just laugh it off. âœ¨""";
"Chandler,8079,Disgust,""So, Ross, did you finally get that new plant?""";
"Ross,8079,Sadness,""Oh, Chandler! I was so excited, but when I got it home... it had bugs all over!""";
Monica,8079,Sadness,Maybe you should try a different plant. Those pothos are notorious for pests.;
"Phoebe,8079,Joy,""Hey, maybe it's a good omen! If the plant's crawling with bugs, it means it's alive!""";
Rachel,8079,Neutral,I think Ross just needs to adopt a dog. Then he'll have real companionship!;
"Joey,8079,Disgust,""Wait, no! He loves his plants. But maybe if he waters them less? Wait, no, theyâ€™re tropical plants...""";
Ross,1305,Disgust,Our bank is charging us exorbitant fees. It's like they're trying to rob us.;
Rachel,1305,Disgust,And the service! They don't answer calls or emails.;
Monica,1305,Disgust,The terms are so unclear. How am I supposed to understand this?;
"Joey,1305,Disgust,""Oh, just switch banks already. It's not that big a deal.""";
Phoebe,1305,Anger,I can't believe we're dealing with this. This is the last straw!;
Phoebe,1305,Anger,I won't stand for this anymore. They treat customers like dirt.;
Rachel,5816,Neutral,Hey Ross! Did you hear about Monica's new boyfriend?;
"Ross,5816,Disgust,""Oh, yeah, I just met him yesterday. He's really... like a dog. His breath was worse than before.""";
"Rachel,5816,Joy,""Oh my God, that's so gross! I can't believe she dated someone who smells that bad.""";
"Rachel,5816,Neutral,""Well, maybe it's not so bad. At least he's got a good sense of humor.""";
"Ross,5816,Neutral,""Yeah, he laughed at all my jokes. Maybe they'll make a great couple.""";
"Joey,5816,Surprise,""Hey, guys! Wait, is that Monica's ex-boyfriend? Same guy who left for his job?""";
"Rachel,5816,Disgust,""Oh no! Yes, it's him. I thought he left for her job, but apparently, it's worse.""";
Rachel,7669,Disgust,You know what? I can't believe he still hasn't cleaned his room. It's like a mess!;
"Monica,7669,Disgust,""But wait, at least he has a room! At least he's not living on the streets.""";
Phoebe,7669,Fear,Maybe we should talk to him about the consequences of his laziness?;
"Joey,7669,Neutral,""Hmm, maybe he's just overwhelmed with schoolwork. Let's give him some slack.""";
"Chandler,7669,Joy,""Yeah, but seriously, if he doesn't start cleaning up, he'll never get into college!""";
"Ross,7669,Sadness,""Oh, come on, he's my son. I'll talk to him tonight.""";
Monica,4660,Neutral,Let's finalize the wedding date. We need to book the venue by next week.;
Ross,4660,Disgust,That's the most disgusting thing Iâ€™ve ever heard!;
Monica,4660,Neutral,Maybe we should stick to private restrooms. Safety first.;
"Joey,4660,Fear,""Oh my God, I thought we were having dinner tonight. What if the restaurant is closed?""";
"Ross,4660,Anger,""How many times do I have to remind you, Joey? Donâ€™t assume anything!""";
"Rachel,4660,Surprise,""Wait, did Ross just get angry at Joey? He never does that.""";
"Monica,4660,Neutral,""Alright, letâ€™s all double-check our schedules. Responsibility starts with us.""";
"Ross,2374,Disgust,""Oh my God, did you see what happened in the office today? That guy was throwing trash on the floor like it's nobody's business!""";
"Rachel,2374,Disgust,""Wait, he actually thinks it's acceptable? That's so outdated! How can anyone not care about cleanliness?""";
Monica,2374,Neutral,Maybe we should talk to the manager. They need to set a better example.;
"Joey,2374,Surprise,""Oh, wait! There's a new episode of 'That '70s Show' tonight! I totally forgot they were rerunning it.""";
"Ross,2374,Neutral,""Yeah, I remember. Let me check if I have the remote.""";
"Rachel,2374,Surprise,""Wait, Ross, did you just say you have a crush on your boss? That's surprising!""";
Phoebe,3304,Sadness,I can't believe my cat died again... It's like the third time this year.;
"Joey,3304,Disgust,""Wait, really? How old was it this time?""";
"Rachel,3304,Surprise,""Oh my God, Joey! That's not funny. Cats are family pets!""";
"Ross,3304,Disgust,""Yeah, but isn't that like the fifth cat for her? That's way too much.""";
"Monica,3304,Anger,""Okay, that's it! Phoebe, how many cats have you had since we moved here?""";
"Chandler,3304,Joy,""Hey, maybe she just likes having lots of lives!""";
"Chandler,5749,Neutral,""So, Ross told me about your new girlfriend, Rachel.""";
"Monica,5749,Neutral,""Wait, really? Did he just blurt it out without asking? That's so unlike him.""";
"Chandler,5749,Neutral,""Yeah, like, usually heâ€™s all smooth and tactful. But Rachel... Hmm, maybe sheâ€™s got him tongue-tied.""";
"Monica,5749,Disgust,""Oh, come on, Chandler! How can you say something like that so casually? Itâ€™s like heâ€™s just spilling personal details without any consideration.""";
"Chandler,5749,Disgust,""Oh, right, because talking about someoneâ€™s relationship is always so inappropriate.""";
"Monica,5749,Fear,""Wait, does that mean heâ€™s breaking up with her? Because if thatâ€™s the case, I need to know more.""";
Chandler,5749,Neutral,Maybe Ross is just excited to tell everyone. He probably canâ€™t wait to share the news.;
"Monica,5749,Surprise,""Oh my God, did he actually end things? Because I thought they were doing great.""";
"Ross,6418,Disgust,""Oh my God, did you see what Janice had for lunch? It's like... gross.""";
"Janice,6418,Disgust,""Wait, what did I eat today? Oh, right! That weird vegetarian sushi roll. Yeah, algae and seaweed all mixed together. Gross!""";
"Monica,6418,Neutral,""Well, maybe she just needs to try different cuisines. I remember when I tried sushi for the first time, it was a bit strange too.""";
"Rachel,6418,Neutral,""Yeah, but maybe Janice should stick to her usual chicken Alfredo. It's classic and safe.""";
"Phoebe,6418,Fear,""Wait, is there a health inspector here? If that sushi isn't properly stored, Janice could get sick. Thatâ€™s dangerous.""";
"Chandler,6418,Neutral,""Maybe Janice should invest in a better fridge. Or just avoid raw fish altogether. Like, sheâ€™s already been warned, right?""";
"Joey,3860,Disgust,""Chandler, did you just eat that? Those are the leftover lima beans from last week!""";
"Chandler,3860,Disgust,""Oh, come on, Joey! They were just dried out. And it's not like they're moldy or anything.""";
"Rachel,3860,Sadness,""Ross, why do you keep doing things that hurt me? I thought we had something special...""";
"Monica,3860,Surprise,""Wait, what? Are you serious? Ross hasn't told you he's moving out?""";
"Ross,3860,Surprise,""No, no, Monica! I haven't told anyone yet. But I just realized I don't love her anymore.""";
"Joey,3860,Neutral,""Hey, maybe this is for the best. Sometimes you have to let go.""";
"Ross,6799,Disgust,""Oh my God, Chandler, what is that? That smell is giving me the creeps!""";
"Rachel,6799,Disgust,""Yeah, that's the worst! Gross!""";
"Joey,6799,Anger,""Chandler, why do you have to eat that? Are you trying to kill us all?""";
Monica,6799,Sadness,This is making everyone uncomfortable. We need to talk about it before it gets worse.;
"Chandler,6799,Neutral,""Hey, relax, guys. Let's just eat our food and not get into a food fight.""";
"Phoebe,6799,Neutral,""Oh, come on, let's dance instead of arguing about food smells!""";
Monica,4615,Disgust,I can't believe you left the laundry in the basket again.;
"Rachel,4615,Disgust,""Yeah, I know. I'll get to it soon.""";
Monica,4615,Neutral,This is ridiculous. You have to start taking responsibility.;
"Rachel,4615,Neutral,""I know, I know...""";
"Monica,4615,Surprise,""Wait, why are you still doing this?""";
"Monica,4615,Neutral,""No, maybe because I haven't set a good example either.""";
"Chandler,9708,Disgust,""Oh my God, Ross! Why do you smell like that? Did you even take a shower today?""";
"Joey,9708,Disgust,""Yeah, and your deodorant isn't even working. It's like you're wearing yesterday's socks.""";
"Monica,9708,Fear,""Wait, did I hear a noise upstairs? I thought I saw a shadow...""";
"Rachel,9708,Fear,""Monica, maybe it's just the wind or a bird. But come here, let's check together.""";
"Ross,9708,Joy,""Rachel, will you marry me?""";
"Phoebe,9708,Neutral,""Well, that's settled then.""";
"Rachel,9592,Disgust,""Monica, why did you use sour cream in the soup? That's so unorthodox!""";
"Monica,9592,Neutral,""Hey, Rachel! Because it adds richness, okay? And besides, I saw it on the Food Network!""";
"Chandler,9592,Surprise,""Wait, did someone say sour cream in soup? That's like putting ketchup in ice cream.""";
Joey,9592,Neutral,Really? Because I thought soup was supposed to be bland. Maybe we need to add more salt.;
Phoebe,9592,Neutral,Or maybe just make it a dessert instead? Sour cream cheesecake soup?;
"Rachel,9592,Disgust,""Okay, maybe Monica's right. Let's taste-test it.""";
"Rachel,5860,Disgust,""Hey, did you see what Ross put in his coffee this morning? It's like some kind of weird herbal tea that's supposed to help him lose weight.""";
"Monica,5860,Disgust,""Oh my God, really? That's the same stuff I saw at the health store last weekâ€”itâ€™s called 'SlimFast' or something. Gross!""";
"Chandler,5860,Surprise,""Wait, is that even safe? I mean, how does someone get away with selling such obvious snake oil?""";
"Joey,5860,Joy,""Hey, maybe it's just his way of coping with Phoebe's constant nagging about losing weight too. Laughing at his expense is the only thing he can do!""";
"Phoebe,5860,Sadness,""Poor Ross. I guess he's trying so hard to be healthy, but it's making him look like a total nut job. I wonder if he'll ever find a balance.""";
"Ross,5860,Sadness,""Maybe I'm being too ridiculous. But honestly, it's hard not to take myself seriously sometimes...""";
"Friends,5860,Joy,""Hmm, maybe we should support him instead of making fun of his choices. Let's try to stay positive!""";
"Monica,3695,Neutral,""Okay, can I help you move those boxes? Let's go!""";
"Chandler,3695,Neutral,""No, thanks. I can handle it.""";
Monica,3695,Neutral,Are you sure? Because those boxes look really heavy.;
"Chandler,3695,Neutral,""No problem, I can handle it.""";
"Monica,3695,Neutral,""Alright, but maybe we should take a break?""";
"Chandler,3695,Neutral,""No, I'm fine. Just take your time.""";
"Monica,3695,Disgust,""Wait, Chandler, why are you being so dismissive? That's really disrespectful.""";
"Chandler,3695,Neutral,""Hey, I didn't mean to come off that way. It's just heavy today.""";
"Joey,7260,Disgust,""When Chandler says he doesn't watch Friends because he thinks it's too campy, it's like... gross.""";
"Chandler,7260,Disgust,""Yeah, Ross's dinosaur lectures are the same. I just zone out.""";
"Phoebe,7260,surprise,""Wait, when Monica made those vegan cupcakes, I was surprised she tried vegan, but then everyone loved them â€“ that's joy!""";
"Rachel,7260,surprise,""Oh, Ross's dinosaur stories always surprise me, but then we all get into it â€“ joy!""";
"Monica,7260,disgust,""Disgusted by Joey's negativity, but when we bond over shared struggles, that's joy!""";
"Chandler,4606,Disgust,""Ugh, Joey, your schemes are so ridiculous! This is the third time this week.""";
"Monica,4606,Disgust,""I know, right? And you know he's doing it to get attention.""";
Chandler,4606,Anger,Iâ€™m tired of cleaning up after him. Heâ€™s acting like a toddler!;
Monica,4606,Anger,Heâ€™s so immature! When will he grow up?;
"Rachel,4606,Surprise,""Wait, maybe we should approach this differently. Talking to him might help.""";
"Monica,4606,Neutral,""Alright, maybe thatâ€™s the way to go. Letâ€™s sit him down.""";
Monica,1503,Disgust,I can't believe theyâ€™re serving that moldy cheese again!;
"Ross,1503,Disgust,""Yeah, that's the worst. How can they still use that old stuff?""";
"Joey,1503,Anger,""Like, seriously, guys? That's just gross! I mean, who eats moldy food anyway?""";
"Chandler,1503,Neutral,""Oh, come on, it's not like it's poisonous or anything. It's just... well, maybe it is?""";
"Rachel,1503,Fear,""Wait, but we paid for fresh ingredients! This is so disappointing.""";
"Phoebe,1503,Neutral,""Oh my God, this place is going downhill. Iâ€™m switching to the salad bar.""";
Ross,8592,Disgust,I just found out that my ex-wife was involved in some shady business dealings.;
"Rachel,8592,Sadness,""Oh, really? That seems really slimy. Why didn't she ever tell me?""";
Monica,8592,Disgust,That's just gross. I can't believe Ross had to go through all that.;
"Joey,8592,Neutral,""Well, maybe she thought it would protect her family? I don't know.""";
"Phoebe,8592,Joy,""Oh, lighten up! Let's talk about something fun instead!""";
"Chandler,8592,Joy,""Yeah, maybe we should plan a trip somewhere sunny. That'll make everything better.""";
Monica,1658,Disgust,That guy's breath is worse than a garbage truck without bags.;
"Phoebe,1658,Fear,""Oh my God, is he even showering? That's... like, biohazard level!""";
Rachel,1658,Neutral,Maybe he just had garlic bread. Not everyone can handle strong smells.;
Joey,1658,Disgust,Garlic bread? But I thought he was allergic! How did that happen?;
"Chandler,1658,Joy,""Wait, maybe he's trying to date Rachel! Classic Joey!""";
Ross,1658,Sadness,I guess that means another dinner invitation gets rejected. But maybe he'll learn to manage his food.;
"Phoebe,2625,Disgust,""Oh my God, that new guy from accounting smells like wet dog! That's just... gross.""";
"Joey,2625,Neutral,""Yeah, maybe he should invest in some deodorant.""";
"Rachel,2625,Disgust,""Well, maybe he's from a place where they don't use as much perfume. But still, it's a bit much.""";
"Chandler,2625,Anger,""Oh, give him a break. He probably hasn't had a shower in weeks.""";
"Monica,2625,Neutral,""Actually, maybe we can suggest a subtle cologne instead.""";
"Ross,2625,Neutral,""Yeah, maybe a light spritz in the morning.""";
"Phoebe,4069,Disgust,""Joey, what did you just eat? That stinks!""";
"Joey,4069,Disgust,""Hey, it's just a snack. Why do you care?""";
"Rachel,4069,Disgust,""Really, Joey? That's not even edible. How can you eat something like that?""";
Monica,4069,Anger,This is the third time this week. We need to keep the apartment clean!;
"Ross,4069,Anger,""If we don't take responsibility for our actions, we'll end up moving out!""";
"Chandler,4069,surprise,""Wait, are we really getting into this? It's just food. Let's laugh instead of fight.""";
Chandler,9283,Disgust,You didn't clean the bathroom again...;
"Monica,9283,Neutral,""Chandler, it's not my fault the germs are everywhere!""";
"Ross,9283,Disgust,""Wait, did you at least disinfect it?""";
"Rachel,9283,Surprise,""Oh my God, Chandler! How can you live like this?""";
Joey,9283,Sadness,Is there a reason why the bathroom isn't clean? Maybe you're just lazy.;
"Phoebe,9283,Neutral,""Well, maybe if you stop being such a slob, things would get better.""";
"Ross,7760,Disgust,""Oh my God, how could you eat that? That's like, completely unhealthy!""";
"Rachel,7760,Disgust,""Wait, what did I eat? Did I just have that gross food?""";
"Monica,7760,Surprise,""Guys, did you see the news? Joey was arrested for stealing office supplies!""";
Chandler,7760,Neutral,Really? But he always helps us with free T-shirts...;
"Phoebe,7760,Neutral,""Oh no, that's terrible! He must feel so bad about it.""";
"Joey,7760,Anger,""Wait, what? I didn't steal anything! Maybe I confused it with my lunch...""";
"Ross,9243,Disgust,""Ugh, why does this always happen? Every time there's a meeting, something goes wrong. I can't take this anymore.""";
"Monica,9243,Disgust,""Exactly, Ross! And now weâ€™re supposed to plan a surprise party? This is the last straw. How is this going to work?""";
"Chandler,9243,Joy,""Wait, maybe there's a silver lining here. If we throw a party, maybe people will start caring more about each other instead of their egos.""";
"Joey,9243,Anger,""Chandler, are you serious? This is supposed to be a surprise! If you tell anyone, weâ€™re all in trouble!""";
"Phoebe,9243,Neutral,""Okay, maybe we can find a middle ground. Letâ€™s keep it low-key and involve Chandler in the planning so he feels included.""";
"Rachel,9243,Sadness,""Even if we do everything right, there's still a chance Chandler might not feel special. Sometimes the best intentions canâ€™t erase past mistakes.""";
"Phoebe,5763,Disgust,""Oh my God, Ross! Did you just eat that chicken without washing your hands? That's so unhygienic!""";
"Joey,5763,Disgust,""Yeah, because everyone knows you should never wash your hands after touching raw meat. Gross!""";
"Monica,5763,Neutral,""Actually, Ross, it's important to wash your hands to prevent germs. But maybe you should do it before eating?""";
"Chandler,5763,Neutral,""Oh, right, because raw meat is like a health hazard. I guess we should all avoid eating anything that's been near raw chicken.""";
"Rachel,5763,Neutral,""Maybe you should start washing your hands more often, Ross. It's good for everyone's health.""";
"Joey,5763,Neutral,""Well, maybe I'll remember to check if Ross has washed his hands next time,""";
"Ross,4461,Disgust,""Wait, how many times have I told you not to put onions in the pasta sauce? It's going to make it taste like garbage!""";
"Rachel,4461,Disgust,""Yeah, and now it's going to take forever to clean the sink. Why does this always happen?""";
"Monica,4461,Neutral,""So, we need to plan the dinner party for next week. I already reserved the venue...""";
"Chandler,4461,Neutral,""I'm okay with the venue, but maybe we should stick to the usual menu. No more weird experiments.""";
Rachel,4461,Joy,Remember when we went to Paris? That was so amazing! The Eiffel Tower at night...;
"Ross,4461,Joy,""And the Seine River cruise? Oh, right, that was magical. I still can't believe we did that.""";
"Joey,4461,Surprise,""Wait, did we really climb the Eiffel Tower? I thought that was just in the movies!""";
"Phoebe,4461,Surprise,""Oh my God, I thought you guys were going to get lost on the way there! But no, you were super prepared.""";
"Phoebe,1134,Disgust,""Oh my God, this coffee is the worst! It tastes like someone left their shoes in the milk.""";
"Rachel,1134,Joy,""But Phoebe, that's not true! You know you love that coffee!""";
"Ross,1134,Anger,""Wait, how can anyone like that stuff? It's just... ew!""";
Monica,1134,Neutral,I guess everyone has their own taste. Maybe Phoebe just needs a stronger coffee?;
"Joey,1134,Disgust,""Stronger coffee? Like, like a whole pot boiling over? That's not healthy!""";
"Chandler,1134,Surprise,""Oh my God, Joey! That's the funniest thing I've ever heard! Wait, no, maybe not...""";
Ross,9509,Disgust,That's... that's just revolting! How does someone eat that?;
"Rachel,9509,Disgust,""Totally, it's like, every ingredient is processed. No wonder she's getting sickly looking.""";
Monica,9509,Neutral,Maybe she needs to try some different recipes. It's not impossible.;
"Chandler,9509,Joy,""Hey, let's talk about something fun! Like, what's the best way to celebrate Joey's upcoming wedding?""";
Joey,9509,Joy,Oh yeah! The bachelorette party is going to be epic! Maybe we can do a surprise karaoke night!;
Phoebe,9509,Neutral,I'm sure she'll figure it out. Everyone makes mistakes.;
"Chandler,9662,Disgust,""Ross is really into this... what's her name again? The one who works at the bookstore? Like, did she even finish college?""";
"Monica,9662,Disgust,""Wait, isn't she the one who was always late and forgot her lines in auditions? Yeah, definitely not the smartest choice.""";
"Rachel,9662,Neutral,""Maybe Ross just needs someone new. I mean, he's been single for a while.""";
"Phoebe,9662,Joy,""Hey, maybe she's the one who can make him happy again! Ross deserved it after Monica kept nagging him.""";
"Joey,9662,Surprise,""Wait, is this a real proposal or just a friend's wedding rehearsal gone wrong?""";
"Monica,9662,Neutral,""Maybe we should check if it's a real proposal before jumping to conclusions. Last time he proposed, it was all a joke.""";
"Chandler,7678,Disgust,""Ugh, did you see what Ross put in his salad? It's like someone's old toothpaste!""";
"Monica,7678,Neutral,""Oh, maybe he just likes strong flavors. I remember he said something about being into pungent foods.""";
"Rachel,7678,Neutral,""Yeah, but isn't that bad for his health? I thought he was trying to eat healthier.""";
"Joey,7678,Surprise,""Wait, really? Did Ross actually do that? Thatâ€™s unexpected! I guess he doesnâ€™t take himself seriously anymore.""";
"Phoebe,7678,Disgust,""Ew, gross! Maybe next time he'll use toothpaste as a hair product. At least it's not shaving cream.""";
"Monica,7678,Neutral,""Well, maybe we should all check our food before eating. Though, honestly, I didnâ€™t expect Ross to go that far.""";
"Monica,9246,Disgust,""Joey, did you eat that?""";
"Phoebe,9246,Disgust,""Oh my god, that's the most disgusting thing ever!""";
"Chandler,9246,Neutral,""You know, if I were you, I'd avoid anything that hasn't been cooked properly.""";
"Rachel,9246,Surprise,""Wait, but isn't that exactly what happened last week?""";
Monica,9246,Surprise,Yes! And now it's happening again!;
Gunther,9246,Neutral,Maybe we should get him a doggy bag instead of his own food?;
"Joey,9246,Neutral,""Oh my God, why is everyone making fun of me?""";
Monica,3803,Disgust,I can't stand Mondays. I hate having to go back to work.;
"Rachel,3803,Disgust,""Wait, why are you already dreading the weekend? At least you get to work somewhere nice.""";
Monica,3803,Neutral,Seriously? The weekend isn't even here yet. I have to spend the entire day working...;
"Rachel,3803,Surprise,""Wait, are you free all day Monday? Maybe we can grab lunch later!""";
"Monica,3803,Joy,""Actually, yeah, I can take a break. Thanks for helping!""";
Both,3803,Neutral,Let's plan to meet at Central Perk this weekend. What do you say?;
Phoebe,2387,Disgust,Yuck! That's like eating my grandma's old slippers!;
"Monica,2387,Neutral,""Wait, what did you eat?""";
Chandler,2387,Disgust,Really? Did it have a musty smell?;
"Rachel,2387,Neutral,""Makes sense. Grandma's slippers are famous for being... well, not exactly fresh.""";
"Ross,2387,Joy,""Hey, remember when we all ate those tofu skewers and almost threw up? Classic Phoebe!""";
"Ross,6804,Disgust,""Oh my God, did you just eat that?""";
"Chandler,6804,Disgust,""No way, that's revolting!""";
"Monica,6804,Neutral,""Yeah, that's exactly what I thought.""";
"Phoebe,6804,Neutral,""Well, at least it's not worms...""";
"Ross,6804,Joy,""Wait, I just saw the funniest thing!""";
"Monica,5854,Disgust,""So, did you see what Ross did to Phoebe?""";
"Chandler,5854,Disgust,""Wait, why would he do that? Heâ€™s supposed to be her brother.""";
"Monica,5854,Disgust,""Yeah, but she was being such a brat! Sheâ€™s always taking credit for his ideas at work.""";
"Chandler,5854,Disgust,""Oh, come on. Thatâ€™s low. How could he let that happen?""";
Monica,5854,Disgust,Exactly! And now sheâ€™s acting like itâ€™s all his fault because he didnâ€™t support her more.;
"Chandler,5854,Neutral,""Disgusting. People should stick up for their family, not take advantage.""";
"Rachel,7340,Disgust,""Ugh, that's the grossest thing I've ever seen! How could you eat that?""";
"Monica,7340,Disgust,""Yeah, that's so gross! Why would anyone do such a thing?""";
"Phoebe,7340,Fear,""Oh my God, what if there's a monster in there? Like, what if it comes out and attacks us?""";
"Joey,7340,Fear,""Wait, but what if it's not real? Maybe it's just a trick of the light or something.""";
"Chandler,7340,Neutral,""Let me just think... If that were true, how would we handle it? Maybe we should ignore it.""";
"Ross,7340,Neutral,""Yeah, maybe we should check it out. But I'm not sure. Let's stay calm.""";
"Rachel,7609,Disgust,""Oh my God, Phoebe, why did you put your shoes in the living room like that? It's so gross! You have no idea how unorganized this place is.""";
"Phoebe,7609,Neutral,""Aw, c'mon, Rachel! It's just a pair of shoes. Relax, okay?""";
"Monica,7609,Neutral,""Wait, Rachel, maybe you're being too critical here. It's not like it's a health hazard.""";
Rachel,7609,Anger,But Monica! How can you defend this mess? It's all over the place!;
"Monica,7609,Neutral,""I know it's messy, but maybe she didn't mean to. Let's not get into a fight.""";
"Phoebe,7609,Neutral,""Hey, guys, let's all calm down. I'll put them away right now.""";
"Chandler,6586,Disgust,""So, Ross was talking about how heâ€™s going to adopt a parrot. Like, really? Isnâ€™t that like, a bird? Why would he want a bird? He already has a cat and a dog...""";
"Monica,6586,Disgust,""Oh, come on Chandler! Thatâ€™s not fair. Ross might just want a companion animal. Plus, parrots are intelligent. They can learn tricks and stuff...""";
Chandler,6586,Disgust,Companion animal? Thatâ€™s the same as any other pet. And intelligence? Theyâ€™re just mimicking sounds. Not like a dog who can understand commands...;
Monica,6586,Neutral,But theyâ€™re also social creatures. Maybe Ross needs some bird love?...;
"Chandler,6586,Surprise,""Wait, did Ross actually think that parrots are good pets?""";
"Monica,6586,Neutral,""Chandler, thatâ€™s so unfeeling. Even animals deserve care and companionship...""";
"Chandler,6586,Disgust,""Wait, are we now having a debate about the ethics of pet ownership?""";
"Rachel,8395,Neutral,""So, did you see that movie last night, Monica? I thought it was really good.""";
"Monica,8395,Disgust,""Like, seriously? That was the worst! The acting was so fake, and the plot made no sense.""";
"Ross,8395,Disgust,""Yeah, I agree. It felt like they were just trying to cash in on the trend without any substance.""";
"Joey,8395,Neutral,""Hmm, maybe it's just not my taste. I liked the jokes but maybe the story was too slow.""";
"Chandler,8395,Neutral,""Come on, Joey, you're always saying movies suck until you watch them.""";
"Phoebe,8395,Neutral,""Oh, maybe it's because the movie was about zombies? I love zombies!""";
"Rachel,8395,Disgust,""Wait, zombies? Thatâ€™s what the movie was about? I thought it was something else. But honestly, even if it was zombies, if the rest sucked, it's still not my cup of tea.""";
Chandler,1766,Disgust,I can't believe you did that!;
Ross,1766,Disgust,That's just gross.;
"Monica,1766,Surprise,""No way, really? That's unexpected!""";
"Rachel,1766,Neutral,""So, what's next?""";
Ross,1766,Neutral,Let's go get ice cream to celebrate!;
"Monica,1766,Neutral,""Yeah, but I don't like ice cream.""";
Phoebe,1766,Neutral,But I love ice cream!;
Rachel,9138,Disgust,You left your shoes all over the place! This is so disgusting.;
"Monica,9138,Disgust,""Oh, come on, Rachel, it's just a few pairs.""";
"Phoebe,9138,Surprise,""Wait, what's going on here? Did someone die?""";
"Rachel,9138,Neutral,""No, nothing. Monica is just being overly dramatic.""";
"Monica,9138,Neutral,""Well, maybe we should clean up before Ross comes home.""";
"Phoebe,9138,Neutral,""Yeah, maybe he'll notice if the apartment's a mess.""";
Rachel,9138,Neutral,I guess so. Let's get started.;
Rachel,7119,Disgust,I can't believe she's bringing that old boyfriend back into our lives.;
"Monica,7119,Neutral,""Well, maybe it's just a friendly visit. We shouldn't jump to conclusions.""";
"Chandler,7119,Neutral,""Oh, come on, Monica. How many times has this happened?""";
"Phoebe,7119,Disgust,""Aw, maybe they're finally getting back together! Like, that's so sweet!""";
"Rachel,7119,Sadness,""Phoebe, are you serious? That's the same guy who was such a creep last time!""";
"Monica,7119,Neutral,""Alright, maybe we should talk to her before things get worse.""";
"Chandler,7119,Neutral,""Yeah, but how does that solve anything? It's the same cycle.""";
Rachel,1574,Disgust,That's so weird!;
"Monica,1574,Joy,""Yeah, right!""";
Joey,1574,Neutral,Free spirit!;
Chandler,1574,Disgust,Ridiculous!;
Phoebe,1574,Neutral,Let's not get worked up!;
"Ross,1574,Neutral,""Alright, let's plan.""";
"Joey,2684,Disgust,""Eww, that's the grossest thing I've ever seen! Are you trying to kill yourself?""";
"Chandler,2684,Disgust,""Yeah, well, it's just leftover pizza. What's your problem?""";
Joey,2684,Sadness,Remember when we lost the game last year? I still feel bad about that.;
"Chandler,2684,Neutral,""Yeah, but we did our best. It's not like we cheated.""";
"Joey,2684,Neutral,""So, what do you want to do today? Maybe watch a movie?""";
Chandler,2684,Joy,How about we go out for some ice cream? It's been forever since we had a treat together.;
Ross,1451,Disgust,Did you see the menu at that new place downtown? Theyâ€™re serving frog legs!;
Joey,1451,Disgust,Frog legs? That's like... frog feet? Gross! I don't know why anyone would eat that.;
Ross,1451,Anger,And they claim it's sustainable. How is that even ethical?;
Monica,1451,Anger,This is the second time this month theyâ€™ve served something questionable. Iâ€™m starting to think the city is poisoning us!;
"Rachel,1451,Neutral,""Well, maybe they just have different tastes. I mean, I love sushi, which is raw fish.""";
"Chandler,1451,Anger,""Wait, are you serious? Because now Iâ€™m craving a nice steak. No, waitâ€”maybe a salad. No, no, nothing. Just stop!""";
"Ross,5156,Disgust,""Oh my god, that guy who just walked in smells like old sweat and onions. Gross!""";
"Monica,5156,Disgust,""Yeah, and his shirt is practically falling apart. How can anyone wear something that old?""";
"Chandler,5156,Disgust,""Like, he looks like he hasn't showered in weeks. Maybe he lives in a dumpster?""";
"Rachel,5156,Disgust,""No way, that's such a turn-off. Gross! Maybe we should avoid him.""";
"Joey,5156,Disgust,""Wait, is that really what people wear these days? I mean, even the homeless don't dress like that!""";
"Phoebe,5156,Neutral,""You know, maybe he's just going through a tough time. Let's not judge too quickly.""";
Ross,6007,Disgust,That's the most manipulative thing I've ever heard!;
"Rachel,6007,Disgust,""Yeah, he's been acting all mysterious lately.""";
"Monica,6007,Neutral,""So, is this the new girlfriend?""";
"Chandler,6007,Neutral,""Wait, why did you guys keep this secret?""";
Joey,6007,Neutral,Her name is Emily.;
Monica,6007,Joy,And she's from Harvard!;
"Rachel,8234,Disgust,""Okay, let's talk about this new business plan Ross brought up. I mean, charging exorbitant prices for basic servicesâ€”it's just not ethical.""";
"Chandler,8234,Disgust,""Yeah, but wait, how is that possible? Weâ€™re supposed to be sustainable and fair. This is the opposite of our values.""";
Monica,8234,,This isnâ€™t just unethical;
"Joey,8234,Surprise,""Hold on, whatâ€™s the big surprise here? If weâ€™re talking about the same project, maybe the details were hidden before. So, why is this such a shock now?""";
"Phoebe,8234,Fear,""Wait, what's the matter with you two? Did someone get fired over this? Because if so, thatâ€™s scary.""";
"Ross,4939,Disgust,""Ugh, that divorce was such a nightmare. At least I'm over it now.""";
"Chandler,4939,Neutral,""Yeah, Ross, maybe you should focus on your new dating apps instead.""";
"Joey,4939,Sadness,""Wait, did you hear that my friend is moving to Europe? That's sad...""";
Monica,4939,Anger,I can't believe you didn't help with the project deadline! You're such a slacker!;
"Rachel,4939,Joy,""Oh, finally! I got the promotion I deserved. This place was overdue to recognize my hard work.""";
"Phoebe,4939,Disgust,""Well, I'm leaving because of all this garbage. Goodbye!""";
"Ross,4506,Disgust,""Oh my God, this coffee is so bitter! It's like... pure caffeine with a side of sulfuric acid. Disgusting!""";
"Rachel,4506,Disgust,""Yeah, really? Because mine is super creamy and sweet. Maybe you just burn your tongue again?""";
"Ross,4506,Disgust,""Wait, did you put any kind of sugar in yours? Because even the slightest hint of sweetness makes it bearable.""";
"Rachel,4506,Neutral,""Hmm, maybe I used too much vanilla extract. But that's supposed to complement the coffee. Not overpower it.""";
Ross,4506,Anger,Vanilla extract? That's like putting perfume on a skunk! It's the opposite of what coffee needs.;
"Rachel,4506,Neutral,""Okay, okay, maybe next time I'll stick to just cream. Let's just agree that our tastes are different.""";
"Rachel,9166,Disgust,""Oh my God, why did you put ketchup on your fries like that? That's so unhygienic!""";
"Monica,9166,Sadness,""Monica, I'm really sorry. This is all my fault. I guess I wasn't paying attention...""";
"Chandler,9166,Joy,""Hey, at least you didn't spill your drink on her! That's way worse.""";
"Joey,9166,Joy,""Wait, did you hear that? Chandler just called Monica's dress 'her' dress! Classic!""";
"Rachel,9166,Disgust,""Oh, come on, Chandler. You know how much Monica loves her dress. That was totally insensitive.""";
"Monica,9166,Disgust,""I know, I know. I'll take it out of the store tomorrow. It's just another thing I messed up.""";
"Chandler,1254,Disgust,""Okay, Joey, seriously. You can't just keep interrupting me like that during my game night. It's distracting.""";
"Joey,1254,Disgust,""Hey, what's your problem? I'm just trying to show off my new trivia skills!""";
"Chandler,1254,Anger,""Show off my butt. If you keep that up, we're not going to win anything!""";
"Monica,1254,Neutral,""Guys, calm down. Let's focus on the game. Joey, maybe next time you can practice your timing.""";
"Rachel,1254,Joy,""Oh, look who's finally paying attention. Maybe the pizza will help Joey get better.""";
"Chandler,1254,Neutral,""Yeah, and maybe he'll learn that interrupting isn't cool. But I guess pizza might do the trick.""";
Ross,2830,Disgust,This proposal is completely unrealistic. How can you even consider such a thing?;
"Chandler,2830,Disgust,""Ewww, that's just not right. Theyâ€™re mixing personal opinions with company policies?""";
"Joey,2830,Disgust,""Like, gross! That's way too much. I don't know how anyone can take that seriously.""";
Monica,2830,Neutral,Maybe we should look into alternative solutions then.;
"Rachel,2830,Neutral,""I agree, but we need to make sure it's fair for everyone involved.""";
Phoebe,2830,Neutral,Or maybe we should just eat some pizza and forget all about it.;
Ross,6926,,That smell is unbearable;
Rachel,6926,Disgust,I think we need to address this immediately. It's quite... unpleasant.;
"Ross,6926,Neutral,""Yes, maybe we should invest in some commercial-grade filters for the kitchen.""";
"Rachel,6926,Fear,""Oh my God, there's a spider crawling on the ceiling! I can't believe this is happening.""";
"Ross,6926,Neutral,""Alright, let's get this handled before it gets worse. Safety first.""";
Rachel,6926,Neutral,I'll call pest control right away. We can't risk another incident.;
"Ross,6926,Neutral,""Alright, everyone's accounted for. Just make sure the place is clean now.""";
Chandler,6384,Disgust,I can't believe you ate that!;
Monica,6384,Disgust,How dare you eat my food without asking?!;
"Rachel,6384,Disgust,""That's so gross, Chandler!""";
Ross,6384,Anger,Don't you ever listen to me?;
Joey,6384,Anger,You're such an idiot!;
"Joey,6384,Neutral,""Wait, what's going on here?""";
"Phoebe,2834,Disgust,""Ew, there's a bug crawling on the couch! Do you ever clean this place?""";
"Rachel,2834,Anger,""Phoebe, did you forget it's your turn to do the dishes again? And now I'm late for my meeting!""";
"Monica,2834,Disgust,""Wait, the coffee maker isn't cleaned yet either. How many times do I have to remind you?""";
"Joey,2834,Anger,""Hey, maybe I should start a cleaning service. It's not like I have anything better to do.""";
"Chandler,2834,Anger,""Oh, right! Because everyone knows Monica's coffee maker is the worst in the building.""";
"Ross,2834,Joy,""Well, maybe if everyone contributes a little more, we won't have these issues anymore. Let's all pitch in!""";
Ross,5339,Disgust,That guy just lit up a cigarette here in the gym? Gross!;
"Rachel,5339,Disgust,""Yeah, really? Smoking is such a bad habit.""";
Monica,5339,Neutral,Maybe he wasn't aware of the rules.;
Joey,5339,Neutral,Let's not get too judgmental. Everyone has their own choices.;
"Chandler,5339,Neutral,""I guess it's not the healthiest thing, but maybe we shouldn't comment.""";
"Phoebe,5339,Neutral,""So, what did you think of the new episode of Friends?""";
"Rachel,5743,Disgust,""Monica, did you hear about that guy who got arrested for tax fraud?""";
"Monica,5743,Sadness,""I know, right? It's just another example of how people abuse the system. How can someone do that?""";
"Rachel,5743,Disgust,""And heâ€™s still getting away with it, too. The punishment doesnâ€™t fit the crime.""";
"Monica,5743,Sadness,""Maybe if more people spoke out, things would change. But no, everyone is too afraid to stand up.""";
"Rachel,5743,Surprise,""Wait, did you say something about a witness coming forward?""";
"Monica,5743,Anger,""Maybe. But even if they do, the system is corrupt. They might not get the justice they deserve.""";
"Ross,4600,Disgust,""Ugh, did you see the state of the kitchen? Thatâ€™s worse than Monicaâ€™s apartment before she cleaned!""";
"Rachel,4600,Disgust,""Yeah, and the smell is unbearable. How do people live like this?""";
"Monica,4600,Neutral,""Well, maybe we should focus on the wedding plans. We need to pick the venue soon.""";
"Chandler,4600,Neutral,""Oh, right! The only thing worse than a messy kitchen is a bad wedding dress.""";
Phoebe,4600,Sadness,Remember when I burned the cake last year? I still feel bad about it.;
"Rachel,4600,Neutral,""Hey, mistakes happen. Let's not dwell on it. Maybe we can fix it this time.""";
"Ross,4390,Disgust,""Monica, what's with the new boyfriend? Heâ€™s a dentist!""";
"Rachel,4390,Disgust,""And heâ€™s so... predictable. I mean, who wants to date a dentist?""";
"Chandler,4390,Anger,""Wait, why are you guys so grossed out by him?""";
"Monica,4390,Anger,""Whatâ€™s your problem, Ross? Youâ€™re acting like I should have known better!""";
Rachel,4390,Neutral,Maybe weâ€™re all just tired.;
"Joey,4390,Surprise,""Wait, why is everyone getting so worked up?""";
"Monica,2160,Disgust,""Oh my God, Ross, your socks are everywhere!""";
"Rachel,2160,Disgust,""Eww, that's so gross!""";
"Joey,2160,Neutral,""Yeah, whatever...""";
"Monica,2160,Neutral,""Well, I guess we need to clean this up...""";
Ross,2160,Anger,I can't believe you guys still live here like animals!;
"Rachel,2160,Sadness,""I'm sorry, Ross. This is getting too much...""";
"Phoebe,3478,Disgust,""Oh my God, what is that smell? It's like someone left a dead fish in the oven!""";
"Ross,3478,Joy,""Hey, I finally perfected the chicken Alfredo recipe! It's going to be a hit on the show.""";
"Rachel,3478,Neutral,""Well, today's weather is nice, isn't it?""";
"Joey,3478,Neutral,""Yeah, sunny days are the best for chicken. Maybe we can grill some later.""";
"Monica,3478,Neutral,""So, the big meeting at the office is going well. I'm really excited about the new project.""";
"Chandler,3478,Disgust,""Ugh, another fly buzzing around here. How am I supposed to keep this place clean?""";
"Phoebe,3478,Anger,""Chandler, do you ever clean up after yourself? This place is a disaster!""";
"Monica,1861,Disgust,""Eww, Chandler, that's so gross! Your shirt is covered in food stains.""";
"Chandler,1861,Disgust,""No way, it's your new cologne? You can't let that overpower everything!""";
"Joey,1861,Joy,""Listen, the neighbor's dog is barking its head off! Thatâ€™s so funny!""";
"Rachel,1861,Joy,""Oh my goodness, thatâ€™s hilarious! I canâ€™t stop laughing!""";
"Ross,1861,Surprise,""Wait, hold on! There's a surprise party for Phoebe tomorrow!""";
"Phoebe,1861,Joy,""Surprised! Oh my God, really? Thatâ€™s the best news ever!""";
"Chandler,5343,Disgust,""Oh my God, did you see Ross's new haircut? It looks like he's been hit by a mohawk-spray can!""";
"Joey,5343,Disgust,""Yeah, and now he's trying to act all tough. So fake. Like, when did he become into the 'trendy' stuff? Gross.""";
"Monica,5343,Neutral,""Well, maybe he just wanted to match the new office decor. Although, I think the color clashes with his glasses. Maybe that's why it's looking so bad.""";
"Rachel,5343,Joy,""Oh, Ross is so silly! But I guess he wanted to stand out. Maybe he got inspired by the latest fashion show? Wait, isn't that what happened last year?""";
"Ross,5343,Joy,""(Laughing) Yeah, and now everyone's calling me 'Mow-Hawk Ross.' But Monica, how do you like my new hairstyle?""";
"Phoebe,5343,Joy,""Hey, maybe he should dye half his hair green! That would be a real statement. And then we could call him 'Electric Hair Ross.' Thatâ€™s classic Ross!""";
"Joey,2691,Disgust,""Oh my God, that guy who just walked by smells like old socks and tuna fish mixed together! Like, how can someone not bathe properly?""";
"Rachel,2691,Joy,""Wait, Joey, maybe he has his own unique smell? Maybe it's his signature scent!""";
Joey,2691,Disgust,No way! That's the worst! How does he even live?;
"Chandler,2691,Fear,""Hey, maybe he's a professional smelly person? Like, works in a factory where they make tuna?""";
"Monica,2691,Fear,""Chandler, that's not funny. Let's talk about something else. Oh! Remember when we had that pizza party last week?""";
"Phoebe,2691,Joy,""Oh, right! And then Ross got into that whole thing with the dinosaurs! Wait, no, that was the movie...""";
"Joey,4645,Disgust,""Oh my God, Ross! Did you really put those... those _spiders_ in the fridge? Are you serious? How can someone be so gross?""";
"Monica,4645,Disgust,""Oh no, Chandler! You cleaned the apartment with that... what's that smell? It smells like old socks and tuna salad mixed together. That's the worst!""";
"Chandler,4645,Disgust,""Wait, wait. So Ross actually did that? Putting spiders in the fridge? And now Monica is mad because the apartment stinks? This is worse than a bad episode of The Office!""";
"Rachel,4645,Surprise,""Hold on, everyone! Is this about Ross and the spiders? But how come none of us noticed before? Maybe we were all too busy laughing at Joey's reactions.""";
"Ross,4645,Sadness,""I guess I was just trying to help the environment by reusing containers... but obviously, that backfired. I feel so stupid now. I really messed up.""";
"Monica,4645,Neutral,""Well, maybe we can all learn from this. Next time, think twice before putting anything in the fridge. And Chandler, maybe stick to cleaning your own socks instead of the whole apartment.""";
Monica,3011,Disgust,This place is a disaster! Who left the trash out like that?;
"Rachel,3011,Disgust,""Yeah, and the recycling isn't sorted properly either. That's so lazy!""";
"Phoebe,3011,Sadness,""Oh, Ross, did you hear about the homeless camp near Central Park? Theyâ€™re not taking care of themselves...""";
"Chandler,3011,Neutral,""Well, maybe theyâ€™re just fine. Itâ€™s not our problem.""";
Ross,3011,Joy,But I think it's important to help those in need. Maybe we can donate some supplies.;
"Joey,3011,Neutral,""Wait, whatâ€™s the big deal? Theyâ€™re just people. Letâ€™s not get all worked up.""";
"Phoebe,1426,Disgust,""Oh my God, there's a rat in the kitchen! Did anyone see that?""";
"Monica,1426,Neutral,""Well, maybe we should check the vents.""";
"Ross,1426,Neutral,""Yeah, rats are just part of living in New York.""";
"Rachel,1426,Surprise,""Wait, is that true? Because that's so strange!""";
Chandler,1426,Disgust,No way! How can we live here? Are we going to get sick?;
Joey,1426,Sadness,I thought we were safe here. Now I feel bad for all the times we had pizza here.;
Rachel,3643,Disgust,I can't believe Ross is still into that new health food! It's like he's trying too hard to be trendy.;
"Ross,3643,Disgust,""Hey, it's not trendyâ€”it's sustainable! Plus, it's better for the environment.""";
"Monica,3643,Neutral,""Guys, maybe we should talk about this calmly. Ross, did you check if it's organic?""";
"Chandler,3643,Neutral,""Wait, isn't that the same as the tofu they were making last year? Maybe he's just recycling.""";
"Phoebe,3643,Disgust,""Oh, come on! If you're going to go full hippie, at least do it right!""";
"Joey,3643,Neutral,""Maybe he's just trying to fit in with the cool kids. Like, the ones who eat kale smoothies.""";
"Rachel,3643,Joy,""Well, maybe next time, Ross, you can bring me some vegan cupcakes instead of that weird stuff!""";
Ross,3643,Joy,Deal. And maybe we can all try to find a balance.;
"Joey,6215,Disgust,""So, Chandler, did you know that your sweat turns red when you eat spicy food? Like, seriously?""";
"Chandler,6215,Disgust,""Wait, is that true? Because the last time we went out, you stunk up the place all night.""";
"Chandler,6215,Anger,""Look, Joey, this is getting old! You can't keep doing this every time we go out!""";
"Joey,6215,Surprise,""Wait, are you serious? I didn't realize it was such a big deal. It's just some harmless joke.""";
"Chandler,6215,Neutral,""Well, maybe I should start avoiding you until you learn to take care of yourself.""";
"Joey,6215,Neutral,""Alright, maybe I overstepped. Let's call it a day.""";
"Ross,3196,Disgust,""Ugh, how many times do I have to tell you guys? If you don't clean up after yourselves, I end up doing everything. This is getting ridiculous.""";
"Chandler,3196,Disgust,""Oh, Ross, youâ€™re so overprotective. Isnâ€™t that your job as the one responsible for the apartment?""";
"Phoebe,3196,Joy,""Hey, did I ever tell you that the new neighbor is a dog trainer? I think they have puppies!""";
"Joey,3196,Surprise,""Wait, really? But what if the dogs are too loud? I mean, this is our apartment building. Are we going to deal with barking all day?""";
"Monica,3196,Surprise,""Oh my God, Joey! Thatâ€™s exactly why we were supposed to keep the noise down. How could you say something like that?""";
"Rachel,3196,Neutral,""Well, maybe it's just one dog. Let's give them the benefit of the doubt.""";
Monica,8227,Disgust,I can't believe Ross brought that old vase home again.;
"Ross,8227,Disgust,""Oh, come on, Monica! Itâ€™s not like I did it on purpose.""";
"Monica,8227,Neutral,""Well, maybe not on purpose, but how many times has this happened? Itâ€™s the same vase he swore he was going to get rid of!""";
"Ross,8227,Neutral,""I know, I know. I really need to find a new place for it.""";
Monica,8227,Neutral,So when do you think you'll actually do something about it?;
"Ross,8227,Surprise,""Wait, maybe today?""";
"Ross,9323,Disgust,""So, I found this article online about how some people can't even afford basic necessities because of... you know...""";
"Joey,9323,Neutral,""Wow, that's really tough. I mean, yeah, the economy's been rough.""";
"Chandler,9323,Neutral,""Yeah, but maybe if they just worked harder...""";
"Rachel,9323,Neutral,""Well, there are organizations helping those in need.""";
Monica,9323,Neutral,But some places don't have access to clean water or healthcare either.;
Ross,9323,Disgust,I can't believe someone would choose to live like that. It's like they're living in the Dark Ages!;
"Joey,1873,Disgust,""Eww, that's the worst meal I've ever had!""";
"Monica,1873,Disgust,""I know, right? The vegetables were wilted...""";
"Joey,1873,Anger,""Like, who serves wilted veggies?""";
Chandler,1873,Neutral,Maybe we should try a different restaurant.;
Ross,1873,Neutral,Or just bring our own food.;
Monica,1873,Neutral,But that's not practical...;
Chandler,1873,Anger,I'm getting tired of this...;
Ross,1873,Neutral,Maybe you should just accept it.;
"Joey,1873,Anger,""No, I won't take it anymore.""";
"Chandler,1873,Sadness,""I'm so sorry, this is my fault...""";
